has_online_delivery,cuisine_other,Desserts,Beverages,Snacks,Chinese,North Indian,Biryani,Fast Food,Bakery,Ice Cream,Burgers,cuisine_count,votes_log,city_tier_2,city_tier_3,price_bucket,restaurant_density,success
1,1,0,0,0,0,0,0,0,0,0,0,-1.500957084,1.012730399,0,0,1,2,1
1,1,0,0,0,0,0,0,0,0,0,1,-0.965277892,1.791052195,0,0,1,2,1
1,1,1,0,0,0,0,0,0,0,0,0,0.106080492,1.065765041,0,0,1,2,1
1,1,0,0,0,0,0,0,1,0,0,1,-0.4295987,0.206959209,0,0,1,0,1
1,1,1,1,0,0,0,0,0,0,0,1,0.106080492,1.522601201,0,0,1,0,1
1,1,1,0,0,0,0,0,1,0,0,0,2.784476452,1.33980316,0,0,1,2,1
1,0,1,1,0,0,0,0,0,1,0,0,-0.4295987,1.398431488,0,0,1,2,1
1,1,1,1,1,0,0,0,0,1,1,0,1.177438876,0.580648768,0,0,1,2,1
1,1,0,0,0,0,0,0,0,0,0,0,-1.500957084,0.888564859,0,0,1,2,1
1,0,1,1,1,0,0,0,0,1,0,0,0.106080492,0.62704322,0,0,1,2,1
1,1,1,1,1,0,0,0,0,1,0,0,3.320155644,-0.16692679,0,0,1,0,1
1,1,1,1,1,0,1,0,1,1,0,0,3.320155644,1.511359245,0,0,0,0,1
1,1,0,1,0,0,0,0,0,1,0,0,-0.4295987,0.378729527,0,0,1,2,1
1,1,1,0,0,0,0,0,0,1,1,0,0.106080492,-1.227503961,0,0,0,0,1
1,0,1,0,0,0,0,0,0,1,0,0,-0.965277892,-0.190599824,0,0,2,2,1
1,0,1,0,0,0,0,0,0,1,1,0,-0.4295987,0.888564859,0,0,1,2,1
1,1,0,1,1,1,1,0,1,1,0,0,2.784476452,0.888564859,0,0,1,2,1
1,1,1,1,0,0,0,0,0,0,1,0,0.106080492,0.026826959,0,0,0,2,1
1,0,1,0,0,0,0,0,0,1,0,0,-0.965277892,-1.96419055,0,0,0,0,1
1,1,0,0,0,0,1,0,0,0,0,0,0.106080492,0.32395966,0,0,0,2,1
1,1,0,1,0,0,1,0,0,0,0,0,-0.4295987,-2.310342865,0,0,0,2,1
1,1,0,0,0,0,0,0,1,0,0,0,-0.965277892,-0.39243973,0,0,1,0,1
1,1,0,0,0,0,0,0,0,0,0,0,-0.965277892,1.824383262,0,0,0,2,1
1,1,0,0,0,0,0,0,0,0,0,0,0.106080492,-0.10140992,0,0,1,0,1
1,1,0,0,0,0,0,0,0,0,0,0,-1.500957084,0.444262489,0,0,1,2,1
1,1,0,0,0,0,0,0,1,0,0,1,-0.4295987,0.39585037,0,0,1,2,1
1,1,1,0,0,0,0,0,0,0,0,0,0.106080492,0.922298543,0,0,1,2,1
1,1,0,0,1,0,0,0,1,0,0,0,-0.4295987,0.273802408,0,0,1,2,1
1,1,1,1,1,0,0,0,0,0,0,0,2.24879726,-0.653773729,0,0,1,2,1
1,0,1,0,0,0,0,0,0,1,0,0,-0.965277892,-0.326935729,0,0,2,2,1
1,1,0,0,1,0,0,0,1,0,0,1,0.106080492,-0.215324865,0,0,1,0,1
1,0,1,1,1,0,0,0,0,1,0,0,0.106080492,0.387355791,0,0,1,2,1
1,1,1,0,0,0,0,0,0,0,0,0,-0.4295987,-0.600787097,0,0,1,2,1
1,1,0,1,0,0,0,0,0,0,0,0,0.106080492,-0.768848433,0,0,1,0,1
1,1,1,1,0,0,0,1,0,0,1,0,1.713118068,1.585663922,0,0,1,2,1
1,0,1,0,0,0,0,0,0,0,1,0,-0.965277892,-0.39243973,0,0,0,2,1
1,1,0,0,0,0,0,0,0,0,0,0,0.106080492,-0.600787097,0,0,1,0,1
1,1,0,0,1,0,0,0,1,0,0,0,0.106080492,0.888564859,0,0,0,2,1
1,1,0,0,0,0,0,0,1,0,0,1,-0.4295987,-0.122403323,0,0,1,0,1
1,1,1,0,0,0,0,0,0,0,1,0,-0.4295987,-1.206098663,0,0,1,2,0
1,1,0,0,0,1,0,0,0,0,0,1,3.320155644,0.252401227,0,0,1,2,1
1,1,1,1,0,0,1,1,0,0,0,0,1.177438876,-1.184042839,0,0,0,2,1
1,0,1,0,0,0,0,0,0,1,0,0,-0.965277892,-0.326935729,0,0,1,2,1
1,1,1,0,1,0,1,0,0,0,0,0,3.320155644,-0.428330253,0,0,1,2,0
1,1,0,1,0,0,1,0,0,0,0,0,-0.4295987,-2.459623489,0,0,0,2,0
1,1,0,0,0,0,0,0,1,0,0,1,-0.4295987,0.230143947,0,0,1,0,0
1,1,0,0,0,0,0,0,1,0,0,0,-0.4295987,-0.942310819,0,0,1,2,1
1,1,1,1,1,0,1,0,1,1,0,0,3.320155644,0.62704322,0,0,0,2,1
1,1,0,0,0,0,1,0,0,0,0,0,-0.965277892,-0.654886667,0,0,1,2,1
1,1,1,1,1,0,0,0,1,0,0,0,3.320155644,-0.122403323,0,0,1,2,1
1,1,0,0,0,0,0,0,0,0,0,1,-0.4295987,-0.740852467,0,0,1,2,1
1,1,0,0,0,0,0,0,0,0,0,0,-1.500957084,1.065765041,0,0,1,2,1
1,1,0,0,0,0,0,0,1,0,0,1,-0.4295987,0.412460143,0,0,1,0,1
1,1,0,0,0,0,0,0,0,0,0,1,-0.965277892,0.495885812,0,0,1,1,1
1,1,1,1,0,0,0,0,0,0,0,1,0.106080492,1.67709199,0,0,1,2,1
1,1,1,0,0,0,0,0,0,0,0,0,0.106080492,1.039879294,0,0,1,2,1
1,0,1,1,1,0,0,0,0,1,0,0,0.106080492,0.77302799,0,0,1,2,1
1,1,1,0,0,0,0,0,1,0,0,0,2.784476452,0.284202059,0,0,1,2,1
1,1,1,1,0,0,0,0,0,0,0,0,0.106080492,0.516623615,0,0,2,2,1
1,1,0,0,1,0,0,0,0,0,0,0,-0.4295987,0.194994244,0,0,1,1,1
1,1,1,1,1,0,0,0,0,1,0,0,3.320155644,0.32395966,0,0,1,0,1
1,1,1,1,0,0,0,0,0,0,0,0,1.177438876,0.010219665,0,0,2,2,1
1,1,1,1,1,0,0,0,0,0,0,0,2.24879726,-0.024560108,0,0,1,0,1
1,1,1,0,0,1,0,0,0,0,0,0,0.106080492,0.420582738,0,0,1,1,1
1,1,0,0,1,0,0,0,1,0,0,0,-0.4295987,1.158721589,0,0,1,2,1
1,1,0,0,0,0,0,0,0,0,0,0,-1.500957084,-0.006898545,0,0,2,2,1
1,1,1,0,0,0,0,0,0,0,0,0,-0.4295987,-1.127869149,0,0,1,0,1
1,0,1,0,0,0,0,0,0,0,0,0,-1.500957084,0.026826959,0,0,1,2,1
1,1,0,0,0,0,1,1,0,0,0,0,0.641759684,-0.766120638,0,0,1,2,0
1,1,1,1,1,0,1,0,1,1,0,0,3.320155644,0.984188729,0,0,0,2,1
1,1,1,1,1,0,0,0,0,1,1,0,1.177438876,-0.144219881,0,0,1,1,1
1,1,0,1,0,0,1,0,0,0,0,0,-0.4295987,-2.445534911,0,0,0,2,0
1,1,0,0,0,0,1,0,0,0,0,0,-0.965277892,0.922298543,0,0,0,2,1
1,1,0,0,0,0,0,1,0,0,0,0,-0.965277892,0.62704322,0,0,1,1,1
1,0,0,0,0,0,1,0,0,0,0,0,-1.500957084,-0.296865252,0,0,1,2,1
1,0,1,1,0,0,0,0,0,1,0,0,-0.4295987,0.451936989,0,0,1,2,1
1,1,0,0,0,0,0,0,0,0,0,0,-1.500957084,0.814263731,0,0,1,1,1
1,1,1,1,0,0,0,0,0,0,0,1,0.106080492,1.633253556,0,0,1,0,1
1,1,0,0,0,0,0,0,1,0,0,1,-0.4295987,0.543123997,0,0,1,2,0
1,1,0,0,0,0,0,0,0,0,0,0,0.106080492,-0.268336755,0,0,1,1,1
1,0,0,0,0,0,0,0,0,1,1,0,-0.965277892,-0.664437609,0,0,1,2,1
1,1,0,1,0,0,0,1,0,0,0,0,0.641759684,1.13689733,0,0,1,1,1
1,1,0,1,0,0,0,0,0,0,0,0,0.106080492,-0.326935729,0,0,1,2,1
1,1,1,0,0,0,0,0,0,0,0,0,-0.4295987,-0.844131992,0,0,1,0,1
1,1,0,0,0,0,0,1,0,0,0,0,-0.4295987,0.502884635,0,0,1,2,1
1,1,1,1,1,0,0,0,0,1,0,0,1.177438876,0.157473692,0,0,0,1,1
1,0,1,0,1,0,1,0,1,0,0,0,0.106080492,-0.969087695,0,0,1,1,1
1,1,0,0,0,0,0,0,1,0,0,1,-0.4295987,0.314283375,0,0,1,1,1
1,1,0,0,0,1,0,0,0,0,0,0,-0.4295987,1.843463854,0,0,1,1,1
1,0,1,0,0,0,0,0,0,1,1,0,-0.4295987,-2.504164784,0,0,0,0,1
1,0,1,0,0,0,0,0,0,0,1,0,-0.965277892,-0.97797559,0,0,0,1,1
1,1,0,0,1,0,1,0,1,0,0,0,0.106080492,-1.946889598,0,0,1,1,1
1,1,1,1,0,0,0,0,0,0,0,0,0.106080492,-1.617914931,0,0,1,0,1
1,1,1,0,1,0,0,0,0,0,0,0,-0.4295987,-1.49437157,0,0,1,0,1
1,1,0,1,0,1,0,0,0,0,0,0,0.641759684,0.621451081,0,0,1,1,1
1,1,0,1,0,0,1,0,0,0,0,0,-0.4295987,-2.9913361,0,0,0,0,0
1,1,1,1,1,0,0,0,1,0,0,0,1.713118068,-0.600787097,0,0,0,1,1
1,1,0,0,0,0,0,0,0,0,0,0,-1.500957084,0.103154168,0,0,0,1,1
1,1,0,0,0,1,0,1,0,0,0,0,1.713118068,1.090499975,0,0,1,0,1
1,1,1,0,0,0,0,0,0,0,1,0,-0.4295987,-1.57847555,0,0,1,0,0
1,1,0,0,0,0,0,0,0,0,0,0,-1.500957084,1.039879294,0,0,1,2,1
1,1,1,1,0,0,0,0,0,0,0,1,0.106080492,1.770051132,0,0,1,2,1
1,1,1,0,0,0,0,0,0,0,0,0,0.106080492,0.954103617,0,0,1,2,1
1,1,0,0,0,0,0,0,1,0,0,1,-0.4295987,1.425581045,0,0,1,2,1
1,1,1,1,1,0,0,0,0,1,1,0,1.177438876,0.073867267,0,0,1,2,1
1,1,1,0,0,0,0,0,1,0,0,0,2.784476452,0.157473692,0,0,2,0,1
1,1,0,1,0,0,0,0,0,0,0,0,-0.4295987,-0.122403323,0,0,2,0,1
1,1,1,0,0,0,0,0,0,0,0,0,1.177438876,-0.04280065,0,0,3,0,1
1,1,1,1,1,0,0,0,1,0,0,0,3.320155644,1.425581045,0,0,1,2,1
1,1,0,0,1,0,0,0,1,0,0,0,-0.4295987,0.361065161,0,0,1,2,1
1,0,1,1,0,0,0,0,0,1,0,0,-0.4295987,0.586664059,0,0,1,2,1
1,1,1,1,1,0,0,0,0,1,0,0,3.320155644,0.157473692,0,0,1,2,1
1,1,1,1,1,0,1,0,1,1,0,0,3.320155644,0.428588474,0,0,0,2,1
1,1,0,1,0,0,0,0,0,0,0,0,-0.4295987,-0.296865252,0,0,1,2,1
1,0,1,0,0,0,0,0,0,1,0,0,-0.965277892,0.130976465,0,0,1,2,1
1,1,0,0,0,0,0,0,0,0,0,0,0.106080492,1.555025419,0,0,1,2,1
1,0,1,0,0,0,0,0,0,0,1,0,-0.965277892,-0.428330253,0,0,1,0,1
1,1,0,1,0,0,1,0,0,0,0,0,-0.4295987,1.090499975,0,0,1,2,1
1,1,0,0,0,0,0,0,1,0,0,1,-0.4295987,-0.831748302,0,0,1,0,0
1,1,0,0,0,0,0,1,1,0,0,1,1.177438876,0.170263708,0,0,1,0,1
1,0,1,1,1,0,0,0,1,1,0,0,0.641759684,0.48879784,0,0,0,2,1
1,1,0,0,0,0,0,0,1,0,0,0,-0.965277892,-0.358724446,0,0,1,0,1
1,1,0,0,0,0,0,0,0,0,0,0,-1.500957084,1.256595861,0,0,1,1,1
1,1,0,0,0,0,0,0,1,0,0,1,-0.4295987,1.438674732,0,0,1,1,0
1,1,0,0,0,0,0,0,0,0,0,1,-0.965277892,1.065765041,0,0,1,0,1
1,1,1,0,0,0,0,0,0,0,0,0,0.106080492,1.090499975,0,0,1,0,0
1,0,1,1,1,0,0,0,0,1,0,0,0.106080492,0.369967433,0,0,1,0,1
1,1,1,1,1,0,0,0,1,0,0,0,3.320155644,0.852653484,0,0,1,1,1
1,1,0,0,0,0,1,1,0,0,0,0,0.641759684,-0.714197767,0,0,1,0,0
1,1,1,0,0,1,0,0,0,0,0,0,0.106080492,0.444262489,0,0,1,1,1
1,1,0,0,0,0,0,0,0,0,0,0,0.106080492,0.610095333,0,0,1,0,1
1,1,1,0,0,0,0,0,0,0,1,0,-0.4295987,-0.466696175,0,0,1,0,1
1,0,1,0,0,0,0,0,0,0,1,0,-0.965277892,-0.16692679,0,0,0,0,1
1,1,0,0,0,0,0,1,0,0,0,0,-0.965277892,0.62704322,0,0,1,1,1
1,1,1,0,0,0,0,0,0,0,1,0,-0.4295987,-0.873870992,0,0,0,1,1
1,1,1,0,0,0,0,0,0,0,1,0,-0.4295987,-1.236935867,0,0,0,0,1
1,1,1,0,0,0,0,0,0,0,0,0,-0.4295987,-1.034507868,0,0,1,0,1
1,1,0,0,0,0,1,1,0,0,0,0,0.106080492,1.065765041,0,0,1,1,1
1,1,1,1,0,0,0,0,0,0,0,0,0.106080492,-1.744450356,0,0,1,0,1
1,1,1,0,1,0,0,0,0,0,0,0,-0.4295987,-1.820450423,0,0,1,0,1
1,0,1,0,1,0,1,0,1,0,0,0,0.106080492,-1.430229576,0,0,1,0,1
1,1,0,0,1,0,1,0,1,0,0,0,0.106080492,-1.441563351,0,0,1,0,1
1,1,0,0,0,0,0,0,0,0,0,0,-1.500957084,-1.867637077,0,0,1,0,1
1,0,1,0,0,0,0,0,0,1,0,0,-0.965277892,-0.268336755,0,0,1,1,1
1,1,1,0,0,1,1,0,0,0,0,0,0.106080492,1.398431488,0,0,1,0,1
1,1,0,0,0,0,0,0,0,0,0,0,-0.965277892,-0.358724446,0,0,1,1,1
1,1,1,0,0,0,0,0,0,0,0,0,0.106080492,0.568419529,0,0,1,0,1
1,1,0,0,0,0,0,0,0,0,0,1,-0.965277892,1.930135538,0,0,1,2,1
1,0,1,0,0,0,0,0,0,1,0,0,-0.965277892,-1.862734234,0,0,0,0,1
1,1,0,0,0,0,0,0,0,0,0,0,-1.500957084,-0.947941246,0,0,1,2,1
1,1,0,0,0,0,0,0,0,0,0,0,-1.500957084,-0.215324865,0,0,1,1,1
1,1,0,0,0,0,0,0,1,0,0,1,-0.4295987,0.144382777,0,0,1,0,0
1,1,1,1,0,0,0,0,0,0,0,1,0.106080492,0.530031543,0,0,1,1,1
1,1,0,0,0,0,0,0,0,0,0,1,-0.965277892,0.549556494,0,0,1,1,1
1,1,1,0,0,0,0,0,0,0,0,0,0.106080492,0.352018155,0,0,1,0,1
1,1,0,0,0,0,0,0,0,0,0,0,0.106080492,0.922298543,0,0,1,0,1
1,1,0,1,0,1,0,0,0,0,0,0,0.641759684,0.206959209,0,0,1,1,1
1,1,0,0,1,0,0,0,1,0,0,0,-0.4295987,0.420582738,0,0,1,1,1
1,0,1,1,0,0,0,0,0,1,0,0,-0.4295987,-0.144219881,0,0,1,1,1
1,1,0,0,1,0,0,0,1,0,0,1,0.106080492,0.170263708,0,0,0,0,1
1,1,1,0,0,1,1,0,1,0,0,0,0.641759684,1.555025419,0,0,0,0,1
1,1,1,0,0,0,0,0,1,0,0,0,2.784476452,0.284202059,0,0,1,0,1
1,1,1,0,0,1,0,0,0,0,0,0,0.106080492,0.314283375,0,0,1,0,1
1,1,1,1,1,0,0,0,0,1,1,0,1.177438876,-0.428330253,0,0,1,1,1
1,1,1,1,1,0,1,0,1,1,0,0,3.320155644,0.361065161,0,0,0,1,1
1,0,1,0,0,0,0,0,0,1,0,0,-0.965277892,-1.698999054,0,0,0,0,0
1,1,1,1,0,0,0,0,0,1,1,0,2.24879726,-1.324303604,0,0,0,0,1
1,1,1,0,0,0,0,0,0,1,1,0,0.106080492,-0.774344469,0,0,0,0,1
1,1,1,1,0,0,0,0,0,0,0,0,0.106080492,-2.248449234,0,0,1,0,0
1,0,1,1,0,0,0,0,0,1,0,0,-0.4295987,0.058624761,0,0,1,1,1
1,1,0,1,0,0,1,0,0,0,0,0,-0.4295987,-2.459623489,0,0,0,0,1
1,0,1,1,1,0,0,0,0,1,0,0,0.106080492,0.073867267,0,0,1,0,1
1,1,0,0,0,0,1,0,0,0,0,0,1.713118068,0.103154168,0,0,1,0,1
1,1,0,0,0,0,0,0,0,0,0,0,-1.500957084,1.065765041,0,0,1,1,1
1,1,1,1,0,0,0,0,0,0,0,1,0.106080492,0.466975578,0,0,1,1,1
1,1,0,0,0,0,0,0,1,0,0,1,-0.4295987,1.114182078,0,0,1,0,0
1,1,0,0,0,0,0,0,0,0,0,1,-0.965277892,1.830816428,0,0,1,0,1
1,1,0,0,1,0,0,0,1,0,0,0,-0.4295987,0.11723918,0,0,1,0,1
1,0,1,1,1,0,0,0,0,1,0,0,0.106080492,0.62704322,0,0,1,0,1
1,1,1,0,0,0,0,0,0,0,0,0,-0.4295987,-0.914982786,0,0,1,1,1
1,1,0,0,0,1,1,1,0,0,0,0,0.106080492,1.065765041,0,0,1,1,1
1,0,1,0,0,0,0,0,0,1,0,0,-0.965277892,-1.952597024,0,0,0,0,1
1,0,1,0,0,0,0,0,0,1,1,0,-0.4295987,-1.952597024,0,0,0,1,1
1,1,1,0,0,0,0,0,0,0,1,0,-0.4295987,-0.428330253,0,0,0,0,1
1,0,1,0,0,0,0,0,0,0,1,0,-0.965277892,0.680075333,0,0,1,0,1
1,0,1,0,0,0,0,0,0,1,0,0,-0.965277892,-0.428330253,0,0,1,0,1
1,1,0,0,1,0,1,0,1,0,0,0,0.106080492,-1.544395363,0,0,1,1,1
1,1,1,0,1,0,0,0,0,0,0,0,-0.4295987,-1.481922077,0,0,1,1,1
1,0,1,0,1,0,1,0,1,0,0,0,0.106080492,-1.584364167,0,0,1,1,0
1,1,1,0,0,0,0,0,0,1,1,0,0.106080492,-2.664250973,0,0,1,0,1
1,1,0,0,0,0,0,0,0,0,0,0,-1.500957084,1.33980316,0,0,0,0,1
1,0,1,0,0,0,0,0,0,1,0,0,-0.965277892,-0.466696175,0,0,1,2,1
1,0,1,0,0,0,0,0,0,0,1,0,-0.965277892,-0.874697227,0,0,0,0,1
1,1,0,0,0,0,0,0,0,0,0,0,-1.500957084,-2.183992406,0,0,1,0,0
1,1,0,1,0,0,1,0,0,0,0,0,-0.4295987,-3.602679911,0,0,0,0,0
1,1,0,0,0,0,0,0,0,0,0,1,-0.965277892,-0.16692679,0,0,1,0,1
1,0,0,0,0,1,0,0,1,0,0,0,-0.965277892,-0.960339529,0,0,0,0,1
1,1,0,0,1,0,0,0,0,0,0,0,-0.4295987,-0.50790442,0,0,0,0,1
1,1,1,0,0,0,0,0,0,0,1,0,-0.4295987,-1.210616706,0,0,0,0,1
1,1,0,0,1,0,0,0,0,1,0,1,0.106080492,-0.851220866,0,0,0,0,1
1,1,0,0,0,0,0,0,0,0,0,0,-1.500957084,0.77302799,0,0,1,1,1
1,1,0,0,0,0,0,0,1,0,0,1,-0.4295987,0.984188729,0,0,1,1,1
1,1,0,0,0,0,0,0,0,0,0,1,-0.965277892,1.575637361,0,0,1,0,1
1,1,1,0,0,0,0,0,0,0,0,0,0.106080492,-0.326935729,0,0,1,0,1
1,0,1,1,0,0,0,0,0,1,0,0,-0.4295987,-0.326935729,0,0,1,1,1
1,1,1,0,0,0,0,0,1,0,0,0,2.784476452,0.404217227,0,0,1,1,1
1,1,1,1,1,0,0,0,0,1,1,0,1.177438876,0.252401227,0,0,1,1,1
1,0,1,0,0,0,0,0,0,1,1,0,-0.4295987,-0.881351646,0,0,1,0,1
1,0,1,0,0,0,0,0,0,1,1,0,-0.4295987,0.680075333,0,0,1,1,1
1,1,0,0,1,0,0,0,1,0,0,0,-0.4295987,-0.081179807,0,0,1,0,1
1,0,1,1,0,0,0,0,0,0,1,0,-0.4295987,0.680075333,0,0,1,1,1
1,1,1,1,0,0,0,0,0,1,0,1,1.177438876,-0.466696175,0,0,2,1,1
1,1,0,1,0,0,0,0,0,0,0,0,-0.4295987,-0.658799575,0,0,1,0,1
1,0,1,0,0,0,0,0,0,1,1,0,-0.4295987,-2.624486266,0,0,0,0,1
1,1,0,0,0,0,0,0,0,0,0,0,-0.4295987,0.11723918,0,0,0,0,1
1,0,1,0,0,0,0,0,0,0,1,0,-0.965277892,-0.326935729,0,0,0,1,1
1,0,1,0,0,0,0,0,0,1,0,0,-0.965277892,0.026826959,0,0,1,0,1
1,1,1,1,1,0,0,0,0,1,0,0,1.177438876,-1.599364242,0,0,0,0,1
1,0,1,1,0,0,0,0,0,0,1,0,-0.4295987,-0.268336755,0,0,0,0,1
1,1,0,1,0,0,1,0,0,0,0,0,-0.4295987,-2.248449234,0,0,0,1,0
1,0,0,0,0,0,1,0,0,0,0,0,-1.500957084,-1.627427455,0,0,0,0,1
1,1,0,0,0,0,0,0,0,0,0,0,-1.500957084,1.039879294,0,0,1,2,1
1,1,0,0,0,0,0,0,1,0,0,1,-0.4295987,1.324127379,0,0,1,2,1
1,0,1,0,0,0,0,0,0,0,0,0,-1.500957084,0.194994244,0,0,1,2,1
1,1,1,1,1,0,0,0,1,0,0,0,3.320155644,0.852653484,0,0,1,2,1
1,1,1,0,0,0,0,0,0,0,1,0,-0.4295987,-0.801218594,0,0,0,0,1
1,1,0,0,0,0,0,0,0,0,0,0,0.106080492,0.954103617,0,0,1,0,1
1,1,1,0,1,0,0,0,1,1,0,0,0.641759684,-0.215324865,0,0,2,2,1
1,1,0,0,1,0,0,0,1,0,0,1,0.106080492,-0.081179807,0,0,0,0,1
1,1,1,0,0,0,0,0,0,0,0,0,-0.4295987,-0.653773729,0,0,1,2,1
1,0,1,0,0,0,0,0,0,0,1,0,-0.965277892,-0.677626057,0,0,0,0,1
1,0,1,0,0,0,0,0,0,1,1,0,-0.4295987,-2.310342865,0,0,0,2,1
1,1,0,1,0,1,0,0,0,0,0,0,0.641759684,-0.061659422,0,0,1,2,1
1,1,0,0,1,0,1,0,1,0,0,0,0.106080492,-1.399670652,0,0,1,0,1
1,1,1,1,0,0,1,1,0,0,0,0,1.177438876,-1.171217119,0,0,0,0,1
1,0,1,0,0,0,0,0,0,1,0,0,-0.965277892,0.058624761,0,0,1,2,1
1,0,1,0,1,0,1,0,1,0,0,0,0.106080492,-1.139723378,0,0,1,2,1
1,1,1,1,0,0,0,0,0,0,0,0,0.106080492,-1.721260787,0,0,1,2,1
1,1,0,0,0,0,0,0,0,0,0,0,-1.500957084,-0.215324865,0,0,1,2,1
1,1,1,0,0,0,0,0,0,0,1,0,-0.4295987,-1.587332009,0,0,0,2,1
1,1,1,1,0,0,0,0,0,0,0,0,0.106080492,-2.175364805,0,0,1,0,1
1,1,1,1,0,0,0,0,0,0,0,1,0.106080492,-0.241199778,0,0,1,0,1
1,1,0,0,0,0,0,0,0,0,0,0,0.106080492,-0.918549908,0,0,1,0,1
1,1,1,1,1,0,1,0,1,1,0,0,3.320155644,0.194994244,0,0,0,2,1
1,1,0,0,0,0,0,0,0,0,0,1,-0.965277892,-0.326935729,0,0,1,2,1
1,1,0,0,0,0,0,0,0,0,0,0,-1.500957084,0.62704322,0,0,1,0,1
1,1,0,0,0,0,0,0,0,0,0,1,-0.965277892,1.065765041,0,0,1,2,1
1,1,0,0,0,0,0,0,1,0,0,1,-0.4295987,0.263204694,0,0,1,2,1
1,1,1,1,0,0,0,0,0,0,0,1,0.106080492,-0.122403323,0,0,1,0,1
1,1,1,0,0,0,0,0,0,0,0,0,0.106080492,0.77302799,0,0,1,2,1
1,1,0,0,0,0,0,0,0,0,0,0,0.106080492,0.888564859,0,0,1,2,1
1,1,0,0,0,1,0,0,0,0,0,0,-0.4295987,1.425581045,0,0,1,0,1
1,1,0,0,1,0,0,0,1,0,0,0,-0.4295987,0.010219665,0,0,1,2,1
1,1,0,0,0,0,1,0,0,0,0,0,-0.4295987,0.852653484,0,0,0,2,1
1,1,1,0,0,1,0,0,0,0,0,0,0.106080492,0.194994244,0,0,1,0,1
1,0,1,0,0,0,0,0,0,1,0,0,-0.965277892,-0.10140992,0,0,1,2,1
1,0,1,1,1,0,0,0,0,1,0,0,0.106080492,0.241383858,0,0,1,2,1
1,1,1,1,1,0,0,0,0,1,1,0,1.177438876,-0.241199778,0,0,1,0,1
1,1,1,1,1,0,0,0,1,0,0,0,3.320155644,1.065765041,0,0,1,2,1
1,0,1,0,0,0,0,0,0,0,1,0,-0.965277892,0.680075333,0,0,1,2,1
1,0,1,0,0,0,0,0,0,1,0,0,-0.965277892,-0.16692679,0,0,2,2,1
1,1,1,0,0,0,0,0,0,0,1,0,-0.4295987,-1.96419055,0,0,0,2,1
1,0,1,0,0,0,0,0,0,1,0,0,-0.965277892,-0.215324865,0,0,1,2,1
1,1,1,1,0,0,1,1,0,0,0,0,2.24879726,-2.210708054,0,0,2,2,0
1,1,1,1,1,0,0,0,0,1,0,0,1.177438876,-0.081179807,0,0,0,2,1
1,1,0,1,0,0,1,0,0,0,0,0,-0.4295987,-2.859793045,0,0,0,2,0
1,0,1,0,0,0,0,0,0,0,0,0,-1.500957084,0.378729527,0,0,1,2,1
1,0,1,1,0,0,0,0,0,1,1,0,0.106080492,-0.16692679,0,0,1,2,0
1,1,1,1,0,0,0,0,0,0,1,0,0.106080492,0.010219665,0,0,0,2,1
1,1,1,1,1,0,1,0,1,1,0,0,3.320155644,1.065765041,0,0,0,0,1
1,1,1,1,1,0,0,0,0,1,0,0,3.320155644,0.103154168,0,0,1,0,1
1,1,0,0,1,0,0,0,1,0,0,1,0.106080492,-0.122403323,0,0,0,2,1
1,1,0,0,0,0,1,1,0,0,0,0,0.106080492,0.814263731,0,0,1,0,1
1,1,0,0,0,0,0,0,0,0,0,0,0.641759684,-0.428330253,0,0,2,2,1
1,1,0,0,0,0,1,1,0,0,0,0,0.641759684,-0.781991261,0,0,1,2,0
1,1,0,0,0,0,0,0,0,0,0,0,-1.500957084,0.728490262,0,0,1,2,1
1,1,1,1,0,0,0,0,0,0,0,1,0.106080492,1.633253556,0,0,1,0,1
1,1,1,0,0,0,0,0,0,0,0,0,0.106080492,0.814263731,0,0,1,2,1
1,1,0,0,0,0,0,0,0,0,0,1,-0.965277892,1.685459979,0,0,1,2,1
1,0,1,1,1,0,0,0,0,1,0,0,0.106080492,0.52336796,0,0,1,0,1
1,1,0,0,0,0,0,0,0,0,0,0,0.106080492,1.114182078,0,0,1,2,1
1,0,1,1,0,0,0,0,0,1,0,0,-0.4295987,0.604329359,0,0,1,2,1
1,1,1,1,1,0,0,0,1,0,0,0,3.320155644,1.238349936,0,0,1,2,1
1,1,0,0,0,1,1,0,0,0,0,0,-0.4295987,1.199958858,0,0,1,2,1
1,1,1,1,1,0,0,0,0,1,1,0,1.177438876,0.352018155,0,0,1,2,1
1,1,1,0,0,0,0,0,1,0,0,0,2.784476452,0.728490262,0,0,1,2,1
1,1,1,0,0,1,0,0,0,0,0,0,0.106080492,0.294410914,0,0,1,0,1
1,1,0,0,0,1,1,0,0,0,0,0,0.106080492,0.77302799,0,0,0,0,1
1,1,1,0,1,0,0,0,0,1,0,0,0.106080492,0.088703366,0,0,2,2,1
1,1,0,1,0,1,1,0,1,1,0,0,2.24879726,0.954103617,0,0,1,0,1
1,1,0,1,0,0,0,0,1,0,0,0,1.177438876,-0.39243973,0,0,0,0,1
1,1,1,0,0,0,0,0,0,0,1,0,-0.4295987,-1.356765551,0,0,0,0,1
1,1,0,0,0,1,0,0,0,0,0,1,3.320155644,-0.006898545,0,0,1,2,1
1,1,0,1,0,0,0,0,0,0,0,0,-0.4295987,-0.912322371,0,0,1,2,1
1,1,0,1,0,0,1,0,0,0,0,0,-0.4295987,-2.729793595,0,0,0,0,1
1,0,1,1,1,0,0,0,0,1,0,0,0.106080492,-0.50790442,0,0,1,0,1
1,1,1,0,1,0,0,0,0,0,0,0,-0.4295987,-0.931218044,0,0,1,2,1
1,1,0,0,0,0,0,0,0,0,0,1,-0.965277892,1.324127379,0,0,1,1,1
1,1,0,0,0,0,0,0,1,0,0,1,-0.4295987,0.852653484,0,0,1,1,0
1,0,1,0,0,0,0,0,0,1,0,0,-0.965277892,-0.16692679,0,0,1,0,1
1,1,1,1,0,0,0,0,0,0,0,1,0.106080492,0.466975578,0,0,1,1,1
1,1,1,0,0,0,0,0,0,0,0,0,0.106080492,1.039879294,0,0,1,1,1
1,1,1,0,0,0,0,0,1,0,0,0,2.784476452,0.103154168,0,0,1,0,1
1,1,0,1,1,0,0,0,1,1,0,0,0.641759684,0.314283375,0,0,1,1,1
1,1,1,1,1,0,0,0,0,1,0,0,1.177438876,0.814263731,0,0,0,2,1
1,0,1,0,0,0,0,0,0,0,1,0,-0.965277892,-0.653773729,0,0,0,2,1
1,1,1,0,0,0,0,0,0,0,0,0,-0.4295987,-1.302478489,0,0,1,0,1
1,0,1,0,0,0,0,0,0,1,1,0,-0.4295987,-2.278535973,0,0,0,0,1
1,1,0,0,0,0,0,0,0,0,0,0,0.106080492,0.984188729,0,0,1,1,1
1,0,1,0,0,0,0,0,0,0,1,0,-0.965277892,0.530031543,0,0,1,1,1
1,1,1,1,0,0,1,1,0,0,0,0,2.24879726,-2.238771266,0,0,2,2,1
1,1,1,0,0,0,0,0,0,0,1,0,-0.4295987,-1.19129808,0,0,0,0,1
1,1,1,1,0,0,1,1,0,0,0,0,1.177438876,-1.547157002,0,0,0,2,1
1,1,1,1,0,0,0,0,0,0,0,0,0.106080492,-1.748411007,0,0,1,0,1
1,0,1,0,1,0,1,0,1,0,0,0,0.106080492,-1.472159211,0,0,1,0,1
1,1,1,1,1,0,0,0,1,0,0,0,3.320155644,0.728490262,0,0,1,0,1
1,0,1,1,1,0,0,0,0,1,0,0,0.106080492,-1.249765694,0,0,1,0,1
1,1,0,0,0,0,0,0,0,0,0,0,-1.500957084,0.62704322,0,0,1,1,1
1,1,0,0,0,0,0,0,0,0,0,0,-1.500957084,0.954103617,0,0,1,1,1
1,0,1,0,0,0,0,0,0,1,0,0,-0.965277892,0.543123997,0,0,1,1,1
1,1,0,0,0,0,0,0,1,0,0,1,-0.4295987,1.355049425,0,0,1,1,1
1,1,1,0,0,0,0,0,0,0,0,0,0.106080492,1.13689733,0,0,1,1,1
1,1,0,0,0,0,0,0,0,0,0,1,-0.965277892,1.830816428,0,0,1,0,1
1,0,1,1,1,0,0,0,0,1,0,0,0.106080492,0.103154168,0,0,1,0,1
1,1,1,1,1,0,0,0,1,0,0,0,3.320155644,1.13689733,0,0,1,1,1
1,1,1,0,0,1,0,0,0,0,0,0,0.106080492,0.333470558,0,0,1,1,1
1,1,0,0,0,0,0,0,0,0,0,0,1.713118068,-0.600787097,0,0,2,1,1
1,1,1,1,1,0,0,0,0,1,1,0,1.177438876,0.273802408,0,0,1,0,1
1,1,0,0,0,0,0,0,0,0,0,0,-0.965277892,-0.700124681,0,0,3,1,1
1,1,0,0,0,0,0,1,0,0,0,0,0.641759684,1.797880039,0,0,1,1,1
1,1,0,1,1,0,0,1,0,0,0,0,2.24879726,0.378729527,0,0,1,1,1
1,1,1,0,0,0,0,0,0,0,0,0,-0.4295987,-0.659360815,0,0,1,0,1
1,1,0,0,1,0,0,0,1,0,0,0,-0.4295987,0.502884635,0,0,1,0,1
1,1,1,1,1,0,0,0,0,1,0,0,3.320155644,0.474345161,0,0,1,0,1
1,0,1,0,0,0,0,0,0,1,1,0,-0.4295987,-1.736612633,0,0,0,0,1
1,1,0,0,0,0,1,1,0,0,0,0,0.641759684,-0.725465243,0,0,1,1,0
1,1,0,0,0,0,0,1,0,0,0,0,-0.4295987,0.52336796,0,0,1,1,1
1,1,0,0,0,0,0,0,0,0,0,0,0.106080492,-0.296865252,0,0,1,0,1
1,1,0,1,0,0,1,0,0,0,0,0,-0.4295987,-2.6056211,0,0,0,1,1
1,1,1,0,1,0,0,0,0,1,0,1,1.177438876,0.010219665,0,0,0,0,1
1,1,0,0,1,0,0,0,1,0,0,0,-0.4295987,-0.428330253,0,0,0,1,1
1,1,0,0,0,0,0,0,0,0,0,0,-1.500957084,-0.268336755,0,0,1,0,1
1,1,0,0,0,0,0,0,1,0,0,1,-0.4295987,0.252401227,0,0,1,0,1
1,0,0,0,0,0,0,0,0,1,0,0,-1.500957084,0.586664059,0,0,1,0,1
1,1,0,0,0,0,0,0,0,0,0,0,-1.500957084,-0.39243973,0,0,2,0,1
1,1,1,0,0,0,0,0,0,0,0,0,1.177438876,0.157473692,0,0,2,0,1
1,1,0,0,0,0,0,0,0,0,0,0,0.106080492,-0.006898545,0,0,1,0,1
1,1,0,0,0,1,0,0,0,0,0,0,-0.4295987,-0.600787097,0,0,2,0,1
1,1,0,0,0,0,0,0,0,0,0,0,-0.965277892,-0.024560108,0,0,2,0,1
1,0,1,0,0,0,0,0,0,1,1,0,-0.4295987,-2.066819614,0,0,0,0,1
1,1,0,0,0,1,0,0,0,0,0,0,-0.4295987,0.010219665,0,0,1,0,1
1,1,1,1,0,0,0,0,0,0,0,1,0.106080492,0.562202627,0,0,1,0,1
1,1,0,0,0,0,0,0,0,0,0,0,-1.500957084,-1.499430415,0,0,1,0,0
1,1,0,0,0,0,0,0,0,0,0,0,-1.500957084,0.314283375,0,0,1,0,1
1,1,1,1,0,0,0,0,0,0,0,1,0.106080492,0.182766349,0,0,1,2,1
1,0,1,1,1,0,0,0,0,1,0,0,0.106080492,0.680075333,0,0,1,1,1
1,1,0,0,1,0,0,0,1,0,0,0,-0.4295987,0.157473692,0,0,1,2,1
1,1,1,1,1,0,1,0,1,1,0,0,3.320155644,1.219485409,0,0,0,0,1
1,1,0,0,0,0,1,0,0,0,0,0,0.106080492,0.294410914,0,0,0,0,1
1,1,1,1,1,0,0,0,0,1,0,0,3.320155644,-0.241199778,0,0,1,2,1
1,1,1,0,0,0,0,0,0,0,1,0,-0.4295987,-0.9992833,0,0,1,0,1
1,1,0,1,0,0,1,0,0,0,0,0,-0.4295987,-2.552583928,0,0,0,1,0
1,1,0,1,0,0,1,0,1,0,0,0,1.177438876,-0.762053854,0,0,1,2,1
1,0,1,0,0,0,0,0,0,0,0,0,-1.500957084,-1.298922763,0,0,1,1,1
1,1,0,0,0,0,0,0,0,0,0,0,-1.500957084,0.273802408,0,0,1,1,1
1,1,1,0,0,0,0,0,0,0,0,0,0.106080492,-0.296865252,0,0,1,0,1
1,1,0,0,0,0,0,0,0,0,0,0,-1.500957084,0.77302799,0,0,1,0,1
1,1,0,0,0,0,0,0,1,0,0,1,-0.4295987,0.474345161,0,0,1,1,1
1,1,1,0,0,1,0,0,0,0,0,0,0.106080492,0.241383858,0,0,1,1,1
1,1,0,0,1,0,0,0,1,0,0,0,-0.4295987,-0.144219881,0,0,1,1,1
1,1,1,1,0,0,0,0,0,1,1,0,0.641759684,-1.291878756,0,0,0,0,0
1,1,1,0,0,0,0,0,0,0,1,0,-0.4295987,-1.302478489,0,0,1,0,0
1,1,0,0,0,0,0,0,0,0,0,0,0.106080492,0.026826959,0,0,1,0,1
1,1,0,0,0,0,1,1,0,0,0,0,0.106080492,0.814263731,0,0,1,1,1
1,1,1,0,0,0,0,0,0,0,0,0,-0.4295987,-0.686398741,0,0,1,1,1
1,1,1,1,0,0,0,0,1,0,0,0,0.641759684,-1.0214395,0,0,0,0,0
1,1,1,1,0,0,0,0,0,1,1,0,0.641759684,-1.412562405,0,0,0,0,0
1,1,1,1,0,0,0,0,1,0,0,1,0.641759684,-1.147768855,0,0,0,0,0
1,1,0,0,0,1,0,0,1,0,0,0,0.106080492,-1.122680589,0,0,0,1,0
1,1,1,1,0,0,1,1,0,0,0,0,2.24879726,-1.988128396,0,0,2,1,0
1,1,0,0,0,0,0,0,1,0,0,1,-0.4295987,-0.081179807,0,0,1,0,1
1,0,1,0,1,0,1,0,1,0,0,0,0.106080492,-1.460191671,0,0,1,1,1
1,1,1,0,0,0,0,0,0,0,1,0,-0.4295987,-1.643652194,0,0,0,0,1
1,1,1,1,0,0,0,0,0,0,0,0,0.106080492,-1.599364242,0,0,1,1,1
1,1,0,1,0,0,1,0,0,0,0,0,-0.4295987,-2.6852523,0,0,0,1,0
1,0,1,1,0,0,0,0,0,1,0,0,-0.4295987,-1.740517695,0,0,1,0,1
1,1,1,1,1,0,0,0,0,1,1,0,1.177438876,-1.376784585,0,0,1,1,1
1,1,0,0,0,0,0,0,1,0,0,1,-0.4295987,0.728490262,0,0,1,1,1
1,1,0,0,0,0,0,0,0,0,0,1,-0.965277892,1.27426247,0,0,1,1,1
1,0,1,1,1,0,0,0,0,1,0,0,0.106080492,0.32395966,0,0,1,0,1
1,1,1,0,0,0,0,0,0,0,0,0,0.106080492,1.158721589,0,0,1,1,1
1,1,1,0,0,1,0,0,0,0,0,0,0.106080492,-0.215324865,0,0,1,1,1
1,1,0,0,0,0,0,0,0,0,0,0,-0.4295987,-0.16692679,0,0,1,0,1
1,1,1,1,1,0,0,0,1,0,0,0,3.320155644,1.179722123,0,0,1,0,1
1,1,1,1,1,0,0,0,0,1,1,0,1.177438876,0.073867267,0,0,1,0,1
1,0,1,0,0,0,0,0,0,1,0,0,-0.965277892,-1.439278053,0,0,3,1,1
1,1,1,0,1,0,0,0,0,1,0,0,0.106080492,0.62704322,0,0,2,0,1
1,1,0,1,0,0,0,0,0,1,0,0,-0.4295987,0.230143947,0,0,1,0,1
1,0,1,0,0,0,0,0,0,0,0,0,-1.500957084,-0.268336755,0,0,0,1,1
1,1,0,0,0,0,0,0,0,0,0,0,-0.4295987,0.058624761,0,0,0,0,1
1,1,0,0,0,1,1,1,0,0,0,0,0.106080492,1.199958858,0,0,1,0,1
1,1,0,0,0,0,0,0,0,0,0,0,-1.500957084,0.543123997,0,0,1,1,1
1,1,1,0,0,0,0,0,0,0,1,0,-0.4295987,-1.399670652,0,0,0,0,1
1,1,1,1,0,0,1,1,0,0,0,0,1.177438876,-1.403934804,0,0,0,1,0
1,1,1,0,1,0,0,0,0,0,0,0,-0.4295987,-1.522782196,0,0,1,1,1
1,1,0,0,1,0,1,0,1,0,0,0,0.106080492,-1.504535672,0,0,1,1,1
1,1,1,1,0,0,0,0,0,0,0,0,0.106080492,-2.110774226,0,0,1,0,0
1,0,1,0,0,0,0,0,0,1,1,0,-0.4295987,-2.201659576,0,0,0,1,1
1,1,1,0,0,1,0,0,0,0,0,0,0.106080492,-1.19129808,0,0,1,1,0
1,1,1,1,0,0,0,0,0,0,0,1,0.106080492,0.888564859,0,0,1,2,1
1,1,0,0,0,0,0,0,0,0,0,0,0.106080492,-1.246530399,0,0,1,0,1
1,1,1,1,1,0,1,0,1,1,0,0,3.320155644,0.058624761,0,0,0,0,1
1,1,0,1,0,1,0,0,0,0,0,0,-0.4295987,0.218672315,0,0,0,1,1
1,0,1,1,1,0,0,0,0,1,0,0,0.106080492,-0.39243973,0,0,1,0,1
1,1,1,1,0,0,0,0,0,0,0,1,0.106080492,1.179722123,0,0,1,0,1
1,1,0,0,0,0,0,0,1,0,0,1,-0.4295987,1.256595861,0,0,1,0,1
1,1,1,0,0,0,0,0,0,0,0,0,0.106080492,0.954103617,0,0,1,0,1
1,1,0,0,0,0,0,0,0,0,0,0,0.106080492,1.219485409,0,0,1,0,1
1,1,1,0,0,0,0,0,0,0,0,0,-0.4295987,0.62704322,0,0,2,0,1
1,1,0,0,0,0,0,0,0,0,0,0,-0.965277892,0.294410914,0,0,3,0,1
1,0,1,0,0,0,0,0,0,1,0,0,-0.965277892,0.516623615,0,0,1,2,1
1,1,0,0,0,1,0,1,0,0,0,0,0.106080492,0.77302799,0,0,1,0,1
1,1,0,1,0,1,0,0,0,0,0,0,0.641759684,0.361065161,0,0,1,0,1
1,1,1,0,0,0,0,0,0,1,1,0,0.641759684,-0.268336755,0,0,2,0,1
1,1,1,1,0,0,0,0,0,0,0,0,-0.4295987,0.922298543,0,0,0,0,1
1,0,1,0,0,0,0,0,0,1,0,0,-0.965277892,-0.10140992,0,0,0,0,1
1,1,1,0,1,0,0,0,0,0,0,0,0.641759684,1.398431488,0,0,1,0,1
1,0,1,0,0,0,0,0,0,1,0,0,-0.965277892,-1.489358301,0,0,0,0,1
1,1,0,0,0,0,0,0,0,0,0,0,-0.965277892,-0.552410073,0,0,1,2,1
1,1,1,0,0,0,0,0,0,0,0,0,-0.4295987,-0.428330253,0,0,1,2,1
1,1,1,1,1,0,0,0,0,1,0,0,3.320155644,0.194994244,0,0,1,0,1
1,1,1,1,1,0,0,0,1,0,0,0,1.713118068,0.680075333,0,0,0,0,1
1,1,0,0,0,0,1,1,0,0,0,0,0.106080492,1.012730399,0,0,1,0,1
1,0,1,0,0,0,0,0,0,0,1,0,-0.965277892,-0.71917739,0,0,0,0,1
1,1,0,0,0,0,0,0,0,0,0,0,-1.500957084,1.179722123,0,0,1,0,1
1,0,1,1,1,0,0,0,0,1,0,0,0.106080492,-1.036716082,0,0,1,0,1
1,1,0,0,0,0,0,0,1,0,0,1,-0.4295987,1.533620533,0,0,0,0,1
1,1,0,1,0,1,1,0,0,0,0,0,1.177438876,1.065765041,0,0,1,0,1
1,1,0,0,0,0,0,0,0,0,0,0,-0.4295987,1.179722123,0,0,1,0,1
1,1,0,0,1,0,0,0,0,0,0,1,0.106080492,1.158721589,0,0,3,0,1
1,1,0,0,0,0,0,0,1,0,0,1,-0.4295987,0.852653484,0,0,1,0,1
1,1,1,1,0,0,0,0,0,0,0,1,0.106080492,1.522601201,0,0,1,0,1
1,1,0,0,0,0,0,0,0,0,0,1,-0.965277892,1.614703177,0,0,1,1,1
1,1,1,0,0,0,0,0,0,0,0,0,0.106080492,0.728490262,0,0,1,1,1
1,1,0,0,0,0,1,1,0,0,0,0,0.641759684,-1.063921619,0,0,1,0,0
1,1,0,0,0,0,0,0,0,0,0,0,-1.500957084,-0.006898545,0,0,1,0,1
1,1,0,0,1,1,0,0,0,0,0,0,0.106080492,1.199958858,0,0,0,0,1
1,1,0,0,0,1,0,1,0,0,0,0,0.106080492,1.511359245,0,0,1,0,1
1,1,0,0,0,0,0,0,0,0,0,0,0.106080492,1.065765041,0,0,1,0,1
1,1,0,1,0,1,0,0,0,0,0,0,0.641759684,0.042952953,0,0,1,1,1
1,1,1,0,1,0,0,0,0,0,0,0,0.641759684,1.48817016,0,0,1,0,1
1,1,1,1,0,0,0,0,0,0,0,0,-0.4295987,0.888564859,0,0,0,0,1
1,1,0,1,1,0,0,0,1,1,0,0,0.641759684,-0.552410073,0,0,1,0,1
1,1,0,0,1,0,0,0,1,0,0,1,0.106080492,0.284202059,0,0,0,0,1
1,1,1,1,1,0,0,0,1,0,0,0,1.713118068,0.273802408,0,0,0,0,1
1,0,1,0,0,0,0,0,0,1,0,0,-0.965277892,0.604329359,0,0,1,0,1
1,1,1,1,0,0,0,0,0,0,0,0,0.106080492,-1.843543742,0,0,1,0,1
1,0,1,1,1,0,1,0,1,0,0,0,0.641759684,-1.479465256,0,0,1,0,1
1,1,1,1,0,0,1,1,0,0,0,0,1.177438876,-1.30605708,0,0,0,0,0
1,1,0,0,0,0,0,0,0,0,0,0,-0.4295987,-1.343168771,0,0,1,1,0
1,1,0,0,0,1,1,0,0,0,0,0,0.106080492,1.70983443,0,0,1,0,1
1,1,0,0,1,0,0,0,0,1,0,0,0.106080492,0.252401227,0,0,1,0,1
1,1,0,0,0,0,0,0,0,0,0,0,-1.500957084,1.595513016,0,0,1,1,1
1,1,1,1,1,0,0,0,0,1,0,0,1.713118068,0.728490262,0,0,1,0,1
1,1,0,0,0,0,0,0,0,0,0,0,-1.500957084,1.158721589,0,0,1,2,1
1,1,1,1,0,0,0,0,0,0,0,1,0.106080492,1.67709199,0,0,1,2,1
1,1,0,0,0,0,0,0,1,0,0,1,-0.4295987,1.33980316,0,0,1,2,1
1,1,1,0,0,0,0,0,0,0,0,0,0.106080492,0.984188729,0,0,1,2,1
1,0,1,1,0,0,0,0,0,1,0,0,-0.4295987,-0.081179807,0,0,1,0,1
1,1,0,1,0,1,0,0,0,0,0,0,0.641759684,0.058624761,0,0,1,2,1
1,1,0,0,0,0,0,0,0,0,0,0,0.106080492,1.199958858,0,0,1,0,1
1,1,1,0,0,0,0,0,0,0,1,0,-0.4295987,0.536616274,0,0,0,2,1
1,1,0,0,0,1,0,0,0,0,0,0,-0.4295987,1.87387924,0,0,1,2,1
1,1,1,1,1,0,0,0,0,1,1,0,1.177438876,-0.955538212,0,0,1,2,1
1,1,0,0,0,1,0,1,0,0,0,0,0.106080492,0.888564859,0,0,1,2,1
1,1,0,1,1,0,0,0,1,1,0,0,0.641759684,0.52336796,0,0,1,0,1
1,1,0,0,0,0,0,0,0,0,0,0,-0.965277892,0.48161842,0,0,2,2,1
1,1,1,1,0,0,0,0,0,0,0,0,-0.4295987,-0.268336755,0,0,1,2,1
1,1,0,0,0,1,0,1,0,0,0,0,1.177438876,1.533620533,0,0,1,2,1
1,1,1,0,0,0,0,0,0,1,1,0,0.641759684,-0.268336755,0,0,2,2,1
1,1,0,0,0,0,0,0,0,1,0,0,0.106080492,-0.39243973,0,0,1,2,1
1,1,0,0,0,0,0,0,0,0,0,1,-0.4295987,-0.428330253,0,0,1,2,1
1,1,1,0,0,0,0,0,0,1,1,0,0.106080492,-0.39243973,0,0,0,0,1
1,1,1,1,1,0,0,0,1,0,0,0,1.713118068,0.922298543,0,0,0,0,1
1,1,0,0,0,0,0,0,0,0,0,1,-0.965277892,1.522601201,0,0,1,2,1
1,1,0,0,1,0,0,0,0,0,0,0,-0.4295987,-0.04280065,0,0,1,2,1
1,1,0,0,1,1,0,0,0,0,0,0,0.106080492,-0.268336755,0,0,1,2,1
1,0,1,1,0,0,0,0,0,1,0,0,-0.4295987,-0.358724446,0,0,1,2,1
1,1,1,1,1,0,0,0,1,0,0,0,3.320155644,-0.326935729,0,0,1,0,1
1,1,0,0,0,0,0,0,0,0,0,0,-1.500957084,0.728490262,0,0,1,0,1
1,1,1,1,0,0,0,0,0,0,0,1,0.106080492,1.595513016,0,0,1,0,1
1,1,1,0,0,0,0,0,0,0,0,0,0.106080492,-0.808511872,0,0,1,0,1
1,1,0,0,0,0,0,0,1,0,0,1,-0.4295987,-0.10140992,0,0,1,0,1
1,1,0,0,0,0,0,0,0,0,0,0,0.106080492,0.77302799,0,0,1,0,0
1,1,0,1,0,1,0,0,0,0,0,0,0.641759684,0.680075333,0,0,1,0,1
1,1,0,0,1,0,0,0,1,0,0,1,0.106080492,0.144382777,0,0,0,2,1
1,1,1,1,1,0,0,0,0,1,1,0,1.177438876,-0.39243973,0,0,1,0,1
1,1,1,0,0,1,0,0,0,0,0,0,0.106080492,0.378729527,0,0,1,0,1
1,1,0,0,1,0,0,0,1,0,0,0,-0.4295987,-0.081179807,0,0,1,2,1
1,1,1,0,0,0,0,0,0,1,1,0,0.641759684,-0.296865252,0,0,1,0,1
1,1,0,0,0,1,0,0,0,0,0,0,1.713118068,1.67709199,0,0,1,0,1
1,1,0,0,0,1,0,1,0,0,0,0,0.106080492,1.291385421,0,0,1,2,1
1,0,1,1,1,0,0,0,0,0,0,0,-0.4295987,0.543123997,0,0,0,2,1
1,1,1,0,0,0,0,0,0,0,1,0,-0.4295987,-0.061659422,0,0,1,2,1
1,1,0,0,0,0,0,0,1,0,0,1,-0.4295987,-0.061659422,0,0,1,0,1
1,0,1,1,1,0,0,0,0,1,0,0,0.106080492,-0.215324865,0,0,1,0,1
1,1,0,0,0,0,0,0,0,0,0,0,-1.500957084,0.451936989,0,0,1,2,1
1,1,0,0,0,0,0,0,1,0,0,1,-0.4295987,1.238349936,0,0,1,2,1
1,1,1,1,0,0,0,0,0,0,0,1,0.106080492,1.633253556,0,0,1,0,1
1,1,1,0,0,0,0,0,0,0,0,0,0.106080492,0.954103617,0,0,1,2,1
1,0,1,1,0,0,0,0,0,1,0,0,-0.4295987,0.088703366,0,0,1,2,1
1,1,0,1,0,1,0,0,0,0,0,0,0.641759684,0.130976465,0,0,1,0,1
1,1,1,1,1,0,0,0,0,1,1,0,1.177438876,-0.758016576,0,0,1,2,1
1,1,0,0,0,0,1,1,0,0,0,0,0.106080492,1.179722123,0,0,1,0,1
1,1,0,0,0,1,0,0,0,0,0,0,0.641759684,1.398431488,0,0,1,0,1
1,1,1,0,0,0,0,0,0,1,1,0,0.641759684,-0.061659422,0,0,2,0,1
1,1,0,0,0,0,0,0,0,0,0,0,0.106080492,1.307997177,0,0,1,2,1
1,1,0,0,0,0,0,0,0,0,0,0,-0.4295987,-0.466696175,0,0,1,0,1
1,1,0,1,1,0,0,0,1,1,0,0,0.641759684,0.586664059,0,0,1,0,1
1,1,1,0,0,0,0,0,0,0,0,0,-0.4295987,-0.428330253,0,0,1,0,1
1,1,1,0,0,0,0,0,0,1,1,0,0.106080492,-2.288937568,0,0,0,0,1
1,1,1,0,0,0,0,0,0,0,1,0,-0.4295987,-0.748708632,0,0,0,0,1
1,1,1,0,0,0,0,0,0,0,1,0,-0.4295987,-1.530789084,0,0,1,2,1
1,1,0,0,0,1,0,0,0,0,0,0,-0.4295987,1.951136667,0,0,1,2,1
1,1,0,0,0,0,1,1,0,0,0,0,0.641759684,-0.708648445,0,0,1,0,0
1,1,1,0,0,0,0,0,0,0,0,0,0.641759684,0.314283375,0,0,2,0,1
1,1,0,0,0,0,0,0,1,0,0,1,-0.4295987,-0.653773729,0,0,1,0,1
1,1,1,1,0,0,0,0,0,0,0,1,0.106080492,0.130976465,0,0,1,0,1
1,1,0,0,0,1,1,1,0,0,0,0,0.641759684,-0.663305423,0,0,1,2,1
1,1,1,1,1,0,0,0,1,0,0,0,3.320155644,0.194994244,0,0,1,2,1
1,1,0,0,0,0,0,0,0,0,0,0,-1.500957084,0.59261502,0,0,1,0,1
1,1,1,0,0,0,0,0,0,0,0,0,0.106080492,1.13689733,0,0,1,0,1
1,1,1,1,0,0,0,0,0,0,0,1,0.106080492,0.728490262,0,0,1,0,1
1,1,0,0,0,0,0,0,1,0,0,1,-0.4295987,1.238349936,0,0,1,0,1
1,1,0,1,0,1,0,0,0,0,0,0,0.641759684,-0.358724446,0,0,1,0,1
1,1,0,0,0,0,0,0,0,0,0,0,0.106080492,0.157473692,0,0,1,0,1
1,1,0,0,0,1,0,1,0,0,0,0,0.106080492,1.13689733,0,0,1,0,1
1,0,1,0,0,0,0,0,0,1,0,0,-0.965277892,0.516623615,0,0,0,0,1
1,1,0,0,0,0,0,1,0,0,0,0,0.106080492,-0.358724446,0,0,1,0,0
1,1,0,0,0,0,1,1,0,0,0,0,0.641759684,-0.917655981,0,0,1,0,0
1,1,1,0,0,0,0,0,0,0,1,0,-0.4295987,-0.04280065,0,0,0,0,1
1,1,0,1,1,0,0,0,1,1,0,0,0.641759684,0.11723918,0,0,1,0,1
1,1,1,0,0,1,0,0,0,0,0,0,0.106080492,-0.122403323,0,0,1,0,1
1,1,0,0,0,1,0,0,0,0,0,0,-0.4295987,1.924759035,0,0,1,0,1
1,0,1,0,0,0,0,0,0,0,1,0,-0.965277892,-0.804853285,0,0,0,0,1
1,1,0,0,0,0,0,0,1,0,0,1,-0.4295987,-0.144219881,0,0,1,0,1
1,1,0,0,0,0,0,0,0,0,0,0,0.106080492,-0.428330253,0,0,1,0,1
1,1,1,0,0,0,1,1,0,0,0,0,0.641759684,-0.39243973,0,0,2,0,1
1,1,1,0,0,1,0,0,0,0,0,0,0.641759684,-1.333656247,0,0,1,0,1
1,1,0,0,1,0,0,0,1,0,0,1,0.106080492,-0.190599824,0,0,0,0,1
1,1,1,0,0,1,1,1,0,0,0,0,1.713118068,0.680075333,0,0,1,0,1
1,1,0,1,0,0,1,1,0,0,0,0,1.177438876,-0.024560108,0,0,1,0,1
1,1,0,0,0,0,0,0,0,0,0,0,-1.500957084,0.814263731,0,0,1,0,1
1,1,0,0,0,0,0,0,1,0,0,1,-0.4295987,0.814263731,0,0,1,2,1
1,1,1,1,0,0,0,0,0,0,0,1,0.106080492,0.042952953,0,0,1,2,1
1,1,0,0,0,0,0,0,0,0,0,1,-0.965277892,0.568419529,0,0,1,0,1
1,1,0,1,0,1,0,0,0,0,0,0,0.641759684,0.516623615,0,0,1,2,1
1,1,1,0,0,0,0,0,0,0,1,0,-0.4295987,-0.466696175,0,0,0,0,1
1,1,1,0,0,0,0,0,0,1,1,0,0.641759684,-0.16692679,0,0,0,2,1
1,1,0,0,1,0,0,0,1,0,0,1,0.106080492,0.103154168,0,0,0,0,1
1,1,1,0,0,1,0,0,0,0,0,0,0.106080492,-0.061659422,0,0,1,0,1
1,1,1,1,1,0,0,0,1,0,0,0,1.713118068,0.62704322,0,0,0,2,1
1,1,1,1,0,0,1,1,0,0,0,0,1.177438876,-1.043393791,0,0,0,2,1
1,1,1,1,0,0,0,0,0,0,0,0,0.106080492,-1.605479349,0,0,1,0,1
1,0,1,0,0,0,0,0,0,0,1,0,-0.965277892,-1.221303684,0,0,0,0,1
1,1,1,1,0,0,0,0,0,0,0,0,0.106080492,-1.370702895,0,0,1,2,1
1,0,1,1,1,0,1,0,1,0,0,0,0.641759684,-1.401798644,0,0,1,2,1
1,1,0,1,1,0,0,0,1,0,0,1,0.641759684,-1.958363595,0,0,1,2,0
1,1,1,0,0,1,0,0,0,0,0,0,0.106080492,-1.538912865,0,0,1,0,1
1,0,1,0,0,0,0,0,0,0,1,0,-0.965277892,-0.767482864,0,0,0,2,1
1,1,1,1,0,0,0,0,0,0,0,1,0.106080492,-2.19275588,0,0,1,2,1
1,0,1,1,0,0,0,0,0,0,0,0,-0.965277892,-2.9913361,0,0,1,2,1
1,1,0,0,0,0,0,0,0,0,0,0,-1.500957084,-1.75240005,0,0,1,0,1
1,1,0,0,0,0,0,0,1,0,0,1,-0.4295987,-0.241199778,0,0,1,0,1
1,1,1,0,0,0,0,0,0,0,0,0,0.106080492,-1.233774102,0,0,1,2,1
1,0,1,0,0,0,0,0,0,1,0,0,-0.965277892,-0.971050551,0,0,1,0,1
1,0,1,1,1,0,0,0,0,1,0,0,0.106080492,-1.410392932,0,0,1,0,1
1,1,0,0,0,0,0,0,0,0,0,0,-1.500957084,1.039879294,0,0,1,0,1
1,1,0,0,0,0,0,0,1,0,0,1,-0.4295987,1.256595861,0,0,1,2,1
1,1,1,0,0,0,0,0,0,0,0,0,0.106080492,0.852653484,0,0,1,2,1
1,1,0,0,0,0,0,0,0,0,0,0,0.106080492,1.412171825,0,0,1,0,1
1,1,0,0,0,0,0,0,0,0,0,0,-0.4295987,-0.081179807,0,0,3,0,1
1,0,0,0,0,0,0,0,0,1,0,0,-1.500957084,-0.552410073,0,0,1,2,1
1,1,1,0,0,0,0,0,0,0,0,0,-0.4295987,0.954103617,0,0,2,2,1
1,1,0,1,0,1,0,0,0,0,0,0,0.641759684,-0.024560108,0,0,1,2,1
1,1,1,0,0,0,0,0,0,0,1,0,-0.4295987,1.039879294,0,0,1,2,1
1,1,1,0,0,0,0,0,0,0,1,0,-0.4295987,0.680075333,0,0,0,2,1
1,1,1,0,0,0,0,0,0,1,1,0,0.641759684,0.412460143,0,0,2,2,1
1,1,0,0,1,1,0,0,0,0,0,0,0.106080492,1.384343266,0,0,0,0,1
1,1,0,0,0,0,1,1,0,0,0,0,0.641759684,-0.804124445,0,0,1,0,0
1,0,1,1,1,0,0,0,0,1,0,0,0.106080492,-1.061602995,0,0,1,0,1
1,1,0,0,0,1,0,0,0,0,0,0,-0.4295987,1.897068567,0,0,1,0,1
1,1,0,0,0,0,0,0,0,0,0,0,-1.500957084,1.412171825,0,0,1,0,1
1,1,0,0,0,0,0,0,0,0,0,0,-1.500957084,0.62704322,0,0,1,1,1
1,1,0,0,0,0,0,0,1,0,0,1,-0.4295987,1.324127379,0,0,1,1,1
1,1,0,0,0,0,0,0,0,0,0,1,-0.965277892,1.114182078,0,0,1,1,1
1,1,1,0,0,0,0,0,0,0,0,0,0.106080492,1.039879294,0,0,1,0,1
1,1,0,0,0,0,0,0,0,0,0,0,-1.500957084,-0.190599824,0,0,1,1,1
1,1,0,1,0,1,0,0,0,0,0,0,0.641759684,0.058624761,0,0,1,0,1
1,1,1,0,0,0,0,0,0,1,1,0,0.641759684,-0.428330253,0,0,2,0,1
1,0,1,0,0,0,0,0,0,0,1,0,-0.965277892,-0.703153916,0,0,0,1,1
1,1,0,0,0,0,0,1,0,0,0,0,0.106080492,-0.144219881,0,0,1,0,0
1,1,1,0,0,1,0,0,0,0,0,0,0.106080492,0.073867267,0,0,1,1,1
1,1,0,0,0,1,0,0,0,0,0,0,-0.4295987,1.740756906,0,0,1,1,1
1,1,1,0,0,1,0,0,0,0,0,0,0.106080492,-1.293631416,0,0,1,1,0
1,1,0,0,0,0,0,0,0,0,0,0,0.106080492,0.273802408,0,0,1,1,1
1,1,1,0,0,0,0,0,0,0,1,0,-0.4295987,-0.061659422,0,0,0,0,1
1,1,1,0,0,0,0,0,0,0,1,0,-0.4295987,-1.345090946,0,0,1,0,0
1,0,1,0,0,0,0,0,0,0,1,0,-0.965277892,0.206959209,0,0,0,0,1
1,1,0,0,0,1,1,1,0,0,0,0,0.641759684,1.256595861,0,0,1,1,1
1,1,0,1,1,1,0,0,0,0,0,0,0.641759684,-0.653773729,0,0,1,0,0
1,1,0,0,0,0,0,0,0,0,0,0,-1.500957084,1.595513016,0,0,1,1,1
1,1,0,0,1,0,0,0,0,0,0,0,0.106080492,0.680075333,0,0,0,1,1
1,1,0,0,0,0,0,0,0,0,0,0,-0.965277892,1.511359245,0,0,0,0,1
1,1,0,0,1,0,0,0,0,0,0,0,-0.4295987,-0.719802987,0,0,1,0,1
1,1,0,0,0,0,0,0,0,0,0,0,-1.500957084,0.509796525,0,0,1,0,1
1,0,1,0,0,0,0,0,0,0,0,0,-1.500957084,-0.326935729,0,0,1,0,1
1,1,1,1,0,0,0,0,0,0,0,0,-0.4295987,-0.122403323,0,0,2,0,1
1,1,1,0,0,0,0,0,0,1,0,0,1.177438876,0.604329359,0,0,2,2,1
1,1,0,0,0,0,0,1,0,0,0,0,-0.4295987,0.615802173,0,0,2,2,1
1,1,0,0,0,0,0,0,0,0,0,1,-0.965277892,1.425581045,0,0,1,0,1
1,0,0,0,0,0,0,0,0,1,0,0,-1.500957084,0.562202627,0,0,1,0,1
1,1,1,0,0,0,0,0,0,0,0,0,0.641759684,-0.122403323,0,0,2,2,1
1,1,0,0,1,0,1,1,0,0,0,0,0.106080492,1.511359245,0,0,1,2,1
1,0,1,0,0,0,0,0,0,1,0,0,-0.965277892,-1.106144289,0,0,3,2,1
1,1,0,0,0,1,0,1,0,0,0,0,0.641759684,1.522601201,0,0,1,0,1
1,0,1,0,0,0,0,0,0,1,0,0,-0.965277892,0.516623615,0,0,1,2,1
1,0,1,0,0,0,0,0,0,1,0,0,-0.965277892,-0.296865252,0,0,1,1,1
1,1,0,0,0,0,1,1,0,0,0,0,0.641759684,-0.764083531,0,0,1,0,0
1,1,1,0,0,0,0,0,0,0,0,0,-0.4295987,-0.428330253,0,0,1,0,1
1,1,1,1,1,0,0,0,0,1,1,0,1.177438876,0.369967433,0,0,1,2,1
1,1,1,1,1,0,0,0,0,0,0,0,0.106080492,0.814263731,0,0,1,2,1
1,1,0,0,0,0,1,1,0,0,0,0,0.106080492,0.444262489,0,0,1,2,1
1,0,1,0,0,0,0,0,0,1,1,0,-0.4295987,-1.643652194,0,0,0,0,1
1,1,1,1,0,0,0,0,0,0,0,0,0.106080492,-1.533483855,0,0,1,0,1
1,1,0,1,0,0,1,0,0,0,0,0,-0.4295987,-2.504164784,0,0,0,0,1
1,0,0,0,0,0,0,0,1,0,0,0,-1.500957084,0.922298543,0,0,0,2,1
1,1,0,0,0,0,0,0,0,1,0,1,0.641759684,1.039879294,0,0,0,0,1
1,1,0,0,0,0,1,1,0,0,0,0,1.177438876,-0.006898545,0,0,1,2,1
1,1,1,1,1,0,1,0,1,1,0,0,3.320155644,0.218672315,0,0,0,0,1
1,1,1,1,1,0,0,0,1,0,0,0,1.177438876,1.355049425,0,0,1,0,1
1,1,0,0,0,0,0,0,0,0,0,0,-1.500957084,0.378729527,0,0,1,2,1
1,0,1,1,1,0,0,0,0,1,0,0,0.106080492,1.555025419,0,0,0,1,1
1,1,0,0,0,0,0,0,0,0,0,1,-0.965277892,1.039879294,0,0,1,2,1
1,1,0,0,0,1,0,0,0,0,0,0,-0.4295987,0.273802408,0,0,2,2,1
1,1,1,0,0,0,0,0,0,0,0,0,-0.4295987,0.680075333,0,0,2,2,1
1,1,0,0,0,0,0,0,1,1,0,0,2.24879726,1.219485409,0,0,0,1,1
1,1,1,0,0,0,0,0,0,0,0,0,-0.965277892,1.355049425,0,0,1,2,1
1,1,0,0,0,1,0,1,0,0,0,0,-0.4295987,0.62704322,0,0,2,2,1
1,0,1,0,0,0,0,0,0,0,1,0,-0.965277892,-0.675309845,0,0,0,0,1
1,1,0,1,0,1,0,0,0,0,0,0,-0.4295987,0.680075333,0,0,0,2,1
1,0,0,0,0,1,1,1,0,0,0,0,-0.4295987,0.144382777,0,0,1,1,1
1,1,1,0,0,0,0,0,0,0,0,0,-0.4295987,0.615802173,0,0,2,2,1
1,0,0,1,1,0,0,0,0,0,0,0,-0.965277892,-2.624486266,0,0,1,2,1
1,1,0,0,0,0,0,0,0,0,0,0,-1.500957084,1.238349936,0,0,1,2,0
1,0,1,0,0,0,0,0,0,1,0,0,-0.965277892,0.170263708,0,0,1,2,1
1,1,1,0,0,0,0,0,0,0,0,0,-0.4295987,0.273802408,0,0,2,1,1
1,1,0,1,0,1,0,0,0,0,0,0,0.641759684,-0.081179807,0,0,1,2,1
1,1,0,0,0,0,0,1,0,0,0,0,-0.4295987,1.990901018,0,0,1,0,1
1,1,1,1,0,0,0,0,0,0,0,1,0.106080492,1.919330078,0,0,1,2,1
1,1,0,0,0,0,0,0,1,0,0,1,-0.4295987,0.52336796,0,0,1,1,1
1,1,1,1,1,0,0,0,1,0,0,0,1.713118068,0.444262489,0,0,0,2,0
1,1,1,1,0,0,0,0,0,0,0,0,0.641759684,0.378729527,0,0,3,2,1
1,1,0,0,0,0,0,0,1,1,0,0,2.24879726,1.463972564,0,0,0,2,1
1,1,1,1,1,0,0,0,0,1,0,0,3.320155644,-0.16692679,0,0,1,0,1
1,1,1,1,1,0,0,0,0,1,1,0,1.177438876,0.230143947,0,0,1,1,1
1,1,0,0,0,1,0,0,0,0,0,0,-0.965277892,0.728490262,0,0,2,1,1
1,1,0,0,0,0,1,1,0,0,0,0,0.641759684,2.137635051,0,0,1,1,1
1,1,1,1,0,0,0,0,0,0,0,0,-0.4295987,0.436480666,0,0,2,2,1
1,1,0,1,0,0,1,0,0,0,0,0,-0.4295987,-3.115508595,0,0,0,2,0
1,1,0,1,1,0,0,0,1,0,0,0,1.713118068,-0.04280065,0,0,0,2,1
1,1,1,0,0,0,0,0,0,0,0,1,0.641759684,0.263204694,0,0,3,2,1
1,1,0,1,1,1,1,0,1,0,0,0,1.713118068,0.562202627,0,0,1,2,1
1,1,0,1,0,0,0,0,1,0,0,0,2.784476452,-2.9913361,0,0,1,2,1
1,1,0,0,0,0,0,0,0,0,0,0,-1.500957084,0.157473692,0,0,1,0,1
1,0,1,0,0,0,0,0,0,0,0,0,-1.500957084,0.615802173,0,0,1,0,1
1,1,1,0,0,0,0,1,0,0,0,0,0.106080492,1.575637361,0,0,1,0,1
1,1,0,0,0,0,0,0,0,0,0,0,0.106080492,0.888564859,0,0,1,0,1
1,1,1,1,1,0,0,0,0,1,1,0,1.177438876,-0.50790442,0,0,1,0,1
1,1,1,1,0,0,0,0,0,0,0,0,-0.4295987,-0.081179807,0,0,2,0,1
1,1,1,1,1,0,0,0,0,0,0,0,0.641759684,1.412171825,0,0,1,0,1
1,1,1,1,1,0,0,0,0,0,0,0,0.106080492,0.62704322,0,0,1,0,1
1,1,0,0,0,0,0,0,1,0,0,1,-0.4295987,0.042952953,0,0,1,0,1
1,1,1,1,0,0,0,0,0,0,0,1,0.106080492,1.65120544,0,0,1,0,1
1,0,1,1,1,0,0,0,0,1,0,0,0.106080492,0.728490262,0,0,1,0,1
1,1,0,0,1,0,1,1,0,0,0,0,0.106080492,1.595513016,0,0,1,0,1
1,0,1,0,0,0,0,0,0,1,0,0,-0.965277892,-0.849637738,0,0,1,0,1
1,1,0,0,0,1,0,1,0,0,0,0,0.641759684,2.294022854,0,0,1,0,1
1,1,0,0,0,0,0,1,0,0,0,0,0.106080492,2.277073332,0,0,1,0,1
1,1,1,0,0,0,0,0,0,0,0,0,-0.4295987,-0.715438501,0,0,1,0,1
1,0,1,1,0,0,0,0,0,1,0,0,-0.4295987,0.888564859,0,0,1,0,1
1,1,1,1,0,0,0,0,0,0,0,1,0.106080492,-1.141056239,0,0,1,0,1
1,1,0,0,0,0,0,1,0,0,0,0,0.106080492,-0.215324865,0,0,1,0,0
1,1,1,0,0,0,0,0,0,0,0,0,0.106080492,1.219485409,0,0,1,0,1
1,1,0,1,0,1,1,0,1,0,0,0,1.713118068,1.511359245,0,0,1,0,1
1,1,0,0,1,0,0,0,0,0,0,0,-0.965277892,0.230143947,0,0,0,0,1
1,1,1,0,0,1,1,1,0,0,0,0,1.177438876,1.614703177,0,0,1,0,0
1,1,0,1,0,1,0,0,0,0,0,0,0.641759684,-0.16692679,0,0,1,0,1
1,1,1,1,0,0,0,0,0,0,1,0,0.106080492,0.728490262,0,0,0,0,1
1,1,0,0,0,1,0,1,0,0,0,0,-0.4295987,1.425581045,0,0,2,0,1
1,1,0,0,0,0,0,0,0,0,0,0,-1.500957084,0.194994244,0,0,1,0,1
1,1,0,0,0,0,0,0,0,0,0,0,0.106080492,0.852653484,0,0,1,0,1
1,1,1,1,1,0,0,0,0,1,1,0,1.177438876,-0.50790442,0,0,1,0,1
1,1,1,0,0,1,0,0,0,0,0,0,0.106080492,0.206959209,0,0,1,2,1
1,1,1,1,1,0,0,0,1,0,0,0,1.713118068,0.680075333,0,0,0,0,1
1,1,1,1,0,0,0,0,0,0,0,0,-0.4295987,0.010219665,0,0,2,0,1
1,1,0,0,0,0,1,1,0,0,0,0,0.106080492,1.971373954,0,0,1,0,1
1,1,1,1,1,0,0,0,0,1,0,0,1.177438876,-0.16692679,0,0,0,0,1
1,1,1,0,1,0,0,0,0,0,0,0,-0.4295987,-1.36668505,0,0,1,0,1
1,0,1,0,1,0,1,0,1,0,0,0,0.106080492,-1.194226872,0,0,1,0,1
1,1,0,0,1,0,1,0,1,0,0,0,0.106080492,-1.555525117,0,0,1,0,1
1,1,1,1,1,0,1,0,1,1,0,0,3.320155644,-1.256293266,0,0,0,0,1
1,1,0,0,0,0,0,0,0,0,0,0,-1.500957084,0.922298543,0,0,1,2,1
1,0,1,0,0,0,0,0,0,0,0,0,-1.500957084,0.728490262,0,0,1,0,1
1,0,0,0,0,0,0,0,0,1,0,0,-1.500957084,0.474345161,0,0,1,2,1
1,1,1,1,1,0,0,0,0,0,0,0,0.641759684,1.039879294,0,0,1,2,1
1,1,0,0,0,0,0,0,0,0,0,0,0.106080492,1.158721589,0,0,1,2,0
1,1,0,0,1,0,0,0,1,0,0,1,0.106080492,0.182766349,0,0,0,2,1
1,1,1,1,1,0,0,0,0,1,0,0,3.320155644,0.30443585,0,0,1,2,1
1,1,0,0,0,0,0,0,1,0,0,1,-0.4295987,1.48817016,0,0,1,2,0
1,1,1,1,0,0,0,0,0,0,0,1,0.106080492,1.219485409,0,0,1,0,1
1,1,0,1,0,1,0,0,0,0,0,0,0.641759684,0.32395966,0,0,1,2,1
1,1,0,1,0,1,0,0,0,0,0,0,3.320155644,0.130976465,0,0,2,2,1
1,0,1,0,0,0,0,0,0,1,0,0,-0.965277892,-0.931218044,0,0,3,2,1
1,1,0,0,0,0,0,0,0,1,0,0,-0.965277892,0.130976465,0,0,1,0,1
1,1,0,0,0,0,0,0,0,0,0,0,-0.4295987,0.502884635,0,0,1,2,1
1,1,0,0,0,0,0,0,0,0,0,0,-0.965277892,-0.241199778,0,0,2,2,1
1,1,0,0,0,1,0,1,0,0,0,0,0.106080492,1.476202878,0,0,2,2,1
1,1,1,1,1,0,0,0,0,1,1,0,1.177438876,0.466975578,0,0,1,2,1
1,1,0,0,0,0,0,0,0,1,0,0,2.24879726,1.511359245,0,0,0,2,1
1,1,0,1,0,1,0,0,0,0,0,0,0.106080492,0.404217227,0,0,2,2,1
1,1,0,1,0,0,1,0,0,0,0,0,-0.4295987,-3.726852406,0,0,0,2,0
1,0,0,0,0,1,1,1,0,0,0,0,-0.4295987,1.425581045,0,0,1,2,1
1,1,1,1,1,0,0,0,1,0,0,0,3.320155644,-0.326935729,0,0,1,0,1
1,1,0,0,0,0,0,0,0,0,0,0,-1.500957084,-0.552410073,0,0,1,2,1
1,0,0,0,0,0,0,0,0,1,0,0,-1.500957084,-0.653773729,0,0,1,2,1
1,1,0,0,0,0,0,0,0,0,0,0,-1.500957084,0.77302799,0,0,1,0,1
1,0,1,0,0,0,0,0,0,0,0,0,-1.500957084,0.042952953,0,0,1,0,1
1,1,0,1,0,1,0,0,0,0,0,0,0.641759684,-0.653773729,0,0,1,0,1
1,1,1,0,0,1,0,0,0,0,0,0,0.106080492,0.170263708,0,0,1,0,0
1,1,0,0,0,0,0,0,1,0,0,1,-0.4295987,0.170263708,0,0,1,0,1
1,1,0,0,0,0,0,0,0,0,0,1,-0.965277892,1.659968776,0,0,1,0,1
1,1,1,1,0,0,0,0,0,0,0,1,0.106080492,1.499885485,0,0,1,0,1
1,1,0,0,0,1,1,1,0,0,0,0,0.641759684,1.307997177,0,0,1,0,1
1,0,1,1,1,0,0,0,0,1,0,0,0.106080492,0.77302799,0,0,1,0,1
1,1,1,1,1,0,0,0,1,0,0,0,1.713118068,0.495885812,0,0,0,0,0
1,1,0,0,0,1,1,1,0,0,0,0,0.641759684,1.238349936,0,0,1,0,1
1,1,1,0,0,0,0,0,0,0,0,0,-0.4295987,-0.144219881,0,0,1,0,1
1,1,0,0,0,0,0,1,0,0,0,0,-0.4295987,0.466975578,0,0,1,0,0
1,1,1,1,1,0,0,0,0,0,0,0,0.641759684,1.114182078,0,0,1,0,1
1,1,0,0,0,1,0,1,0,0,0,0,0.106080492,1.291385421,0,0,1,0,1
1,0,1,0,0,0,0,0,0,1,1,0,-0.4295987,-1.111180243,0,0,0,0,1
1,1,0,0,0,0,1,1,0,0,0,0,0.641759684,-0.841788961,0,0,1,0,0
1,0,1,0,0,0,0,0,0,0,1,0,-0.965277892,-0.241199778,0,0,0,0,1
1,0,1,0,1,0,1,0,1,0,0,0,0.106080492,-0.917655981,0,0,1,0,1
1,1,1,1,0,0,0,0,0,0,0,0,0.106080492,-1.358735356,0,0,1,0,1
1,0,1,0,0,1,0,1,0,0,0,0,-0.4295987,-0.736320407,0,0,1,0,1
1,1,0,1,0,1,0,0,1,0,0,0,0.641759684,-0.16692679,0,0,1,0,1
1,1,1,1,0,0,0,0,0,0,1,0,0.106080492,-1.056994528,0,0,0,0,1
1,1,0,1,0,1,0,0,0,0,0,0,0.641759684,-1.439278053,0,0,1,0,1
1,1,1,1,1,0,1,0,1,1,0,0,3.320155644,-0.653773729,0,0,0,0,1
1,1,1,0,0,0,0,0,0,0,0,0,0.106080492,0.77302799,0,0,1,2,1
1,1,1,0,0,0,0,0,0,0,0,0,-0.4295987,-1.698999054,0,0,1,2,1
1,1,1,0,1,0,0,0,0,0,0,0,-0.4295987,-2.081088835,0,0,1,2,1
1,1,0,0,1,0,0,0,1,0,0,0,-0.4295987,-2.519841007,0,0,1,2,1
1,1,1,1,0,0,0,0,0,0,0,0,0.106080492,-2.379992289,0,0,1,2,0
1,0,1,0,1,0,0,0,1,0,0,0,-0.4295987,-1.958363595,0,0,1,2,1
1,1,1,1,0,0,0,0,0,0,0,0,0.106080492,-0.024560108,0,0,1,0,1
1,1,0,0,0,0,0,1,0,0,0,0,-0.965277892,-2.095733605,0,0,1,2,1
1,1,1,1,0,0,0,0,0,0,0,0,0.641759684,0.30443585,0,0,1,2,1
1,1,0,0,1,0,0,0,0,0,0,0,0.106080492,-1.397550768,0,0,1,2,1
1,1,0,0,0,0,0,1,0,0,0,0,-0.4295987,-0.770903091,0,0,0,2,1
1,1,1,0,0,0,0,0,1,0,0,0,0.106080492,-1.029025369,0,0,1,2,1
1,1,0,0,0,0,0,0,0,0,0,0,-0.4295987,-1.663767726,0,0,1,2,1
1,1,0,0,0,0,0,1,0,0,0,0,-0.965277892,-1.561174598,0,0,1,2,1
1,1,0,0,0,0,0,0,0,0,0,0,-0.965277892,-1.356765551,0,0,1,2,1
1,1,0,0,0,0,0,1,0,0,0,0,-0.4295987,-2.19275588,0,0,0,2,1
1,1,1,1,0,0,0,0,1,0,0,0,0.641759684,-2.19275588,0,0,0,2,0
1,1,0,0,0,0,1,1,0,0,0,0,-0.4295987,-2.110774226,0,0,0,2,1
1,1,0,0,0,0,0,0,0,0,0,0,-1.500957084,-0.296865252,0,0,1,0,1
1,1,1,1,0,0,0,0,0,0,0,1,0.106080492,1.511359245,0,0,1,0,1
1,1,0,0,0,0,0,0,0,0,0,1,-0.965277892,0.230143947,0,0,1,0,1
1,1,1,0,0,0,0,0,0,0,0,0,0.106080492,0.922298543,0,0,1,0,1
1,0,0,0,0,0,0,0,0,1,0,0,-1.500957084,-0.766120638,0,0,1,2,1
1,0,1,0,0,0,0,0,0,0,0,0,-1.500957084,-0.466696175,0,0,2,2,1
1,0,1,0,0,0,0,0,0,1,0,0,-0.965277892,-1.135743844,0,0,2,2,1
1,1,0,1,0,0,0,0,0,0,0,0,-0.4295987,-0.024560108,0,0,1,0,1
1,0,1,0,0,0,0,0,0,1,0,0,-0.965277892,0.680075333,0,0,1,0,1
1,1,0,0,0,0,0,0,0,0,0,0,-1.500957084,0.48879784,0,0,1,0,1
1,1,0,0,0,0,0,0,0,0,0,0,-0.4295987,-0.006898545,0,0,1,0,1
1,1,1,0,1,0,0,0,0,0,0,0,-0.4295987,-0.190599824,0,0,2,0,1
1,1,0,0,0,0,0,0,1,0,0,1,-0.4295987,0.194994244,0,0,1,2,1
1,1,1,0,1,0,0,0,0,0,0,0,0.106080492,0.604329359,0,0,0,2,1
1,1,1,0,0,0,0,0,0,1,0,0,-0.4295987,0.459507084,0,0,2,2,1
1,0,1,0,0,0,0,0,0,0,1,0,-0.965277892,-0.962271715,0,0,2,2,1
1,1,1,1,1,0,0,0,1,0,0,0,1.713118068,0.026826959,0,0,0,0,1
1,1,0,1,0,0,0,0,1,0,0,1,0.106080492,0.62704322,0,0,1,2,1
1,1,1,0,0,0,0,0,0,0,0,0,-0.4295987,-1.130481685,0,0,1,0,1
1,1,1,0,0,0,0,0,0,1,1,0,0.106080492,-2.166868928,0,0,1,0,1
1,1,1,1,0,0,0,0,0,1,0,0,0.106080492,0.042952953,0,0,1,2,1
1,1,0,0,1,0,0,0,0,0,0,0,0.106080492,0.530031543,0,0,0,2,1
1,1,1,0,0,0,0,0,0,1,0,0,0.641759684,-1.096207077,0,0,1,2,1
1,1,0,0,0,0,0,0,0,0,0,0,-1.500957084,0.954103617,0,0,1,2,1
1,1,1,1,0,0,0,0,0,0,0,1,0.106080492,0.39585037,0,0,1,0,1
1,1,0,0,0,0,0,0,1,0,0,1,-0.4295987,1.324127379,0,0,1,2,1
1,0,1,0,0,0,0,0,0,0,1,0,-0.965277892,-1.541647362,0,0,2,2,1
1,1,1,0,1,0,1,0,0,0,1,0,2.784476452,0.352018155,0,0,0,2,1
1,0,0,1,0,0,0,0,1,0,0,1,-0.4295987,-0.04280065,0,0,1,2,1
1,1,1,0,1,0,0,0,0,0,0,0,-0.4295987,-0.600787097,0,0,2,2,1
1,1,0,0,0,0,0,0,0,0,0,0,-0.4295987,0.073867267,0,0,1,2,1
1,0,1,0,0,0,0,0,0,0,0,0,-1.500957084,0.263204694,0,0,1,2,1
1,0,1,1,1,0,0,0,0,1,0,0,0.106080492,0.010219665,0,0,1,0,1
1,1,0,1,0,1,0,0,0,0,0,0,0.641759684,0.218672315,0,0,1,0,1
1,1,0,1,0,0,0,0,1,0,0,1,0.106080492,0.170263708,0,0,1,2,1
1,1,0,0,1,0,0,0,0,0,0,0,0.106080492,1.199958858,0,0,1,2,1
1,0,1,0,0,0,0,0,0,1,1,0,-0.4295987,-2.729793595,0,0,0,2,0
1,1,0,0,0,0,0,0,0,0,0,0,0.106080492,1.256595861,0,0,1,2,1
1,0,1,1,0,0,0,0,0,1,0,0,-0.4295987,-0.753343142,0,0,1,2,1
1,0,1,0,1,0,0,0,0,1,0,0,-0.4295987,-0.552410073,0,0,1,2,1
1,1,1,0,0,1,0,0,0,0,0,0,0.106080492,0.536616274,0,0,1,2,1
1,1,1,1,0,0,0,0,0,0,0,1,0.106080492,-1.924627865,0,0,1,0,1
1,0,1,0,0,0,0,0,0,1,0,0,-0.965277892,-0.791165976,0,0,1,2,1
1,1,1,0,0,0,0,0,0,0,0,0,0.106080492,-0.998249931,0,0,1,0,1
1,1,0,1,0,0,0,0,1,0,0,1,1.177438876,-0.50790442,0,0,1,0,1
1,1,1,1,0,0,0,1,1,0,0,0,1.713118068,0.157473692,0,0,1,2,1
1,1,0,0,1,0,0,0,0,0,0,0,-0.4295987,0.294410914,0,0,0,2,1
1,0,1,0,0,0,0,0,0,1,0,0,-0.965277892,-2.569707406,0,0,1,2,1
1,1,0,0,0,0,0,0,0,0,0,0,-1.500957084,0.728490262,0,0,1,2,1
1,1,1,1,0,0,0,0,0,0,0,1,0.106080492,1.291385421,0,0,1,2,1
1,1,0,0,0,0,0,0,0,0,0,1,-0.965277892,0.984188729,0,0,1,2,1
1,1,1,0,0,0,0,0,0,0,0,0,0.106080492,0.680075333,0,0,1,0,1
1,1,0,1,0,0,0,0,0,0,0,0,-0.4295987,0.954103617,0,0,1,2,1
1,1,0,0,0,1,0,0,0,0,0,0,-0.965277892,2.045679429,0,0,1,2,1
1,0,1,0,0,0,0,0,0,0,1,0,-0.965277892,-1.42132588,0,0,1,0,1
1,0,1,0,0,0,0,0,0,0,1,0,-0.965277892,-0.428330253,0,0,0,2,1
1,1,1,0,1,0,0,0,0,0,0,0,-0.4295987,-0.653773729,0,0,2,2,1
1,0,1,0,0,0,0,0,0,1,0,0,-0.965277892,0.621451081,0,0,1,2,1
1,1,0,1,1,0,0,0,1,0,0,0,0.641759684,0.516623615,0,0,0,2,1
1,0,1,1,1,0,0,0,0,0,0,0,-0.4295987,-0.466696175,0,0,1,2,0
1,1,1,0,1,0,0,0,0,0,0,0,0.106080492,0.495885812,0,0,0,2,1
1,1,1,0,0,0,0,0,0,0,0,0,-0.4295987,-1.210616706,0,0,1,2,1
1,1,0,0,0,0,0,0,0,0,0,0,-0.965277892,-0.358724446,0,0,1,0,0
1,1,1,1,0,0,0,0,0,0,1,0,0.106080492,0.728490262,0,0,0,2,1
1,1,1,0,0,0,0,0,0,0,1,0,-0.4295987,-0.794735386,0,0,0,0,1
1,1,0,0,0,0,1,1,0,0,0,0,0.106080492,0.273802408,0,0,1,2,1
1,1,1,0,0,0,0,0,0,0,1,0,-0.4295987,-0.978971953,0,0,0,0,1
1,1,1,0,0,0,0,0,0,0,1,0,-0.4295987,-1.501977189,0,0,1,0,1
1,1,1,1,0,0,0,0,0,1,0,0,0.106080492,0.77302799,0,0,0,2,1
1,1,0,1,0,0,0,0,1,0,0,0,-0.4295987,-1.667192162,0,0,1,0,1
1,1,1,1,0,0,0,1,1,0,0,0,1.713118068,-0.081179807,0,0,1,0,1
1,1,0,0,0,0,0,0,0,0,0,0,-1.500957084,-0.326935729,0,0,1,1,1
1,1,1,1,0,0,0,0,0,0,0,1,0.106080492,1.438674732,0,0,1,2,1
1,1,0,0,0,0,0,0,1,0,0,1,-0.4295987,0.378729527,0,0,1,2,1
1,1,0,0,0,0,0,0,0,0,0,1,-0.965277892,0.984188729,0,0,1,2,1
1,1,1,0,0,0,0,0,0,0,0,0,0.106080492,0.536616274,0,0,1,2,1
1,1,1,0,1,0,0,0,0,0,0,0,0.106080492,0.206959209,0,0,1,1,1
1,0,1,0,0,0,0,0,0,1,0,0,-0.965277892,0.814263731,0,0,1,2,1
1,1,1,1,1,0,0,0,1,0,0,0,2.784476452,-0.358724446,0,0,1,0,1
1,1,1,0,0,0,0,0,0,1,0,0,0.106080492,-0.689353975,0,0,1,2,1
1,1,0,1,0,0,0,0,0,0,0,0,-0.4295987,-1.059293991,0,0,1,1,1
1,1,0,1,0,0,0,0,1,0,0,1,0.106080492,0.010219665,0,0,1,2,1
1,0,1,1,1,0,0,0,0,1,0,0,0.106080492,-0.006898545,0,0,1,0,1
1,1,1,1,0,0,0,0,0,0,1,0,0.106080492,0.62704322,0,0,0,2,1
1,0,1,1,0,0,0,0,0,1,0,0,-0.4295987,-1.49437157,0,0,1,1,1
1,1,0,0,0,0,1,1,0,0,0,0,0.106080492,0.206959209,0,0,1,0,1
1,1,0,0,0,0,0,1,1,0,0,0,0.641759684,0.342821629,0,0,1,2,1
1,0,1,1,1,0,0,0,0,0,0,0,-0.4295987,-1.372722748,0,0,1,1,1
1,1,1,0,0,0,0,0,0,1,1,0,0.106080492,-3.029728502,0,0,1,1,1
1,1,0,1,1,0,0,0,1,0,0,0,0.641759684,0.59261502,0,0,0,2,1
1,1,1,0,0,1,0,0,0,0,0,0,0.106080492,0.369967433,0,0,1,2,1
1,1,0,0,0,0,0,0,0,0,0,0,0.106080492,1.090499975,0,0,1,2,1
1,0,0,0,0,0,0,0,1,0,0,0,-1.500957084,0.530031543,0,0,0,2,1
1,0,0,0,1,0,0,0,0,0,0,0,-1.500957084,-2.052907162,0,0,1,0,0
1,1,1,1,1,0,0,0,0,1,1,0,1.177438876,-0.974007878,0,0,1,2,1
1,1,1,0,1,0,0,0,0,0,0,0,0.106080492,0.333470558,0,0,0,1,1
1,1,0,0,0,0,0,0,1,0,0,1,-0.4295987,0.130976465,0,0,1,2,1
1,1,1,1,0,0,0,0,0,0,0,1,0.106080492,0.728490262,0,0,1,1,1
1,1,0,0,0,0,0,0,0,0,0,1,-0.965277892,1.451467395,0,0,1,2,1
1,1,1,1,0,1,1,0,0,0,0,0,3.320155644,0.130976465,0,0,1,2,1
1,0,1,1,1,0,0,0,0,1,0,0,0.106080492,0.241383858,0,0,1,0,1
1,1,0,0,0,0,0,0,0,0,0,0,0.106080492,0.230143947,0,0,1,1,1
1,1,1,0,1,0,0,0,0,0,0,0,-0.4295987,-0.855198504,0,0,2,1,1
1,1,0,1,0,1,1,0,0,0,0,0,2.24879726,-0.996188932,0,0,3,0,1
1,0,1,1,0,0,0,0,0,1,0,0,-0.4295987,-0.061659422,0,0,1,2,1
1,1,0,1,0,1,0,0,0,0,0,0,0.641759684,-0.358724446,0,0,1,0,1
1,1,1,1,1,0,0,0,0,0,0,0,1.177438876,0.888564859,0,0,1,1,1
1,1,0,1,0,0,0,0,1,0,0,1,0.106080492,0.273802408,0,0,1,2,1
1,1,1,1,1,0,0,0,0,1,1,0,1.177438876,-1.146419838,0,0,1,0,1
1,1,1,1,1,0,0,0,0,1,0,0,3.320155644,0.042952953,0,0,1,0,1
1,1,0,0,0,0,1,1,0,0,0,0,0.106080492,0.404217227,0,0,1,0,1
1,1,1,0,0,0,0,0,0,1,1,0,0.106080492,-2.519841007,0,0,0,1,1
1,1,1,0,0,0,0,0,0,0,1,0,-0.4295987,0.073867267,0,0,0,0,1
1,1,1,1,0,0,0,0,0,0,0,1,0.106080492,-1.155932362,0,0,1,2,1
1,1,1,0,0,0,0,0,0,0,0,0,-0.4295987,-1.056994528,0,0,1,2,1
1,1,1,1,1,0,0,0,1,0,0,0,1.713118068,0.77302799,0,0,0,2,1
1,1,0,0,1,0,0,0,1,0,0,0,0.106080492,0.103154168,0,0,0,0,1
1,1,0,0,1,0,0,0,0,0,0,0,-0.965277892,-0.061659422,0,0,0,2,1
1,1,0,0,0,0,1,0,0,0,0,0,1.713118068,-1.10489239,0,0,1,1,1
1,1,0,0,1,0,0,0,0,1,0,0,-0.4295987,-0.600787097,0,0,1,1,1
1,1,0,0,0,0,0,0,0,0,0,0,-1.500957084,-1.084030024,0,0,1,1,1
1,1,1,0,0,0,0,0,0,0,1,0,-0.4295987,-0.428330253,0,0,1,0,1
1,1,0,0,0,0,0,0,0,0,0,0,-1.500957084,0.59261502,0,0,1,0,1
1,1,0,0,0,0,0,0,0,0,0,1,-0.965277892,0.378729527,0,0,1,2,1
1,1,1,1,0,0,0,0,0,0,0,1,0.106080492,1.179722123,0,0,1,2,1
1,1,1,0,0,0,0,0,0,0,0,0,0.106080492,0.984188729,0,0,1,2,1
1,1,0,0,0,0,0,0,0,0,0,0,0.106080492,0.852653484,0,0,1,2,1
1,0,1,0,0,0,0,0,0,1,0,0,-0.965277892,0.680075333,0,0,1,2,1
1,0,1,1,1,0,0,0,0,1,0,0,0.106080492,0.194994244,0,0,1,0,1
1,1,0,1,0,0,0,0,1,0,0,1,0.106080492,0.103154168,0,0,1,2,1
1,1,0,1,0,1,0,0,0,0,0,0,0.641759684,-0.653773729,0,0,1,0,1
1,1,1,1,0,0,0,0,0,1,1,0,2.24879726,-1.460191671,0,0,0,0,1
1,0,1,0,0,0,0,0,0,1,0,0,-0.965277892,-0.828694966,0,0,1,2,1
1,1,1,0,0,0,0,0,0,0,0,0,-0.4295987,-0.975988198,0,0,1,2,1
1,1,0,0,0,0,0,1,1,0,0,0,0.641759684,0.62704322,0,0,1,2,1
1,1,1,0,1,0,0,0,0,0,0,0,0.106080492,0.62704322,0,0,0,2,1
1,0,1,0,0,0,0,0,0,0,1,0,-0.965277892,-0.358724446,0,0,0,2,1
1,1,1,0,0,0,0,0,0,0,1,0,-0.4295987,-1.206098663,0,0,0,2,1
1,0,1,0,1,0,1,0,1,0,0,0,0.106080492,-1.617914931,0,0,1,0,1
1,1,0,0,0,0,1,1,0,0,0,0,0.106080492,0.206959209,0,0,1,0,1
1,1,1,0,1,0,0,0,0,0,0,0,-0.4295987,-1.55272174,0,0,1,2,1
1,1,1,1,0,0,0,0,0,0,0,0,0.106080492,-1.919198855,0,0,1,2,1
1,1,0,0,0,0,0,0,1,0,0,1,-0.4295987,-2.026084181,0,0,1,0,1
1,1,1,1,1,0,0,0,0,0,0,0,0.641759684,-1.481922077,0,0,2,2,1
1,0,1,0,0,0,0,0,0,0,0,0,-1.500957084,-2.664250973,0,0,1,2,1
1,1,1,0,0,0,0,0,0,1,1,0,0.106080492,-0.862430695,0,0,0,0,1
1,1,0,0,0,0,0,0,0,0,0,0,-1.500957084,0.361065161,0,0,1,0,1
1,1,1,1,0,0,0,0,0,0,0,1,0.106080492,1.642301886,0,0,1,0,1
1,1,0,0,0,0,0,0,0,0,0,1,-0.965277892,1.777139916,0,0,1,0,1
1,1,1,0,0,0,0,0,0,0,0,0,0.106080492,0.073867267,0,0,1,0,1
1,1,1,0,0,0,0,0,0,0,0,0,-0.4295987,-1.271266433,0,0,1,0,1
1,0,0,0,0,0,0,0,0,1,0,0,-1.500957084,-0.708035255,0,0,1,0,1
1,0,1,0,0,0,0,0,0,1,0,0,-0.965277892,0.680075333,0,0,1,0,1
1,1,0,1,0,1,0,0,0,0,0,0,0.641759684,-0.428330253,0,0,1,0,1
1,0,1,0,0,0,0,0,0,0,0,0,-1.500957084,-1.572648595,0,0,2,0,1
1,0,1,0,1,0,1,0,1,0,0,0,0.106080492,-0.852014123,0,0,1,0,1
1,1,1,0,1,0,0,0,0,0,0,0,-0.4295987,-1.437002103,0,0,1,0,1
1,1,0,0,1,0,1,0,1,0,0,0,0.106080492,-1.941240117,0,0,1,0,1
1,1,0,1,1,0,0,0,1,0,0,0,0.641759684,-0.215324865,0,0,0,0,1
1,1,1,1,0,0,0,0,0,0,0,0,0.106080492,-1.621067739,0,0,1,0,1
1,0,1,0,0,0,0,0,0,1,1,0,-0.4295987,-2.2995373,0,0,0,0,1
1,1,1,1,1,0,0,0,0,1,1,0,1.177438876,-0.428330253,0,0,1,0,1
1,1,1,1,1,0,0,0,1,0,0,0,1.713118068,0.984188729,0,0,0,0,1
1,1,1,1,0,0,0,0,0,0,0,0,1.177438876,0.058624761,0,0,2,0,1
1,1,1,0,1,0,0,0,0,0,0,0,0.106080492,0.728490262,0,0,0,0,1
1,1,1,1,0,0,1,1,0,0,0,0,1.177438876,-2.19275588,0,0,2,0,1
1,1,1,1,1,0,0,0,1,0,0,0,1.713118068,0.728490262,0,0,1,0,1
1,0,0,1,1,0,0,1,0,0,0,0,-0.4295987,0.52336796,0,0,0,0,1
1,0,0,0,1,0,0,0,0,0,0,0,-1.500957084,0.888564859,0,0,0,0,1
1,1,1,1,0,0,0,0,0,0,0,0,0.641759684,-1.8341911,0,0,1,0,1
1,1,0,0,0,0,0,0,0,0,0,0,-1.500957084,0.30443585,0,0,1,0,1
1,1,0,1,0,0,0,0,1,0,0,0,-0.4295987,0.182766349,0,0,1,2,1
1,1,0,0,0,0,0,0,1,0,0,1,-0.4295987,0.680075333,0,0,1,2,1
1,1,1,0,0,0,0,0,0,0,0,0,0.106080492,-0.39243973,0,0,1,2,1
1,1,0,0,0,0,0,0,0,0,0,1,-0.965277892,1.463972564,0,0,1,2,1
1,0,1,1,1,0,0,0,0,1,0,0,0.106080492,0.77302799,0,0,1,1,1
1,0,1,0,0,0,0,0,0,1,0,0,-0.965277892,0.814263731,0,0,1,2,1
1,1,0,1,0,1,0,0,0,0,0,0,0.641759684,-0.358724446,0,0,1,0,1
1,1,0,0,0,0,0,0,0,0,0,0,0.106080492,0.412460143,0,0,1,0,1
1,1,1,1,1,0,0,1,1,0,0,0,2.24879726,0.852653484,0,0,1,2,1
1,1,1,1,1,0,0,0,0,1,1,0,1.177438876,-0.006898545,0,0,1,2,1
1,1,0,0,1,0,1,0,0,0,0,0,0.106080492,0.954103617,0,0,1,2,1
1,1,1,0,0,0,0,0,0,0,1,0,-0.4295987,-0.50790442,0,0,0,2,1
1,1,1,1,1,0,0,0,1,0,0,0,1.713118068,0.954103617,0,0,0,2,1
1,1,1,1,1,0,0,0,0,1,0,0,3.320155644,0.62704322,0,0,1,2,1
1,1,0,0,1,0,0,0,1,0,0,0,-0.4295987,0.598503014,0,0,1,2,1
1,1,0,0,0,0,0,1,0,0,0,0,-0.4295987,0.157473692,0,0,1,2,1
1,0,0,0,0,0,0,0,0,0,1,0,-1.500957084,0.32395966,0,0,1,0,1
1,1,1,0,1,0,1,0,0,0,0,0,3.320155644,-0.006898545,0,0,1,0,1
1,1,0,1,0,0,0,0,0,0,0,0,-0.4295987,-0.39243973,0,0,1,2,1
1,1,0,1,0,0,1,0,0,0,0,0,-0.4295987,-3.163927739,0,0,0,1,1
1,1,0,0,0,0,0,0,0,0,0,1,-0.965277892,-1.053563053,0,0,1,0,1
1,1,0,0,1,1,1,0,1,0,0,0,2.24879726,0.77302799,0,0,0,0,1
1,1,0,0,0,0,0,0,0,0,0,0,-1.500957084,0.62704322,0,0,1,0,1
1,1,0,1,0,0,0,0,1,0,0,0,-0.4295987,1.291385421,0,0,1,0,1
1,1,0,0,0,0,0,0,0,0,0,0,-1.500957084,0.39585037,0,0,1,2,1
1,1,0,0,0,0,0,0,1,0,0,1,-0.4295987,0.130976465,0,0,1,2,1
1,1,1,0,0,0,0,0,0,0,0,0,0.106080492,0.77302799,0,0,1,0,1
1,0,1,0,0,0,0,0,0,1,0,0,-0.965277892,0.428588474,0,0,1,2,1
1,1,1,1,0,0,0,0,0,0,0,0,0.641759684,1.090499975,0,0,1,2,1
1,1,0,0,0,0,0,0,0,0,0,0,0.106080492,0.026826959,0,0,1,0,1
1,1,0,1,0,1,0,0,0,0,0,0,0.641759684,-0.428330253,0,0,1,0,1
1,1,1,0,0,0,0,0,0,0,1,0,-0.4295987,-0.268336755,0,0,0,0,1
1,0,1,1,1,0,0,0,0,1,0,0,0.106080492,0.77302799,0,0,1,0,1
1,1,0,0,0,0,0,0,0,0,0,0,-1.500957084,-0.081179807,0,0,2,2,1
1,1,1,0,1,0,1,0,0,0,0,0,3.320155644,-0.296865252,0,0,1,0,1
1,1,1,1,1,0,0,0,0,1,1,0,1.177438876,-0.16692679,0,0,1,0,1
1,1,1,1,1,0,0,0,0,1,0,0,3.320155644,0.314283375,0,0,1,0,1
1,1,0,0,1,0,0,0,0,0,0,0,-0.4295987,1.199958858,0,0,1,0,1
1,1,1,0,0,1,0,0,0,0,0,0,0.106080492,0.010219665,0,0,1,2,1
1,1,0,0,0,0,0,0,0,0,0,0,-1.500957084,0.103154168,0,0,1,2,1
1,1,0,0,0,0,0,0,0,0,0,0,-0.4295987,-0.268336755,0,0,2,0,1
1,1,0,0,1,0,0,0,1,0,0,1,0.106080492,0.218672315,0,0,0,2,1
1,1,0,0,0,0,0,0,1,0,0,1,-0.4295987,-0.215324865,0,0,1,0,1
1,1,0,0,1,0,0,0,0,0,0,0,-0.965277892,0.428588474,0,0,0,0,1
1,1,1,0,0,0,0,0,0,0,0,0,-0.965277892,0.814263731,0,0,1,2,1
1,1,0,0,0,0,0,0,0,0,0,0,-1.500957084,0.77302799,0,0,1,1,1
1,1,0,0,0,0,0,0,1,0,0,1,-0.4295987,1.090499975,0,0,1,1,1
1,1,0,0,0,0,0,0,0,0,0,1,-0.965277892,1.80462512,0,0,1,1,1
1,1,0,1,0,0,0,0,1,0,0,0,-0.4295987,1.355049425,0,0,1,1,1
1,1,1,0,0,0,0,0,0,0,0,0,0.106080492,0.922298543,0,0,1,1,1
1,0,1,0,0,0,0,0,0,1,0,0,-0.965277892,0.230143947,0,0,1,2,1
1,0,1,1,1,0,0,0,0,1,0,0,0.106080492,1.158721589,0,0,1,0,1
1,1,1,1,0,0,0,0,0,0,0,0,0.641759684,0.680075333,0,0,1,2,1
1,1,0,0,0,0,0,0,0,0,0,0,0.106080492,0.026826959,0,0,1,0,1
1,1,1,0,0,0,0,0,0,0,1,0,-0.4295987,-0.04280065,0,0,0,1,1
1,1,0,1,0,1,0,0,0,0,0,0,0.641759684,0.026826959,0,0,1,1,1
1,1,0,0,0,0,0,1,0,0,0,0,0.641759684,0.474345161,0,0,2,0,1
1,1,1,1,1,0,0,0,0,1,0,0,3.320155644,0.412460143,0,0,1,1,1
1,1,1,1,1,0,0,0,0,1,1,0,1.177438876,-0.190599824,0,0,1,1,1
1,1,1,1,1,0,0,0,0,0,0,0,0.641759684,1.291385421,0,0,1,2,1
1,1,1,0,0,0,0,0,0,1,0,0,-0.4295987,-1.350897633,0,0,2,2,1
1,1,0,0,0,1,1,0,0,0,0,0,2.24879726,0.598503014,0,0,1,0,1
1,1,0,0,1,0,0,0,1,0,0,1,0.106080492,0.010219665,0,0,1,2,1
1,1,1,1,1,0,0,0,1,0,0,0,1.713118068,1.065765041,0,0,0,2,1
1,1,0,0,0,1,1,0,0,0,0,0,-0.4295987,0.728490262,0,0,1,1,1
1,0,1,1,0,0,1,0,0,0,0,0,-0.4295987,-1.815944576,0,0,0,2,1
1,0,1,0,0,0,0,0,0,1,0,0,-0.965277892,0.420582738,0,0,1,1,1
1,0,1,1,1,0,0,0,0,1,0,0,0.106080492,-0.820383663,0,0,1,0,1
1,1,1,0,1,0,1,0,0,0,0,0,3.320155644,-0.144219881,0,0,1,0,1
1,1,0,0,0,0,0,0,0,0,0,0,-1.500957084,0.598503014,0,0,1,0,1
1,1,0,1,0,0,0,0,1,0,0,0,-0.4295987,0.62704322,0,0,1,0,1
1,1,0,0,0,0,0,0,1,0,0,1,-0.4295987,0.954103617,0,0,1,0,1
1,1,1,0,0,0,0,0,0,0,0,0,0.106080492,0.852653484,0,0,1,0,1
1,1,0,0,0,0,0,0,0,0,0,1,-0.965277892,0.48879784,0,0,1,0,1
1,0,1,0,0,0,0,0,0,1,0,0,-0.965277892,0.361065161,0,0,1,0,1
1,0,1,1,1,0,0,0,0,1,0,0,0.106080492,0.48161842,0,0,1,0,1
1,1,0,1,0,1,0,0,0,0,0,0,0.641759684,-0.144219881,0,0,1,0,1
1,1,0,0,0,0,0,0,1,0,0,0,0.106080492,0.814263731,0,0,1,0,1
1,1,0,0,0,0,0,0,0,0,0,0,0.106080492,0.333470558,0,0,1,0,1
1,1,1,0,0,0,0,0,0,0,1,0,-0.4295987,0.241383858,0,0,0,0,1
1,1,0,0,0,0,0,0,0,0,0,0,0.641759684,-0.061659422,0,0,1,0,1
1,1,0,0,0,0,0,0,0,0,0,0,-0.4295987,0.516623615,0,0,2,0,1
1,1,1,1,1,0,0,0,0,1,0,0,3.320155644,0.814263731,0,0,1,0,1
1,1,0,0,1,0,0,0,1,0,0,0,-0.4295987,0.555915484,0,0,1,0,1
1,1,1,1,1,0,0,0,0,1,1,0,1.177438876,-0.122403323,0,0,1,0,1
1,1,1,1,1,0,0,0,0,0,0,0,0.641759684,0.387355791,0,0,1,0,1
1,1,1,0,1,0,1,0,0,0,0,0,0.641759684,0.888564859,0,0,1,0,1
1,1,1,0,0,1,0,0,0,0,0,0,0.106080492,0.30443585,0,0,1,0,1
1,1,0,0,0,0,0,0,1,0,0,1,-0.4295987,-0.837132288,0,0,1,0,1
1,1,0,1,0,0,0,0,0,0,0,0,-0.965277892,0.30443585,0,0,1,0,1
1,1,0,0,1,0,0,0,1,0,0,1,0.106080492,0.420582738,0,0,1,0,1
1,1,0,0,0,0,0,0,0,0,0,0,-1.500957084,0.459507084,0,0,1,1,1
1,1,0,1,0,0,0,0,1,0,0,0,-0.4295987,0.77302799,0,0,1,0,1
1,1,0,0,0,0,0,0,1,0,0,1,-0.4295987,0.59261502,0,0,1,0,1
1,1,0,0,0,0,0,0,0,0,0,1,-0.965277892,1.67709199,0,0,1,1,1
1,1,0,0,0,0,0,0,0,0,0,0,0.106080492,0.954103617,0,0,1,0,1
1,1,1,1,0,0,0,0,0,0,0,0,0.641759684,0.728490262,0,0,1,1,1
1,1,1,1,1,0,0,0,1,0,0,0,1.713118068,0.852653484,0,0,0,0,1
1,1,1,0,1,0,1,0,0,0,0,0,3.320155644,0.230143947,0,0,1,0,1
1,1,1,1,1,0,0,0,0,1,1,0,1.177438876,-0.600787097,0,0,1,1,1
1,1,0,0,1,0,0,0,1,0,0,1,0.106080492,0.026826959,0,0,0,0,1
1,1,0,0,0,0,0,0,0,0,0,0,-1.500957084,-0.428330253,0,0,2,0,1
1,1,1,0,1,0,1,0,0,0,0,0,0.641759684,0.728490262,0,0,1,0,1
1,0,1,0,0,0,0,0,0,0,1,0,-0.965277892,-0.743458884,0,0,0,1,1
1,1,0,0,0,0,0,0,0,0,0,0,-1.500957084,-0.466696175,0,0,1,0,1
1,1,1,0,0,0,0,0,0,0,0,0,0.106080492,-2.000494885,0,0,1,1,1
1,1,0,0,0,0,0,0,0,0,0,0,-0.965277892,-0.006898545,0,0,1,0,1
1,1,1,0,0,0,0,0,0,0,0,0,-0.4295987,-1.272955263,0,0,1,1,1
1,0,1,0,1,0,0,0,1,0,0,0,-0.4295987,-1.740517695,0,0,1,1,0
1,1,1,1,0,0,0,0,0,0,0,0,0.106080492,-1.988128396,0,0,1,1,0
1,1,1,0,1,0,0,0,0,0,0,0,-0.4295987,-1.728883771,0,0,1,1,1
1,1,0,0,1,0,0,0,1,0,0,0,-0.4295987,-2.059819911,0,0,1,1,1
1,0,1,0,0,0,0,0,0,1,1,0,-0.4295987,-2.753476706,0,0,0,1,1
1,1,0,0,0,0,0,1,0,0,0,0,-0.965277892,-1.717488101,0,0,1,1,1
1,1,1,1,0,0,0,0,0,0,0,0,0.641759684,0.459507084,0,0,1,0,1
1,1,1,0,0,0,0,0,1,0,0,0,0.106080492,-1.043393791,0,0,1,1,1
1,1,0,0,0,0,0,1,0,0,0,0,-0.4295987,-0.358724446,0,0,0,1,1
1,1,0,0,1,0,0,0,0,0,0,0,0.106080492,-0.964210634,0,0,1,1,1
1,1,0,0,0,0,0,0,0,0,0,0,-0.965277892,-0.813674644,0,0,1,1,1
1,1,0,0,0,0,0,1,0,0,0,0,-0.965277892,-0.827934242,0,0,1,1,1
1,1,0,0,0,0,0,0,0,0,0,0,-0.4295987,-0.780593097,0,0,1,1,1
1,1,0,0,0,0,0,0,0,0,0,0,-1.500957084,-0.725465243,0,0,2,0,1
1,1,1,1,0,0,0,0,1,0,0,0,0.641759684,-1.507105973,0,0,0,1,1
1,1,0,0,0,0,0,0,0,0,0,0,-1.500957084,-0.061659422,0,0,1,2,1
1,1,0,1,0,0,0,0,1,0,0,0,-0.4295987,1.13689733,0,0,1,2,1
1,1,0,0,0,0,0,0,0,0,0,1,-0.965277892,0.680075333,0,0,1,0,1
1,1,0,0,0,0,0,0,1,0,0,1,-0.4295987,0.954103617,0,0,1,2,1
1,1,1,0,0,0,0,0,0,0,1,0,-0.4295987,-0.428330253,0,0,0,2,1
1,1,1,1,0,0,0,0,0,0,0,0,0.641759684,0.444262489,0,0,1,2,1
1,1,0,0,0,0,0,0,0,0,0,0,0.106080492,0.888564859,0,0,1,2,1
1,1,0,1,0,1,0,0,0,0,0,0,0.641759684,0.680075333,0,0,1,2,1
1,1,1,0,1,1,0,0,0,0,0,0,0.641759684,1.8913612,0,0,1,0,1
1,1,1,1,1,0,0,0,0,1,0,0,3.320155644,0.536616274,0,0,1,2,1
1,0,1,1,1,0,0,0,0,1,0,0,0.106080492,0.206959209,0,0,1,0,1
1,1,0,0,0,0,0,0,0,0,0,0,-0.4295987,0.444262489,0,0,1,2,1
1,1,0,0,0,1,0,0,0,0,0,0,-0.965277892,-0.122403323,0,0,1,2,1
1,1,1,0,0,1,0,0,0,0,0,0,0.106080492,0.194994244,0,0,1,2,1
1,1,0,0,1,0,0,0,1,0,0,1,0.106080492,0.586664059,0,0,1,2,1
1,0,1,0,0,0,0,0,0,1,0,0,-0.965277892,0.509796525,0,0,1,2,1
1,1,1,0,1,1,1,0,0,0,0,0,0.641759684,0.814263731,0,0,1,2,1
1,1,1,1,1,0,0,0,1,0,0,0,1.713118068,1.012730399,0,0,0,2,1
1,1,0,0,1,0,0,0,1,0,0,0,-0.4295987,0.252401227,0,0,1,2,1
1,1,0,0,0,1,0,0,0,0,0,0,-0.4295987,-0.39243973,0,0,1,0,1
1,1,0,0,0,0,0,0,0,0,0,1,-0.965277892,1.642301886,0,0,1,2,1
1,1,0,1,0,0,0,0,1,0,0,0,-0.4295987,0.170263708,0,0,1,0,1
1,1,1,0,0,0,0,0,0,0,0,0,0.106080492,-0.950777968,0,0,1,0,1
1,1,0,0,1,0,0,0,0,0,0,0,-0.4295987,0.073867267,0,0,0,2,1
1,1,1,1,1,0,0,0,1,0,0,0,3.320155644,0.352018155,0,0,1,2,1
1,1,0,0,0,1,1,0,0,0,0,0,-0.4295987,-0.653773729,0,0,1,2,1
1,1,0,0,0,0,0,0,0,0,0,0,-1.500957084,0.555915484,0,0,1,2,1
1,1,0,1,0,0,0,0,1,0,0,0,-0.4295987,1.199958858,0,0,1,2,1
1,1,0,0,0,0,0,0,1,0,0,1,-0.4295987,0.852653484,0,0,1,2,1
1,1,0,0,0,0,0,0,0,0,0,1,-0.965277892,1.668596243,0,0,1,2,1
1,1,1,0,0,0,0,0,0,0,0,0,0.106080492,0.984188729,0,0,1,2,1
1,0,1,0,0,0,0,0,0,1,0,0,-0.965277892,0.263204694,0,0,1,2,1
1,1,0,0,0,0,0,0,0,0,0,0,0.106080492,-0.10140992,0,0,1,2,1
1,1,1,1,0,0,0,0,0,0,1,0,0.106080492,-0.466696175,0,0,0,0,1
1,1,1,1,1,0,0,0,1,0,0,0,1.713118068,0.888564859,0,0,0,2,1
1,0,1,1,1,0,0,0,0,1,0,0,0.106080492,0.549556494,0,0,1,2,1
1,1,0,0,0,0,0,0,1,0,0,0,0.106080492,0.984188729,0,0,1,2,1
1,1,1,0,0,1,0,0,0,0,0,0,0.106080492,-0.04280065,0,0,1,2,1
1,1,1,1,1,0,0,0,0,1,0,0,3.320155644,0.252401227,0,0,1,2,1
1,1,0,0,1,0,0,0,1,0,0,1,0.106080492,0.536616274,0,0,0,0,1
1,1,1,1,1,0,0,0,0,1,1,0,1.177438876,-0.867304909,0,0,1,2,1
1,1,0,1,0,1,0,0,0,0,0,0,0.641759684,0.680075333,0,0,1,0,1
1,1,0,0,1,0,1,0,0,0,0,0,0.106080492,1.27426247,0,0,1,2,1
1,1,1,0,1,0,1,0,0,0,0,0,3.320155644,0.088703366,0,0,1,2,1
1,1,0,0,1,0,0,0,1,0,0,0,-0.4295987,0.814263731,0,0,1,2,1
1,1,1,0,1,0,1,0,0,0,0,0,0.641759684,0.62704322,0,0,1,2,1
1,1,0,0,1,0,0,0,0,0,0,0,-0.965277892,1.27426247,0,0,1,2,1
1,1,1,1,1,0,0,0,1,0,0,0,3.320155644,0.352018155,0,0,1,2,1
1,1,0,0,0,0,0,0,0,0,0,0,-1.500957084,-0.190599824,0,0,1,0,1
1,1,0,1,0,0,0,0,1,0,0,0,-0.4295987,1.012730399,0,0,1,0,1
1,1,0,0,0,0,0,0,0,0,0,1,-0.965277892,1.238349936,0,0,1,0,1
1,1,0,0,0,0,0,0,1,0,0,1,-0.4295987,0.728490262,0,0,1,0,1
1,1,1,0,0,0,0,0,0,0,0,0,0.106080492,0.728490262,0,0,1,0,1
1,0,1,1,1,0,0,0,0,1,0,0,0.106080492,0.042952953,0,0,1,0,1
1,1,0,0,0,0,0,0,0,0,0,0,0.106080492,1.13689733,0,0,1,0,1
1,1,1,0,0,0,0,0,0,0,1,0,-0.4295987,-0.50790442,0,0,0,0,1
1,1,0,1,0,1,0,0,0,0,0,0,0.641759684,-0.326935729,0,0,1,0,1
1,1,1,1,0,0,0,0,0,0,0,0,0.641759684,0.170263708,0,0,1,0,0
1,1,1,0,0,0,0,0,0,1,0,0,-0.4295987,-1.033407039,0,0,2,0,1
1,0,1,1,0,0,0,0,0,1,0,0,-0.4295987,-0.50790442,0,0,1,0,1
1,1,1,1,1,0,0,0,1,0,0,0,1.713118068,0.888564859,0,0,0,0,1
1,1,1,1,1,0,0,0,0,1,0,0,3.320155644,-0.144219881,0,0,1,0,1
1,1,1,0,0,1,0,0,0,0,0,0,0.106080492,-0.061659422,0,0,1,0,1
1,1,1,1,1,0,0,0,0,1,1,0,1.177438876,-0.857598806,0,0,1,0,1
1,1,1,0,1,0,1,0,0,0,0,0,3.320155644,-0.466696175,0,0,1,0,1
1,1,0,0,0,0,0,0,0,0,0,0,-0.4295987,-0.691729513,0,0,1,0,1
1,1,0,1,0,0,0,0,0,0,0,0,-0.4295987,-0.081179807,0,0,1,0,1
1,1,0,0,1,0,0,0,1,0,0,1,0.106080492,0.32395966,0,0,0,0,1
1,1,0,0,0,0,0,0,0,0,0,1,-0.965277892,0.026826959,0,0,1,0,1
1,1,0,1,0,0,0,0,1,0,0,0,-0.4295987,-1.116262189,0,0,1,0,1
1,1,0,0,0,0,0,0,1,0,0,1,-0.4295987,-0.892337725,0,0,1,0,1
1,1,1,1,1,0,0,0,1,0,0,0,3.320155644,-0.144219881,0,0,1,0,1
1,1,0,0,0,0,0,0,0,0,0,0,0.106080492,-1.695373835,0,0,1,0,1
1,1,0,0,0,0,0,0,0,0,0,0,-1.500957084,0.294410914,1,0,1,0,1
1,1,0,0,0,0,0,0,1,0,0,1,-0.4295987,0.77302799,1,0,1,2,1
1,1,1,1,0,0,0,0,0,0,0,1,0.106080492,0.144382777,1,0,1,2,1
1,1,1,1,0,0,0,0,0,0,0,0,0.641759684,0.814263731,1,0,1,2,1
1,1,1,0,0,0,0,0,0,0,0,0,0.106080492,0.922298543,1,0,1,0,1
1,1,0,0,0,0,0,0,0,0,0,0,0.106080492,1.065765041,1,0,1,2,1
1,1,1,1,1,0,0,0,0,1,1,0,1.177438876,-0.679369564,1,0,1,0,1
1,1,0,1,0,0,0,0,0,0,0,1,0.641759684,0.922298543,1,0,1,2,1
1,1,1,1,1,0,0,0,1,0,0,0,1.713118068,0.026826959,1,0,0,2,1
1,1,0,0,0,1,1,0,0,0,1,0,0.106080492,1.65120544,1,0,0,2,1
1,0,0,0,0,0,0,0,0,1,0,0,-1.500957084,-0.39243973,1,0,0,0,1
1,0,1,0,0,0,0,0,0,0,1,0,-0.965277892,-0.781991261,1,0,0,2,1
1,1,1,0,0,0,0,0,0,1,1,0,0.106080492,-2.095733605,1,0,0,2,1
1,0,1,0,0,0,0,0,0,1,0,0,-0.965277892,-0.358724446,1,0,1,2,1
1,1,1,0,0,1,0,0,0,0,0,0,0.106080492,0.284202059,1,0,1,0,1
1,1,1,1,0,0,0,0,0,0,0,1,0.106080492,-0.807045549,1,0,1,2,1
1,1,1,0,0,1,0,0,0,0,0,0,0.106080492,-1.272955263,1,0,1,0,1
1,1,0,0,0,0,0,0,0,0,0,0,-0.965277892,2.418194793,1,0,1,2,1
1,1,0,0,0,0,1,1,0,0,0,0,-0.4295987,0.11723918,1,0,0,2,1
1,1,0,0,0,0,0,0,0,0,0,0,-1.500957084,0.574567742,1,0,1,0,1
1,1,0,0,0,0,0,0,0,0,0,0,-1.500957084,-0.144219881,1,0,1,2,1
1,0,0,0,0,0,1,0,0,0,0,0,-1.500957084,1.256595861,1,0,1,2,1
1,1,0,0,0,0,0,0,0,0,0,1,-0.965277892,0.273802408,1,0,0,2,1
1,1,0,0,1,0,0,0,0,0,0,0,0.106080492,0.378729527,1,0,1,2,1
1,1,1,1,0,0,0,0,0,0,0,0,0.106080492,-1.555525117,1,0,1,0,1
1,1,0,0,0,0,0,0,0,0,0,0,-1.500957084,0.62704322,1,0,1,2,1
1,1,0,0,0,0,0,0,0,0,0,0,0.106080492,0.103154168,1,0,1,0,1
1,1,1,1,1,0,0,0,0,1,1,0,1.177438876,-0.358724446,1,0,1,2,1
1,1,0,1,0,0,0,0,0,0,0,1,0.641759684,0.474345161,1,0,1,2,1
1,1,0,0,1,0,1,0,0,0,0,0,0.106080492,1.33980316,1,0,0,0,1
1,1,0,0,0,0,0,1,0,0,0,0,0.106080492,-0.061659422,1,0,1,2,0
1,0,0,0,0,0,0,0,0,1,0,0,-1.500957084,0.010219665,1,0,0,2,1
1,0,1,0,0,0,0,0,0,1,1,0,-0.4295987,-1.218229261,1,0,1,0,1
1,1,1,0,0,0,0,0,0,0,0,0,0.106080492,0.814263731,1,0,1,2,1
1,1,0,0,0,0,0,0,0,0,0,1,-0.965277892,1.219485409,1,0,1,2,1
1,0,1,1,1,0,1,0,1,0,0,0,0.641759684,-1.195697069,1,0,1,2,1
1,1,1,1,0,0,1,1,0,0,0,0,2.24879726,-1.710018604,1,0,2,2,0
1,0,1,1,0,0,1,1,0,0,0,0,0.106080492,-1.044514575,1,0,0,2,1
1,1,0,0,0,0,0,1,0,0,0,0,-0.4295987,1.369889086,1,0,1,2,1
1,0,0,1,0,0,0,0,1,0,0,1,-0.4295987,-0.268336755,1,0,0,2,1
1,1,0,1,0,0,0,0,0,0,0,0,-0.965277892,0.412460143,1,0,1,2,1
1,1,0,0,0,1,0,0,0,0,0,0,-0.4295987,0.284202059,1,0,0,2,1
1,1,0,1,0,1,1,0,0,0,0,0,1.177438876,1.158721589,1,0,0,0,1
1,1,0,1,0,0,0,0,1,0,0,1,0.106080492,0.010219665,1,0,1,0,1
1,1,0,1,0,1,0,1,0,0,0,0,1.177438876,1.114182078,1,0,1,1,1
1,1,0,0,0,0,0,0,0,0,0,0,-1.500957084,-0.600787097,1,0,2,0,1
1,0,0,1,0,0,0,0,0,0,0,0,-1.500957084,0.48879784,1,0,0,2,1
1,1,0,1,0,0,0,0,0,0,0,0,1.177438876,1.114182078,1,0,1,2,1
1,1,0,0,0,1,1,0,0,0,0,0,0.106080492,0.352018155,1,0,1,0,1
1,1,1,1,1,0,0,0,0,1,0,0,0.641759684,-1.368690346,1,0,1,2,1
1,1,0,0,0,0,0,0,0,0,0,0,-1.500957084,0.728490262,1,0,1,0,1
1,1,0,0,0,0,0,0,1,0,0,1,-0.4295987,0.62704322,1,0,1,0,1
1,1,1,1,0,0,0,0,0,0,0,1,0.106080492,1.158721589,1,0,1,0,1
1,1,0,0,0,1,0,0,0,0,0,0,0.106080492,1.179722123,1,0,1,1,1
1,1,1,1,1,0,0,0,0,1,1,0,1.177438876,-0.428330253,1,0,1,1,1
1,1,0,0,1,0,1,0,0,0,0,0,0.106080492,1.384343266,1,0,1,0,1
1,1,0,1,0,0,0,0,0,0,0,1,-0.4295987,-0.50790442,1,0,1,1,1
1,0,1,0,0,0,0,0,0,0,1,0,-0.965277892,-0.122403323,1,0,0,0,1
1,1,0,0,0,1,0,1,0,0,0,0,-0.4295987,1.307997177,1,0,1,0,1
1,1,1,0,0,0,0,0,0,1,1,0,0.106080492,-1.504535672,1,0,1,1,1
1,1,1,0,0,1,0,0,0,0,0,0,0.106080492,-1.517507567,1,0,1,0,0
1,1,0,1,0,0,0,0,0,0,0,1,0.641759684,-0.122403323,1,0,1,1,1
1,1,1,0,0,1,0,0,0,0,0,0,0.106080492,-0.006898545,1,0,1,0,1
1,0,0,0,0,0,0,0,0,1,0,0,-1.500957084,-0.16692679,1,0,1,0,1
1,0,1,0,0,0,0,0,0,0,1,0,-0.965277892,-0.653773729,1,0,0,0,1
1,1,1,1,0,0,0,0,0,0,0,0,0.641759684,0.77302799,1,0,1,0,1
1,1,1,1,0,0,0,0,0,0,1,0,0.106080492,0.010219665,1,0,0,0,1
1,0,1,1,0,0,0,0,0,0,1,0,-0.4295987,0.436480666,1,0,0,1,1
1,1,0,0,0,0,0,0,0,0,0,0,0.106080492,0.852653484,1,0,1,0,1
1,1,0,1,0,0,0,0,0,0,0,0,0.106080492,0.436480666,1,0,1,1,1
1,0,0,0,1,0,0,0,0,0,0,0,-1.500957084,-0.791878028,1,0,0,1,1
1,1,0,0,0,0,0,0,0,0,0,0,-0.965277892,0.48879784,1,0,0,0,1
1,0,0,0,0,0,0,0,0,0,1,0,-1.500957084,-2.150256676,1,0,1,1,1
1,1,0,0,0,0,0,0,0,0,0,0,-1.500957084,0.026826959,1,0,1,1,1
1,1,1,1,0,0,0,0,0,0,0,1,0.106080492,1.13689733,1,0,1,1,1
1,1,0,0,0,0,0,0,1,0,0,1,-0.4295987,-0.358724446,1,0,1,0,1
1,1,0,0,0,0,0,0,0,0,0,1,-0.965277892,0.103154168,1,0,1,0,1
1,1,0,0,0,1,0,1,0,0,0,0,-0.4295987,1.33980316,1,0,1,1,1
1,1,0,0,1,0,1,1,0,0,0,0,2.24879726,-0.50790442,1,0,1,0,1
1,1,0,0,1,0,0,0,1,0,0,0,-0.4295987,-0.466696175,1,0,1,0,1
1,1,1,1,0,0,0,0,0,0,0,1,0.106080492,-1.063921619,1,0,1,0,1
1,1,0,0,0,0,0,0,1,0,0,1,-0.4295987,0.088703366,1,0,1,0,1
1,1,0,0,0,1,1,1,0,0,0,0,0.641759684,-1.322451792,1,0,1,1,1
1,1,0,0,1,0,1,0,0,0,0,0,-0.4295987,0.888564859,1,0,0,0,1
1,1,0,0,0,0,1,1,0,0,0,0,-0.4295987,-0.50790442,1,0,1,1,1
1,1,0,0,0,0,0,0,0,0,0,1,-0.965277892,1.324127379,1,0,1,0,1
1,1,0,0,0,0,0,0,0,0,0,0,0.106080492,0.182766349,1,0,1,0,1
1,0,0,0,0,0,0,0,0,0,1,0,-1.500957084,0.954103617,1,0,1,0,1
1,0,0,0,0,0,0,0,0,0,1,0,-1.500957084,0.241383858,1,0,1,0,1
1,1,0,0,0,1,0,0,0,0,0,0,-0.4295987,0.984188729,1,0,1,1,1
1,1,0,1,1,0,0,0,0,0,0,0,-0.4295987,0.77302799,1,0,1,1,1
1,1,0,0,0,0,0,0,0,0,0,0,-1.500957084,0.680075333,1,0,1,2,1
1,1,1,1,0,0,0,0,0,0,0,1,0.106080492,0.728490262,1,0,1,2,1
1,1,1,1,0,0,0,0,0,0,0,1,0.106080492,-0.82945673,1,0,1,2,1
1,1,0,0,0,0,0,0,1,0,0,1,-0.4295987,0.680075333,1,0,1,2,1
1,1,0,0,0,1,0,0,0,0,0,0,-0.4295987,0.922298543,1,0,1,2,1
1,0,0,0,0,0,0,0,0,1,0,0,-1.500957084,-0.04280065,1,0,1,2,1
1,1,0,1,1,0,0,0,1,0,0,0,1.713118068,0.814263731,1,0,1,2,1
1,0,1,1,0,0,0,0,0,0,1,0,-0.4295987,-0.600787097,1,0,1,0,1
1,1,0,0,0,1,0,1,0,0,0,0,0.106080492,1.384343266,1,0,1,2,1
1,1,0,1,0,0,0,0,0,0,0,1,0.641759684,0.387355791,1,0,1,0,1
1,0,1,0,0,0,0,0,0,0,1,0,-0.965277892,-0.600787097,1,0,0,2,1
1,1,0,1,0,0,0,0,0,0,0,0,-0.965277892,0.852653484,1,0,1,2,1
1,1,0,0,0,0,0,0,0,0,0,0,-0.965277892,0.814263731,1,0,1,0,1
1,1,0,0,0,0,0,0,0,0,1,0,-0.4295987,0.77302799,1,0,1,2,1
1,1,0,1,1,0,0,0,0,1,0,0,0.641759684,-2.142132895,1,0,1,2,1
1,1,0,1,1,0,0,0,0,0,0,0,-0.4295987,-1.243313806,1,0,1,0,1
1,0,0,0,0,0,0,0,0,1,0,0,-1.500957084,0.984188729,1,0,1,2,1
1,0,0,1,0,0,0,0,0,0,0,0,-1.500957084,0.474345161,1,0,0,2,1
1,0,1,0,0,0,0,0,0,0,1,0,-0.965277892,-1.706321122,1,0,1,0,1
1,1,1,0,0,0,0,0,0,1,1,0,0.106080492,-3.216964911,1,0,0,0,1
1,1,0,0,0,1,1,0,0,0,0,0,-0.4295987,0.568419529,1,0,1,0,1
1,0,1,1,0,0,0,0,0,0,0,0,-0.965277892,-4.498282407,1,0,1,0,0
1,1,0,0,0,0,0,0,0,0,0,0,-0.965277892,-1.30605708,1,0,2,0,0
1,1,0,0,0,0,1,0,0,0,0,0,0.106080492,-0.241199778,1,0,0,2,1
1,1,0,0,0,0,0,0,0,0,0,0,-0.965277892,-2.026084181,1,0,2,0,1
1,1,0,0,0,0,0,0,0,0,0,0,-1.500957084,-0.858401213,1,0,1,0,1
1,1,0,1,0,0,0,0,0,0,0,1,0.106080492,-0.144219881,1,0,1,0,1
1,1,0,1,0,0,0,0,0,1,1,0,0.106080492,0.206959209,1,0,0,2,1
1,0,0,0,0,0,0,0,0,1,0,0,-1.500957084,-0.144219881,1,0,1,1,1
1,1,1,0,0,0,0,0,0,1,1,0,0.106080492,-3.501223595,1,0,0,0,1
1,1,1,1,1,0,0,0,0,1,0,0,0.641759684,-1.307855044,1,0,1,0,1
1,1,1,0,0,0,0,0,0,0,0,0,0.106080492,0.466975578,1,0,1,0,1
1,1,0,0,0,0,0,0,0,0,0,0,-1.500957084,-1.5281073,1,0,1,0,1
1,1,0,0,0,1,0,0,0,0,1,0,0.106080492,0.574567742,1,0,1,1,1
1,1,0,0,0,0,0,1,0,0,0,0,0.106080492,-0.006898545,1,0,0,0,1
1,1,1,0,0,0,0,0,0,0,0,0,0.106080492,-0.024560108,0,0,1,0,1
1,1,1,0,0,0,0,0,0,0,0,0,-0.4295987,-1.08644421,0,0,1,0,1
1,1,0,0,0,0,0,1,0,0,0,0,-0.4295987,-1.549932415,0,0,0,0,1
1,1,1,1,0,0,0,0,1,0,0,0,0.641759684,-1.507105973,0,0,0,0,1
1,1,0,0,0,0,1,1,0,0,0,0,-0.4295987,-1.496895244,0,0,0,0,1
1,1,1,0,1,0,0,0,0,0,0,0,-0.4295987,-1.908497196,0,0,1,0,1
1,1,1,1,0,0,0,0,0,0,0,0,0.106080492,-2.019575696,0,0,1,0,1
1,0,1,0,1,0,0,0,1,0,0,0,-0.4295987,-1.824993053,0,0,1,0,1
1,1,0,0,0,0,0,0,0,0,0,0,-1.500957084,0.130976465,0,0,1,0,1
1,1,0,0,0,0,0,0,1,0,0,1,-0.4295987,0.273802408,0,0,1,0,1
1,1,0,0,0,0,0,0,0,0,0,1,-0.965277892,0.444262489,0,0,1,2,1
1,1,0,1,0,0,0,0,1,0,0,0,-0.4295987,0.11723918,0,0,1,0,1
1,1,0,1,0,1,0,0,0,0,0,0,0.641759684,0.77302799,0,0,1,0,1
1,1,1,1,0,0,0,0,0,0,0,0,0.641759684,0.621451081,0,0,1,0,1
1,1,0,0,0,0,0,0,0,0,0,0,0.106080492,1.114182078,0,0,1,0,1
1,1,1,0,0,0,0,0,0,0,0,0,-0.4295987,-0.50790442,0,0,1,0,1
1,1,1,1,0,0,0,0,0,0,0,0,0.106080492,-1.663767726,0,0,1,2,1
1,1,1,1,0,0,1,1,0,0,0,0,1.177438876,-1.555525117,0,0,2,2,0
1,0,1,1,0,0,1,1,0,0,0,0,0.106080492,-0.664437609,0,0,0,2,1
1,1,1,1,0,0,1,1,0,0,0,0,1.177438876,-1.637105423,0,0,1,0,0
1,0,1,1,1,0,1,0,1,0,0,0,0.641759684,-0.958414028,0,0,1,2,1
1,0,1,0,0,0,0,0,0,1,0,0,-0.965277892,-2.103203101,0,0,0,0,1
1,1,1,0,1,0,0,0,0,1,0,0,0.106080492,0.451936989,0,0,0,0,1
1,1,1,1,1,0,0,0,0,1,1,0,1.177438876,0.010219665,0,0,1,0,1
1,1,1,0,0,0,0,0,0,1,1,0,0.106080492,-0.984987894,0,0,0,0,1
1,1,1,1,0,0,0,0,0,1,1,0,2.24879726,-0.969087695,0,0,0,0,1
1,1,0,0,1,0,1,0,1,0,0,0,0.106080492,-1.380876288,0,0,1,0,1
1,0,1,0,1,0,1,0,1,0,0,0,0.106080492,-1.318766552,0,0,1,0,1
1,1,0,0,0,0,0,0,0,0,0,1,-0.965277892,0.206959209,0,0,1,1,1
1,0,0,0,0,1,0,0,0,0,0,0,-1.500957084,1.219485409,0,0,0,0,1
1,0,0,0,1,0,0,0,0,0,0,0,-1.500957084,0.459507084,0,0,0,1,1
1,1,0,0,0,0,0,0,0,0,0,0,0.106080492,-0.296865252,0,0,1,1,1
1,1,0,0,0,0,0,0,0,0,0,0,-1.500957084,0.954103617,0,0,1,0,1
1,1,0,0,0,0,0,0,1,0,0,1,-0.4295987,1.219485409,0,0,1,0,1
1,1,1,0,0,0,0,0,0,0,0,0,0.106080492,0.62704322,0,0,1,0,1
1,1,0,1,0,1,0,0,0,0,0,0,0.641759684,0.11723918,0,0,1,2,1
1,1,0,0,0,1,1,1,0,0,0,0,1.713118068,1.725510432,0,0,1,0,1
1,1,0,1,0,0,0,0,0,0,0,0,-0.4295987,-0.358724446,0,0,1,0,1
1,1,1,0,0,0,0,0,0,0,0,0,-0.4295987,-0.600787097,0,0,1,2,1
1,1,1,1,0,0,0,0,0,0,0,0,0.106080492,-1.391239141,0,0,1,0,1
1,0,1,0,0,0,0,0,0,0,1,0,-0.965277892,-1.043393791,0,0,0,2,1
1,1,1,1,0,0,1,1,0,0,0,0,1.177438876,-1.558342688,0,0,1,2,1
1,1,0,0,0,0,0,0,0,0,0,0,-1.500957084,-0.024560108,0,0,2,0,1
1,1,0,0,0,0,0,1,0,0,0,0,-0.4295987,-0.04280065,0,0,2,2,1
1,0,1,0,0,0,0,0,0,1,1,0,-0.4295987,-2.552583928,0,0,1,2,1
1,0,1,0,0,0,0,0,0,0,1,0,-0.965277892,-0.122403323,0,0,0,0,1
1,1,1,1,0,0,0,0,0,0,1,0,0.106080492,-0.296865252,0,0,0,2,1
1,1,0,0,0,1,0,0,0,0,0,0,-0.965277892,-1.168406663,0,0,0,0,1
1,1,0,0,0,0,0,0,0,0,0,0,0.106080492,-1.157304666,0,0,1,0,1
1,1,0,0,0,0,0,0,0,0,0,0,-1.500957084,-0.241199778,0,0,1,0,1
1,1,0,0,0,0,0,0,1,0,0,1,-0.4295987,0.103154168,0,0,1,0,1
1,1,0,0,0,0,0,0,0,0,0,1,-0.965277892,0.59261502,0,0,1,0,1
1,1,0,1,0,0,0,0,1,0,0,0,-0.4295987,0.610095333,0,0,1,0,1
1,1,0,1,0,1,0,0,0,0,0,0,0.641759684,0.218672315,0,0,1,0,1
1,1,1,1,0,0,0,0,0,0,0,0,0.641759684,-0.358724446,0,0,1,0,1
1,1,0,0,0,0,0,0,0,0,0,0,0.106080492,0.48161842,0,0,1,0,1
1,1,1,0,0,0,0,0,0,0,1,0,-0.4295987,-0.9460581,0,0,0,0,1
1,1,1,1,1,0,0,0,1,0,0,0,1.713118068,0.230143947,0,0,0,1,1
1,1,0,0,0,0,0,1,0,0,0,0,0.106080492,-0.428330253,0,0,1,0,1
1,1,0,0,0,0,1,1,0,0,0,0,0.641759684,-1.157304666,0,0,1,0,0
1,1,0,1,1,1,0,0,1,0,0,0,0.641759684,-0.50790442,0,0,1,0,1
1,0,1,1,1,0,0,0,1,0,0,0,0.106080492,-1.764541676,0,0,1,1,1
1,0,1,1,1,0,0,0,0,0,0,0,-0.4295987,-0.653773729,0,0,1,0,1
1,1,1,1,0,0,0,0,0,0,0,0,0.106080492,-1.695373835,0,0,1,1,1
1,1,0,0,0,0,0,0,1,0,0,0,0.641759684,0.010219665,0,0,1,0,1
1,0,0,1,1,0,0,0,0,0,0,0,-0.965277892,-0.929390558,0,0,0,0,1
1,1,1,1,0,0,0,0,0,0,1,0,0.106080492,0.218672315,0,0,0,0,1
1,0,1,0,0,0,0,0,0,0,1,0,-0.965277892,-1.14912115,0,0,0,0,1
1,1,1,1,0,0,1,1,0,0,0,0,1.177438876,-1.815944576,0,0,1,0,1
1,1,0,0,0,0,0,0,0,0,0,0,-1.500957084,0.852653484,0,0,1,0,1
1,1,0,0,0,0,0,0,1,0,0,1,-0.4295987,1.425581045,0,0,1,0,1
1,1,1,0,0,0,0,0,0,0,0,0,0.106080492,0.604329359,0,0,1,0,1
1,1,0,1,0,1,0,0,0,0,0,0,0.641759684,0.680075333,0,0,1,0,1
1,1,0,0,0,0,0,0,0,0,0,0,0.106080492,0.62704322,0,0,1,0,1
1,1,1,1,0,0,0,0,0,1,1,0,0.641759684,-0.84884786,0,0,0,0,1
1,1,1,0,0,0,0,0,0,0,0,0,-0.4295987,-0.428330253,0,0,1,0,1
1,1,1,0,0,0,1,0,0,0,0,0,0.106080492,0.62704322,0,0,1,0,1
1,1,0,0,0,0,1,1,0,0,0,0,0.641759684,-0.770903091,0,0,1,0,1
1,1,0,0,0,1,0,0,0,0,0,0,-0.4295987,1.511359245,0,0,1,2,1
1,1,1,0,0,0,0,1,0,0,0,0,0.641759684,0.615802173,0,0,2,1,1
1,1,1,1,0,0,0,0,0,0,1,0,0.106080492,0.814263731,0,0,0,0,1
1,1,1,1,0,0,0,0,0,1,1,0,1.713118068,-2.088363045,0,0,0,0,1
1,0,1,0,1,0,0,0,1,0,0,0,-0.4295987,-1.350897633,0,0,1,0,1
1,1,0,0,1,0,0,0,1,0,0,0,-0.4295987,-1.212130908,0,0,1,0,1
1,1,1,1,0,0,0,0,1,0,0,0,0.641759684,-0.907039396,0,0,2,0,1
1,0,0,0,1,0,0,0,0,0,0,0,-1.500957084,-0.144219881,0,0,0,0,1
1,0,1,0,0,0,0,0,0,0,1,0,-0.965277892,-0.241199778,0,0,0,2,1
1,1,1,1,0,0,0,0,1,0,0,0,0.106080492,-1.085235808,0,0,2,0,1
1,1,0,0,0,1,0,1,0,0,0,0,0.641759684,0.62704322,0,0,0,2,1
1,1,0,0,0,0,0,0,0,0,0,0,0.106080492,-0.081179807,0,0,1,0,1
1,1,1,1,0,0,0,0,0,0,1,0,0.106080492,-1.16005947,0,0,0,0,1
1,1,0,0,0,0,0,0,0,0,0,0,-1.500957084,0.728490262,0,0,1,2,1
1,1,0,0,0,0,0,0,0,0,0,1,-0.965277892,0.922298543,0,0,1,2,1
1,1,0,0,0,0,0,0,1,0,0,1,-0.4295987,0.954103617,0,0,1,2,1
1,1,1,1,0,0,0,0,0,0,0,1,0.106080492,1.48817016,0,0,1,2,1
1,1,0,0,0,0,0,0,0,0,0,0,0.106080492,0.852653484,0,0,1,2,0
1,1,0,1,0,1,0,0,0,0,0,0,0.641759684,-0.706199732,0,0,1,0,0
1,1,1,0,0,0,0,0,0,0,1,0,-0.4295987,-0.50790442,0,0,0,0,1
1,0,1,0,0,0,0,0,0,0,0,0,-1.500957084,-0.241199778,0,0,1,2,1
1,1,0,0,1,0,0,0,1,0,0,1,0.106080492,0.194994244,0,0,0,2,1
1,1,1,1,0,0,1,1,0,0,0,0,1.177438876,-2.066819614,0,0,2,2,0
1,1,1,1,0,0,0,0,0,0,0,0,0.106080492,-1.924627865,0,0,1,2,0
1,1,1,1,0,0,1,1,0,0,0,0,1.177438876,-2.310342865,0,0,1,0,1
1,1,0,0,0,0,0,0,1,0,0,1,-0.4295987,-0.296865252,0,0,1,2,1
1,1,1,1,0,1,1,1,0,0,0,0,2.784476452,1.219485409,0,0,1,2,1
1,1,1,1,1,0,0,0,0,1,0,0,3.320155644,0.144382777,0,0,1,2,1
1,0,1,1,0,0,1,1,0,0,0,0,0.106080492,-1.352846739,0,0,0,1,1
1,1,1,0,0,0,0,0,0,0,1,0,-0.4295987,-1.216698396,0,0,0,1,1
1,1,1,1,0,0,0,0,0,0,0,1,0.106080492,-1.670637802,0,0,1,2,1
1,1,0,0,1,0,0,0,1,0,0,0,-0.4295987,-0.10140992,0,0,1,2,1
1,0,1,0,0,0,0,0,0,0,1,0,-0.965277892,-0.729272344,0,0,0,2,1
1,1,0,1,1,0,0,0,1,0,0,0,0.641759684,-0.268336755,0,0,0,2,1
1,1,0,0,0,0,0,0,0,0,0,0,-1.500957084,0.62704322,0,0,1,2,1
1,1,1,1,0,0,0,0,0,0,0,1,0.106080492,0.48879784,0,0,1,2,1
1,1,0,0,0,0,0,0,0,0,0,1,-0.965277892,0.77302799,0,0,1,2,1
1,1,1,0,0,0,0,0,0,0,0,0,0.106080492,0.922298543,0,0,1,2,1
1,1,0,0,0,0,0,0,1,0,0,1,-0.4295987,1.039879294,0,0,1,2,1
1,0,1,0,0,0,0,0,0,1,0,0,-0.965277892,0.586664059,0,0,1,2,1
1,0,1,1,1,0,0,0,0,1,0,0,0.106080492,-0.024560108,0,0,1,0,1
1,1,0,0,0,0,0,0,0,0,0,0,0.106080492,0.984188729,0,0,1,0,1
1,1,1,1,0,0,0,0,0,0,1,0,0.106080492,0.62704322,0,0,0,0,1
1,1,0,1,1,0,1,1,0,0,0,0,0.641759684,1.256595861,0,0,1,2,1
1,1,0,0,0,0,0,0,1,0,0,1,-0.4295987,0.058624761,0,0,1,2,1
1,1,1,0,0,0,0,0,1,0,0,1,0.641759684,1.158721589,0,0,1,2,1
1,1,1,0,0,1,0,0,0,0,0,0,0.106080492,0.352018155,0,0,1,2,1
1,1,0,0,1,0,0,0,1,0,0,0,-0.4295987,0.088703366,0,0,1,2,1
1,1,1,1,1,0,0,0,0,1,1,0,1.177438876,-0.10140992,0,0,1,0,1
1,0,1,1,0,0,1,1,0,0,0,0,0.106080492,-1.041158973,0,0,0,0,1
1,1,1,1,1,0,0,0,1,1,0,0,2.24879726,1.13689733,0,0,0,2,1
1,1,0,1,1,0,0,0,1,0,0,0,0.106080492,0.814263731,0,0,0,2,1
1,1,1,1,0,0,0,0,0,0,0,0,0.106080492,-1.581412069,0,0,1,0,0
1,0,1,1,1,0,1,0,1,0,0,0,0.641759684,-1.068588054,0,0,1,0,1
1,1,0,0,0,1,0,0,1,0,0,0,0.641759684,-0.16692679,0,0,0,0,1
1,1,0,0,1,0,0,0,0,0,0,0,-0.965277892,-1.467341266,0,0,0,2,0
1,1,1,0,0,0,0,0,0,0,0,0,0.106080492,0.144382777,0,0,1,0,1
1,1,1,1,1,0,0,0,0,1,1,0,1.177438876,-1.091304234,0,0,1,0,1
1,1,1,1,0,0,0,0,0,1,1,0,2.24879726,-1.269582712,0,0,0,1,1
1,1,1,0,0,0,0,0,0,1,1,0,0.106080492,-0.600787097,0,0,0,1,1
1,1,0,0,0,0,0,0,0,0,0,1,-0.4295987,-0.552410073,0,0,1,2,1
1,1,1,1,0,0,0,0,0,0,0,0,-0.4295987,-1.941240117,0,0,1,2,0
1,1,1,1,0,0,0,0,0,1,1,0,0.641759684,-0.653773729,0,0,0,0,0
1,1,1,1,1,0,0,0,0,1,0,0,3.320155644,-0.241199778,0,0,1,0,1
1,1,1,1,1,0,0,0,1,0,0,0,1.713118068,0.182766349,0,0,0,2,1
1,1,0,1,1,0,0,0,1,0,0,0,0.641759684,0.77302799,0,0,0,2,1
1,1,0,0,1,1,1,0,0,0,0,0,0.106080492,1.544425888,0,0,1,2,1
1,0,0,0,0,0,1,0,0,0,0,0,-1.500957084,1.463972564,0,0,1,0,1
1,1,0,0,0,0,0,0,0,0,0,0,-1.500957084,1.090499975,0,0,1,2,1
1,1,1,1,0,0,0,0,0,0,0,1,0.106080492,1.238349936,0,0,1,2,1
1,1,0,0,0,0,0,0,1,0,0,1,-0.4295987,-0.04280065,0,0,1,2,1
1,1,0,0,0,0,0,0,0,0,0,1,-0.965277892,1.755596764,0,0,1,2,1
1,1,1,0,0,0,0,0,0,0,0,0,0.106080492,0.459507084,0,0,1,2,1
1,0,1,0,0,0,0,0,0,1,0,0,-0.965277892,0.59261502,0,0,1,2,1
1,1,0,1,0,1,0,0,0,0,0,0,0.641759684,0.088703366,0,0,0,2,1
1,1,0,0,0,0,0,0,0,0,0,0,0.106080492,0.252401227,0,0,1,0,1
1,1,1,0,0,0,0,0,0,0,1,0,-0.4295987,0.562202627,0,0,0,2,1
1,1,1,1,1,0,0,0,1,0,0,0,1.713118068,0.404217227,0,0,0,0,1
1,1,1,0,0,1,0,0,0,0,0,0,0.106080492,0.728490262,0,0,1,2,1
1,1,1,1,1,0,0,0,0,1,1,0,1.177438876,0.010219665,0,0,1,2,1
1,1,1,0,0,0,1,1,0,0,0,0,0.106080492,-0.241199778,0,0,1,0,0
1,1,1,1,0,0,0,0,0,0,0,1,0.106080492,-1.126567467,0,0,1,2,1
1,1,1,0,0,0,0,0,0,0,1,0,-0.4295987,-1.133106544,0,0,0,2,1
1,1,1,0,0,1,0,0,0,0,0,0,0.106080492,-1.1239732,0,0,1,2,0
1,1,1,1,0,0,0,0,0,0,0,0,-0.4295987,-1.976030765,0,0,1,2,1
1,1,1,1,0,0,0,0,0,1,1,0,0.641759684,-0.50790442,0,0,0,0,1
1,1,1,1,0,0,0,0,1,0,0,1,0.641759684,-0.600787097,0,0,0,2,0
1,1,1,0,0,0,0,0,0,0,1,0,-0.4295987,-1.081626266,0,0,0,2,1
1,0,0,0,0,0,0,0,1,0,0,0,-1.500957084,-2.519841007,0,0,0,2,1
1,1,0,1,0,0,0,0,1,0,0,1,0.641759684,0.680075333,0,0,0,2,1
1,1,1,1,1,0,0,0,1,0,0,0,3.320155644,-1.076849678,0,0,1,2,1
1,1,0,0,0,0,0,0,0,0,0,0,0.106080492,0.314283375,0,0,0,0,1
1,1,0,0,0,0,0,0,0,0,0,0,-1.500957084,0.62704322,0,0,1,0,1
1,1,1,1,0,0,0,0,0,0,0,1,0.106080492,1.090499975,0,0,1,2,1
1,1,1,0,0,0,0,0,0,0,0,0,0.106080492,1.012730399,0,0,1,2,1
1,1,0,0,0,0,0,0,1,0,0,1,-0.4295987,0.922298543,0,0,1,2,1
1,1,0,0,0,0,0,0,0,0,0,1,-0.965277892,1.438674732,0,0,1,2,1
1,0,1,0,0,0,0,0,0,1,0,0,-0.965277892,0.459507084,0,0,1,2,1
1,0,1,1,1,0,0,0,0,1,0,0,0.106080492,0.144382777,0,0,1,0,1
1,1,0,0,0,0,0,0,0,0,0,0,0.106080492,1.13689733,0,0,1,0,1
1,1,0,1,1,0,1,1,0,0,0,0,0.641759684,1.158721589,0,0,1,2,1
1,1,0,0,0,1,0,0,0,0,0,0,0.641759684,-0.721684012,0,0,1,2,1
1,0,1,0,0,0,0,0,0,0,0,0,-1.500957084,-1.333656247,0,0,2,2,1
1,1,1,0,0,0,0,0,0,0,0,0,-0.4295987,-0.908794821,0,0,1,2,1
1,1,1,0,0,0,0,0,0,0,1,0,-0.4295987,0.77302799,0,0,0,2,1
1,1,0,1,0,1,0,0,0,0,0,0,1.177438876,1.065765041,0,0,1,2,1
1,1,0,0,0,0,1,1,0,0,0,0,0.641759684,-0.466696175,0,0,1,0,1
1,1,0,1,0,0,0,0,0,0,0,0,-0.4295987,-0.970068258,0,0,1,2,1
1,1,1,1,1,0,0,0,0,1,1,0,1.177438876,-0.844131992,0,0,1,2,1
1,1,1,0,0,0,0,0,0,0,1,0,-0.4295987,-1.416926892,0,0,0,2,1
1,1,1,0,0,0,0,0,0,1,1,0,0.106080492,-2.367761706,0,0,1,2,1
1,1,0,0,0,0,0,0,0,0,0,0,-1.500957084,-0.660484995,0,0,2,2,1
1,1,0,0,0,0,0,0,0,0,0,0,-1.500957084,0.530031543,1,0,1,0,1
1,1,1,1,0,0,0,0,0,0,0,1,0.106080492,-0.081179807,1,0,1,0,1
1,1,1,0,0,0,0,0,0,0,0,0,0.106080492,-0.50790442,1,0,1,0,1
1,1,0,0,0,0,0,0,0,0,0,1,-0.965277892,1.438674732,1,0,1,1,1
1,1,0,0,0,0,0,0,1,0,0,1,-0.4295987,0.48161842,1,0,1,0,1
1,0,1,0,0,0,0,0,0,0,0,0,-1.500957084,-0.122403323,1,0,1,2,1
1,1,1,1,0,0,0,0,0,0,0,0,0.641759684,-0.10140992,1,0,1,0,1
1,1,0,0,0,0,0,0,0,0,0,0,0.106080492,0.32395966,1,0,1,0,1
1,1,1,1,0,0,0,0,0,0,1,0,0.106080492,-0.358724446,1,0,0,0,1
1,1,1,1,1,0,0,0,1,0,0,0,1.713118068,1.039879294,1,0,0,0,1
1,1,1,1,0,0,0,0,0,0,0,0,0.641759684,-0.822638099,1,0,1,2,1
1,1,1,0,0,0,0,0,0,0,0,0,-0.4295987,0.206959209,1,0,1,0,1
1,1,1,1,1,0,1,0,0,0,0,0,1.713118068,0.728490262,1,0,1,0,1
1,1,0,0,0,0,1,0,0,0,0,0,-0.4295987,0.62704322,1,0,1,2,1
1,1,1,0,0,1,0,0,0,0,0,0,0.106080492,0.130976465,1,0,1,0,1
1,1,0,0,1,0,0,0,1,0,0,1,0.106080492,-0.081179807,1,0,0,0,1
1,1,1,1,1,0,0,0,0,1,1,0,1.177438876,-0.215324865,1,0,1,2,1
1,1,0,0,1,0,0,0,1,0,0,0,-0.4295987,0.194994244,1,0,1,0,1
1,1,1,1,0,0,0,0,0,0,0,1,0.106080492,-2.321362416,1,0,1,0,1
1,1,0,0,1,1,0,0,1,0,0,0,0.641759684,0.852653484,1,0,1,2,1
1,1,0,0,0,0,0,0,1,0,0,1,-0.4295987,-0.600787097,1,0,1,2,1
1,1,0,1,0,1,0,0,0,0,0,0,0.641759684,-1.172627688,1,0,1,0,1
1,1,1,1,0,0,0,0,0,0,0,1,0.106080492,0.888564859,1,0,1,2,1
1,1,1,0,0,0,0,0,0,0,0,0,0.106080492,0.495885812,1,0,1,2,1
1,1,0,0,0,1,1,1,0,0,0,0,0.641759684,1.291385421,1,0,1,0,1
1,1,1,1,0,0,0,0,0,0,0,0,0.641759684,0.058624761,1,0,1,2,1
1,1,1,1,0,0,0,0,0,0,1,0,0.106080492,0.369967433,1,0,0,2,1
1,1,1,1,0,0,1,1,0,0,0,0,3.320155644,0.010219665,1,0,2,0,1
1,1,0,1,0,0,0,0,0,0,0,1,3.320155644,0.32395966,1,0,0,0,1
1,1,0,0,0,1,0,0,0,0,0,0,0.641759684,-0.358724446,1,0,2,2,1
1,1,0,0,0,0,1,0,0,0,1,0,1.177438876,0.728490262,1,0,1,0,1
1,1,1,1,0,0,0,0,0,1,0,0,3.320155644,0.404217227,1,0,1,2,1
1,1,0,0,1,0,0,0,0,1,0,0,0.106080492,-0.957453771,1,0,1,2,1
1,1,0,0,0,1,0,0,1,0,0,0,0.641759684,0.77302799,1,0,1,2,1
1,1,1,1,0,0,1,1,0,0,0,0,1.177438876,-2.238771266,1,0,2,0,1
1,1,0,0,1,0,1,0,1,0,0,0,0.106080492,0.194994244,1,0,1,2,1
1,0,0,0,1,0,0,0,0,0,0,0,-1.500957084,-1.315105558,1,0,0,2,1
1,0,0,0,1,0,0,0,1,0,0,0,-0.965277892,-4.498282407,1,0,1,2,0
1,1,0,0,1,0,0,0,0,0,0,0,-0.965277892,-1.57847555,1,0,0,2,1
1,1,0,0,0,0,0,0,0,0,0,0,-1.500957084,0.352018155,1,0,1,0,1
1,1,1,1,0,0,0,0,0,0,0,1,0.106080492,0.814263731,1,0,1,0,1
1,1,0,0,0,0,0,0,0,0,0,1,-0.965277892,0.984188729,1,0,1,0,1
1,1,0,0,0,0,0,0,1,0,0,1,-0.4295987,0.814263731,1,0,1,0,1
1,0,1,0,0,0,0,0,0,1,0,0,-0.965277892,-0.326935729,1,0,1,0,1
1,1,0,1,0,1,0,0,0,0,0,0,0.641759684,-0.326935729,1,0,1,0,1
1,1,0,0,0,0,0,0,0,0,0,0,0.106080492,-0.081179807,1,0,1,0,1
1,1,1,1,0,0,0,0,0,0,1,0,0.106080492,0.073867267,1,0,1,0,1
1,1,1,1,0,0,0,0,0,0,0,0,0.641759684,-0.358724446,1,0,1,0,1
1,1,0,0,0,0,0,0,0,0,0,0,-0.965277892,0.466975578,1,0,0,0,1
1,1,1,1,1,0,1,0,0,0,0,0,1.713118068,0.30443585,1,0,1,0,1
1,1,1,0,0,0,0,0,0,0,1,0,-0.4295987,-1.412562405,1,0,0,0,1
1,0,1,1,1,0,1,0,1,0,0,0,0.641759684,-1.663767726,1,0,1,0,1
1,1,1,1,0,0,1,1,0,0,0,0,1.177438876,-1.9138223,1,0,1,0,0
1,0,1,1,0,0,1,1,0,0,0,0,0.106080492,-1.406079197,1,0,0,0,0
1,1,1,1,0,0,1,1,0,0,0,0,1.177438876,-2.229258742,1,0,2,0,1
1,1,0,0,0,0,1,0,0,0,0,0,-0.4295987,0.451936989,1,0,1,0,1
1,1,0,0,0,1,0,0,1,0,0,0,0.641759684,-0.16692679,1,0,1,0,1
1,1,1,1,1,0,0,0,1,0,0,0,1.713118068,0.474345161,1,0,0,0,1
1,1,1,0,0,1,0,0,0,0,0,0,0.106080492,-0.061659422,1,0,1,0,1
1,1,0,0,0,0,0,0,0,0,0,1,-0.4295987,0.369967433,1,0,1,0,1
1,1,0,0,0,0,0,0,1,0,0,1,-0.4295987,-0.653773729,1,0,1,0,1
1,1,1,0,0,0,0,0,0,0,0,0,0.106080492,-1.561174598,1,0,1,0,0
1,1,0,0,0,0,0,0,0,0,0,0,-1.500957084,-0.061659422,1,0,1,1,1
1,1,1,1,0,0,0,0,0,0,0,1,0.106080492,0.954103617,1,0,1,0,1
1,1,0,0,0,0,0,0,1,0,0,1,-0.4295987,0.466975578,1,0,1,1,1
1,1,0,1,0,1,0,0,0,0,0,0,0.641759684,-0.797607491,1,0,1,0,1
1,1,0,0,0,0,0,0,0,0,0,0,0.106080492,0.144382777,1,0,1,0,1
1,1,1,1,0,0,0,0,0,0,1,0,0.106080492,0.252401227,1,0,0,0,1
1,1,1,1,0,0,0,0,0,0,0,0,0.641759684,-0.190599824,1,0,1,0,1
1,1,0,1,0,1,1,1,0,0,0,0,3.320155644,1.67709199,1,0,1,1,1
1,1,1,0,0,0,0,0,0,0,0,0,-0.4295987,0.474345161,1,0,1,1,1
1,1,1,1,1,0,0,1,0,0,0,0,1.713118068,0.680075333,1,0,1,1,1
1,1,1,1,1,0,0,0,0,0,0,0,1.177438876,0.852653484,1,0,1,1,1
1,1,0,0,1,1,0,0,1,0,0,0,0.641759684,0.273802408,1,0,1,0,1
1,0,1,0,0,0,0,0,0,1,0,0,-0.965277892,-1.566882024,1,0,0,1,0
1,1,1,1,0,1,0,0,0,0,0,1,1.177438876,0.284202059,1,0,1,2,1
1,1,0,0,1,0,0,0,0,0,0,0,-0.965277892,0.502884635,1,0,0,1,1
1,1,0,0,0,0,0,0,0,0,0,0,-1.500957084,-0.653773729,1,0,1,0,1
1,1,1,0,0,0,0,0,0,0,0,0,0.106080492,-0.552410073,1,0,1,0,1
1,1,0,0,0,0,0,0,1,0,0,1,-0.4295987,-0.358724446,1,0,1,0,1
1,1,0,0,0,0,0,0,0,0,0,1,-0.965277892,0.241383858,1,0,1,0,1
1,1,1,1,0,0,0,0,0,0,0,1,0.106080492,1.012730399,1,0,1,0,1
1,1,0,0,0,0,0,0,0,0,0,0,0.106080492,-0.358724446,1,0,1,0,1
1,1,1,1,0,0,0,0,0,0,1,0,0.106080492,-0.698315024,1,0,0,0,1
1,1,1,1,0,0,0,0,0,0,0,0,0.641759684,0.574567742,1,0,1,0,1
1,1,1,1,1,0,0,0,1,0,0,0,1.713118068,0.30443585,1,0,0,0,1
1,1,1,1,1,0,1,0,0,0,0,0,1.713118068,0.555915484,1,0,1,0,1
1,1,1,1,1,0,0,1,0,0,0,0,1.713118068,0.058624761,1,0,1,0,1
1,1,0,0,0,0,1,1,0,0,0,0,-0.4295987,-0.006898545,1,0,0,0,1
1,1,0,0,1,0,0,0,0,1,0,0,0.106080492,-0.654886667,1,0,1,0,1
1,1,1,1,0,0,0,0,0,1,1,0,0.641759684,-0.653773729,1,0,1,0,1
1,0,1,1,0,0,1,1,0,0,0,0,0.106080492,-1.455475803,1,0,0,0,1
1,1,1,1,0,0,1,1,0,0,0,0,1.177438876,-2.210708054,1,0,2,0,1
1,1,1,1,0,0,1,1,0,0,0,0,1.177438876,-1.96419055,1,0,1,0,0
1,0,1,1,1,0,1,0,1,0,0,0,0.641759684,-1.706321122,1,0,1,0,1
1,1,1,1,0,0,0,0,1,0,0,0,2.24879726,-0.296865252,1,0,1,0,1
1,1,1,1,0,0,0,0,1,1,0,0,0.641759684,-0.428330253,1,0,1,0,1
1,1,1,1,1,0,0,0,0,1,1,0,1.177438876,-1.0128947,1,0,1,0,1
1,0,0,0,1,0,0,0,0,0,0,0,-1.500957084,0.103154168,1,0,0,0,1
1,1,0,0,1,0,0,0,1,0,0,0,-0.4295987,-0.268336755,1,0,0,0,1
1,1,0,0,0,0,0,0,1,0,0,0,0.641759684,0.728490262,1,0,0,0,1
1,1,0,0,0,0,0,0,0,0,0,0,-1.500957084,0.680075333,1,0,1,2,1
1,1,0,1,1,0,0,0,1,0,0,0,2.24879726,1.668596243,1,0,0,1,1
1,1,0,0,1,0,1,0,0,0,0,0,1.177438876,1.902717991,1,0,1,0,1
1,1,0,1,0,0,0,0,1,0,0,0,-0.4295987,1.13689733,1,0,1,0,1
1,1,0,0,0,0,0,0,0,0,0,1,-0.965277892,0.444262489,1,0,1,0,1
1,1,1,0,0,0,0,0,0,0,0,0,0.106080492,-0.16692679,1,0,1,0,1
1,1,1,0,1,0,0,0,0,0,0,0,1.177438876,2.17676376,1,0,1,0,1
1,1,1,1,1,0,0,0,1,0,0,0,1.713118068,-1.235352739,1,0,1,0,1
1,1,1,1,0,0,0,0,0,0,0,0,0.641759684,0.466975578,1,0,1,2,1
1,1,0,0,0,0,0,0,0,0,0,0,0.106080492,0.294410914,1,0,0,1,1
1,1,0,0,1,0,0,0,0,0,0,0,0.641759684,1.158721589,1,0,0,1,0
1,0,1,1,1,0,0,0,0,1,0,0,0.106080492,0.680075333,1,0,1,0,1
1,1,1,1,0,0,0,0,0,0,1,0,0.106080492,-0.600787097,1,0,0,0,1
1,1,0,0,0,0,0,0,0,0,0,0,-1.500957084,-0.600787097,1,0,1,0,1
1,1,1,1,0,0,1,1,0,0,0,0,1.177438876,-2.321362416,1,0,1,0,0
1,1,1,1,0,0,1,1,0,0,0,0,1.177438876,-1.698999054,1,0,2,0,1
1,1,0,1,1,0,0,0,1,0,0,1,0.641759684,-2.379992289,1,0,1,0,0
1,1,1,1,1,0,0,0,1,0,0,0,1.713118068,0.888564859,1,0,0,0,1
1,1,1,1,1,0,0,0,0,0,0,0,1.177438876,-0.024560108,1,0,0,0,1
1,0,1,1,0,0,1,1,0,0,0,0,0.106080492,-1.08644421,1,0,0,0,1
1,1,0,0,0,0,0,0,0,0,0,0,-0.965277892,0.241383858,1,0,1,0,1
1,1,0,1,0,0,0,0,0,0,0,0,-0.965277892,-0.890633377,1,0,0,1,1
1,1,0,1,0,0,0,0,1,0,0,0,-0.4295987,-1.517507567,1,0,1,0,1
1,1,1,0,1,0,0,0,0,0,0,0,0.106080492,-0.024560108,1,0,0,0,1
1,1,0,0,0,0,0,0,0,0,0,0,-1.500957084,0.562202627,1,0,1,0,1
1,1,0,1,1,0,0,0,1,0,0,0,2.24879726,0.369967433,1,0,0,0,1
1,1,0,0,1,1,0,0,0,0,0,0,1.177438876,2.095545455,1,0,1,0,1
1,1,1,0,0,0,0,0,0,0,0,0,0.106080492,-0.268336755,1,0,1,0,1
1,1,0,0,1,0,0,0,0,0,0,0,-0.965277892,1.307997177,1,0,0,1,1
1,0,1,1,1,0,0,0,0,1,0,0,0.106080492,0.387355791,1,0,1,0,1
1,0,1,0,0,0,0,0,0,1,0,0,-0.965277892,-0.04280065,1,0,1,1,1
1,1,0,0,0,1,0,0,0,0,0,0,-0.4295987,-0.268336755,1,0,1,0,1
1,0,1,0,0,0,0,0,0,0,1,0,-0.965277892,-0.703153916,1,0,0,0,1
1,0,1,0,0,0,0,0,0,1,0,0,-0.965277892,-1.00657112,1,0,1,0,1
1,1,1,1,0,0,0,0,0,1,1,0,0.641759684,-1.018219804,1,0,1,0,1
1,1,1,1,1,0,0,0,0,1,1,0,1.177438876,-0.39243973,1,0,1,1,1
1,0,1,0,0,0,0,0,0,1,1,0,-0.4295987,-3.163927739,1,0,1,0,1
1,1,0,0,0,0,0,0,0,0,0,1,-0.965277892,1.179722123,1,0,1,0,1
1,0,1,0,0,0,0,0,0,0,1,0,-0.965277892,0.852653484,1,0,0,1,1
1,1,1,1,0,1,0,0,0,1,0,0,2.784476452,1.770051132,1,0,0,0,1
1,0,1,1,1,0,0,0,0,0,0,0,-0.4295987,-0.50790442,1,0,0,1,1
1,0,1,0,0,0,0,0,0,0,1,0,-0.965277892,-1.315105558,1,0,1,0,1
1,1,1,1,0,0,0,0,0,0,1,0,0.106080492,-0.50790442,1,0,0,0,1
1,1,0,0,1,0,0,0,0,0,0,0,-0.965277892,0.888564859,1,0,0,0,1
1,1,0,0,1,0,0,0,0,0,0,0,-0.4295987,-0.685809573,1,0,0,0,1
1,1,0,0,0,0,0,0,0,0,0,0,-1.500957084,-2.955422406,1,0,1,0,1
1,1,0,0,0,0,0,0,0,0,0,0,-1.500957084,-0.268336755,1,0,1,0,1
1,1,1,0,0,0,0,0,0,0,0,0,0.106080492,-0.268336755,1,0,1,0,1
1,1,0,1,1,0,1,1,0,0,0,0,3.320155644,1.13689733,1,0,0,1,1
1,0,1,1,1,0,0,0,0,1,0,0,0.106080492,0.444262489,1,0,1,0,1
1,1,1,1,0,0,0,0,0,0,1,0,0.106080492,0.294410914,1,0,0,0,1
1,1,1,1,1,0,1,1,0,0,0,0,1.713118068,1.384343266,1,0,1,0,1
1,1,1,1,0,0,0,0,0,1,1,0,0.641759684,-1.16561033,1,0,0,1,1
1,0,0,0,1,0,0,0,0,0,0,0,-1.500957084,-2.552583928,1,0,1,1,1
1,1,1,1,1,0,0,0,0,0,0,0,1.177438876,-0.600787097,1,0,1,1,1
1,1,1,0,0,1,0,0,0,0,0,0,0.106080492,0.103154168,1,0,1,0,1
1,1,0,0,1,0,0,0,0,0,0,0,-0.965277892,1.369889086,1,0,0,1,1
1,1,0,0,0,0,0,0,1,0,0,1,-0.4295987,0.352018155,1,0,1,0,1
1,0,1,0,0,0,0,0,0,0,0,0,-1.500957084,-0.747391544,1,0,1,0,1
1,0,1,0,0,0,0,0,0,0,1,0,-0.965277892,-0.552410073,1,0,0,0,1
1,1,1,0,0,0,0,0,0,0,1,0,-0.4295987,-1.090085243,1,0,0,0,1
1,0,1,0,0,0,0,0,0,1,0,0,-0.965277892,-1.337441765,1,0,1,0,1
1,1,1,1,0,0,0,0,0,0,0,0,0.641759684,0.568419529,1,0,1,0,0
1,1,0,0,0,0,0,0,0,0,0,0,-1.500957084,-2.488918101,1,0,1,0,1
1,1,0,0,0,0,0,0,1,0,0,1,-0.4295987,-0.791878028,1,0,1,0,1
1,1,0,0,0,0,0,0,0,0,0,1,-0.965277892,-1.514888884,1,0,1,0,1
1,1,0,1,1,0,0,0,1,0,0,0,0.641759684,-0.16692679,1,0,1,0,1
1,1,0,1,0,1,0,0,0,0,0,0,0.641759684,-1.42132588,1,0,1,1,1
1,1,0,0,0,0,0,0,0,0,0,0,-1.500957084,0.62704322,1,0,1,1,1
1,1,1,1,1,0,0,0,0,0,0,0,2.784476452,1.624055662,1,0,0,2,1
1,1,0,0,0,1,0,1,0,0,0,0,3.320155644,1.065765041,1,0,0,1,1
1,1,0,0,0,0,0,0,0,0,0,0,0.106080492,0.77302799,1,0,0,1,1
1,1,1,1,1,0,0,0,0,0,0,0,1.177438876,0.314283375,1,0,0,1,1
1,1,0,1,0,0,0,0,1,0,0,0,-0.4295987,1.039879294,1,0,1,2,1
1,1,0,0,0,0,0,0,0,0,0,1,-0.965277892,1.575637361,1,0,1,2,1
1,1,0,0,0,0,0,0,1,0,0,1,-0.4295987,0.814263731,1,0,1,2,1
1,0,1,0,0,0,0,0,0,0,1,0,-0.965277892,-0.215324865,1,0,0,1,1
1,1,0,1,0,0,1,1,0,0,0,0,3.320155644,1.48817016,1,0,0,1,1
1,1,1,1,0,0,0,0,0,0,1,0,0.106080492,0.59261502,1,0,0,2,1
1,1,1,1,0,0,0,0,0,0,0,0,0.641759684,0.218672315,1,0,1,1,1
1,1,1,0,1,1,1,0,0,0,0,0,3.320155644,0.888564859,1,0,2,1,1
1,1,1,1,0,0,0,0,0,1,1,0,0.641759684,-2.175364805,1,0,0,0,1
1,1,0,0,1,0,0,0,1,0,0,1,0.106080492,-0.241199778,1,0,0,0,0
1,1,0,1,1,0,0,0,0,0,0,0,0.106080492,0.412460143,1,0,0,1,1
1,1,0,0,0,0,0,0,1,0,0,1,-0.4295987,-0.552410073,1,0,1,1,1
1,1,1,0,1,0,0,0,0,0,0,0,0.106080492,0.888564859,1,0,0,2,1
1,1,0,0,0,0,0,0,0,0,0,0,-1.500957084,-0.122403323,1,0,1,2,1
1,1,1,0,0,0,0,0,0,0,0,0,-0.965277892,0.568419529,1,0,0,0,1
1,1,0,0,0,0,0,0,0,0,0,0,-1.500957084,-0.268336755,1,0,1,0,1
1,1,0,0,1,0,0,0,1,0,0,0,-0.4295987,-0.061659422,1,0,1,2,1
1,1,0,0,0,0,0,0,0,0,0,0,-1.500957084,0.157473692,1,0,1,0,1
1,1,1,0,0,1,0,1,0,0,0,0,0.641759684,1.86191183,1,0,1,0,1
1,1,0,0,1,1,0,1,1,0,0,0,2.784476452,1.355049425,1,0,1,0,1
1,1,0,0,0,0,0,0,0,0,0,0,0.106080492,0.361065161,1,0,1,1,1
1,1,0,0,0,1,0,0,1,0,0,0,0.106080492,1.307997177,1,0,1,1,1
1,1,0,1,0,1,0,1,0,0,0,0,0.641759684,1.624055662,1,0,0,0,1
1,1,0,1,0,1,0,0,0,0,0,0,0.641759684,0.984188729,1,0,1,1,1
1,1,0,0,0,0,0,0,1,0,0,1,-0.4295987,1.114182078,1,0,1,1,1
1,1,0,0,0,0,0,0,0,0,0,0,-0.4295987,0.420582738,1,0,1,0,1
1,1,0,0,0,0,0,0,0,0,0,0,-0.965277892,0.230143947,1,0,0,0,1
1,1,0,0,0,0,0,0,0,0,0,0,-0.4295987,0.888564859,1,0,0,0,1
1,1,0,1,1,0,0,0,0,0,0,1,0.106080492,0.62704322,1,0,1,0,1
1,1,0,0,0,1,0,0,0,0,0,0,-0.965277892,0.026826959,1,0,1,0,1
1,0,1,0,0,0,0,0,0,0,1,1,-0.4295987,0.52336796,1,0,0,0,1
1,1,1,1,1,0,0,0,0,1,1,0,1.177438876,-0.428330253,1,0,1,0,1
1,1,1,0,0,1,0,0,0,0,1,0,0.106080492,0.284202059,1,0,0,1,1
1,1,1,0,0,0,0,0,0,0,1,1,1.177438876,0.509796525,1,0,0,0,1
1,1,0,1,0,1,0,1,0,0,0,0,0.106080492,0.428588474,1,0,2,0,1
1,1,0,0,0,0,0,0,0,0,0,1,-0.965277892,0.728490262,1,0,1,1,1
1,1,1,1,0,0,0,0,0,0,0,1,0.106080492,0.62704322,1,0,1,1,1
1,1,0,1,0,0,0,1,0,0,0,0,-0.4295987,-0.907916416,1,0,1,0,0
1,1,0,0,1,1,0,0,0,0,0,0,0.641759684,0.182766349,1,0,0,1,1
1,1,1,0,0,1,1,0,0,0,0,0,0.641759684,0.30443585,1,0,0,1,1
1,1,0,1,0,0,0,0,0,1,0,0,-0.4295987,0.451936989,1,0,0,1,1
1,1,0,1,0,0,0,0,0,0,0,0,-0.965277892,1.398431488,1,0,1,1,1
1,1,1,1,0,0,0,0,0,0,0,1,0.106080492,0.852653484,1,0,1,0,1
1,1,0,0,0,0,0,0,0,0,0,0,-1.500957084,0.77302799,1,0,1,0,1
1,1,0,0,0,0,0,0,1,0,0,1,-0.4295987,1.219485409,1,0,1,1,1
1,1,0,0,0,1,1,0,0,0,0,0,1.713118068,0.042952953,1,0,1,1,1
1,1,1,0,0,0,0,0,0,0,0,0,0.106080492,0.680075333,1,0,1,1,1
1,1,0,0,0,0,0,0,0,0,0,0,0.641759684,0.182766349,1,0,1,1,1
1,1,0,0,1,1,0,1,0,0,0,0,0.106080492,-0.061659422,1,0,1,1,1
1,1,1,0,0,0,0,0,0,0,1,1,0.106080492,0.058624761,1,0,0,0,1
1,1,1,0,0,1,0,0,0,0,1,1,1.713118068,0.728490262,1,0,1,0,1
1,1,0,0,0,1,1,1,0,0,1,0,1.177438876,0.680075333,1,0,0,0,1
1,0,1,1,0,0,0,0,0,1,1,0,0.106080492,-0.122403323,1,0,1,0,1
1,1,0,0,0,1,0,0,0,0,0,0,0.106080492,1.65120544,1,0,0,0,1
1,1,0,1,0,1,0,1,0,0,0,0,1.713118068,1.733185884,1,0,1,1,1
1,0,1,0,0,0,0,0,0,0,1,0,-0.965277892,-0.653773729,1,0,1,0,1
1,1,1,1,1,0,0,0,1,1,1,1,2.784476452,0.144382777,1,0,1,1,1
1,1,0,0,0,0,0,0,0,0,0,0,0.106080492,0.352018155,1,0,1,1,1
1,1,0,1,0,1,0,0,0,0,0,0,0.641759684,-0.144219881,1,0,1,0,1
1,1,1,1,0,0,0,0,0,0,1,0,0.106080492,-0.10140992,1,0,0,0,1
1,1,0,0,0,0,0,0,0,0,0,0,0.641759684,-0.653773729,1,0,1,0,1
1,1,0,0,0,0,0,0,1,0,0,1,0.106080492,-1.802641892,1,0,1,0,1
1,1,0,0,0,0,0,0,0,0,0,0,-1.500957084,0.451936989,1,0,1,0,1
1,1,1,0,0,1,0,1,0,0,0,0,0.641759684,1.522601201,1,0,1,1,1
1,1,0,0,0,0,0,0,1,0,0,1,-0.4295987,0.852653484,1,0,1,1,1
1,1,1,0,0,0,0,0,0,0,0,0,0.106080492,0.412460143,1,0,1,1,1
1,1,1,1,0,0,0,0,0,0,0,1,0.106080492,0.182766349,1,0,1,0,1
1,1,1,1,0,0,0,0,0,0,0,1,0.106080492,-1.75240005,1,0,1,0,1
1,0,1,1,0,0,0,0,0,0,0,0,-0.965277892,-2.889879784,1,0,1,0,0
1,0,1,1,0,0,0,0,0,0,1,0,-0.4295987,-0.768848433,1,0,1,0,1
1,1,0,0,0,0,0,0,0,0,0,0,-1.500957084,0.580648768,1,0,1,2,1
1,1,1,0,0,0,0,0,0,0,0,0,0.106080492,0.073867267,1,0,1,0,1
1,1,0,0,0,0,0,0,0,0,0,1,-0.965277892,0.77302799,1,0,1,2,1
1,1,1,1,0,0,0,0,0,0,0,1,0.106080492,0.728490262,1,0,1,2,1
1,1,0,0,0,0,0,0,1,0,0,1,-0.4295987,0.474345161,1,0,1,2,1
1,0,1,0,0,0,0,0,0,1,0,0,-0.965277892,-0.10140992,1,0,1,2,1
1,1,0,1,0,1,1,1,0,0,0,1,1.177438876,1.48817016,1,0,1,2,1
1,1,0,0,0,0,0,0,0,0,0,0,0.106080492,-0.296865252,1,0,1,2,1
1,1,1,1,1,0,0,0,0,1,1,0,1.177438876,-1.663767726,1,0,1,2,1
1,1,1,0,0,1,0,0,0,0,0,0,0.106080492,-0.081179807,1,0,1,2,1
1,1,0,0,0,0,0,0,0,0,0,0,-0.965277892,0.263204694,1,0,0,2,1
1,1,1,1,0,0,0,0,0,0,0,0,-0.4295987,0.77302799,1,0,0,2,1
1,1,1,0,0,0,0,0,0,0,0,1,0.106080492,1.238349936,1,0,0,2,1
1,1,0,0,1,0,0,0,1,0,0,0,-0.4295987,-0.024560108,1,0,1,2,1
1,1,1,0,0,0,0,0,0,0,0,0,0.106080492,-0.144219881,1,0,0,2,1
1,0,1,0,0,0,0,0,0,0,1,0,-0.965277892,-0.39243973,1,0,0,2,1
1,0,1,0,0,0,0,0,0,0,1,0,-0.965277892,0.252401227,1,0,1,2,1
1,1,1,0,0,0,0,0,0,0,1,0,-0.4295987,-1.924627865,1,0,1,2,1
1,0,1,0,0,0,0,0,0,0,0,0,-1.500957084,-2.535971676,1,0,1,2,1
1,1,0,0,0,0,0,0,0,0,0,0,-1.500957084,0.62704322,1,0,1,2,1
1,0,1,1,1,0,0,0,0,1,0,0,0.106080492,-0.747391544,1,0,1,2,1
1,1,1,0,1,0,1,0,0,0,0,0,3.320155644,-0.04280065,1,0,1,2,1
1,1,1,0,0,1,0,0,0,0,0,0,-0.4295987,-0.296865252,1,0,1,2,1
1,1,0,0,0,0,0,0,1,0,0,1,-0.4295987,0.77302799,1,0,1,2,1
1,1,1,0,0,0,0,0,0,0,0,0,0.106080492,0.62704322,1,0,2,0,1
1,1,0,0,0,0,0,0,0,0,0,1,-0.965277892,0.536616274,1,0,1,2,1
1,1,1,1,0,0,0,0,0,0,0,0,-0.4295987,1.114182078,1,0,1,2,1
1,1,0,0,1,0,0,0,1,0,0,1,0.106080492,0.11723918,1,0,1,2,1
1,1,0,0,0,1,0,1,0,0,0,0,0.641759684,0.404217227,1,0,1,0,1
1,1,1,0,0,1,0,0,0,0,0,0,0.106080492,0.218672315,1,0,1,2,1
1,1,1,1,1,0,0,0,0,1,1,0,1.177438876,-0.653773729,1,0,1,2,1
1,1,0,0,0,0,0,0,0,0,0,0,0.106080492,0.436480666,1,0,0,2,1
1,0,0,0,0,0,1,0,0,0,0,0,-1.500957084,0.369967433,1,0,1,2,1
1,1,0,0,0,1,0,0,0,0,0,0,-0.965277892,-0.04280065,1,0,1,2,1
1,1,1,1,0,0,0,0,0,0,1,0,0.106080492,0.218672315,1,0,0,2,1
1,1,0,0,1,1,0,0,0,0,0,0,-0.4295987,-0.358724446,1,0,1,2,1
1,1,1,0,0,0,0,0,0,0,0,0,0.106080492,0.728490262,1,0,2,0,1
1,0,0,0,0,1,0,0,0,0,0,0,-1.500957084,0.814263731,1,0,1,2,1
1,0,0,0,0,1,1,1,0,0,0,0,-0.4295987,0.314283375,1,0,1,2,1
1,0,1,1,1,0,0,0,0,1,0,0,0.106080492,-0.77989533,1,0,1,2,1
1,1,0,0,0,0,0,0,0,0,0,0,-1.500957084,0.206959209,1,0,1,2,1
1,0,1,1,0,0,0,0,0,1,0,0,-0.4295987,-0.024560108,1,0,1,2,1
1,1,1,1,0,0,0,0,0,0,0,1,0.106080492,-1.171217119,1,0,1,2,1
1,1,0,0,0,1,1,0,0,0,0,0,0.106080492,1.307997177,1,0,1,2,1
1,1,1,0,0,0,0,0,0,0,1,0,-0.4295987,-0.061659422,1,0,1,2,1
1,0,0,0,0,0,1,0,0,0,0,0,-1.500957084,0.378729527,1,0,1,2,1
1,1,1,0,0,1,0,0,0,0,0,0,-0.4295987,-0.16692679,1,0,1,2,1
1,0,1,0,0,0,0,0,0,0,0,0,-1.500957084,-0.801943636,1,0,0,2,1
1,1,0,1,0,0,0,0,0,0,0,0,-0.4295987,0.680075333,1,0,1,2,1
1,1,0,0,0,0,0,0,0,0,0,0,-1.500957084,0.314283375,1,0,1,0,1
1,1,1,0,0,1,1,1,0,0,1,0,1.713118068,1.199958858,1,0,1,1,1
1,1,0,0,0,0,0,0,1,0,0,1,-0.4295987,0.194994244,1,0,1,0,1
1,1,0,1,1,0,0,1,0,0,0,0,0.641759684,1.902717991,1,0,0,0,1
1,1,0,0,0,1,0,1,0,0,0,0,0.641759684,1.090499975,1,0,0,0,1
1,1,1,0,0,1,1,1,0,0,1,0,1.713118068,0.728490262,1,0,1,0,1
1,1,0,0,0,1,0,0,0,0,0,0,-0.4295987,1.961347302,1,0,0,0,1
1,1,1,1,0,0,0,0,0,1,0,0,0.106080492,-0.39243973,1,0,1,1,1
1,1,0,0,1,1,0,1,1,0,0,0,1.177438876,0.728490262,1,0,0,0,1
1,1,0,0,0,1,0,1,0,0,0,0,-0.4295987,0.62704322,1,0,1,0,1
1,1,0,0,0,0,0,0,0,0,0,0,0.106080492,-0.552410073,1,0,1,0,1
1,1,1,1,0,0,1,1,0,0,0,0,2.24879726,-1.599364242,1,0,2,0,1
1,1,1,1,0,0,0,0,0,0,0,0,0.106080492,-1.853056266,1,0,1,0,1
1,0,1,0,0,0,0,0,0,0,1,0,-0.965277892,-0.861622461,1,0,0,1,1
1,1,1,0,0,0,0,0,0,0,1,0,-0.4295987,-1.129173884,1,0,1,0,1
1,1,1,1,0,1,1,0,0,1,1,0,1.713118068,-0.777112978,1,0,1,0,1
1,1,1,0,0,1,0,0,0,0,0,0,0.106080492,0.252401227,1,0,1,0,1
1,1,1,0,0,1,0,0,0,0,0,0,0.106080492,-0.887240263,1,0,1,0,1
1,0,0,0,0,0,0,0,0,0,1,0,-1.500957084,-1.781153928,1,0,1,0,1
1,1,1,1,0,0,0,0,0,1,0,0,0.106080492,0.11723918,1,0,1,0,1
1,1,0,0,0,0,0,0,0,0,0,0,-1.500957084,-0.822638099,1,0,0,0,1
1,0,0,0,0,0,0,0,1,0,0,1,-0.965277892,-1.218229261,1,0,1,0,1
1,1,0,0,0,1,0,1,0,0,0,0,0.641759684,0.62704322,1,0,1,0,1
1,1,0,0,0,1,1,1,0,0,0,0,0.641759684,1.398431488,1,0,1,0,1
1,1,0,0,0,0,0,0,0,0,0,0,-1.500957084,0.888564859,1,0,1,1,1
1,1,0,0,0,1,0,1,0,0,0,0,-0.4295987,0.361065161,1,0,1,1,1
1,0,1,0,0,0,0,0,0,1,0,0,-0.965277892,-1.370702895,1,0,0,0,1
1,1,0,0,0,0,0,0,0,0,0,1,-0.965277892,1.324127379,1,0,1,0,1
1,1,1,1,0,0,0,0,0,0,0,1,0.106080492,0.814263731,1,0,1,1,1
1,1,0,0,0,1,0,1,0,0,0,0,0.106080492,0.814263731,1,0,1,0,1
1,1,1,0,0,0,0,0,0,0,0,0,0.106080492,-1.393335072,1,0,1,0,1
1,0,1,0,0,0,0,0,0,1,0,0,-0.965277892,0.39585037,1,0,1,0,1
1,1,0,0,0,1,0,0,0,0,0,0,-0.4295987,1.544425888,1,0,0,0,1
1,1,0,0,0,0,0,0,1,0,0,1,-0.4295987,0.010219665,1,0,1,0,1
1,1,0,0,0,0,1,1,0,0,0,0,0.641759684,-0.708035255,1,0,1,0,1
1,0,1,0,0,0,0,0,0,1,1,0,-0.4295987,-0.875524691,1,0,0,1,1
1,0,1,0,0,0,0,0,0,0,1,0,-0.965277892,-2.707077416,1,0,1,0,1
1,1,1,1,0,1,1,0,0,1,1,0,1.713118068,-1.393335072,1,0,1,0,1
1,1,1,1,0,0,0,0,0,1,0,0,0.106080492,0.157473692,1,0,1,0,1
1,1,0,0,0,1,1,0,0,0,0,0,0.106080492,1.158721589,1,0,1,0,1
1,0,1,0,0,1,0,0,0,0,0,1,-0.4295987,-3.602679911,1,0,1,0,0
1,1,1,0,0,0,0,0,0,0,0,0,-0.965277892,-1.561174598,1,0,1,0,1
1,0,1,1,1,0,0,0,0,1,0,0,0.106080492,-0.774344469,1,0,1,0,1
1,1,0,0,0,0,0,0,0,0,0,0,-1.500957084,0.888564859,1,0,1,0,1
1,1,0,0,0,0,0,0,1,0,0,1,-0.4295987,0.333470558,1,0,1,0,1
1,1,1,1,0,0,0,0,0,0,0,1,0.106080492,1.238349936,1,0,1,0,1
1,1,1,0,0,1,1,1,0,0,1,0,1.713118068,1.179722123,1,0,1,0,1
1,1,0,0,0,0,0,1,0,0,0,0,0.641759684,1.762870879,1,0,1,0,1
1,1,0,0,0,0,0,0,0,0,0,0,0.106080492,0.058624761,1,0,1,0,1
1,1,0,0,1,0,0,0,1,0,0,0,-0.4295987,0.294410914,1,0,1,0,1
1,1,1,0,0,1,0,0,0,0,0,0,0.106080492,0.206959209,1,0,1,0,1
1,1,1,1,1,0,0,0,0,1,1,0,1.177438876,-0.776419559,1,0,1,0,1
1,1,0,0,0,1,1,1,0,0,0,0,0.641759684,1.824383262,1,0,1,1,1
1,1,0,0,0,1,0,0,0,0,0,0,-0.4295987,1.585663922,1,0,0,0,1
1,1,1,1,1,0,0,0,1,0,0,0,1.713118068,0.728490262,1,0,0,0,1
1,1,0,1,0,1,1,0,0,0,0,0,1.177438876,1.219485409,1,0,0,0,1
1,1,0,0,0,1,1,1,0,0,0,0,0.641759684,1.33980316,1,0,1,0,1
1,1,1,1,0,0,0,0,0,1,0,0,0.106080492,-0.50790442,1,0,1,0,1
1,0,1,1,1,0,0,0,0,1,0,0,0.106080492,-0.724833251,1,0,1,0,1
1,1,0,0,0,0,0,1,0,0,0,0,-0.4295987,0.369967433,1,0,1,0,1
1,0,1,0,0,0,0,0,0,1,0,0,-0.965277892,0.294410914,1,0,0,0,1
1,1,0,1,0,0,0,0,0,0,0,0,-0.965277892,-1.143731576,1,0,0,0,1
1,0,0,0,0,1,1,1,0,0,0,0,-0.4295987,-1.744450356,1,0,1,0,1
1,1,0,0,0,1,0,1,0,0,0,0,-0.4295987,0.369967433,1,0,1,0,1
1,1,1,0,0,1,0,0,0,0,0,0,0.106080492,0.404217227,0,0,1,2,1
1,1,1,0,0,1,0,0,0,0,0,0,-0.4295987,0.170263708,0,0,1,2,1
1,1,1,1,0,0,0,0,0,0,0,0,0.641759684,1.451467395,0,0,0,2,1
1,0,1,0,0,0,0,0,0,1,0,0,-0.965277892,-0.16692679,0,0,1,2,1
1,1,0,0,0,0,0,1,0,0,0,0,-0.4295987,0.536616274,0,0,1,2,1
1,1,0,0,1,0,0,0,1,0,0,0,-0.4295987,0.144382777,0,0,1,0,1
1,1,0,1,0,0,0,1,0,0,0,0,0.641759684,1.158721589,0,0,1,2,1
1,1,0,0,0,0,0,0,0,0,0,0,-1.500957084,0.026826959,0,0,1,2,1
1,1,0,0,0,1,0,0,0,0,0,0,0.641759684,-0.190599824,0,0,3,2,1
1,1,0,0,0,0,0,0,0,0,0,1,-0.4295987,-0.995161288,0,0,1,0,1
1,1,1,1,0,0,0,0,0,1,0,0,1.177438876,-0.843349885,0,0,1,2,1
1,1,1,1,0,0,0,0,0,0,0,0,0.106080492,1.012730399,0,0,2,2,1
1,1,1,0,0,0,0,0,0,0,0,0,0.641759684,1.065765041,0,0,2,2,1
1,1,1,0,0,0,0,0,0,0,0,0,0.641759684,0.62704322,0,0,3,2,1
1,1,1,1,0,0,0,0,0,0,1,0,0.106080492,-2.126232696,0,0,0,0,1
1,1,1,0,0,1,1,0,0,0,0,0,0.106080492,-0.04280065,0,0,1,2,1
1,1,1,0,0,1,0,0,0,0,0,0,0.106080492,0.680075333,0,0,1,2,1
1,1,1,1,0,0,0,0,0,0,0,0,0.641759684,0.922298543,0,0,1,2,1
1,1,0,0,0,0,0,0,0,0,0,0,0.106080492,1.039879294,0,0,1,2,1
1,1,0,0,0,0,1,1,0,0,0,0,0.641759684,-0.653773729,0,0,1,0,0
1,1,1,0,0,0,0,0,1,0,0,0,2.784476452,0.62704322,0,0,1,2,1
1,1,0,0,0,0,0,0,0,0,0,1,-0.965277892,0.852653484,0,0,1,2,1
1,1,0,0,0,0,0,0,0,0,0,0,-1.500957084,0.218672315,0,0,1,2,1
1,0,1,0,0,0,0,0,0,0,1,0,-0.965277892,0.404217227,0,0,1,2,1
1,1,1,1,1,0,0,0,0,1,0,0,3.320155644,0.32395966,0,0,1,2,1
1,1,1,1,0,0,0,0,0,1,0,0,0.641759684,0.984188729,0,0,2,2,1
1,1,1,0,0,0,1,0,0,0,0,0,0.106080492,-1.71374082,0,0,0,2,0
1,1,1,0,0,0,0,0,0,0,1,0,-0.4295987,0.230143947,0,0,0,2,1
1,1,1,0,0,1,0,0,0,0,0,0,-0.4295987,0.11723918,0,0,1,1,1
1,1,1,1,0,0,0,0,0,0,0,0,0.641759684,1.945960221,0,0,0,2,1
1,1,1,1,0,0,0,0,0,0,0,0,0.641759684,0.378729527,0,0,1,0,1
1,0,0,0,0,0,0,0,0,1,0,0,-1.500957084,0.11723918,0,0,1,2,1
1,1,0,0,0,0,0,0,0,0,0,0,0.106080492,0.252401227,0,0,1,2,1
1,1,1,1,1,0,0,0,1,0,0,0,3.320155644,1.476202878,0,0,1,2,1
1,1,1,1,0,0,0,1,0,0,1,0,1.177438876,-0.326935729,0,0,2,0,1
1,1,0,0,0,0,0,0,0,0,0,0,-1.500957084,0.387355791,0,0,1,0,1
1,1,0,0,0,0,0,0,0,0,0,1,-0.4295987,-0.65656026,0,0,1,2,1
1,1,1,1,0,0,0,0,0,0,1,0,0.106080492,-0.809982069,0,0,0,0,1
1,1,1,0,0,1,0,0,0,0,0,0,0.106080492,-0.653773729,0,0,1,0,1
1,1,1,0,0,1,0,0,0,0,0,0,-0.4295987,-0.885551432,0,0,1,0,1
1,1,0,0,0,0,0,0,0,0,0,0,-1.500957084,0.230143947,0,0,1,0,1
1,1,1,1,0,0,0,0,0,0,0,0,0.641759684,1.67709199,0,0,0,0,1
1,1,1,1,0,0,0,0,0,0,0,0,0.641759684,0.680075333,0,0,1,0,1
1,1,0,0,0,0,1,1,0,0,0,0,0.106080492,0.252401227,0,0,0,0,1
1,1,0,0,1,0,0,0,0,0,0,0,0.106080492,-0.686988534,0,0,1,1,1
1,1,0,0,0,0,1,0,0,0,0,0,-0.4295987,-0.552410073,0,0,1,0,1
1,1,0,0,0,0,1,1,0,0,0,0,0.106080492,1.179722123,0,0,1,2,1
1,1,0,0,0,0,0,1,0,0,0,0,-0.4295987,-1.643652194,0,0,0,0,1
1,1,1,0,0,1,0,0,0,0,0,0,0.106080492,0.568419529,0,0,1,2,1
1,1,1,0,0,1,1,0,0,0,0,0,0.106080492,0.058624761,0,0,1,2,1
1,1,1,1,0,0,0,0,0,0,0,0,0.641759684,0.62704322,0,0,1,2,1
1,1,1,1,0,0,0,1,1,0,0,0,1.713118068,0.680075333,0,0,1,2,1
1,1,0,0,0,1,1,1,0,0,0,0,0.641759684,0.62704322,0,0,2,2,1
1,1,1,1,0,0,0,1,0,0,0,0,0.641759684,0.026826959,0,0,1,2,1
1,1,1,0,0,0,1,1,0,0,0,0,0.106080492,-0.215324865,0,0,1,2,1
1,1,0,0,0,0,0,0,0,0,0,1,-0.4295987,-0.669561146,0,0,1,0,1
1,0,1,0,0,0,0,0,0,0,0,0,-1.500957084,0.241383858,0,0,0,2,1
1,1,1,0,0,0,0,0,0,0,1,0,-0.4295987,0.103154168,0,0,0,2,1
1,1,1,0,0,1,0,0,0,0,0,0,-0.4295987,-0.268336755,0,0,1,1,1
1,1,1,1,0,0,0,0,0,0,0,0,0.641759684,-0.122403323,0,0,1,0,1
1,0,1,0,0,0,0,0,0,1,0,0,-0.965277892,-0.04280065,0,0,1,1,1
1,1,1,1,0,0,0,0,0,0,0,1,0.106080492,0.62704322,0,0,1,0,1
1,0,1,1,0,0,0,0,0,1,0,0,-0.4295987,0.333470558,0,0,1,2,1
1,1,0,0,0,1,1,1,0,0,0,0,0.641759684,0.333470558,0,0,1,1,1
1,1,1,1,0,0,0,1,0,0,0,0,0.641759684,-0.600787097,0,0,1,1,1
1,1,1,1,1,0,0,0,0,1,0,0,3.320155644,-0.122403323,0,0,1,0,1
1,0,1,0,0,0,0,0,0,0,1,0,-0.965277892,0.459507084,0,0,1,0,1
1,1,0,0,0,0,1,1,0,0,0,0,0.641759684,1.324127379,0,0,1,0,1
1,1,1,0,0,0,0,0,0,0,1,0,-0.4295987,0.230143947,0,0,0,1,1
1,1,1,1,0,0,1,1,0,0,0,0,1.177438876,-1.432477939,0,0,0,1,1
1,1,1,0,0,1,0,0,0,0,0,0,-0.4295987,0.042952953,0,0,1,0,1
1,1,1,1,0,0,0,0,0,0,0,0,0.641759684,0.555915484,0,0,0,0,1
1,1,1,1,0,0,0,0,0,0,0,0,0.641759684,0.444262489,0,0,1,0,1
1,1,0,0,0,0,1,1,0,0,0,0,0.106080492,1.544425888,0,0,1,1,1
1,1,0,0,0,0,0,0,0,0,0,1,-0.4295987,-0.50790442,0,0,1,1,1
1,1,1,0,0,0,0,0,0,0,0,0,0.641759684,0.206959209,0,0,2,1,1
1,1,0,0,1,0,0,0,0,0,0,0,0.641759684,1.425581045,0,0,1,0,1
1,0,1,0,0,0,0,0,0,0,0,0,-1.500957084,-0.73182496,0,0,0,1,1
1,0,1,0,0,0,0,0,0,0,1,0,-0.965277892,0.62704322,0,0,0,1,1
1,1,0,0,1,0,0,0,1,0,0,1,0.106080492,-0.10140992,0,0,0,1,1
1,1,1,1,0,0,0,0,0,0,1,0,0.106080492,-0.959375946,0,0,0,0,1
1,1,0,0,0,0,0,1,0,0,0,0,-0.4295987,0.474345161,0,0,1,0,1
1,1,1,1,0,0,0,0,0,0,0,0,0.641759684,1.355049425,0,0,0,0,1
1,1,1,0,0,1,1,0,0,0,0,0,0.106080492,-0.024560108,0,0,1,0,1
1,1,1,0,0,1,0,0,0,0,0,0,0.106080492,0.352018155,0,0,1,0,1
1,1,1,1,0,0,0,0,0,0,0,0,0.641759684,0.420582738,0,0,1,1,1
1,1,0,0,0,0,0,0,0,0,0,0,0.106080492,-0.144219881,0,0,1,0,1
1,0,1,0,0,0,0,0,0,0,1,0,-0.965277892,-0.729909401,0,0,1,0,1
1,1,1,1,1,0,0,0,0,1,1,0,1.177438876,-0.122403323,0,0,1,0,1
1,1,0,0,0,0,0,1,0,0,0,0,-0.4295987,0.62704322,0,0,1,0,1
1,1,1,0,0,0,0,0,0,1,0,0,1.177438876,-1.477019234,0,0,1,0,1
1,1,1,0,0,1,0,0,0,0,0,0,0.106080492,-0.881351646,0,0,1,0,1
1,1,1,0,0,1,0,0,0,0,0,0,-0.4295987,-1.056994528,0,0,1,0,1
1,1,1,1,0,0,0,0,0,0,0,0,0.641759684,1.70983443,0,0,0,0,0
1,1,1,0,0,1,0,0,0,0,0,0,-0.4295987,0.026826959,0,0,1,0,1
1,1,1,1,0,0,0,0,0,0,0,0,0.641759684,0.273802408,0,0,1,0,1
1,0,1,0,0,0,0,0,0,1,0,0,-0.965277892,-0.144219881,0,0,1,0,1
1,1,0,0,0,0,1,1,0,0,0,0,0.641759684,-0.552410073,0,0,1,0,0
1,1,1,0,0,0,0,0,0,0,0,0,0.641759684,0.680075333,0,0,2,1,1
1,0,1,0,0,0,0,0,0,0,1,0,-0.965277892,-1.684637763,0,0,1,0,1
1,1,0,0,0,1,1,1,0,0,0,0,0.641759684,0.39585037,0,0,1,1,1
1,1,1,0,0,0,0,0,0,0,1,0,-0.4295987,-0.04280065,0,0,0,1,1
1,1,1,0,0,0,0,0,0,0,0,0,0.641759684,0.495885812,0,0,3,1,1
1,1,1,0,0,1,0,0,0,0,0,0,0.106080492,0.420582738,0,0,1,2,1
1,1,1,0,0,1,0,0,0,0,0,0,-0.4295987,-0.215324865,0,0,1,2,1
1,1,1,1,0,0,0,0,0,0,0,0,0.641759684,1.065765041,0,0,0,0,1
1,1,1,1,0,0,0,0,0,0,0,0,0.641759684,0.543123997,0,0,1,0,1
1,1,1,1,0,0,0,0,0,0,0,1,0.106080492,1.369889086,0,0,1,2,1
1,1,1,0,0,0,0,0,1,0,0,0,2.784476452,0.241383858,0,0,1,2,1
1,1,0,0,0,0,1,1,0,0,0,0,0.106080492,0.888564859,0,0,1,2,1
1,0,1,1,1,0,0,0,0,1,0,0,0.106080492,0.263204694,0,0,1,0,1
1,1,0,0,0,0,0,0,0,0,0,1,-0.4295987,-0.818138324,0,0,1,2,1
1,1,1,0,0,0,0,0,0,0,0,0,0.641759684,0.218672315,0,0,2,2,1
1,0,1,0,0,0,0,0,0,0,1,0,-0.965277892,-1.544395363,0,0,1,0,0
1,1,0,0,0,0,0,1,0,0,0,0,-0.4295987,0.284202059,0,0,1,0,1
1,1,0,0,0,0,0,0,1,0,0,0,-0.965277892,-0.04280065,0,0,0,2,0
1,1,0,0,0,0,1,1,0,0,0,0,0.106080492,-0.10140992,0,0,0,2,1
1,0,1,0,0,0,0,0,0,1,0,0,-0.965277892,-0.900938656,0,0,1,2,1
1,1,0,0,0,0,0,0,0,0,0,0,-1.500957084,-0.834049349,0,0,1,0,1
1,1,1,1,0,0,0,0,0,0,0,0,0.641759684,1.27426247,0,0,0,0,0
1,1,1,0,0,1,1,0,0,0,0,0,0.106080492,-0.268336755,0,0,1,2,1
1,0,1,0,0,0,0,0,0,1,0,0,-0.965277892,-0.50790442,0,0,1,0,1
1,1,1,1,0,0,0,0,0,0,0,0,0.641759684,0.39585037,0,0,1,2,1
1,1,0,1,1,0,0,1,0,0,0,0,2.24879726,0.77302799,0,0,1,2,1
1,1,1,0,0,0,1,1,0,0,0,0,0.106080492,-0.190599824,0,0,1,2,1
1,1,0,0,0,0,0,0,0,0,0,1,-0.4295987,-0.50790442,0,0,1,2,1
1,1,1,0,0,0,1,0,0,0,0,0,0.106080492,-1.87757429,0,0,0,2,0
1,0,1,0,0,0,0,0,0,1,0,0,-0.965277892,-1.093750256,0,0,1,2,1
1,1,1,0,0,1,1,0,0,0,0,0,0.106080492,-0.144219881,0,0,1,0,1
1,1,1,1,0,0,0,0,0,0,0,0,0.641759684,0.042952953,0,0,1,0,1
1,1,0,1,1,0,0,1,0,0,0,0,2.24879726,0.509796525,0,0,1,2,1
1,1,0,0,0,1,1,1,0,0,0,0,0.106080492,1.256595861,0,0,1,0,1
1,1,1,1,0,0,1,1,0,0,0,0,1.177438876,-0.685809573,0,0,1,0,0
1,1,1,0,0,0,0,0,0,0,0,0,0.641759684,0.888564859,0,0,2,2,1
1,1,0,0,0,0,0,0,0,0,0,1,-0.4295987,-0.600787097,0,0,1,2,1
1,1,1,1,0,0,0,0,0,0,1,0,0.106080492,-1.484389793,0,0,0,0,1
1,1,1,0,0,0,1,0,0,0,0,0,0.106080492,-1.67410491,0,0,0,0,1
1,1,1,0,0,0,0,0,0,0,0,0,0.641759684,0.610095333,0,0,3,2,1
1,1,1,0,0,1,0,0,0,0,0,0,-0.4295987,-0.16692679,0,0,1,0,1
1,1,1,0,0,1,0,0,0,0,0,0,0.106080492,0.333470558,0,0,1,0,1
1,1,1,1,0,0,0,0,0,0,0,0,0.641759684,0.273802408,0,0,1,2,1
1,1,0,0,0,1,0,0,0,0,0,0,-0.965277892,0.852653484,0,0,1,1,1
1,0,1,0,0,0,0,0,0,0,1,0,-0.965277892,0.404217227,0,0,1,2,1
1,1,1,0,0,0,0,0,0,0,0,0,1.177438876,0.103154168,0,0,2,0,1
1,1,1,1,0,0,0,0,0,0,1,0,0.106080492,0.284202059,0,0,0,1,1
1,0,1,1,0,0,0,0,0,1,0,0,-0.4295987,-0.712341837,0,0,1,0,1
1,1,1,0,0,1,0,0,0,0,0,0,-0.4295987,0.026826959,0,0,1,1,1
1,1,1,0,0,0,0,0,0,0,0,0,0.641759684,0.361065161,0,0,3,1,1
1,1,1,1,0,0,0,0,0,0,0,0,0.641759684,1.86191183,0,0,0,1,1
1,1,1,1,0,0,0,0,0,0,0,0,0.641759684,0.728490262,0,0,1,0,1
1,1,0,0,0,0,0,0,0,0,0,0,0.106080492,1.256595861,0,0,1,1,1
1,1,1,1,0,0,0,0,0,0,0,1,0.106080492,1.797880039,0,0,1,0,1
1,1,1,0,0,0,0,0,1,0,0,0,2.784476452,0.580648768,0,0,1,1,1
1,1,0,1,0,0,0,1,0,0,0,0,0.641759684,1.012730399,0,0,1,0,1
1,1,0,0,0,0,0,0,0,0,0,1,-0.4295987,-0.78129174,0,0,1,1,1
1,0,1,0,0,0,0,0,0,0,1,0,-0.965277892,0.954103617,0,0,1,1,1
1,1,0,1,0,0,0,0,0,0,0,0,-0.4295987,-0.428330253,0,0,1,0,1
1,1,1,0,0,0,0,0,0,0,1,0,-0.4295987,0.680075333,0,0,0,1,1
1,1,0,0,0,0,0,0,0,0,0,0,0.106080492,-0.653773729,0,0,1,0,0
1,1,1,0,0,0,0,0,1,0,0,0,2.784476452,0.241383858,0,0,1,0,1
1,1,1,0,0,0,0,0,0,0,1,0,-0.4295987,-0.296865252,0,0,0,0,1
1,1,0,0,0,0,1,1,0,0,0,0,0.641759684,-0.653773729,0,0,1,2,1
1,0,1,0,0,0,0,0,0,0,1,0,-0.965277892,0.604329359,0,0,1,2,1
1,1,0,0,0,1,1,0,0,0,0,0,-0.4295987,1.642301886,0,0,0,0,1
1,1,0,0,0,0,0,1,0,0,0,0,-0.4295987,0.241383858,0,0,1,2,1
1,1,1,1,0,0,0,0,0,0,1,0,0.106080492,-1.078039986,0,0,0,0,1
1,1,1,0,0,1,0,0,0,0,0,0,-0.4295987,-0.241199778,0,0,1,1,1
1,1,1,1,0,0,0,0,0,0,0,0,0.641759684,1.725510432,0,0,0,1,0
1,1,1,1,0,0,0,0,0,0,0,0,0.641759684,0.30443585,0,0,1,1,1
1,1,0,0,0,0,0,1,0,0,0,0,-0.4295987,0.568419529,0,0,1,1,1
1,0,1,0,0,0,0,0,0,0,1,0,-0.965277892,-0.887240263,0,0,1,0,1
1,0,1,0,0,0,0,0,0,0,1,0,-0.965277892,0.516623615,0,0,1,0,1
1,1,0,0,0,0,1,1,0,0,0,0,0.106080492,1.499885485,0,0,1,1,1
1,0,1,0,0,0,0,0,0,0,1,0,-0.965277892,-0.918549908,0,0,0,0,1
1,1,0,0,0,0,0,1,0,0,0,0,-0.4295987,0.404217227,0,0,1,0,1
1,1,1,0,0,0,0,0,0,0,1,0,-0.4295987,-0.50790442,0,0,0,0,1
1,1,1,0,0,1,1,0,0,0,0,0,0.106080492,0.103154168,0,0,1,0,1
1,1,1,1,0,0,0,0,0,0,0,0,0.641759684,-0.268336755,0,0,1,0,1
1,1,0,1,0,0,0,0,0,0,0,0,-0.4295987,-0.688169997,0,0,1,0,1
1,1,1,1,0,0,1,1,0,0,0,0,1.177438876,-0.296865252,0,0,0,0,1
1,0,1,0,0,0,0,0,0,0,0,0,-1.500957084,0.218672315,0,0,1,1,1
1,1,1,1,0,0,0,0,0,0,1,0,0.106080492,-0.600787097,0,0,0,0,1
1,1,1,1,0,0,1,1,0,0,0,0,1.177438876,0.568419529,0,0,0,1,1
1,1,1,1,1,0,0,0,0,1,0,0,3.320155644,-0.081179807,0,0,1,1,1
1,1,1,1,1,0,0,0,0,1,1,0,1.177438876,-0.50790442,0,0,1,2,0
1,0,1,0,0,0,0,0,0,0,1,0,-0.965277892,-0.50790442,0,0,0,2,1
1,1,1,1,0,0,0,0,0,0,1,0,0.106080492,-0.241199778,0,0,0,0,1
1,1,0,0,0,0,0,0,1,0,0,1,-0.4295987,-0.190599824,0,0,1,0,1
1,1,0,0,0,0,0,0,0,0,0,0,-1.500957084,1.012730399,0,0,1,1,1
1,1,0,0,0,0,1,1,0,0,0,0,-0.4295987,1.158721589,0,0,1,1,1
1,1,0,0,0,0,0,0,0,0,0,0,0.106080492,1.199958858,0,0,1,1,1
1,1,1,0,0,0,0,0,0,0,0,0,0.106080492,0.814263731,0,0,1,1,1
1,0,1,0,0,0,0,0,0,0,0,0,-1.500957084,0.369967433,0,0,1,1,1
1,0,1,0,0,0,0,0,0,0,1,0,-0.965277892,0.026826959,0,0,1,1,1
1,1,1,0,0,0,1,1,0,0,0,0,0.641759684,0.284202059,0,0,2,1,1
1,1,0,1,0,1,0,1,0,0,0,0,1.177438876,0.263204694,0,0,2,0,1
1,0,1,0,0,0,0,0,0,0,1,0,-0.965277892,-0.600787097,0,0,0,0,1
1,1,1,0,0,0,0,0,0,0,0,0,-0.4295987,-0.653773729,0,0,1,0,1
1,1,0,0,0,0,0,1,0,0,0,0,-0.4295987,0.333470558,0,0,1,1,1
1,0,1,1,0,0,0,0,0,1,0,0,-0.4295987,0.610095333,0,0,1,1,1
1,1,1,1,0,0,0,1,0,0,0,0,3.320155644,1.511359245,0,0,1,1,1
1,1,0,0,0,0,0,0,1,0,0,1,-0.4295987,-0.10140992,0,0,1,0,1
1,1,1,1,0,0,0,0,0,0,1,0,0.106080492,-0.996188932,0,0,0,0,1
1,1,0,0,0,0,0,0,1,0,0,1,-0.4295987,0.026826959,0,0,1,0,1
1,1,1,1,0,0,0,0,0,0,0,1,0.106080492,0.888564859,0,0,1,0,1
1,1,0,1,0,0,0,0,0,0,0,0,-0.4295987,0.543123997,0,0,1,2,1
1,0,1,0,0,0,0,0,0,0,0,0,-1.500957084,-0.960339529,0,0,0,0,1
1,1,1,1,1,0,0,0,0,1,0,0,1.177438876,0.263204694,0,0,0,0,1
1,1,1,0,0,0,1,1,0,0,0,0,0.641759684,-0.326935729,0,0,2,0,1
1,0,1,0,0,0,0,0,0,0,1,0,-0.965277892,-0.552410073,0,0,0,2,1
1,0,1,0,0,0,0,0,0,1,0,0,-0.965277892,0.026826959,0,0,2,0,1
1,1,0,1,0,0,0,0,0,0,0,0,0.106080492,-0.729909401,0,0,1,0,1
1,0,0,0,0,0,0,0,0,1,0,0,-1.500957084,-0.746734168,0,0,1,2,1
1,1,1,1,0,0,0,0,0,0,1,0,0.106080492,-0.860009506,0,0,0,0,1
1,1,0,0,0,0,0,0,1,0,0,1,-0.4295987,0.459507084,0,0,1,1,1
1,1,0,0,0,0,0,0,0,0,0,0,-1.500957084,-0.144219881,0,0,1,0,1
1,1,1,1,0,0,0,0,0,0,0,0,0.641759684,0.436480666,0,0,1,0,1
1,1,0,0,0,0,0,0,0,0,0,0,0.106080492,-0.241199778,0,0,1,0,1
1,1,0,1,0,0,0,0,0,0,0,0,-0.4295987,-0.466696175,0,0,1,0,1
1,1,1,0,0,0,0,0,0,0,0,0,0.106080492,0.852653484,0,0,1,0,1
1,0,1,1,0,0,0,0,0,1,0,0,-0.4295987,0.170263708,0,0,1,1,1
1,1,0,0,0,1,0,0,0,0,0,0,-0.4295987,1.369889086,0,0,0,0,1
1,1,0,1,0,0,0,0,0,1,0,0,-0.4295987,0.436480666,0,0,1,2,1
1,1,0,0,0,0,0,1,0,0,0,0,-0.4295987,0.728490262,0,0,1,0,1
1,1,1,1,0,0,0,0,0,0,0,0,0.641759684,0.984188729,0,0,0,1,1
1,1,1,1,0,0,0,0,0,0,0,1,0.106080492,0.728490262,0,0,1,0,1
1,1,0,0,0,0,0,0,0,0,0,0,0.106080492,-0.006898545,0,0,1,0,1
1,0,1,0,0,0,0,0,0,0,0,0,-1.500957084,0.026826959,0,0,1,0,1
1,1,0,0,0,0,0,0,1,0,0,1,-0.4295987,0.420582738,0,0,1,0,1
1,0,1,0,0,0,0,0,0,1,0,0,-0.965277892,0.30443585,0,0,2,0,1
1,0,1,1,1,0,0,0,0,1,0,0,0.106080492,0.459507084,0,0,1,0,1
1,1,0,0,0,0,0,0,0,0,0,0,-0.4295987,-0.661047938,0,0,2,0,1
1,1,1,0,0,0,0,0,0,1,0,0,1.177438876,-0.600787097,0,0,1,0,1
1,1,1,0,0,0,0,0,0,0,0,0,0.641759684,0.516623615,0,0,3,2,1
1,1,1,0,0,1,1,0,0,0,0,0,0.106080492,0.182766349,0,0,1,1,1
1,1,1,0,0,1,0,0,0,0,0,0,0.106080492,0.333470558,0,0,1,0,1
1,1,1,1,0,0,0,0,0,0,0,0,0.641759684,0.194994244,0,0,1,0,1
1,1,0,0,0,0,0,0,0,0,0,0,-1.500957084,1.544425888,0,0,0,0,1
1,1,0,0,0,0,1,1,0,0,0,0,0.641759684,-1.043393791,0,0,1,0,0
1,1,1,0,0,0,0,0,0,0,1,0,0.641759684,-1.04004492,0,0,1,0,1
1,1,1,1,0,0,1,1,0,0,0,0,1.177438876,0.680075333,0,0,0,0,1
1,1,0,0,0,0,0,1,0,0,0,0,-0.965277892,0.888564859,0,0,1,0,1
1,1,1,1,0,0,0,0,0,0,0,0,0.641759684,0.555915484,0,0,1,1,1
1,1,0,0,0,1,0,0,0,0,0,0,-0.965277892,1.659968776,0,0,1,0,1
1,1,0,0,0,1,0,1,0,0,0,0,0.106080492,0.62704322,0,0,1,0,0
1,1,1,1,0,0,1,1,0,0,0,0,1.177438876,-1.058143072,0,0,0,1,1
1,0,1,0,0,0,0,0,0,1,0,0,-0.965277892,-0.190599824,0,0,1,0,1
1,0,1,0,0,0,0,0,0,0,1,0,-0.965277892,-0.788326841,0,0,0,0,1
1,1,1,1,1,0,0,0,0,1,0,0,1.177438876,0.62704322,0,0,0,1,1
1,1,1,1,0,0,0,0,0,0,0,0,0.106080492,-2.052907162,0,0,1,0,1
1,1,0,0,0,1,0,0,0,0,0,0,-0.4295987,1.614703177,0,0,1,1,1
1,1,1,1,0,0,0,1,0,0,0,0,0.641759684,0.194994244,0,0,1,1,1
1,1,1,1,0,0,0,1,0,0,0,0,1.713118068,-0.122403323,0,0,1,1,1
1,1,1,1,0,0,1,1,0,0,0,0,1.177438876,0.922298543,0,0,0,1,1
1,1,1,1,0,0,0,0,0,0,1,0,0.106080492,0.728490262,0,0,0,1,1
1,1,1,1,0,0,0,1,0,0,0,0,1.713118068,-1.768648478,0,0,1,0,0
1,1,1,0,0,1,0,0,0,0,0,0,-0.4295987,0.058624761,0,0,1,2,1
1,1,1,0,0,1,0,0,0,0,0,0,0.106080492,0.361065161,0,0,1,2,1
1,1,1,0,0,0,0,0,0,0,0,0,0.641759684,0.182766349,0,0,3,0,1
1,1,1,1,0,0,0,0,0,0,0,0,0.641759684,0.495885812,0,0,1,0,1
1,1,0,0,0,0,1,1,0,0,0,0,0.641759684,-0.759359083,0,0,1,0,0
1,1,1,1,0,0,1,1,0,0,0,0,1.177438876,-1.259585992,0,0,0,0,1
1,1,0,0,0,0,0,1,0,0,0,0,0.641759684,1.595513016,0,0,1,2,1
1,1,0,0,0,0,0,1,0,0,0,0,-0.965277892,-0.882189071,0,0,1,2,1
1,1,0,1,0,0,0,0,1,0,0,0,2.24879726,-0.296865252,0,0,2,0,1
1,1,0,0,0,0,0,0,0,0,0,1,-0.4295987,-0.296865252,0,0,1,0,1
1,1,1,0,0,0,1,1,0,0,0,0,0.641759684,-0.296865252,0,0,2,0,1
1,0,1,0,0,0,0,0,0,0,1,0,-0.965277892,-1.023596359,0,0,0,0,1
1,1,1,1,0,0,0,0,0,0,1,0,0.106080492,-1.146419838,0,0,0,0,1
1,1,1,0,0,1,0,0,0,0,0,0,0.106080492,0.058624761,0,0,1,2,1
1,1,1,0,0,1,0,0,0,0,0,0,-0.4295987,0.010219665,0,0,1,2,1
1,1,1,1,0,0,0,0,0,0,0,0,0.641759684,0.728490262,0,0,1,2,1
1,0,1,0,0,0,0,0,0,0,1,0,-0.965277892,-0.70926231,0,0,0,2,1
1,1,1,1,0,0,1,1,0,0,0,0,1.177438876,-0.894904075,0,0,0,2,1
1,1,1,0,0,0,0,0,0,0,1,0,0.641759684,-2.032669691,0,0,1,2,1
1,1,0,0,0,0,0,0,0,0,0,0,0.106080492,-0.687578952,0,0,1,0,1
1,1,1,1,0,0,1,1,0,0,0,0,2.24879726,-1.785385653,0,0,2,2,1
1,1,1,1,0,0,0,0,0,0,0,0,0.106080492,-1.300697786,0,0,1,2,1
1,0,1,0,0,0,0,0,0,0,1,0,-0.965277892,-0.726097954,0,0,0,2,1
1,1,1,1,0,0,0,0,0,0,0,0,0.106080492,-1.464947847,0,0,1,0,1
1,0,1,1,1,0,1,0,1,0,0,0,0.641759684,-1.157304666,0,0,1,2,1
1,1,1,0,0,0,0,0,0,0,1,0,-0.4295987,0.361065161,0,0,0,0,1
1,1,1,0,0,1,0,0,0,0,0,0,-0.4295987,-0.358724446,0,0,1,0,1
1,1,1,1,0,0,0,0,0,0,0,0,0.641759684,-0.16692679,0,0,1,0,1
1,1,0,0,0,0,0,0,0,0,0,0,0.106080492,0.77302799,0,0,1,0,1
1,1,0,0,0,1,0,0,0,0,0,0,-0.4295987,1.398431488,0,0,0,0,1
1,1,1,1,0,0,1,1,0,0,0,0,1.177438876,-1.382933477,0,0,1,0,1
1,0,1,0,0,0,0,0,0,1,0,0,-0.965277892,-0.815902009,0,0,1,0,1
1,1,0,0,0,0,0,0,1,0,0,1,-0.4295987,0.103154168,0,0,1,0,1
1,1,1,1,0,0,0,0,0,0,0,0,0.106080492,-1.432477939,0,0,1,0,1
1,1,0,0,0,0,0,1,0,0,0,0,-0.965277892,-1.261239691,0,0,1,0,1
1,1,1,0,0,1,0,0,0,0,0,0,-0.4295987,-0.190599824,0,0,1,0,1
1,1,1,1,0,0,0,0,0,0,0,0,0.641759684,0.420582738,0,0,1,2,1
1,1,1,1,0,0,1,1,0,0,0,0,1.177438876,0.530031543,0,0,0,2,1
1,0,1,0,0,0,0,0,0,0,0,0,-1.500957084,1.668596243,0,0,1,2,1
1,0,1,0,0,0,0,0,0,0,1,0,-0.965277892,0.361065161,0,0,0,0,1
1,1,0,0,0,1,1,0,0,0,0,0,0.106080492,1.65120544,0,0,1,2,1
1,0,1,0,1,0,0,0,1,0,0,0,-0.4295987,-1.135743844,0,0,1,0,1
1,1,0,0,0,0,0,1,0,0,0,0,-0.965277892,-1.781153928,0,0,1,2,1
1,1,1,1,0,0,0,0,0,0,0,0,0.106080492,-1.501977189,0,0,1,2,1
1,1,0,0,1,0,0,0,1,0,0,0,-0.4295987,-1.710018604,0,0,1,2,1
1,1,1,0,1,0,0,0,0,0,0,0,-0.4295987,-1.298922763,0,0,1,2,1
1,0,0,1,1,0,0,0,0,0,0,0,-0.965277892,0.728490262,0,0,0,0,1
1,1,1,0,0,0,0,1,0,0,0,0,1.713118068,-0.466696175,0,0,2,0,1
1,1,1,0,0,0,0,0,0,0,1,0,-0.4295987,-1.134423632,0,0,1,2,1
1,1,0,0,0,0,0,0,0,0,0,0,-0.965277892,1.219485409,0,0,1,0,1
1,1,0,1,0,1,0,1,0,0,0,0,0.641759684,-1.785385653,0,0,1,0,0
1,1,0,0,0,0,0,0,0,0,0,0,-0.4295987,-0.122403323,0,0,0,2,1
1,1,1,0,0,1,0,0,0,0,0,0,-0.4295987,0.073867267,0,0,1,1,1
1,1,0,0,0,1,1,0,0,0,0,0,-0.4295987,1.867927706,0,0,1,1,1
1,0,1,0,0,0,0,0,0,0,1,0,-0.965277892,0.428588474,0,0,2,0,1
1,1,1,0,0,0,0,0,0,0,1,0,-0.4295987,-0.663305423,0,0,0,1,1
1,0,0,0,0,0,0,1,0,0,0,0,-1.500957084,-0.844131992,0,0,1,0,1
1,1,0,0,0,0,0,0,1,0,0,1,-0.4295987,1.179722123,0,0,1,1,1
1,1,1,0,0,1,0,0,0,0,0,0,0.106080492,0.157473692,0,0,1,2,0
1,1,1,0,0,0,0,0,0,0,0,0,0.641759684,0.284202059,0,0,3,2,1
1,1,1,0,0,1,0,0,0,0,0,0,-0.4295987,-0.006898545,0,0,1,2,0
1,1,1,1,0,0,1,0,0,0,0,0,1.177438876,1.605190815,0,0,0,0,0
1,1,1,1,0,0,0,0,0,0,0,0,0.641759684,0.474345161,0,0,1,0,1
1,1,0,0,0,0,1,1,0,0,0,0,0.106080492,0.088703366,0,0,0,0,1
1,1,0,0,0,1,0,1,0,0,0,0,0.106080492,2.366935694,0,0,1,2,1
1,1,0,0,0,0,0,1,0,0,0,0,-0.965277892,1.685459979,0,0,1,1,1
1,0,1,0,0,0,0,0,0,0,1,0,-0.965277892,-0.909674614,0,0,1,0,1
1,1,0,1,0,0,1,0,0,0,0,0,-0.4295987,-2.955422406,0,0,0,0,0
1,1,1,0,0,0,0,0,0,0,1,0,-0.4295987,0.144382777,0,0,0,0,1
1,1,1,1,0,0,0,0,0,0,0,0,0.641759684,0.580648768,0,0,1,1,1
1,1,1,1,0,0,0,0,0,0,0,1,3.320155644,-0.82945673,0,0,3,2,1
1,1,0,0,0,1,0,1,0,0,0,0,0.106080492,2.567605811,0,0,1,0,1
1,1,1,1,0,0,1,1,0,0,0,0,1.177438876,0.010219665,0,0,1,1,1
1,1,0,0,0,0,0,0,1,0,0,1,-0.4295987,-1.57847555,0,0,1,0,0
1,1,1,1,0,0,0,0,0,0,1,0,0.106080492,0.77302799,0,0,0,2,1
1,0,1,0,0,0,0,0,0,1,0,0,-0.965277892,-1.267904071,0,0,1,0,1
1,1,1,1,0,0,1,0,0,0,0,0,1.177438876,0.580648768,0,0,0,2,1
1,1,1,1,0,0,0,0,0,0,0,0,0.641759684,0.218672315,0,0,1,1,0
1,1,1,1,0,0,0,1,0,0,0,0,0.641759684,-0.024560108,0,0,1,1,1
1,1,1,1,0,0,1,1,0,0,0,0,1.177438876,0.586664059,0,0,0,1,1
1,0,1,0,0,0,0,0,0,0,1,0,-0.965277892,-0.39243973,0,0,0,2,1
1,1,1,0,0,0,0,0,0,0,0,0,0.641759684,-1.015018631,0,0,3,1,1
1,1,0,0,0,0,0,0,0,0,0,0,-1.500957084,-0.024560108,0,0,1,0,1
1,1,1,0,0,1,0,0,0,0,0,0,-0.4295987,0.058624761,0,0,1,0,1
1,1,1,1,0,0,0,0,0,0,0,0,0.641759684,0.621451081,0,0,1,0,1
1,1,0,0,0,1,0,1,0,0,0,0,-0.4295987,1.425581045,0,0,2,0,1
1,0,0,1,0,1,0,0,0,0,0,0,-0.965277892,-0.006898545,0,0,1,0,1
1,1,0,0,0,0,1,0,0,0,0,0,-0.965277892,0.516623615,0,0,1,0,1
1,1,0,0,0,0,0,0,0,0,0,1,-0.4295987,-0.39243973,0,0,1,0,1
1,1,1,1,0,0,0,1,0,0,0,0,0.641759684,0.615802173,0,0,1,0,1
1,0,1,0,0,0,0,0,0,0,1,0,-0.965277892,-1.329896306,0,0,1,0,1
1,1,1,1,0,0,0,0,0,0,1,0,0.106080492,-0.744766685,0,0,0,0,1
1,1,1,0,0,1,0,0,0,0,0,0,0.106080492,-0.39243973,0,0,1,0,1
1,1,1,0,0,1,0,0,0,0,0,0,-0.4295987,-0.466696175,0,0,1,0,1
1,0,1,0,0,0,0,0,0,1,0,0,-0.965277892,-1.343168771,0,0,1,1,1
1,0,0,0,0,0,0,1,0,0,0,0,-1.500957084,0.555915484,0,0,1,0,0
1,1,0,0,0,1,0,1,0,0,0,0,-0.4295987,2.437875439,0,0,1,0,1
1,1,1,1,0,0,1,1,0,0,0,0,1.177438876,-0.081179807,0,0,1,0,1
1,0,1,0,0,0,0,0,0,0,0,0,-1.500957084,-1.670637802,0,0,1,0,1
1,1,1,1,0,0,1,1,0,0,0,0,1.177438876,-1.164217415,0,0,0,0,1
1,1,1,1,0,0,0,0,0,0,1,0,0.106080492,0.562202627,0,0,0,0,1
1,1,1,1,0,0,0,0,0,0,0,0,0.641759684,0.62704322,0,0,1,0,0
1,1,1,1,0,1,0,1,0,0,0,0,0.641759684,0.59261502,0,0,1,0,0
1,1,0,0,0,0,0,0,1,0,0,1,-0.4295987,0.77302799,0,0,1,0,0
1,1,1,0,0,1,0,0,0,0,0,0,-0.4295987,-0.10140992,0,0,1,2,0
1,1,1,1,0,0,1,0,0,0,0,0,1.177438876,-0.81145616,0,0,1,2,1
1,1,1,1,0,0,0,0,0,0,0,0,0.641759684,0.420582738,0,0,1,2,1
1,1,0,0,0,0,1,1,0,0,0,0,0.641759684,-0.466696175,0,0,1,0,0
1,1,0,0,0,0,0,0,0,1,0,0,-0.4295987,0.852653484,0,0,2,2,1
1,1,1,1,0,0,0,1,0,0,0,0,0.641759684,0.010219665,0,0,1,2,1
1,1,1,1,1,0,0,0,1,0,0,0,1.713118068,1.065765041,0,0,0,2,1
1,1,0,0,0,0,1,1,0,0,0,0,0.106080492,1.981223134,0,0,1,2,1
1,1,1,1,0,0,1,1,0,0,0,0,1.177438876,0.888564859,0,0,0,2,1
1,0,1,0,0,0,0,0,0,0,1,0,-0.965277892,-0.667278192,0,0,1,2,1
1,1,1,1,0,0,0,1,0,0,0,0,1.713118068,-0.39243973,0,0,1,2,0
1,1,1,0,0,1,0,0,0,0,0,0,-0.4295987,-0.268336755,0,0,1,0,0
1,1,1,1,0,0,0,0,0,0,0,0,0.641759684,0.530031543,0,0,1,0,1
1,1,0,0,0,0,0,1,0,0,0,0,-0.965277892,2.543256479,0,0,1,0,1
1,1,1,1,0,0,1,1,0,0,0,0,1.177438876,-0.16692679,0,0,1,0,1
1,1,0,0,0,0,1,1,0,0,0,0,0.106080492,0.182766349,0,0,0,0,1
1,1,0,0,0,0,0,0,0,0,0,1,-0.4295987,-0.358724446,0,0,1,0,1
1,1,1,1,0,0,1,1,0,0,0,0,1.177438876,0.621451081,0,0,0,0,1
1,1,1,1,0,0,0,1,0,0,0,0,1.713118068,-0.466696175,0,0,1,0,0
1,1,0,0,0,0,0,0,1,0,0,1,-0.4295987,-1.663767726,0,0,1,0,0
1,1,1,1,0,0,0,0,0,0,1,0,0.106080492,0.436480666,0,0,0,0,1
1,0,1,0,0,0,0,0,0,1,0,0,-0.965277892,-1.175459598,0,0,1,0,1
1,1,0,0,1,1,0,1,0,0,0,0,0.106080492,0.543123997,0,0,0,0,0
1,1,1,1,0,0,1,0,0,0,0,0,1.177438876,1.70983443,0,0,0,0,1
1,1,0,0,0,0,0,1,0,0,0,0,-0.4295987,0.333470558,0,0,2,0,1
1,1,0,0,0,0,0,0,0,0,0,1,-0.4295987,-0.600787097,0,0,1,0,1
1,1,0,0,0,0,1,0,0,0,0,0,0.641759684,-0.782691663,0,0,3,0,1
1,1,1,0,0,0,0,1,0,0,0,0,-0.4295987,0.130976465,0,0,1,2,0
1,1,0,1,0,0,1,0,0,0,0,0,-0.4295987,-3.415443503,0,0,0,0,0
1,1,0,0,0,0,0,0,1,0,0,1,-0.4295987,1.369889086,0,0,1,2,1
1,1,0,0,0,0,0,0,0,0,0,0,-1.500957084,0.130976465,0,0,1,2,1
1,1,1,0,0,1,0,0,0,0,0,0,-0.4295987,-0.358724446,0,0,1,2,0
1,1,1,0,0,1,0,0,0,0,0,0,0.106080492,-0.04280065,0,0,1,2,0
1,1,1,1,0,0,0,0,0,0,0,0,0.641759684,0.680075333,0,0,1,0,0
1,1,0,0,0,1,0,1,0,0,0,0,0.106080492,1.511359245,0,0,1,2,0
1,1,0,0,0,0,0,0,0,0,0,1,-0.4295987,-0.358724446,0,0,1,2,1
1,0,1,0,0,0,0,0,0,0,1,0,-0.965277892,-1.261239691,0,0,1,2,1
1,0,1,1,0,0,0,0,0,1,0,0,-0.4295987,0.474345161,0,0,1,2,1
1,0,1,0,0,0,0,0,0,0,1,0,-0.965277892,-0.358724446,0,0,1,0,1
1,1,1,0,0,1,0,0,0,1,0,0,0.106080492,0.59261502,0,0,1,2,1
1,1,1,0,0,0,0,0,0,0,0,0,-0.4295987,-0.215324865,0,0,1,0,1
1,0,1,0,0,0,0,0,0,0,1,0,-0.965277892,-1.272955263,0,0,0,2,1
1,0,1,0,0,0,0,0,0,0,0,0,-1.500957084,0.378729527,0,0,1,0,1
1,1,0,0,0,0,1,1,0,0,0,0,0.106080492,2.10343871,0,0,1,2,0
1,1,1,0,0,0,0,0,0,0,1,0,-0.4295987,-1.099912767,0,0,0,2,1
1,1,0,1,1,1,0,0,0,0,0,0,0.641759684,-0.973020355,0,0,1,0,0
1,1,1,1,1,0,0,0,0,0,0,0,0.106080492,0.954103617,0,0,1,2,1
1,1,0,0,0,0,1,1,0,0,0,0,0.106080492,0.170263708,0,0,0,0,1
1,1,1,0,0,1,0,0,0,0,0,0,0.106080492,-1.514888884,0,0,1,0,0
1,1,1,0,0,1,0,0,0,0,0,0,-0.4295987,-1.768648478,0,0,1,0,0
1,1,1,1,0,0,0,0,0,0,1,0,0.106080492,0.574567742,0,0,0,2,1
1,1,0,0,0,0,0,0,0,0,0,0,-1.500957084,0.984188729,0,0,1,0,1
1,1,0,0,0,0,0,0,1,0,0,1,-0.4295987,0.543123997,0,0,1,0,0
1,0,1,0,0,0,0,0,0,0,0,0,-1.500957084,0.284202059,0,0,1,0,1
1,0,0,0,0,0,0,0,0,1,0,0,-1.500957084,0.610095333,0,0,1,1,1
1,1,1,0,0,0,0,0,0,0,0,0,-0.965277892,1.324127379,0,0,1,0,1
1,1,0,0,0,1,0,1,0,0,0,0,-0.4295987,1.438674732,0,0,2,0,1
1,1,0,0,0,0,1,1,0,0,0,0,0.106080492,1.27426247,0,0,1,0,0
1,1,1,1,0,0,0,0,0,0,0,1,0.106080492,1.533620533,0,0,1,1,1
1,1,0,0,1,0,0,0,1,0,0,0,-0.4295987,0.922298543,0,0,1,0,1
1,0,1,0,0,0,0,0,0,0,1,0,-0.965277892,0.073867267,0,0,0,0,1
1,1,1,1,1,0,0,0,0,0,0,0,0.106080492,0.888564859,0,0,1,1,1
1,1,1,1,1,0,0,0,0,1,0,0,1.177438876,-0.39243973,0,0,0,0,1
1,1,1,1,0,0,1,1,0,0,0,0,1.177438876,-0.972034582,0,0,0,0,1
1,1,1,0,0,0,0,0,0,0,0,0,-0.4295987,-0.466696175,0,0,1,0,1
1,1,0,0,0,0,0,0,0,0,0,0,-1.500957084,0.39585037,0,1,1,1,1
1,1,0,0,0,0,0,0,1,0,0,1,-0.4295987,0.728490262,0,1,1,1,1
1,1,0,0,0,0,0,0,0,0,0,0,-1.500957084,0.77302799,0,1,0,0,1
1,1,0,1,0,1,1,1,0,0,0,0,2.24879726,0.010219665,0,1,2,0,1
1,1,0,1,0,1,0,0,0,0,0,0,0.106080492,0.814263731,0,1,1,0,1
1,1,1,1,1,0,0,0,0,0,0,0,0.641759684,1.090499975,0,1,1,1,1
1,1,1,0,0,0,0,0,0,0,0,0,0.106080492,0.814263731,0,1,1,1,0
1,1,0,0,0,0,1,1,0,0,0,0,0.641759684,-0.39243973,0,1,1,0,0
1,0,1,0,0,0,0,0,0,0,1,0,-0.965277892,0.088703366,0,1,0,1,1
1,1,1,1,1,0,0,0,1,1,1,1,2.24879726,-0.600787097,0,1,1,1,0
1,1,0,0,0,0,0,0,0,0,0,0,-1.500957084,0.387355791,0,1,1,0,1
1,1,0,0,0,1,0,0,0,0,0,0,0.641759684,0.412460143,0,1,1,0,1
1,1,0,0,0,0,0,0,0,0,0,0,-0.965277892,1.256595861,0,1,0,0,1
1,0,0,0,1,0,0,0,0,0,0,0,-1.500957084,-1.772785814,0,1,1,0,1
1,1,1,1,0,0,0,0,0,0,0,1,0.106080492,-1.393335072,0,1,1,1,1
1,1,1,1,0,0,0,0,0,0,0,1,0.106080492,1.219485409,0,1,1,0,1
1,1,0,0,0,0,0,0,0,0,0,1,-0.965277892,1.199958858,0,1,1,1,1
1,1,1,1,0,0,0,1,0,0,0,0,0.641759684,-0.024560108,0,1,1,0,1
1,0,1,1,0,0,0,0,0,0,0,0,-0.965277892,-2.066819614,0,1,1,0,1
1,1,1,0,0,0,0,0,0,1,1,0,0.106080492,0.206959209,0,1,1,0,1
1,1,1,1,0,0,0,0,0,0,1,0,0.106080492,0.444262489,0,1,0,0,1
1,1,0,1,1,1,0,1,0,0,0,0,2.24879726,0.888564859,0,1,0,1,1
1,1,0,0,0,1,0,1,0,0,0,0,0.106080492,1.555025419,0,1,1,0,1
1,0,0,0,0,1,0,1,0,0,0,0,-0.965277892,-0.688169997,0,1,1,1,1
1,1,0,0,0,0,0,0,0,0,0,0,-0.4295987,0.728490262,0,1,0,1,1
1,1,0,1,0,1,1,0,1,0,0,0,0.641759684,0.954103617,0,1,1,0,1
1,1,0,0,0,0,0,0,1,0,0,1,-0.4295987,0.404217227,0,1,1,0,1
1,1,0,0,0,0,0,0,0,0,0,0,-1.500957084,1.114182078,0,1,1,1,1
1,1,1,1,0,0,0,0,0,0,0,0,0.641759684,0.495885812,0,1,1,1,1
1,1,0,0,0,1,0,1,0,0,0,0,0.106080492,1.511359245,0,1,1,0,1
1,1,0,0,0,0,0,0,0,0,0,0,-0.4295987,0.922298543,0,1,0,0,1
1,0,1,0,0,0,0,0,0,0,1,0,-0.965277892,-0.296865252,0,1,0,0,1
1,0,1,1,0,0,1,1,0,0,0,0,0.106080492,-0.862430695,0,1,0,0,1
1,1,1,1,0,0,0,0,0,0,0,0,0.106080492,-1.464947847,0,1,1,0,1
1,1,1,0,0,0,0,0,0,0,0,0,0.106080492,0.157473692,0,1,1,0,1
1,1,1,1,0,0,1,1,0,0,0,0,1.177438876,0.194994244,0,1,1,1,1
1,1,1,1,1,0,0,0,0,1,1,0,1.177438876,-0.466696175,0,1,1,1,1
1,1,1,1,0,0,0,1,0,0,0,0,1.713118068,-0.428330253,0,1,1,1,0
1,0,1,0,0,0,0,0,0,0,1,0,-0.965277892,-0.241199778,0,1,0,0,1
1,1,0,0,0,1,1,1,0,0,0,0,1.177438876,1.463972564,0,1,1,0,1
1,0,1,1,0,0,0,0,0,0,1,0,-0.4295987,0.580648768,0,1,1,0,1
1,1,1,1,0,0,0,0,0,0,0,1,0.106080492,0.073867267,0,1,1,0,1
1,1,0,0,0,0,0,0,0,0,0,1,-0.965277892,1.256595861,0,1,1,0,1
1,1,1,0,0,1,0,0,0,0,0,0,-0.4295987,-0.466696175,0,1,1,0,0
1,1,1,0,0,1,0,0,0,0,0,0,0.106080492,-0.428330253,0,1,1,0,1
1,0,0,0,0,1,0,1,0,0,0,0,-0.965277892,-0.16692679,0,1,1,1,1
1,1,0,0,0,1,0,1,0,0,0,0,0.106080492,1.238349936,0,1,1,0,1
1,1,0,0,0,0,0,0,1,0,0,1,-0.4295987,0.77302799,0,1,1,1,1
1,1,0,0,0,0,0,0,0,0,0,0,-1.500957084,0.680075333,0,1,1,1,1
1,0,1,0,0,0,0,0,0,0,1,0,-0.965277892,-0.50790442,0,1,0,1,1
1,1,1,1,0,0,0,0,0,0,0,1,0.106080492,-2.013142455,0,1,1,0,1
1,0,0,0,1,0,0,0,0,0,0,0,-1.500957084,-1.872583502,0,1,1,1,1
1,1,0,0,0,0,1,1,0,0,0,0,0.106080492,0.48161842,0,1,1,0,1
1,0,1,1,0,0,0,0,0,0,0,0,-0.965277892,-2.778212739,0,1,1,0,1
1,1,1,1,0,0,0,0,0,0,0,1,0.106080492,-0.081179807,0,1,1,0,1
1,1,0,0,0,0,0,0,0,0,0,1,-0.965277892,1.039879294,0,1,1,1,1
1,1,1,1,1,0,0,0,0,0,0,0,0.641759684,0.170263708,0,1,1,0,1
1,1,1,0,0,0,0,0,0,1,1,0,0.106080492,0.11723918,0,1,0,0,1
1,0,1,0,0,0,0,0,0,1,0,0,-0.965277892,-1.406079197,0,1,0,0,1
1,1,1,1,0,0,0,0,0,1,1,0,2.24879726,-1.0128947,0,1,0,0,1
1,1,1,0,0,0,0,0,0,1,1,0,0.106080492,-0.50790442,0,1,0,0,1
1,1,1,1,0,0,0,0,0,0,0,0,0.106080492,-1.670637802,0,1,1,0,1
1,0,1,1,0,0,0,0,0,0,1,0,-0.4295987,0.252401227,0,1,1,0,1
1,0,1,0,0,0,0,0,0,0,1,0,-0.965277892,0.361065161,0,1,0,1,1
1,0,0,0,0,0,0,0,0,0,1,0,-1.500957084,-0.190599824,0,1,1,1,1
1,1,0,0,0,1,0,1,0,0,0,0,-0.4295987,2.130215402,0,1,1,0,0
1,0,1,1,0,0,0,0,0,1,1,0,0.106080492,-0.50790442,0,1,1,0,1
1,1,1,1,0,0,0,0,0,0,1,0,0.106080492,-1.262898318,0,1,0,0,1
1,1,0,0,0,0,0,1,0,0,0,0,-0.4295987,2.197001108,0,1,1,1,1
1,1,0,0,0,0,0,1,0,0,0,0,-0.965277892,0.042952953,0,1,1,1,1
1,1,0,0,0,0,0,0,0,0,0,0,-1.500957084,1.544425888,0,1,0,0,1
1,1,0,0,0,1,0,1,0,0,0,0,-0.4295987,1.624055662,0,1,1,1,1
1,1,0,0,0,0,0,0,0,0,0,0,-1.500957084,1.685459979,0,1,0,0,1
1,1,0,0,0,0,0,0,1,0,0,1,-0.4295987,0.984188729,0,1,1,0,1
1,1,0,0,0,0,0,0,0,0,0,0,-1.500957084,0.62704322,0,1,1,0,1
1,1,1,0,0,0,0,0,0,0,0,0,0.106080492,0.32395966,0,1,1,0,0
1,0,1,0,0,0,0,0,0,0,1,0,-0.965277892,0.62704322,0,1,0,0,1
1,1,0,1,0,1,0,1,0,0,0,0,0.641759684,1.67709199,0,1,1,1,1
1,1,0,0,0,0,0,0,0,0,0,0,-1.500957084,1.199958858,0,1,0,0,1
1,1,0,0,0,0,0,0,0,0,0,0,-1.500957084,0.010219665,0,0,1,0,1
1,1,0,0,0,0,0,0,1,0,0,1,-0.4295987,-0.190599824,0,0,1,2,1
1,1,1,0,0,0,0,0,0,0,1,0,-0.4295987,0.852653484,0,0,0,0,1
1,1,1,0,0,1,0,0,0,0,0,0,-0.4295987,-0.428330253,0,0,1,0,1
1,1,1,0,0,1,0,0,0,0,0,0,0.106080492,0.157473692,0,0,1,0,1
1,1,0,0,0,0,0,0,0,0,0,0,0.106080492,1.219485409,0,0,1,0,1
1,1,1,1,0,0,0,0,0,0,0,1,0.106080492,1.114182078,0,0,1,0,1
1,1,0,0,0,0,0,0,0,0,0,1,-0.965277892,0.728490262,0,0,1,0,1
1,1,0,0,0,0,1,1,0,0,0,0,0.106080492,0.378729527,0,0,1,2,1
1,1,0,1,1,0,0,0,1,0,0,0,0.106080492,1.039879294,0,0,1,0,1
1,1,0,0,0,0,0,1,1,0,0,0,0.641759684,0.194994244,0,0,1,0,1
1,0,1,0,0,0,0,0,0,1,0,0,-0.965277892,0.206959209,0,0,1,0,1
1,1,0,1,0,0,0,0,1,0,0,1,0.106080492,0.436480666,0,0,1,0,1
1,1,0,1,0,0,0,0,0,0,0,0,-0.965277892,1.179722123,0,0,1,0,1
1,1,0,0,0,0,0,0,0,0,0,0,-0.965277892,0.30443585,0,0,2,0,1
1,1,1,0,0,0,0,0,0,0,1,0,-0.4295987,-1.024677932,0,0,0,2,1
1,0,1,0,0,0,0,0,0,1,0,0,-0.965277892,-0.864862465,0,0,1,0,1
1,1,0,0,0,0,1,0,0,0,0,0,-0.4295987,0.680075333,0,0,0,2,1
1,1,0,0,0,0,0,0,0,0,0,0,-0.965277892,-1.28838991,0,0,1,0,1
1,1,0,0,0,0,0,0,0,0,0,0,-1.500957084,0.042952953,0,0,1,2,1
1,1,0,0,0,0,0,0,1,0,0,1,-0.4295987,1.238349936,0,0,1,2,1
1,1,1,0,0,1,0,0,0,0,0,0,-0.4295987,0.170263708,0,0,1,2,1
1,1,1,0,0,1,0,0,0,0,0,0,0.106080492,0.852653484,0,0,1,2,1
1,0,1,0,0,0,0,0,0,1,0,0,-0.965277892,-0.50790442,0,0,1,2,1
1,1,0,0,1,0,0,0,0,0,0,0,-0.4295987,0.294410914,0,0,2,0,1
1,1,0,0,0,0,0,0,0,0,0,0,0.106080492,1.219485409,0,0,1,2,1
1,1,0,0,0,0,1,1,0,0,0,0,0.106080492,0.042952953,0,0,1,0,1
1,1,0,0,0,0,0,0,0,0,0,0,-1.500957084,-0.190599824,0,0,2,2,1
1,1,0,1,0,0,0,0,0,0,0,0,0.106080492,1.238349936,0,0,2,2,1
1,1,0,0,0,0,0,0,0,0,0,0,-0.965277892,0.294410914,0,0,2,2,1
1,1,1,1,0,0,0,0,0,0,0,1,1.713118068,0.954103617,0,0,2,0,1
1,1,0,0,0,0,0,0,0,0,0,1,-0.4295987,-0.653773729,0,0,1,0,1
1,1,0,0,0,0,0,0,0,0,0,0,-1.500957084,0.026826959,0,0,3,0,1
1,1,0,0,0,0,0,0,0,0,0,0,0.106080492,0.30443585,0,0,2,2,1
1,1,1,0,0,0,0,0,0,0,1,0,-0.4295987,0.11723918,0,0,0,2,1
1,1,0,0,0,0,0,0,0,0,0,0,-1.500957084,-0.358724446,0,0,3,0,1
1,1,1,0,0,1,1,0,0,0,0,0,0.106080492,0.010219665,0,0,1,2,1
1,1,1,1,0,0,0,0,0,0,0,0,0.641759684,0.206959209,0,0,1,0,1
1,1,0,0,0,0,1,1,0,0,0,0,0.106080492,0.52336796,0,0,1,2,1
1,1,0,1,0,0,0,0,0,0,0,0,-0.4295987,0.598503014,0,0,1,0,1
1,1,0,0,0,0,0,0,0,0,0,1,-0.4295987,-0.834818484,0,0,1,2,1
1,1,0,0,0,0,0,0,0,0,0,0,-0.4295987,0.010219665,0,0,1,2,1
1,1,0,0,0,0,0,1,1,0,0,0,0.641759684,0.62704322,0,0,1,2,1
1,1,0,1,0,0,0,0,0,0,0,0,-0.4295987,-0.358724446,0,0,1,2,1
1,0,1,0,0,0,0,0,0,0,1,0,-0.965277892,1.012730399,0,0,0,2,1
1,1,1,1,0,0,0,0,0,0,0,0,1.713118068,-0.326935729,0,0,3,2,1
1,1,1,1,0,0,1,1,0,0,0,0,1.177438876,-1.536191739,0,0,0,0,1
1,1,1,1,0,0,0,0,0,0,1,0,0.106080492,-0.215324865,0,0,0,0,1
1,1,0,0,0,0,1,0,0,0,0,0,-0.4295987,0.459507084,0,0,0,0,1
1,1,0,0,0,0,0,0,1,0,0,1,-0.4295987,0.294410914,0,0,1,2,1
1,1,1,0,0,1,0,0,0,0,0,0,0.106080492,-0.788326841,0,0,1,0,1
1,1,1,0,0,1,1,0,0,0,0,0,0.106080492,-0.061659422,0,0,1,0,1
1,0,1,0,0,0,0,0,0,1,0,0,-0.965277892,-0.600787097,0,0,1,0,1
1,1,0,0,1,0,0,0,0,0,0,0,-0.4295987,0.088703366,0,0,2,0,1
1,1,0,0,0,0,0,0,0,0,0,0,0.106080492,0.451936989,0,0,1,0,1
1,1,0,0,0,0,0,0,0,0,0,0,-0.4295987,-0.16692679,0,0,2,0,1
1,1,1,1,1,0,0,0,1,0,0,0,1.713118068,0.77302799,0,0,0,0,1
1,1,1,1,0,0,1,1,0,0,0,0,1.177438876,0.536616274,0,0,0,0,1
1,0,1,0,0,0,0,0,0,1,0,0,-0.965277892,-0.268336755,0,0,1,2,1
1,1,0,0,0,0,0,1,1,0,0,0,0.641759684,0.615802173,0,0,1,2,1
1,1,0,0,0,0,0,0,0,0,0,1,-0.4295987,-0.653773729,0,0,1,2,1
1,1,0,0,0,0,1,0,0,0,0,0,-0.4295987,0.30443585,0,0,1,0,1
1,1,1,0,0,1,1,0,0,0,0,0,0.106080492,-0.358724446,0,0,1,1,1
1,1,1,1,0,0,0,0,0,0,0,0,0.641759684,0.273802408,0,0,1,2,0
1,0,1,0,0,0,0,0,0,1,0,0,-0.965277892,-1.253019909,0,0,1,1,1
1,1,0,0,1,0,0,0,0,0,0,0,-0.4295987,-0.190599824,0,0,2,1,1
1,1,0,0,0,0,0,0,0,0,0,0,-1.500957084,-0.39243973,0,0,2,1,1
1,1,1,1,0,0,1,1,0,0,0,0,1.177438876,0.459507084,0,0,0,2,1
1,1,1,0,0,1,0,0,0,0,0,0,0.106080492,-1.279762309,0,0,1,0,1
1,1,0,0,0,0,1,0,0,0,0,0,-0.4295987,0.549556494,0,0,0,0,1
1,1,0,0,0,0,0,0,0,0,0,0,-1.500957084,0.568419529,0,0,1,2,0
1,1,1,0,0,1,1,0,0,0,0,0,0.106080492,0.294410914,0,0,1,0,1
1,1,1,0,0,1,0,0,0,0,0,0,0.106080492,-0.122403323,0,0,1,0,1
1,1,1,1,0,0,0,0,0,0,0,0,0.641759684,0.509796525,0,0,1,2,1
1,0,1,0,0,0,0,0,0,1,0,0,-0.965277892,-0.794735386,0,0,1,0,1
1,1,0,1,0,0,0,0,0,0,0,0,0.106080492,0.194994244,0,0,1,1,1
1,1,0,0,0,0,1,1,0,0,0,0,0.641759684,-1.013955652,0,0,1,0,0
1,1,0,0,0,0,0,0,0,0,0,0,0.106080492,0.157473692,0,0,1,0,1
1,1,1,1,0,0,0,0,0,0,0,1,0.106080492,1.238349936,0,0,1,2,1
1,1,0,1,0,0,0,0,0,0,0,0,-0.4295987,-0.841788961,0,0,1,1,1
1,1,0,0,0,0,1,1,0,0,0,0,-0.4295987,-0.39243973,0,0,1,2,1
1,1,0,0,0,0,0,0,0,0,0,0,-0.4295987,-0.04280065,0,0,1,2,1
1,1,0,0,0,0,0,0,0,0,0,0,-0.965277892,-0.552410073,0,0,2,0,1
1,1,1,1,0,0,1,1,0,0,0,0,1.177438876,0.568419529,0,0,0,2,1
1,1,0,0,0,1,1,0,0,0,0,0,0.106080492,0.157473692,0,0,1,0,1
1,1,0,0,0,0,1,0,0,0,0,0,-0.4295987,0.77302799,0,0,0,2,1
1,1,0,0,0,0,0,0,1,0,0,1,-0.4295987,0.495885812,0,0,1,0,1
1,1,1,1,0,0,0,0,0,0,1,0,0.106080492,0.59261502,0,0,0,0,1
1,1,1,0,0,1,0,0,0,0,0,0,0.106080492,-0.296865252,0,0,1,0,1
1,1,1,0,0,1,1,0,0,0,0,0,0.106080492,-0.061659422,0,0,1,2,1
1,1,1,1,0,0,0,0,0,0,0,0,0.641759684,0.010219665,0,0,1,2,1
1,1,0,0,0,0,1,1,0,0,0,0,0.641759684,-0.658799575,0,0,1,0,0
1,1,0,0,0,0,1,1,0,0,0,0,0.106080492,-0.122403323,0,0,1,2,1
1,0,1,0,0,0,0,0,0,0,1,0,-0.965277892,0.922298543,0,0,0,2,1
1,1,1,1,0,0,1,1,0,0,0,0,1.177438876,-1.347019784,0,0,0,2,1
1,0,0,1,0,0,0,0,1,0,0,1,-0.4295987,0.252401227,0,0,1,2,1
1,1,1,1,0,0,0,0,0,0,1,0,0.106080492,-0.39243973,0,0,0,0,1
1,1,1,0,0,0,0,0,0,0,1,0,-0.4295987,0.954103617,0,0,0,0,1
1,1,1,0,0,1,0,0,0,0,0,0,0.106080492,0.058624761,0,0,1,0,1
1,1,1,0,0,1,0,0,0,0,0,0,-0.4295987,-0.268336755,0,0,1,0,1
1,1,0,0,0,0,0,0,0,0,0,0,0.106080492,0.252401227,0,0,1,0,1
1,1,0,0,0,0,0,0,1,0,0,0,-0.965277892,1.585663922,0,0,1,0,1
1,1,0,0,0,0,1,1,0,0,0,0,0.106080492,0.814263731,0,0,1,0,1
1,1,0,0,0,0,1,0,0,0,0,0,-0.965277892,0.182766349,0,0,3,0,1
1,1,0,1,0,0,0,0,0,0,0,0,-0.4295987,-1.324303604,0,0,1,0,1
1,1,0,0,0,0,0,0,1,0,0,1,-0.4295987,-0.190599824,0,0,1,0,1
1,1,1,1,0,0,0,1,0,0,0,0,0.641759684,-0.190599824,0,0,1,0,1
1,0,1,0,0,0,0,0,0,0,1,0,-0.965277892,0.888564859,0,0,0,0,1
1,0,1,0,0,0,0,0,0,1,0,0,-0.965277892,-0.466696175,0,0,2,0,1
1,1,1,1,0,0,1,1,0,0,0,0,1.177438876,-1.32802582,0,0,0,0,1
1,1,0,0,0,0,0,0,1,0,0,1,-0.4295987,0.48879784,0,0,1,0,1
1,1,0,0,1,0,0,0,0,0,0,0,-0.4295987,-0.358724446,0,0,2,0,1
1,1,0,0,0,0,1,0,0,0,0,0,-0.965277892,0.412460143,0,0,1,0,1
1,1,0,0,0,0,0,0,1,0,0,1,-0.4295987,0.404217227,0,0,1,0,1
1,1,0,0,0,0,0,0,0,0,0,0,-1.500957084,0.39585037,0,0,1,2,1
1,1,1,0,0,1,0,0,0,0,0,0,0.106080492,-0.024560108,0,0,1,2,1
1,1,1,0,0,1,0,0,0,0,0,0,-0.4295987,-0.466696175,0,0,1,2,1
1,1,1,0,0,0,0,0,0,0,1,0,-0.4295987,1.039879294,0,0,0,2,1
1,1,1,1,0,0,0,0,0,0,0,0,0.641759684,0.562202627,0,0,1,2,1
1,0,1,0,0,0,0,0,0,1,0,0,-0.965277892,-0.668418498,0,0,1,2,1
1,1,0,0,1,0,0,0,0,0,0,0,-0.4295987,-0.04280065,0,0,2,2,1
1,1,1,1,0,0,0,0,0,0,0,1,0.106080492,1.412171825,0,0,1,0,1
1,1,0,0,0,0,0,0,0,0,0,1,-0.965277892,0.77302799,0,0,1,0,1
1,1,0,0,0,0,0,0,0,0,0,0,0.106080492,1.398431488,0,0,1,2,1
1,1,0,0,0,0,1,1,0,0,0,0,0.106080492,0.62704322,0,0,1,2,1
1,1,1,0,0,0,0,0,0,0,0,0,0.106080492,0.922298543,0,0,1,2,1
1,1,0,0,0,0,0,0,0,0,0,0,-0.4295987,-0.241199778,0,0,2,2,1
1,1,0,1,0,0,0,0,0,0,0,0,-0.4295987,-0.215324865,0,0,1,2,1
1,1,0,0,0,0,0,1,1,0,0,0,0.641759684,1.012730399,0,0,1,2,1
1,0,1,0,0,0,0,0,0,1,0,0,-0.965277892,1.219485409,0,0,1,2,1
1,1,0,1,0,0,0,0,1,0,0,1,0.106080492,0.30443585,0,0,1,2,1
1,1,0,0,0,0,0,1,0,0,0,0,1.177438876,0.206959209,0,0,1,2,0
1,1,1,1,0,0,0,0,0,1,0,0,2.24879726,0.263204694,0,0,2,2,1
1,1,0,0,0,0,0,0,1,0,0,1,-0.4295987,0.144382777,0,0,1,2,1
1,1,0,0,0,0,1,0,0,0,0,0,-0.4295987,0.852653484,0,0,0,0,1
1,1,0,0,0,0,0,0,0,0,0,0,-1.500957084,0.378729527,0,0,1,0,0
1,1,0,0,0,0,0,0,1,0,0,1,-0.4295987,-0.122403323,0,0,1,0,0
1,1,1,0,0,0,0,0,0,0,1,0,-0.4295987,0.814263731,0,0,0,0,1
1,1,1,0,0,1,0,0,0,0,0,0,0.106080492,0.010219665,0,0,1,0,1
1,1,0,0,0,0,0,0,0,0,0,0,0.106080492,0.39585037,0,0,1,0,1
1,1,1,1,0,0,0,0,0,0,0,1,0.106080492,0.62704322,0,0,1,0,1
1,1,1,0,0,0,0,0,0,0,0,0,0.106080492,0.549556494,0,0,1,0,1
1,0,1,0,0,0,0,0,0,1,0,0,-0.965277892,-0.215324865,0,0,1,0,1
1,1,1,0,0,0,0,0,0,1,0,0,0.106080492,-0.122403323,0,0,0,0,1
1,1,1,0,0,0,0,0,0,0,0,0,-0.4295987,-1.362696007,0,0,1,2,1
1,0,1,0,0,0,0,0,0,0,1,0,-0.965277892,-0.752678702,0,0,0,0,1
1,0,1,0,0,0,0,0,0,0,1,0,-0.965277892,0.922298543,0,0,0,0,1
1,1,0,0,0,0,1,1,0,0,0,0,-0.4295987,-0.809982069,0,0,1,2,1
1,1,1,1,0,0,0,0,0,0,0,0,0.106080492,-1.789649805,0,0,1,2,0
1,1,1,0,1,0,0,0,0,0,0,0,-0.4295987,-1.448476099,0,0,1,2,1
1,1,0,0,1,0,1,0,1,0,0,0,0.106080492,-1.892820973,0,0,1,2,1
1,0,1,0,1,0,1,0,1,0,0,0,0.106080492,-0.990051343,0,0,1,2,1
1,1,1,1,0,0,0,0,0,0,0,1,0.106080492,-1.457828742,0,0,1,0,1
1,1,1,1,0,0,0,0,0,0,0,0,0.641759684,0.284202059,0,0,1,0,1
1,0,1,0,0,0,0,0,0,1,0,0,-0.965277892,0.042952953,0,0,1,0,1
1,1,0,0,0,0,0,0,0,0,0,0,0.106080492,0.412460143,0,0,1,2,1
1,1,0,0,0,0,0,0,0,0,0,0,-1.500957084,0.284202059,0,0,1,0,1
1,1,0,0,0,0,1,1,0,0,0,0,-0.4295987,-1.307855044,0,0,1,2,1
1,1,0,0,0,0,0,0,0,0,0,1,-0.4295987,-0.936736792,0,0,1,0,1
1,0,1,0,0,0,0,0,0,0,1,0,-0.965277892,0.954103617,0,0,0,2,1
1,1,0,0,0,0,1,1,0,0,0,0,-0.4295987,0.728490262,0,0,0,2,1
1,1,0,0,0,1,0,0,0,0,0,0,-0.965277892,0.728490262,0,0,1,2,1
1,1,1,0,0,1,0,0,0,0,0,0,0.106080492,-0.678787788,0,0,1,0,1
1,1,1,0,0,1,0,0,0,0,0,0,-0.4295987,-0.90267491,0,0,1,0,1
1,1,1,0,0,1,0,0,0,0,0,0,-0.4295987,-0.326935729,0,0,1,2,1
1,1,1,1,0,0,0,0,0,0,0,0,0.641759684,0.562202627,0,0,1,2,1
1,0,1,0,0,0,0,0,0,1,0,0,-0.965277892,0.615802173,0,0,1,2,1
1,1,0,0,0,0,1,1,0,0,0,0,0.641759684,-0.653773729,0,0,1,2,1
1,1,0,0,0,0,0,0,0,0,0,0,-1.500957084,0.352018155,0,0,1,2,1
1,1,0,1,0,0,0,0,0,0,0,0,-0.4295987,-0.600787097,0,0,1,2,1
1,1,0,1,0,0,0,0,1,0,0,1,0.106080492,0.170263708,0,0,1,2,1
1,1,0,0,0,0,0,0,0,0,0,1,-0.4295987,-0.839455753,0,0,1,0,1
1,1,1,0,0,0,1,1,0,0,0,0,0.106080492,-0.268336755,0,0,1,2,1
1,1,1,1,0,0,1,1,0,0,0,0,1.177438876,-0.296865252,0,0,1,2,1
1,1,1,1,0,0,0,0,0,0,1,0,0.106080492,-1.28838991,0,0,0,0,1
1,1,1,1,0,0,0,0,0,0,0,0,0.641759684,0.62704322,0,0,1,2,1
1,0,1,1,0,0,0,0,0,1,0,0,-0.4295987,0.604329359,0,0,1,0,1
1,1,0,0,0,0,1,1,0,0,0,0,0.641759684,-0.600787097,0,0,1,0,1
1,1,0,1,0,0,0,0,0,0,0,0,-0.4295987,-0.861622461,0,0,1,0,1
1,1,1,1,0,0,0,1,0,0,0,0,1.713118068,1.555025419,0,0,1,0,1
1,1,0,0,0,0,1,0,0,0,0,0,-0.4295987,0.058624761,0,0,1,0,1
1,1,0,0,0,0,0,0,0,0,0,1,-0.4295987,-0.792590993,0,0,1,0,1
1,1,0,0,0,0,0,0,0,0,0,0,-1.500957084,0.954103617,0,0,1,2,1
1,1,0,0,0,1,0,0,0,0,0,0,-0.965277892,-1.49185929,0,0,3,1,1
1,1,1,0,0,0,1,0,0,0,0,0,-0.4295987,-1.768648478,0,0,0,2,0
1,1,1,0,0,1,0,0,0,0,0,0,0.106080492,-0.39243973,0,0,1,0,1
1,1,1,0,0,1,0,0,0,0,0,0,-0.4295987,-0.742806134,0,0,1,0,1
1,1,1,0,0,1,0,0,0,0,0,0,-0.4295987,0.073867267,0,0,1,0,1
1,1,1,1,0,0,0,0,0,0,0,0,0.641759684,0.387355791,0,0,1,0,1
1,0,1,0,0,0,0,0,0,1,0,0,-0.965277892,0.088703366,0,0,1,0,1
1,1,0,0,0,0,0,0,0,0,0,1,-0.965277892,1.740756906,0,0,1,0,1
1,1,0,0,0,0,1,1,0,0,0,0,0.641759684,-0.50790442,0,0,1,0,1
1,1,0,1,0,0,0,0,0,0,0,0,-0.4295987,-0.930303551,0,0,1,0,1
1,1,0,0,0,0,1,0,0,0,0,0,-0.4295987,1.463972564,0,0,1,0,1
1,1,0,0,0,1,0,0,0,0,0,0,-0.4295987,-0.241199778,0,0,2,0,1
1,1,0,0,0,0,0,0,0,0,0,0,-1.500957084,0.263204694,0,0,1,0,1
1,1,0,1,0,0,0,0,1,0,0,1,0.106080492,0.252401227,0,0,1,0,1
1,1,0,0,0,0,1,0,0,0,0,0,-0.4295987,0.333470558,0,0,0,0,1
1,1,0,0,0,0,0,0,0,0,0,1,-0.4295987,-0.675887994,0,0,1,1,1
1,1,1,1,0,0,0,1,0,0,0,0,1.713118068,1.256595861,0,0,1,2,1
1,1,0,0,0,0,1,1,0,0,0,0,-0.4295987,0.728490262,0,0,0,0,1
1,1,1,1,0,0,0,0,0,0,1,0,0.106080492,-3.726852406,0,0,0,0,1
1,1,1,0,0,1,0,0,0,0,0,0,0.106080492,-0.899207802,0,0,1,0,1
1,1,1,0,0,1,0,0,0,0,0,0,-0.4295987,-1.399670652,0,0,1,0,1
1,1,0,0,0,0,0,0,0,0,0,0,0.106080492,-0.682873054,0,0,1,0,1
1,1,1,0,0,1,0,0,0,0,0,0,-0.4295987,-0.358724446,0,0,1,2,1
1,1,1,1,0,0,0,0,0,0,0,0,0.641759684,0.48161842,0,0,1,2,1
1,1,0,0,0,0,1,1,0,0,0,0,0.641759684,-0.685221029,0,0,1,2,1
1,1,0,1,0,0,0,0,0,0,0,0,-0.4295987,-0.672428072,0,0,1,2,1
1,1,0,0,0,1,0,0,0,0,0,0,-0.965277892,0.814263731,0,0,1,2,1
1,0,1,0,0,0,0,0,0,0,1,0,-0.965277892,-0.50790442,0,0,0,2,1
1,1,1,1,1,0,0,0,0,1,0,0,0.641759684,-1.393335072,0,0,1,0,1
1,1,0,1,0,0,0,0,1,0,0,0,-0.4295987,-1.130481685,0,0,1,0,1
1,1,1,0,0,1,0,0,0,0,0,0,-0.4295987,-0.600787097,0,0,1,2,1
1,1,1,1,0,0,0,0,0,0,0,0,0.641759684,0.387355791,0,0,1,2,1
1,0,0,0,1,0,0,0,0,1,0,0,-0.965277892,0.284202059,0,0,1,0,1
1,1,0,0,0,0,1,1,0,0,0,0,0.641759684,-0.662175536,0,0,1,2,1
1,1,0,1,0,0,0,0,0,0,0,0,-0.4295987,-0.943245277,0,0,1,2,1
1,1,0,0,0,1,1,0,0,0,0,0,0.106080492,1.384343266,0,0,1,2,1
1,1,0,0,0,0,0,0,0,0,0,1,-0.4295987,-0.667848053,0,0,1,2,1
1,1,0,0,1,0,0,0,1,0,0,0,-0.4295987,0.361065161,0,0,1,2,1
1,1,0,0,0,0,1,1,0,0,0,0,-0.4295987,0.273802408,0,0,0,2,1
1,1,1,0,0,1,0,0,0,0,0,0,-0.4295987,-0.428330253,0,0,1,0,1
1,0,1,0,0,0,0,0,0,1,0,0,-0.965277892,0.194994244,0,0,1,0,1
1,1,0,0,0,0,1,1,0,0,0,0,0.641759684,-0.190599824,0,0,1,0,1
1,1,1,0,0,0,0,1,0,0,0,0,-0.4295987,-0.888934234,0,0,1,0,1
1,1,1,1,0,0,0,1,0,0,0,0,1.713118068,0.954103617,0,0,1,0,1
1,1,0,0,0,0,0,0,0,0,0,1,-0.4295987,-0.786206956,0,0,1,0,1
1,1,0,0,0,0,1,1,0,0,0,0,-0.4295987,0.52336796,0,0,0,0,1
1,1,0,0,0,1,1,1,0,0,0,0,0.106080492,1.090499975,0,0,1,0,1
1,1,1,0,0,1,0,0,0,0,0,0,-0.4295987,-3.029728502,0,0,1,0,1
1,1,1,0,0,1,0,0,0,0,0,0,0.106080492,-2.504164784,0,0,1,0,1
1,1,1,0,0,1,1,0,0,0,0,0,0.106080492,0.170263708,1,0,1,0,1
1,1,0,1,0,1,0,1,0,0,0,0,0.641759684,1.817874853,1,0,1,2,1
1,1,0,0,0,0,0,0,0,0,0,0,-1.500957084,-0.241199778,1,0,0,2,1
1,1,0,1,0,0,0,0,0,0,0,0,-0.965277892,0.073867267,1,0,1,2,1
1,0,1,0,0,0,0,0,0,0,1,0,-0.965277892,-0.061659422,1,0,0,2,1
1,1,0,0,0,0,0,0,0,0,0,0,-1.500957084,0.984188729,1,0,1,2,1
1,1,0,0,0,0,1,1,0,0,0,0,0.641759684,-0.653773729,1,0,1,0,1
1,1,0,0,0,0,0,1,0,0,0,0,0.641759684,0.333470558,1,0,1,2,1
1,1,1,1,0,0,0,0,0,0,1,0,0.106080492,-0.50790442,1,0,0,2,1
1,1,0,0,0,0,0,0,0,0,0,0,-1.500957084,-0.98398071,1,0,1,2,1
1,1,0,1,0,0,0,0,0,0,0,0,-0.4295987,0.728490262,1,0,1,2,1
1,1,0,0,0,0,0,1,0,0,0,0,-0.4295987,-0.466696175,1,0,1,0,1
1,1,1,0,0,1,1,0,0,0,0,0,0.106080492,-0.190599824,1,0,1,0,1
1,1,1,0,0,0,1,0,0,0,0,0,1.177438876,-0.024560108,1,0,1,0,1
1,1,0,0,0,0,0,0,0,0,0,0,-1.500957084,-0.326935729,1,0,2,1,1
1,1,0,0,0,1,0,0,0,0,0,0,-0.4295987,0.314283375,1,0,1,1,1
1,1,0,1,0,0,0,0,0,0,0,0,0.106080492,0.342821629,1,0,1,1,1
1,1,0,1,0,1,0,0,0,0,0,0,0.641759684,0.39585037,1,0,1,1,1
1,1,0,1,0,0,0,0,0,0,0,0,-0.965277892,0.230143947,1,0,1,1,1
1,1,1,0,0,0,0,0,0,0,0,0,0.106080492,0.026826959,1,0,1,0,1
1,0,0,0,0,0,0,1,0,0,0,0,-1.500957084,-1.406079197,1,0,0,1,0
1,1,0,0,1,1,0,1,1,0,0,0,3.320155644,-0.04280065,1,0,0,1,1
1,1,0,1,0,1,0,0,0,0,0,0,-0.4295987,-0.215324865,1,0,0,0,1
1,0,1,0,0,0,0,0,0,0,1,0,-0.965277892,-0.215324865,1,0,1,1,1
1,1,1,0,0,0,0,0,0,0,0,0,0.106080492,0.615802173,1,0,1,1,1
1,1,0,1,0,0,0,0,0,0,0,0,-0.965277892,0.62704322,1,0,1,1,1
1,1,0,0,0,0,0,0,1,0,0,1,-0.4295987,0.680075333,1,0,1,0,1
1,1,0,0,0,0,0,0,0,0,0,0,-1.500957084,0.543123997,1,0,1,0,1
1,1,0,0,0,0,0,0,0,0,0,0,0.641759684,-0.006898545,1,0,2,0,1
1,1,0,1,0,0,1,0,0,0,0,0,0.106080492,0.621451081,1,0,1,0,1
1,0,0,0,0,0,0,0,0,0,1,0,-1.500957084,-0.600787097,1,0,1,0,1
1,1,1,0,0,1,0,0,0,0,0,0,-0.4295987,-0.663871228,1,0,1,0,1
1,1,1,0,0,1,0,0,0,0,0,0,0.106080492,-0.653773729,1,0,1,0,1
1,1,0,0,0,0,0,0,0,0,0,0,-0.965277892,-0.959375946,1,0,1,1,1
1,1,0,0,0,0,0,0,1,0,0,1,-0.4295987,0.62704322,1,0,1,0,1
1,1,1,1,1,0,0,0,1,1,1,1,2.784476452,-0.466696175,1,0,1,2,1
1,1,1,0,0,1,0,0,0,0,0,0,0.106080492,-0.836359951,1,0,1,2,1
1,1,1,0,0,1,0,0,0,0,0,0,-0.4295987,-0.882189071,1,0,1,2,1
1,1,0,0,0,1,0,1,0,0,0,0,0.106080492,1.668596243,1,0,0,2,1
1,1,0,0,0,1,0,0,0,0,0,0,-0.965277892,0.314283375,1,0,0,2,1
1,1,0,0,0,0,0,0,1,0,0,1,-0.4295987,0.182766349,1,0,1,0,1
1,1,0,0,0,0,0,1,0,0,0,0,-0.965277892,0.77302799,1,0,1,0,1
1,1,0,0,0,1,0,0,0,0,1,0,-0.4295987,0.342821629,1,0,0,0,1
1,1,0,0,0,0,0,0,0,0,0,0,-1.500957084,-1.484389793,1,0,1,2,1
1,1,0,0,0,0,1,0,0,0,0,0,-0.4295987,-2.201659576,1,0,1,0,1
1,1,0,0,0,1,0,1,0,0,0,0,-0.4295987,0.194994244,1,0,1,0,1
1,1,0,0,0,0,0,1,0,0,0,0,-0.4295987,0.010219665,1,0,1,0,1
1,1,0,0,0,0,0,0,0,0,0,0,-1.500957084,1.158721589,1,0,1,1,1
1,0,0,0,0,0,1,0,0,0,0,0,-1.500957084,-1.088868916,0,0,0,0,1
1,1,1,1,0,0,0,0,0,0,1,0,0.106080492,0.598503014,0,0,0,0,1
1,1,1,1,0,0,0,0,0,0,0,0,0.641759684,0.728490262,0,0,1,2,1
1,1,1,0,0,0,1,1,0,0,0,0,0.106080492,-0.466696175,0,0,1,1,1
1,1,0,0,0,0,0,1,0,0,0,0,-0.965277892,0.32395966,0,0,1,1,1
1,1,1,1,0,0,0,1,0,0,0,0,1.713118068,-0.888086604,0,0,1,0,1
1,1,1,1,0,0,0,0,0,0,1,0,0.106080492,-1.339344226,0,0,0,0,1
1,1,1,0,0,1,0,0,0,0,0,0,-0.4295987,-0.7179283,0,0,1,1,1
1,1,1,0,0,1,0,0,0,0,0,0,0.106080492,-0.39243973,0,0,1,1,1
1,1,0,0,0,0,1,1,0,0,0,0,0.641759684,-0.694713269,0,0,1,0,1
1,1,1,0,0,0,1,1,0,0,0,0,0.106080492,-0.428330253,0,0,1,0,0
1,1,1,1,0,0,0,1,0,0,0,0,1.713118068,0.459507084,0,0,1,1,1
1,1,0,0,0,0,1,1,0,0,0,0,-0.4295987,0.273802408,0,0,0,2,1
1,1,1,0,0,0,0,0,0,0,1,0,-0.4295987,-0.466696175,0,0,0,2,1
1,1,0,0,0,0,0,0,0,0,0,0,-0.4295987,-1.181167023,0,0,0,2,0
1,1,1,1,0,0,0,1,0,0,0,0,1.713118068,-0.942310819,0,0,1,2,1
1,1,1,1,0,0,0,0,0,0,0,0,0.641759684,0.387355791,0,0,1,1,1
1,1,0,0,0,0,1,1,0,0,0,0,-0.4295987,0.11723918,0,0,0,1,1
1,1,1,1,0,0,0,1,0,0,0,0,0.641759684,-0.16692679,0,0,1,1,1
1,1,0,1,1,1,0,0,0,0,0,0,0.641759684,0.11723918,0,0,1,0,1
1,0,1,0,0,0,0,0,0,0,1,0,-0.965277892,-1.376784585,0,0,1,0,1
1,1,1,1,0,0,0,1,0,0,0,0,1.713118068,-0.428330253,0,0,1,1,1
1,1,1,1,0,0,1,1,0,0,0,0,1.177438876,0.30443585,0,0,1,1,1
1,1,0,0,0,0,0,0,0,0,0,0,-0.4295987,-1.57847555,0,0,0,1,1
1,1,0,0,0,1,0,0,0,0,0,0,-0.965277892,1.039879294,0,0,1,0,1
1,1,0,0,0,0,0,1,0,0,0,0,-0.965277892,-1.222847288,0,0,1,0,1
1,1,0,0,0,0,0,1,0,0,0,0,-0.4295987,1.291385421,0,0,1,0,1
1,0,1,0,0,0,0,0,0,0,1,0,-0.965277892,-1.829573072,0,0,0,0,1
1,0,1,0,0,0,0,0,0,0,1,0,-0.965277892,-0.16692679,0,0,0,0,1
1,1,1,0,0,0,0,0,0,0,0,0,-0.4295987,0.378729527,0,0,0,0,1
1,1,0,0,0,1,0,0,0,0,0,0,-0.4295987,0.888564859,0,0,0,0,1
1,1,0,0,0,0,0,0,1,0,0,1,-0.4295987,0.814263731,0,0,1,0,1
1,1,0,0,0,0,0,0,0,0,0,0,-1.500957084,0.073867267,0,0,1,0,1
1,1,1,0,0,0,0,0,0,0,1,0,-0.4295987,0.574567742,0,0,0,0,1
1,1,1,1,0,0,0,0,0,0,0,0,0.641759684,0.728490262,0,0,1,0,1
1,1,0,0,0,0,1,1,0,0,0,0,0.641759684,-0.907039396,0,0,1,0,1
1,1,1,0,0,0,0,0,0,0,0,0,0.106080492,0.130976465,0,0,1,0,1
1,1,0,0,0,0,0,0,0,0,0,0,0.106080492,0.888564859,0,0,1,0,1
1,1,0,1,0,0,0,0,1,0,0,0,-0.4295987,0.32395966,0,0,1,0,1
1,1,0,0,0,0,0,0,0,0,0,1,-0.965277892,1.256595861,0,0,1,0,1
1,1,0,1,1,0,0,0,0,0,0,0,-0.4295987,-0.215324865,0,0,2,0,1
1,1,0,0,0,0,0,1,0,0,0,0,0.106080492,0.010219665,0,0,1,0,1
1,1,0,1,0,0,0,0,0,0,0,0,-0.4295987,-0.358724446,0,0,1,0,1
1,1,1,0,0,0,0,0,0,0,0,0,-0.965277892,0.680075333,0,0,1,0,1
1,0,1,1,0,0,1,1,0,0,0,0,0.106080492,-0.600787097,0,0,0,0,1
1,0,1,0,1,0,0,0,0,1,1,0,0.106080492,0.954103617,0,0,1,0,1
1,1,1,0,1,0,0,0,0,1,0,0,0.106080492,1.605190815,0,0,0,0,1
1,0,1,1,0,0,0,0,0,1,0,0,-0.4295987,-0.50790442,0,0,1,0,1
1,0,1,0,0,0,0,0,0,0,1,0,-0.965277892,0.11723918,0,0,0,0,1
1,1,0,0,1,0,0,0,1,0,0,0,-0.4295987,0.252401227,0,0,1,0,1
1,1,0,0,0,1,0,0,0,0,0,0,-0.4295987,1.701827657,0,0,1,0,1
1,1,1,0,0,0,0,0,0,0,1,0,-0.4295987,0.144382777,0,0,0,0,1
1,1,1,0,0,1,0,0,0,0,0,0,0.106080492,-1.42132588,0,0,1,0,1
1,1,1,0,0,1,0,0,0,0,0,0,-0.4295987,-1.608562289,0,0,1,0,1
1,1,0,1,1,0,0,0,0,0,0,1,1.177438876,0.62704322,0,0,0,0,1
1,1,0,0,0,0,1,1,0,0,0,0,0.641759684,-1.525438378,0,0,1,0,0
1,1,0,0,0,0,0,0,1,0,0,1,-0.4295987,1.114182078,0,0,1,0,1
1,1,0,0,0,0,0,0,0,0,0,0,-1.500957084,0.728490262,0,0,1,0,1
1,1,1,1,0,0,0,0,0,0,0,0,0.641759684,0.680075333,0,0,1,0,1
1,1,1,0,1,0,0,0,0,0,0,0,1.177438876,1.451467395,0,0,1,0,1
1,1,0,0,0,0,0,0,0,0,0,0,0.106080492,0.62704322,0,0,1,0,1
1,1,0,0,0,0,0,0,0,0,0,1,-0.965277892,1.090499975,0,0,1,0,1
1,1,1,0,0,0,0,0,0,0,0,0,0.106080492,1.158721589,0,0,1,0,1
1,0,0,1,0,1,1,1,0,0,0,0,0.106080492,2.302307866,0,0,1,0,1
1,1,0,0,0,0,0,0,0,0,0,0,-1.500957084,1.179722123,0,0,2,0,1
1,1,0,1,0,0,0,0,0,0,0,0,-0.4295987,-0.10140992,0,0,1,0,1
1,1,1,0,1,0,0,0,0,1,1,0,1.177438876,0.604329359,0,0,1,0,1
1,1,0,0,0,1,0,0,0,0,0,0,1.177438876,1.885594689,0,0,1,0,1
1,1,0,0,0,1,0,0,0,0,0,0,-0.965277892,1.039879294,0,0,1,0,1
1,0,1,1,0,0,0,0,0,1,0,0,-0.4295987,-0.466696175,0,0,1,0,1
1,0,1,0,0,0,0,0,0,0,1,0,-0.965277892,-2.000494885,0,0,0,0,1
1,1,1,0,0,0,0,0,0,0,0,0,0.641759684,-2.134126007,0,0,3,0,1
1,1,1,1,0,0,0,0,0,0,1,0,0.106080492,-1.112446385,0,0,0,0,1
1,1,1,0,0,1,0,0,0,0,0,0,-0.4295987,-1.241712455,0,0,1,0,1
1,1,1,0,0,1,0,0,0,0,0,0,0.106080492,-0.981971794,0,0,1,0,1
1,1,0,0,0,0,0,1,0,0,0,0,1.177438876,1.65120544,0,0,1,0,1
1,1,1,1,0,0,0,0,0,0,0,0,0.641759684,0.466975578,0,0,1,2,1
1,1,0,0,0,0,1,1,0,0,0,0,0.641759684,-0.931218044,0,0,1,2,0
1,1,1,0,0,0,1,1,0,0,0,0,0.106080492,-0.428330253,0,0,1,0,0
1,1,1,1,0,0,1,0,0,0,0,0,1.713118068,-0.428330253,0,0,0,2,0
1,1,1,1,0,0,1,1,0,0,0,0,1.713118068,1.33980316,0,0,1,2,1
1,0,1,0,0,0,0,0,0,0,1,0,-0.965277892,0.814263731,0,0,0,2,1
1,1,1,0,0,0,1,0,0,0,0,0,0.106080492,-2.889879784,0,0,0,1,0
1,1,0,1,0,0,1,0,0,0,0,0,-0.4295987,-3.115508595,0,0,0,1,1
1,1,1,0,0,1,0,0,0,0,0,0,-0.4295987,-1.572648595,0,0,1,1,0
1,1,1,0,0,1,0,0,0,0,0,0,0.106080492,-0.995161288,0,0,1,1,1
1,1,1,0,0,1,0,0,0,0,0,0,-0.4295987,-0.358724446,0,0,1,2,1
1,1,1,1,0,0,0,0,0,0,0,0,0.641759684,0.922298543,0,0,1,0,1
1,1,0,0,0,1,1,0,0,0,0,0,0.641759684,-0.358724446,0,0,2,2,1
1,1,0,0,0,0,0,0,0,0,0,1,-0.4295987,-0.466696175,0,0,1,0,1
1,1,0,0,0,0,0,0,0,0,0,0,0.641759684,0.62704322,0,0,1,2,0
1,1,0,0,0,0,0,1,0,0,0,0,-0.4295987,0.62704322,0,0,2,2,1
1,1,0,0,0,0,1,1,0,0,0,0,-0.4295987,0.77302799,0,0,0,0,1
1,1,1,1,1,1,1,1,0,0,0,0,3.320155644,1.158721589,0,0,1,2,1
1,1,1,0,0,0,0,0,0,0,0,0,0.641759684,-2.150256676,0,0,3,0,1
1,1,0,0,1,0,0,0,0,0,0,0,-0.4295987,-0.552410073,0,0,2,2,1
1,1,0,1,1,0,1,1,0,0,0,0,0.641759684,1.307997177,0,0,1,0,1
1,0,1,0,0,0,0,0,0,1,0,0,-0.965277892,-1.419122039,0,0,0,0,1
1,1,0,0,0,0,0,0,0,0,0,0,-1.500957084,0.680075333,0,0,1,0,1
1,0,1,0,0,0,0,0,0,1,0,0,-0.965277892,-0.792590993,0,0,1,1,1
1,1,0,0,1,0,0,0,0,0,0,0,-0.4295987,-0.653773729,0,0,2,1,1
1,1,1,0,0,1,0,0,0,0,0,0,-0.4295987,0.144382777,0,0,1,2,1
1,1,1,1,0,0,0,0,0,0,0,0,0.641759684,0.615802173,0,0,1,0,1
1,1,0,0,0,0,1,1,0,0,0,0,0.641759684,-0.764083531,0,0,1,0,1
1,1,0,0,0,0,0,0,1,0,0,0,-0.4295987,-0.296865252,0,0,1,0,1
1,1,0,1,0,0,0,0,0,0,0,0,-0.4295987,-0.766801334,0,0,1,0,1
1,1,0,0,0,1,1,0,0,0,0,0,-0.4295987,1.555025419,0,0,1,0,1
1,1,0,1,0,1,0,0,0,0,0,0,1.713118068,0.852653484,0,0,3,2,1
1,1,0,0,0,0,0,0,0,0,0,1,-0.4295987,-0.663871228,0,0,1,0,1
1,1,0,0,0,0,0,1,0,0,0,0,0.106080492,0.580648768,0,0,1,2,1
1,1,0,0,1,0,0,0,1,0,0,0,-0.4295987,0.103154168,0,0,1,0,1
1,1,1,0,0,0,1,0,0,0,0,0,0.106080492,-3.341137406,0,0,0,2,1
1,1,0,1,0,0,1,0,0,0,0,0,-0.4295987,-3.341137406,0,0,0,2,1
1,1,0,0,0,0,0,0,0,0,0,0,-1.500957084,-0.16692679,0,0,1,0,1
1,1,1,0,0,1,0,0,0,0,0,0,0.106080492,-0.653773729,0,0,1,0,1
1,1,1,0,0,1,1,0,0,0,0,0,0.106080492,-0.190599824,0,0,1,0,1
1,1,1,1,0,0,0,0,0,0,0,0,0.641759684,0.568419529,0,0,1,2,1
1,1,0,0,0,0,0,0,1,0,0,1,-0.4295987,-0.296865252,0,0,1,0,1
1,1,0,0,0,0,0,0,0,0,0,0,-0.4295987,-0.268336755,0,0,2,0,1
1,1,0,0,0,0,0,0,0,0,0,1,-0.4295987,-0.39243973,0,0,1,0,1
1,0,1,0,0,0,0,0,0,1,0,0,-0.965277892,-0.915872425,0,0,1,2,1
1,1,0,0,1,0,0,0,0,0,0,0,-0.4295987,-0.466696175,0,0,2,2,1
1,1,0,0,0,0,0,0,0,0,0,0,-1.500957084,0.509796525,0,0,1,0,1
1,1,0,0,0,0,0,0,1,0,0,1,-0.4295987,0.241383858,0,0,1,1,1
1,1,1,0,0,1,0,0,0,0,0,0,0.106080492,0.010219665,0,0,1,0,1
1,1,1,1,0,0,0,0,0,0,0,0,0.641759684,0.530031543,0,0,1,1,1
1,1,1,1,0,0,0,0,0,0,0,1,0.106080492,1.179722123,0,0,1,1,1
1,1,1,0,0,0,0,0,0,0,0,0,0.106080492,1.065765041,0,0,1,0,1
1,1,0,0,0,0,0,0,0,0,0,1,-0.965277892,1.291385421,0,0,1,0,1
1,1,0,0,0,0,0,0,0,0,0,0,0.106080492,0.852653484,0,0,1,0,1
1,1,0,0,0,0,1,1,0,0,0,0,0.641759684,-0.707422741,0,0,1,0,0
1,1,0,1,0,0,0,0,0,0,0,0,-0.4295987,-0.600787097,0,0,1,0,1
1,1,0,1,1,1,0,0,0,0,0,0,1.177438876,0.728490262,0,0,0,1,0
1,0,1,0,0,0,0,0,0,1,0,0,-0.965277892,0.536616274,0,0,1,0,1
1,1,0,0,1,0,0,0,1,0,0,0,-0.4295987,0.444262489,0,0,1,1,1
1,1,1,1,1,0,0,0,1,0,0,0,1.713118068,1.065765041,0,0,0,1,1
1,1,0,0,0,0,1,1,0,0,0,0,-0.4295987,0.615802173,0,0,0,1,1
1,1,0,0,0,0,0,0,0,0,0,1,-0.4295987,-0.600787097,0,0,1,0,1
1,1,1,0,0,0,0,0,0,0,0,0,-0.4295987,-0.815158563,0,0,1,0,1
1,1,1,1,0,0,0,0,0,0,0,1,0.106080492,-1.387070813,0,0,1,1,1
1,1,1,0,0,0,0,0,0,0,1,0,-0.4295987,-0.852014123,0,0,0,0,1
1,1,1,0,0,0,0,0,0,0,0,0,0.641759684,0.11723918,0,0,3,0,1
1,0,1,0,0,0,0,0,0,1,0,0,-0.965277892,-1.0214395,0,0,1,0,1
1,1,0,0,0,0,0,0,0,0,0,0,-0.965277892,-1.650276904,0,0,1,1,1
1,1,0,0,0,0,0,0,0,0,0,0,-1.500957084,0.058624761,0,0,1,1,1
1,1,0,0,0,0,0,0,1,0,0,1,-0.4295987,0.814263731,0,0,1,1,1
1,1,1,1,0,0,0,0,0,0,0,0,0.641759684,0.509796525,0,0,1,0,1
1,1,0,0,0,0,0,0,0,0,0,0,0.106080492,0.888564859,0,0,1,1,1
1,1,1,1,0,0,0,0,0,0,0,1,0.106080492,1.33980316,0,0,1,1,1
1,1,1,0,0,0,0,0,0,0,0,0,0.106080492,0.680075333,0,0,1,1,1
1,1,0,0,0,0,0,0,0,0,0,1,-0.965277892,1.398431488,0,0,1,1,1
1,1,1,0,0,0,0,0,0,1,0,0,0.106080492,-0.358724446,0,0,0,1,1
1,0,1,0,0,0,0,0,0,0,0,0,-1.500957084,-0.268336755,0,0,2,1,1
1,0,0,0,1,0,0,0,1,0,0,0,-0.965277892,1.238349936,0,0,1,1,1
1,1,0,0,1,0,0,0,1,0,0,0,-0.4295987,-0.16692679,0,0,1,1,1
1,0,1,0,0,0,0,0,0,1,0,0,-0.965277892,0.509796525,0,0,1,0,1
1,1,1,1,0,0,0,1,0,0,0,0,1.713118068,0.562202627,0,0,1,2,1
1,1,1,1,0,0,0,0,0,0,0,0,0.641759684,0.194994244,0,0,1,0,1
1,1,1,1,1,0,0,0,1,0,0,0,1.713118068,0.680075333,0,0,0,0,1
1,1,0,0,0,0,1,1,0,0,0,0,-0.4295987,0.412460143,0,0,0,0,1
1,1,1,0,0,0,0,0,0,0,1,0,-0.4295987,-0.215324865,0,0,0,1,1
1,1,0,0,0,0,0,0,1,0,0,1,-0.4295987,0.241383858,0,0,1,0,1
1,1,0,0,0,0,0,0,0,0,0,0,-1.500957084,0.888564859,0,0,1,0,1
1,1,1,0,0,0,0,0,0,0,1,0,-0.4295987,0.580648768,0,0,0,0,1
1,1,1,0,0,0,0,0,0,0,0,0,0.641759684,-0.04280065,0,0,3,0,1
1,1,1,0,0,1,0,0,0,0,0,0,-0.4295987,-0.50790442,0,0,1,0,1
1,1,1,0,0,1,0,0,0,0,0,0,0.106080492,0.103154168,0,0,1,0,1
1,1,1,1,0,0,0,0,0,0,0,0,0.641759684,0.273802408,0,0,1,0,1
1,1,0,0,0,0,0,0,0,0,0,1,-0.965277892,0.495885812,0,0,1,0,1
1,1,1,0,0,0,0,0,0,0,0,0,0.106080492,0.549556494,0,0,1,0,1
1,1,1,1,0,0,0,0,0,0,0,1,0.106080492,1.463972564,0,0,1,0,1
1,1,1,1,1,0,0,0,0,0,0,0,0.641759684,0.206959209,0,0,1,0,1
1,1,0,0,0,0,0,0,0,0,0,1,-0.4295987,-0.552410073,0,0,1,0,1
1,1,0,0,0,0,0,0,1,0,0,1,-0.4295987,-0.122403323,0,0,1,0,1
1,1,0,0,1,0,0,0,1,0,0,0,-0.4295987,0.157473692,0,0,1,0,1
1,0,1,1,0,0,0,0,0,1,0,0,-0.4295987,-0.241199778,0,0,1,0,1
1,1,0,0,0,0,1,1,0,0,0,0,-0.4295987,-0.215324865,0,0,0,0,1
1,0,1,0,0,0,0,0,0,0,1,0,-0.965277892,-0.428330253,0,0,0,0,1
1,0,1,0,0,0,0,0,0,1,0,0,-0.965277892,-1.575554445,0,0,0,0,1
1,1,1,1,0,0,0,0,0,0,0,1,0.106080492,-1.710018604,0,0,1,0,1
1,1,1,1,0,0,0,0,0,0,1,0,0.106080492,-0.724201976,0,0,0,0,1
1,0,0,0,0,0,0,0,1,0,0,0,-1.500957084,-0.653773729,0,0,1,0,1
1,1,0,0,0,0,0,0,0,0,0,0,-1.500957084,0.026826959,0,0,1,0,0
1,1,1,1,0,0,0,0,0,0,1,0,0.106080492,0.352018155,0,0,0,1,1
1,1,1,1,0,0,0,0,0,0,0,0,0.641759684,0.284202059,0,0,1,0,1
1,1,0,0,0,0,0,0,0,0,0,0,0.106080492,1.114182078,0,0,1,0,1
1,1,1,0,0,0,1,1,0,0,0,0,0.106080492,-0.466696175,0,0,1,0,0
1,0,1,0,0,0,0,0,0,0,1,0,-0.965277892,-0.50790442,0,0,0,1,1
1,1,1,1,0,0,0,1,0,0,0,0,0.641759684,-0.006898545,0,0,1,1,1
1,1,1,0,0,0,1,0,0,0,0,0,0.106080492,-2.921686676,0,0,0,0,0
1,1,0,1,0,0,1,0,0,0,0,0,-0.4295987,-2.889879784,0,0,0,0,0
1,1,1,0,0,1,0,0,0,0,0,0,-0.4295987,-0.122403323,1,0,1,0,1
1,1,0,0,0,0,1,1,0,0,0,0,0.641759684,0.088703366,1,0,1,0,1
1,1,0,1,0,0,0,0,0,0,0,1,0.641759684,1.33980316,1,0,1,0,1
1,1,0,0,0,0,0,0,0,0,1,0,-0.965277892,0.77302799,1,0,0,2,1
1,1,0,0,0,0,1,1,0,0,0,0,-0.4295987,0.562202627,1,0,0,0,1
1,1,1,1,0,0,0,0,0,0,0,0,0.641759684,0.241383858,1,0,1,0,1
1,1,0,0,0,0,1,0,0,0,0,0,0.641759684,0.954103617,1,0,1,2,1
1,1,1,1,1,0,1,0,0,0,0,0,1.713118068,1.256595861,1,0,1,2,1
1,0,1,1,0,0,1,1,0,0,0,0,0.106080492,-1.350897633,1,0,0,0,1
1,1,1,1,0,0,0,0,0,0,0,0,0.641759684,0.042952953,1,0,1,0,1
1,1,1,0,0,1,1,0,0,0,0,0,0.106080492,-0.358724446,1,0,1,0,1
1,1,0,0,0,0,1,1,0,0,0,0,0.641759684,-0.04280065,1,0,1,0,1
1,1,0,0,1,0,0,0,1,0,0,0,-0.4295987,0.103154168,1,0,1,0,1
1,1,0,0,0,0,1,1,0,0,0,0,-0.4295987,0.182766349,1,0,0,0,1
1,1,0,0,1,0,0,0,0,1,0,0,0.106080492,-0.780593097,1,0,1,0,1
1,1,0,0,1,0,0,0,0,1,0,0,0.106080492,-0.764761739,1,0,1,0,1
1,1,0,0,0,0,0,0,0,0,0,0,-0.4295987,0.555915484,1,0,0,0,0
1,1,0,0,0,0,0,0,0,0,0,0,-1.500957084,-0.600787097,1,0,1,0,1
1,1,1,0,0,1,0,0,0,0,0,0,0.106080492,-0.144219881,1,0,1,1,1
1,1,1,1,0,0,0,0,0,0,0,1,0.106080492,-0.241199778,1,0,1,0,1
1,1,0,0,0,0,0,0,0,0,0,0,0.106080492,-0.868121445,1,0,1,0,1
1,0,1,0,0,0,0,0,0,1,0,0,-0.965277892,-0.678206619,1,0,1,1,1
1,1,0,0,0,0,1,1,0,0,0,0,-0.4295987,0.52336796,1,0,0,1,1
1,1,1,1,0,0,0,0,0,0,0,0,0.641759684,-1.174041841,1,0,1,0,1
1,1,1,1,0,0,1,1,0,0,0,0,1.177438876,-0.241199778,1,0,1,1,1
1,1,0,0,0,1,1,0,0,0,0,0,0.641759684,1.219485409,1,0,1,0,1
1,1,0,1,1,1,0,0,0,0,0,0,0.641759684,-0.659922621,1,0,1,0,1
1,1,1,1,0,0,0,1,0,0,0,0,1.713118068,-0.268336755,1,0,0,1,1
1,0,1,0,0,0,0,0,0,0,1,0,-0.965277892,-0.358724446,1,0,0,1,1
1,1,0,1,0,1,0,0,0,0,0,0,0.641759684,-0.808511872,1,0,1,0,1
1,1,1,1,1,0,1,0,0,0,0,0,1.713118068,0.62704322,1,0,1,1,1
1,1,0,0,1,0,0,0,0,1,0,0,0.106080492,-0.818885764,1,0,0,1,1
1,1,0,0,0,0,0,0,0,0,0,0,-0.965277892,0.610095333,1,0,1,1,1
1,1,0,0,0,0,0,0,1,0,0,1,-0.4295987,-0.50790442,1,0,1,1,1
1,1,0,0,0,0,0,0,0,0,0,0,-1.500957084,-0.39243973,1,0,1,1,1
1,1,1,1,0,0,0,0,0,0,1,0,0.106080492,-0.215324865,1,0,0,1,1
1,1,0,0,0,0,1,1,0,0,0,0,0.641759684,-1.67410491,1,0,1,0,1
1,1,1,1,0,0,0,1,0,0,0,0,1.713118068,-1.283197315,1,0,1,1,1
1,1,0,0,0,0,1,1,0,0,0,0,-0.4295987,-1.656981433,1,0,0,1,1
1,1,1,0,0,0,0,0,0,0,0,0,0.641759684,-0.268336755,1,0,3,1,1
1,1,1,1,0,0,0,0,0,0,0,0,0.641759684,0.387355791,1,0,1,0,1
1,1,1,0,0,1,0,0,0,0,0,0,-0.4295987,-0.10140992,1,0,1,0,1
1,1,0,0,0,0,0,0,0,1,0,0,0.106080492,-0.728636016,1,0,1,0,1
1,1,1,1,1,1,0,0,1,0,0,0,2.784476452,0.615802173,1,0,0,0,1
1,1,0,1,1,0,1,1,0,0,0,0,2.784476452,1.090499975,1,0,0,0,1
1,1,1,1,0,0,0,0,0,0,1,0,0.106080492,0.621451081,1,0,0,1,1
1,1,1,0,0,1,0,0,0,0,0,0,-0.4295987,-0.50790442,1,0,1,0,1
1,1,1,0,0,1,0,0,0,0,0,0,0.106080492,-0.215324865,1,0,1,0,1
1,1,0,0,0,0,0,0,0,0,0,0,-1.500957084,1.307997177,1,0,1,0,1
1,1,0,0,0,0,0,0,0,0,0,0,0.106080492,0.888564859,1,0,0,1,1
1,1,1,0,1,1,0,0,0,0,0,0,2.784476452,0.580648768,1,0,0,1,1
1,1,1,1,0,0,0,0,0,0,0,0,0.641759684,-0.024560108,1,0,1,0,1
1,1,1,0,1,1,1,0,0,0,0,0,3.320155644,1.879767795,1,0,0,1,1
1,1,0,1,0,0,1,1,0,0,0,0,2.784476452,-0.061659422,1,0,1,1,1
1,1,1,1,0,1,1,0,0,1,1,0,1.713118068,-2.019575696,1,0,1,0,1
1,0,1,0,0,0,0,0,0,1,0,0,-0.965277892,-0.081179807,1,0,1,0,1
1,1,1,1,0,0,0,0,0,0,1,0,0.106080492,-0.935813191,1,0,0,0,1
1,1,1,0,0,1,0,0,0,0,0,0,-0.4295987,-1.017150699,1,0,1,0,1
1,1,1,0,0,1,0,0,0,0,0,0,0.106080492,-0.732464947,1,0,1,0,1
1,1,1,0,0,1,0,0,0,0,0,0,-0.4295987,-0.428330253,1,0,1,0,1
1,1,1,0,0,1,0,0,0,0,0,0,0.106080492,-0.16692679,1,0,1,0,1
1,1,0,0,0,1,0,1,0,0,0,0,1.177438876,1.256595861,1,0,1,1,1
1,1,0,0,0,0,0,0,0,0,0,1,-0.965277892,1.065765041,1,0,1,0,1
1,0,1,0,0,0,0,0,0,0,1,0,-0.965277892,-1.052423914,1,0,0,1,1
1,1,1,1,0,0,0,0,0,0,1,0,0.106080492,-2.889879784,1,0,0,0,1
1,1,1,0,0,1,0,0,0,0,0,0,0.106080492,-3.726852406,1,0,1,0,1
1,1,1,1,0,0,0,0,0,0,0,0,0.641759684,-0.268336755,1,0,1,0,0
1,1,0,0,0,1,0,1,0,0,0,0,0.106080492,0.888564859,1,0,1,1,1
1,1,0,1,0,1,0,0,0,0,0,0,1.177438876,1.238349936,1,0,1,0,1
1,1,0,1,0,0,0,1,0,0,0,0,0.106080492,0.568419529,1,0,1,0,1
1,1,0,1,0,1,0,0,0,0,0,0,0.641759684,0.62704322,1,0,1,0,1
1,1,0,1,1,1,0,0,0,0,0,0,0.641759684,0.954103617,1,0,0,0,1
1,1,1,1,1,0,1,0,0,1,0,0,1.713118068,0.852653484,1,0,0,1,1
1,1,1,0,0,1,0,1,0,0,0,0,0.641759684,1.67709199,1,0,1,0,1
1,0,1,1,0,0,0,0,0,0,0,0,-0.965277892,0.814263731,1,0,1,0,1
1,1,0,1,0,1,1,0,0,0,0,0,1.713118068,0.680075333,1,0,0,1,1
1,1,0,0,0,0,0,0,0,0,0,0,-1.500957084,0.555915484,1,0,0,0,1
1,1,1,0,0,1,0,0,0,0,0,0,-0.4295987,-0.600787097,1,0,1,0,1
1,1,1,0,0,1,0,0,0,0,0,0,0.106080492,-0.552410073,1,0,1,0,1
1,1,1,1,0,0,0,0,0,0,1,0,0.106080492,0.404217227,1,0,0,0,1
1,1,1,1,0,0,0,0,0,0,0,0,0.641759684,0.042952953,1,0,1,0,1
1,1,0,1,0,1,0,1,0,0,0,0,1.177438876,1.065765041,1,0,1,0,1
1,1,1,1,0,0,1,1,0,0,0,0,1.177438876,0.042952953,1,0,1,0,1
1,0,0,0,0,0,0,0,0,0,1,0,-1.500957084,-0.296865252,1,0,1,1,1
1,1,0,0,0,1,1,0,0,0,1,0,0.106080492,0.333470558,1,0,0,0,1
1,1,0,1,0,0,0,1,0,0,0,0,0.106080492,0.77302799,1,0,0,0,1
1,1,0,0,0,0,0,0,0,0,0,0,0.106080492,-0.653773729,1,0,1,0,1
1,0,1,0,0,0,0,0,0,0,1,0,-0.965277892,-0.326935729,1,0,0,0,1
1,1,0,0,0,0,1,1,0,0,0,0,-0.4295987,0.451936989,1,0,0,0,1
1,1,1,1,1,0,0,0,1,0,0,0,1.713118068,0.284202059,1,0,0,0,1
1,1,0,0,0,0,0,0,0,0,0,0,-1.500957084,0.157473692,1,0,1,1,1
1,1,0,1,0,1,0,1,0,0,0,0,0.106080492,0.586664059,1,0,0,0,1
1,1,1,0,0,1,0,0,0,0,0,0,-0.4295987,-1.867637077,1,0,1,0,1
1,1,1,0,0,1,0,0,0,0,0,0,0.106080492,-1.8341911,1,0,1,0,0
1,1,0,0,0,0,1,1,0,0,0,0,-0.4295987,-1.0128947,1,0,0,0,1
1,1,1,1,0,0,0,1,0,0,0,0,1.713118068,-0.858401213,1,0,1,0,1
1,1,0,0,0,1,0,1,0,0,0,0,0.641759684,0.206959209,1,0,0,1,1
1,0,0,0,0,0,0,1,0,0,0,0,-1.500957084,1.114182078,1,0,2,0,1
1,1,0,0,0,1,0,0,0,0,0,0,0.106080492,0.530031543,1,0,0,0,1
1,1,0,0,0,0,0,0,0,0,0,0,-0.4295987,1.012730399,1,0,0,0,1
1,0,1,0,0,0,0,0,0,0,1,1,-0.4295987,1.039879294,1,0,0,0,1
1,1,0,0,0,1,0,0,0,0,0,0,0.641759684,0.451936989,1,0,1,0,1
1,1,0,0,0,1,0,0,0,0,0,0,0.106080492,-0.10140992,1,0,1,0,1
1,1,0,0,0,0,0,0,0,0,0,0,-0.4295987,-1.002394972,1,0,0,0,1
1,1,0,0,0,1,0,1,0,0,0,0,-0.4295987,0.984188729,1,0,0,2,1
1,1,1,1,0,0,0,0,0,0,0,0,0.641759684,0.314283375,1,0,1,2,1
1,1,0,0,0,0,0,1,0,0,0,0,-0.4295987,1.114182078,1,0,1,2,1
1,1,0,0,0,1,1,1,0,0,0,0,0.641759684,1.384343266,1,0,1,2,1
1,1,0,0,0,0,0,0,0,0,0,0,-0.965277892,0.62704322,1,0,1,2,1
1,1,0,1,0,1,1,0,0,0,0,0,0.106080492,0.888564859,1,0,1,2,1
1,1,0,0,0,0,0,1,0,0,0,0,-0.965277892,0.852653484,1,0,1,2,1
1,1,0,1,0,1,1,0,0,0,0,0,0.641759684,0.182766349,1,0,0,2,1
1,1,1,1,0,0,0,0,0,0,1,0,0.106080492,-0.04280065,1,0,0,2,1
1,1,0,0,0,1,0,1,0,0,0,0,0.641759684,1.522601201,1,0,1,2,1
1,1,0,0,0,0,0,0,0,0,0,0,-0.965277892,0.728490262,1,0,0,2,1
1,1,0,0,0,1,0,1,0,0,0,0,0.641759684,0.230143947,1,0,1,2,1
1,0,0,0,0,1,1,0,0,0,0,0,-0.965277892,0.888564859,1,0,1,2,1
1,1,0,0,0,1,1,0,0,0,0,0,0.106080492,1.307997177,1,0,0,2,1
1,1,1,1,0,0,0,0,0,0,0,0,0.641759684,0.103154168,1,0,1,2,1
1,1,0,0,0,0,0,1,0,0,0,0,-0.4295987,0.495885812,1,0,1,2,0
1,1,0,0,0,1,1,0,0,0,0,0,0.106080492,-0.268336755,1,0,1,2,1
1,1,0,0,0,1,0,1,0,0,0,0,0.641759684,0.502884635,1,0,1,2,1
1,1,1,1,0,0,0,1,0,0,0,0,1.713118068,-1.135743844,1,0,1,2,1
1,1,0,1,0,1,1,0,0,0,0,0,0.641759684,0.852653484,1,0,1,2,1
1,1,1,0,0,1,1,1,0,0,0,0,0.641759684,0.728490262,1,0,1,2,0
1,1,1,0,0,1,0,0,0,0,0,0,-0.4295987,0.010219665,1,0,1,0,1
1,1,1,1,0,0,0,0,0,0,1,0,0.106080492,0.62704322,1,0,0,0,1
1,1,0,0,0,1,0,1,0,0,0,0,0.641759684,1.13689733,1,0,0,0,1
1,1,0,0,0,0,0,1,0,0,0,0,-0.4295987,0.058624761,1,0,1,0,1
1,1,0,0,0,1,0,1,0,0,0,0,-0.4295987,0.088703366,1,0,2,1,1
1,1,0,0,0,0,0,1,0,0,0,0,0.106080492,0.852653484,1,0,1,0,1
1,1,0,0,0,1,0,1,0,0,0,0,0.106080492,0.62704322,1,0,1,0,1
1,1,0,0,0,0,0,1,0,0,0,0,0.106080492,0.509796525,1,0,1,0,1
1,1,0,0,0,1,0,1,0,0,0,0,0.106080492,0.888564859,1,0,0,0,1
1,1,0,0,0,1,0,0,0,0,0,0,-0.965277892,0.954103617,1,0,1,0,1
1,1,0,0,0,1,1,1,0,0,0,0,0.106080492,1.951136667,1,0,0,0,1
1,1,0,1,0,1,1,0,0,0,0,0,1.177438876,0.852653484,1,0,1,0,1
1,1,1,0,0,0,0,0,0,0,1,0,-0.4295987,-0.653773729,1,0,0,0,1
1,1,0,0,0,1,1,1,0,0,0,0,0.641759684,0.77302799,1,0,1,0,1
1,1,0,0,0,0,1,0,0,0,0,0,-0.4295987,0.77302799,1,0,0,0,1
1,1,0,0,0,0,0,1,0,0,0,0,-0.4295987,0.680075333,1,0,1,1,1
1,1,0,0,0,0,0,1,0,0,0,0,-0.4295987,-1.358735356,1,0,1,0,1
1,1,1,0,0,1,0,0,0,0,0,0,-0.4295987,-0.122403323,1,0,1,0,1
1,1,0,0,0,0,1,0,0,0,0,0,-0.4295987,0.728490262,1,0,0,0,1
1,1,0,0,0,0,1,1,0,0,0,0,0.641759684,-0.50790442,1,0,1,0,0
1,0,1,0,0,0,0,0,0,0,0,0,-1.500957084,0.026826959,1,0,1,0,1
1,1,1,0,0,0,0,0,0,0,1,0,-0.4295987,0.170263708,1,0,1,0,1
1,1,0,0,0,0,0,0,0,0,0,0,-0.965277892,-0.04280065,1,0,0,0,1
1,1,0,0,0,0,0,1,0,0,0,0,-0.4295987,1.039879294,1,0,1,0,1
1,1,0,0,0,0,0,1,0,0,0,0,-0.4295987,-0.16692679,1,0,1,0,1
