restaurant_id,name,link,city,area,cuisine,rating,votes,has_online_delivery,has_table_booking,price
10584,Pizza Hut,https://www.swiggy.com/dapi/menu/pl?restaurantId=10584,bangalore,Indiranagar,Pizzas,4.3,20K+,1,0,₹300 for two
5937,Burger King,https://www.swiggy.com/dapi/menu/pl?restaurantId=5937,bangalore,Indiranagar,"Burgers, American",4.3,81K+,1,0,₹350 for two
23802,Domino's Pizza,https://www.swiggy.com/dapi/menu/pl?restaurantId=23802,bangalore,Indiranagar,"Pizzas, Italian, Pastas, Desserts",4.3,22K+,1,0,₹400 for two
693653,KFC,https://www.swiggy.com/dapi/menu/pl?restaurantId=693653,bangalore,HAL 2nd stage,"Burgers, Fast Food, Rolls & Wraps",4.2,4.7K+,1,0,₹400 for two
23681,McDonald's,https://www.swiggy.com/dapi/menu/pl?restaurantId=23681,bangalore,"Ashwini Complex,Indiranagar","Burgers, Beverages, Cafe, Desserts",4.4,50K+,1,0,₹400 for two
8241,Paris Panini - Gourmet Sandwiches & Wraps,https://www.swiggy.com/dapi/menu/pl?restaurantId=8241,bangalore,Indiranagar,"sandwich, wrap, Fast Food, Pastas, Italian, Salads, Healthy Food, Desserts, Continental",4.6,36K+,1,0,₹500 for two
5167,Theobroma,https://www.swiggy.com/dapi/menu/pl?restaurantId=5167,bangalore,Indiranagar,"Bakery, Desserts, Beverages",4.6,40K+,1,0,₹400 for two
70248,Starbucks Coffee,https://www.swiggy.com/dapi/menu/pl?restaurantId=70248,bangalore,Indiranagar,"Beverages, Cafe, Snacks, Desserts, Bakery, Ice Cream",4.2,9.2K+,1,0,₹400 for two
134975,The Hole in the Wall Cafe,https://www.swiggy.com/dapi/menu/pl?restaurantId=134975,bangalore,Indiranagar,American,4.5,16K+,1,0,₹300 for two
457308,Bakingo,https://www.swiggy.com/dapi/menu/pl?restaurantId=457308,bangalore,Indiranagar,"Bakery, Desserts, Beverages, Snacks",4.6,10K+,1,0,₹300 for two
530296,Chaayos Chai+Snacks=Relax,https://www.swiggy.com/dapi/menu/pl?restaurantId=530296,bangalore,INDIRANAGAR,"Bakery, Beverages, Chaat, Desserts, Home Food, Italian, Maharashtrian, Snacks, Street Food, Sweets",4.6,2.4K+,1,0,₹250 for two
23423,Samosa Party,https://www.swiggy.com/dapi/menu/pl?restaurantId=23423,bangalore,Jeevan Bima Nagar,"Fast Food, Snacks, Beverages, Chaat, North Indian, Street Food, Sweets, Desserts, Punjabi, Bakery",4.4,49K+,1,0,₹150 for two
215852,Third Wave Coffee,https://www.swiggy.com/dapi/menu/pl?restaurantId=215852,bangalore,Indiranagar,"Beverages, Bakery, Continental",4.4,6.4K+,1,0,₹400 for two
442789,"The Dessert Heaven - Pastry, Brownie and Cakes",https://www.swiggy.com/dapi/menu/pl?restaurantId=442789,bangalore,Indira Nagar,"Bakery, Desserts, Sweets, Ice Cream",4.3,356,1,0,₹200 for two
585078,Aubree,https://www.swiggy.com/dapi/menu/pl?restaurantId=585078,bangalore,Indiranagar,"Desserts, Bakery",4.5,2.3K+,1,0,₹800 for two
444178,Magnolia Bakery,https://www.swiggy.com/dapi/menu/pl?restaurantId=444178,bangalore,Indiranagar,"Bakery, Desserts, Ice Cream",4.7,16K+,1,0,₹500 for two
42149,Asha Sweet Center - Since 1951,https://www.swiggy.com/dapi/menu/pl?restaurantId=42149,bangalore,Indiranagar,"Sweets, Snacks, Fast Food, Bakery, Beverages, Chaat, Thalis, North Indian, Chinese",4.6,16K+,1,0,₹250 for two
614416,The Belgian Waffle Co.,https://www.swiggy.com/dapi/menu/pl?restaurantId=614416,bangalore,Indiranagar,"Waffle, Desserts, Ice Cream, Beverages",4.4,3.4K+,1,0,₹200 for two
581477,Cheesecakes By CakeZone,https://www.swiggy.com/dapi/menu/pl?restaurantId=581477,bangalore,Indira Nagar,"Desserts, Bakery",4.3,94,1,0,₹200 for two
224120,Lo!  Low Carb And Keto Foods,https://www.swiggy.com/dapi/menu/pl?restaurantId=224120,bangalore,Indiranagar,"Healthy Food, Keto, North Indian, Continental",4.3,5.8K+,1,0,₹150 for two
10584,Pizza Hut,https://www.swiggy.com/dapi/menu/pl?restaurantId=10584,bangalore,Indiranagar,Pizzas,4.3,20K+,1,0,₹300 for two
1098430,Mealy - Your Everyday Meal,https://www.swiggy.com/dapi/menu/pl?restaurantId=1098430,bangalore,Indiranagar,"North Indian, Street Food, Beverages",4.2,50,1,0,₹200 for two
671051,Nizaams Kaati Rolls,https://www.swiggy.com/dapi/menu/pl?restaurantId=671051,bangalore,Domlur,"Fast Food, Kebabs",4.5,1.6K+,1,0,₹400 for two
372,Moti's Kitchen,https://www.swiggy.com/dapi/menu/pl?restaurantId=372,bangalore,Indiranagar,"Kerala, South Indian",4.6,86K+,1,0,₹200 for two
693653,KFC,https://www.swiggy.com/dapi/menu/pl?restaurantId=693653,bangalore,HAL 2nd stage,"Burgers, Fast Food, Rolls & Wraps",4.2,4.7K+,1,0,₹400 for two
5937,Burger King,https://www.swiggy.com/dapi/menu/pl?restaurantId=5937,bangalore,Indiranagar,"Burgers, American",4.3,81K+,1,0,₹350 for two
23681,McDonald's,https://www.swiggy.com/dapi/menu/pl?restaurantId=23681,bangalore,"Ashwini Complex,Indiranagar","Burgers, Beverages, Cafe, Desserts",4.4,50K+,1,0,₹400 for two
23802,Domino's Pizza,https://www.swiggy.com/dapi/menu/pl?restaurantId=23802,bangalore,Indiranagar,"Pizzas, Italian, Pastas, Desserts",4.3,22K+,1,0,₹400 for two
10584,Pizza Hut,https://www.swiggy.com/dapi/menu/pl?restaurantId=10584,bangalore,Indiranagar,Pizzas,4.3,20K+,1,0,₹300 for two
5937,Burger King,https://www.swiggy.com/dapi/menu/pl?restaurantId=5937,bangalore,Indiranagar,"Burgers, American",4.3,81K+,1,0,₹350 for two
23802,Domino's Pizza,https://www.swiggy.com/dapi/menu/pl?restaurantId=23802,bangalore,Indiranagar,"Pizzas, Italian, Pastas, Desserts",4.3,22K+,1,0,₹400 for two
693653,KFC,https://www.swiggy.com/dapi/menu/pl?restaurantId=693653,bangalore,HAL 2nd stage,"Burgers, Fast Food, Rolls & Wraps",4.2,4.7K+,1,0,₹400 for two
23681,McDonald's,https://www.swiggy.com/dapi/menu/pl?restaurantId=23681,bangalore,"Ashwini Complex,Indiranagar","Burgers, Beverages, Cafe, Desserts",4.4,50K+,1,0,₹400 for two
8241,Paris Panini - Gourmet Sandwiches & Wraps,https://www.swiggy.com/dapi/menu/pl?restaurantId=8241,bangalore,Indiranagar,"sandwich, wrap, Fast Food, Pastas, Italian, Salads, Healthy Food, Desserts, Continental",4.6,36K+,1,0,₹500 for two
5167,Theobroma,https://www.swiggy.com/dapi/menu/pl?restaurantId=5167,bangalore,Indiranagar,"Bakery, Desserts, Beverages",4.6,40K+,1,0,₹400 for two
70248,Starbucks Coffee,https://www.swiggy.com/dapi/menu/pl?restaurantId=70248,bangalore,Indiranagar,"Beverages, Cafe, Snacks, Desserts, Bakery, Ice Cream",4.2,9.2K+,1,0,₹400 for two
134975,The Hole in the Wall Cafe,https://www.swiggy.com/dapi/menu/pl?restaurantId=134975,bangalore,Indiranagar,American,4.5,16K+,1,0,₹300 for two
457308,Bakingo,https://www.swiggy.com/dapi/menu/pl?restaurantId=457308,bangalore,Indiranagar,"Bakery, Desserts, Beverages, Snacks",4.6,10K+,1,0,₹300 for two
530296,Chaayos Chai+Snacks=Relax,https://www.swiggy.com/dapi/menu/pl?restaurantId=530296,bangalore,INDIRANAGAR,"Bakery, Beverages, Chaat, Desserts, Home Food, Italian, Maharashtrian, Snacks, Street Food, Sweets",4.6,2.4K+,1,0,₹250 for two
23423,Samosa Party,https://www.swiggy.com/dapi/menu/pl?restaurantId=23423,bangalore,Jeevan Bima Nagar,"Fast Food, Snacks, Beverages, Chaat, North Indian, Street Food, Sweets, Desserts, Punjabi, Bakery",4.4,49K+,1,0,₹150 for two
215852,Third Wave Coffee,https://www.swiggy.com/dapi/menu/pl?restaurantId=215852,bangalore,Indiranagar,"Beverages, Bakery, Continental",4.4,6.4K+,1,0,₹400 for two
809127,Subway,https://www.swiggy.com/dapi/menu/pl?restaurantId=809127,bangalore,Kempfort Mall,"sandwich, Salads, wrap, Healthy Food",4.4,2.7K+,1,0,₹350 for two
585078,Aubree,https://www.swiggy.com/dapi/menu/pl?restaurantId=585078,bangalore,Indiranagar,"Desserts, Bakery",4.5,2.3K+,1,0,₹800 for two
444178,Magnolia Bakery,https://www.swiggy.com/dapi/menu/pl?restaurantId=444178,bangalore,Indiranagar,"Bakery, Desserts, Ice Cream",4.7,16K+,1,0,₹500 for two
42149,Asha Sweet Center - Since 1951,https://www.swiggy.com/dapi/menu/pl?restaurantId=42149,bangalore,Indiranagar,"Sweets, Snacks, Fast Food, Bakery, Beverages, Chaat, Thalis, North Indian, Chinese",4.6,16K+,1,0,₹250 for two
614416,The Belgian Waffle Co.,https://www.swiggy.com/dapi/menu/pl?restaurantId=614416,bangalore,Indiranagar,"Waffle, Desserts, Ice Cream, Beverages",4.4,3.4K+,1,0,₹200 for two
581477,Cheesecakes By CakeZone,https://www.swiggy.com/dapi/menu/pl?restaurantId=581477,bangalore,Indira Nagar,"Desserts, Bakery",4.3,94,1,0,₹200 for two
224120,Lo!  Low Carb And Keto Foods,https://www.swiggy.com/dapi/menu/pl?restaurantId=224120,bangalore,Indiranagar,"Healthy Food, Keto, North Indian, Continental",4.3,5.8K+,1,0,₹150 for two
10584,Pizza Hut,https://www.swiggy.com/dapi/menu/pl?restaurantId=10584,bangalore,Indiranagar,Pizzas,4.3,20K+,1,0,₹300 for two
1098430,Mealy - Your Everyday Meal,https://www.swiggy.com/dapi/menu/pl?restaurantId=1098430,bangalore,Indiranagar,"North Indian, Street Food, Beverages",4.2,50,1,0,₹200 for two
671051,Nizaams Kaati Rolls,https://www.swiggy.com/dapi/menu/pl?restaurantId=671051,bangalore,Domlur,"Fast Food, Kebabs",4.5,1.6K+,1,0,₹400 for two
372,Moti's Kitchen,https://www.swiggy.com/dapi/menu/pl?restaurantId=372,bangalore,Indiranagar,"Kerala, South Indian",4.6,86K+,1,0,₹200 for two
693653,KFC,https://www.swiggy.com/dapi/menu/pl?restaurantId=693653,bangalore,HAL 2nd stage,"Burgers, Fast Food, Rolls & Wraps",4.2,4.7K+,1,0,₹400 for two
5937,Burger King,https://www.swiggy.com/dapi/menu/pl?restaurantId=5937,bangalore,Indiranagar,"Burgers, American",4.3,81K+,1,0,₹350 for two
23681,McDonald's,https://www.swiggy.com/dapi/menu/pl?restaurantId=23681,bangalore,"Ashwini Complex,Indiranagar","Burgers, Beverages, Cafe, Desserts",4.4,50K+,1,0,₹400 for two
23802,Domino's Pizza,https://www.swiggy.com/dapi/menu/pl?restaurantId=23802,bangalore,Indiranagar,"Pizzas, Italian, Pastas, Desserts",4.3,22K+,1,0,₹400 for two
372897,Pizza Hut,https://www.swiggy.com/dapi/menu/pl?restaurantId=372897,bangalore,Whitefield,Pizzas,4.2,7.2K+,1,0,₹300 for two
600204,KFC,https://www.swiggy.com/dapi/menu/pl?restaurantId=600204,bangalore,Whitefield,"Burgers, Fast Food, Rolls & Wraps",4.2,6.6K+,1,0,₹400 for two
79466,Domino's Pizza,https://www.swiggy.com/dapi/menu/pl?restaurantId=79466,bangalore,Whitefield,"Pizzas, Italian, Pastas, Desserts",4.2,17K+,1,0,₹400 for two
427517,Taco Bell,https://www.swiggy.com/dapi/menu/pl?restaurantId=427517,bangalore,Whitefield,"Mexican, Fast Food, Snacks",4.4,5.3K+,1,0,₹300 for two
788383,Caterspoint,https://www.swiggy.com/dapi/menu/pl?restaurantId=788383,bangalore,Whitefield,"Salads, Healthy food, Snacks, pastas, Lebanese, Mexican, Desserts, Beverages",4.3,1.0K+,1,0,₹600 for two
653239,Aubree,https://www.swiggy.com/dapi/menu/pl?restaurantId=653239,bangalore,Whitefield,"Desserts, Bakery",4.4,1.8K+,1,0,₹800 for two
779830,Wendy's Burgers,https://www.swiggy.com/dapi/menu/pl?restaurantId=779830,bangalore,WHITEFIELD,"Burgers, American, Fast Food, Snacks",4.1,2.2K+,1,0,₹400 for two
550793,Bakingo,https://www.swiggy.com/dapi/menu/pl?restaurantId=550793,bangalore,Whitefield,"Bakery, Desserts, Beverages, Snacks",4.6,6.5K+,1,0,₹299 for two
681438,LeanCrust Pizza- ThinCrust Experts,https://www.swiggy.com/dapi/menu/pl?restaurantId=681438,bangalore,Whitefield,"Pizzas, Italian, Desserts",4.7,1.1K+,1,0,₹300 for two
806571,Saladspoint,https://www.swiggy.com/dapi/menu/pl?restaurantId=806571,bangalore,Kadugodi,"Salads, Healthy food, Juices, Beverages",4.5,813,1,0,₹599 for two
28608,Imperio Restaurant Since 2010,https://www.swiggy.com/dapi/menu/pl?restaurantId=28608,bangalore,Whitefield,"Biryani, Kebabs, South Indian, Tandoor, Beverages, Desserts, Ice Cream",4.2,56K+,1,0,₹500 for two
393934,Grameen Kulfi,https://www.swiggy.com/dapi/menu/pl?restaurantId=393934,bangalore,Whitefield,"Ice Cream, Desserts",4.8,1.6K+,1,0,₹120 for two
853142,ITC Sunfeast Baked Creations,https://www.swiggy.com/dapi/menu/pl?restaurantId=853142,bangalore,"Pattandur, Agrahara","bakery, dessert, Cakes & Pastries, Sweets",4.5,1.1K+,1,0,₹600 for two
25225,Chaat Street,https://www.swiggy.com/dapi/menu/pl?restaurantId=25225,bangalore,Whitefield,"Snacks, Chaat, Street Food, Fast Food",4.3,16K+,1,0,₹200 for two
861910,Popeyes,https://www.swiggy.com/dapi/menu/pl?restaurantId=861910,bangalore,Nexus Whitefield,"Burgers, Fast Food, Rolls & Wraps",4.2,2.6K+,1,0,₹350 for two
439641,Madno - House of Sundaes and Waffles,https://www.swiggy.com/dapi/menu/pl?restaurantId=439641,bangalore,Whitefield,"Ice Cream, Desserts, Waffle",4,370,1,0,₹250 for two
485215,SMOOR,https://www.swiggy.com/dapi/menu/pl?restaurantId=485215,bangalore,Whitefield,"Asian, Burgers, Italian, Thai, Sushi, Salads, Pastas, Pizzas, Mexican, Chinese",4.4,5.1K+,1,0,₹450 for two
263595,Veg Meals By LunchBox,https://www.swiggy.com/dapi/menu/pl?restaurantId=263595,bangalore,Whitefield,"Thalis, North Indian, Biryani, South Indian, Desserts, Beverages",4.3,385,1,0,₹200 for two
708971,Cheesecake & co.,https://www.swiggy.com/dapi/menu/pl?restaurantId=708971,bangalore,Whitefield,"Desserts, Bakery",4.6,1.8K+,1,0,₹500 for two
354616,Home Plate by EatFit,https://www.swiggy.com/dapi/menu/pl?restaurantId=354616,bangalore,Whitefield,"North Indian, Home Food, Healthy Food, Indian, Punjabi, South Indian, Rajasthani, Maharashtrian, Snacks, Desserts",4,1.5K+,1,0,₹250 for two
372897,Pizza Hut,https://www.swiggy.com/dapi/menu/pl?restaurantId=372897,bangalore,Whitefield,Pizzas,4.2,7.2K+,1,0,₹300 for two
1213861,Mealy - Your Everyday Meal,https://www.swiggy.com/dapi/menu/pl?restaurantId=1213861,bangalore,Whitefield,"Street Food, North Indian, Beverages",3.2,38,1,0,₹200 for two
707063,KFC,https://www.swiggy.com/dapi/menu/pl?restaurantId=707063,bangalore,Varthur,"Burgers, Fast Food, Rolls & Wraps",3.9,4.9K+,1,0,₹400 for two
79466,Domino's Pizza,https://www.swiggy.com/dapi/menu/pl?restaurantId=79466,bangalore,Whitefield,"Pizzas, Italian, Pastas, Desserts",4.2,17K+,1,0,₹400 for two
859789,Nizaams Kaati Rolls,https://www.swiggy.com/dapi/menu/pl?restaurantId=859789,bangalore,Whitefield,"Fast Food, Rolls & Wraps, Kebabs",4.4,595,1,0,₹500 for two
312661,Samosa Party,https://www.swiggy.com/dapi/menu/pl?restaurantId=312661,bangalore,Whitefield,"Fast Food, Snacks, Beverages, Chaat, North Indian, Street Food, Sweets, Desserts, Punjabi, Bakery",4.3,10K+,1,0,₹150 for two
1072500,Sandwich 2 Poha,https://www.swiggy.com/dapi/menu/pl?restaurantId=1072500,bangalore,Whitefield,"North Indian, sandwich",4.5,998,1,0,₹350 for two
1027456,California Burrito,https://www.swiggy.com/dapi/menu/pl?restaurantId=1027456,bangalore,Whitefield,"Mexican, American, Salads, Continental, Keto, Healthy Food, Beverages, Snacks, Desserts, Fast Food",4.6,2.6K+,1,0,₹250 for two
372897,Pizza Hut,https://www.swiggy.com/dapi/menu/pl?restaurantId=372897,bangalore,Whitefield,Pizzas,4.2,7.2K+,1,0,₹300 for two
600204,KFC,https://www.swiggy.com/dapi/menu/pl?restaurantId=600204,bangalore,Whitefield,"Burgers, Fast Food, Rolls & Wraps",4.2,6.6K+,1,0,₹400 for two
79466,Domino's Pizza,https://www.swiggy.com/dapi/menu/pl?restaurantId=79466,bangalore,Whitefield,"Pizzas, Italian, Pastas, Desserts",4.2,17K+,1,0,₹400 for two
427517,Taco Bell,https://www.swiggy.com/dapi/menu/pl?restaurantId=427517,bangalore,Whitefield,"Mexican, Fast Food, Snacks",4.4,5.3K+,1,0,₹300 for two
788383,Caterspoint,https://www.swiggy.com/dapi/menu/pl?restaurantId=788383,bangalore,Whitefield,"Salads, Healthy food, Snacks, pastas, Lebanese, Mexican, Desserts, Beverages",4.3,1.0K+,1,0,₹600 for two
653239,Aubree,https://www.swiggy.com/dapi/menu/pl?restaurantId=653239,bangalore,Whitefield,"Desserts, Bakery",4.4,1.8K+,1,0,₹800 for two
779830,Wendy's Burgers,https://www.swiggy.com/dapi/menu/pl?restaurantId=779830,bangalore,WHITEFIELD,"Burgers, American, Fast Food, Snacks",4.1,2.2K+,1,0,₹400 for two
550793,Bakingo,https://www.swiggy.com/dapi/menu/pl?restaurantId=550793,bangalore,Whitefield,"Bakery, Desserts, Beverages, Snacks",4.6,6.5K+,1,0,₹299 for two
681438,LeanCrust Pizza- ThinCrust Experts,https://www.swiggy.com/dapi/menu/pl?restaurantId=681438,bangalore,Whitefield,"Pizzas, Italian, Desserts",4.7,1.1K+,1,0,₹300 for two
806571,Saladspoint,https://www.swiggy.com/dapi/menu/pl?restaurantId=806571,bangalore,Kadugodi,"Salads, Healthy food, Juices, Beverages",4.5,813,1,0,₹599 for two
28608,Imperio Restaurant Since 2010,https://www.swiggy.com/dapi/menu/pl?restaurantId=28608,bangalore,Whitefield,"Biryani, Kebabs, South Indian, Tandoor, Beverages, Desserts, Ice Cream",4.2,56K+,1,0,₹500 for two
393934,Grameen Kulfi,https://www.swiggy.com/dapi/menu/pl?restaurantId=393934,bangalore,Whitefield,"Ice Cream, Desserts",4.8,1.6K+,1,0,₹120 for two
853142,ITC Sunfeast Baked Creations,https://www.swiggy.com/dapi/menu/pl?restaurantId=853142,bangalore,"Pattandur, Agrahara","bakery, dessert, Cakes & Pastries, Sweets",4.5,1.1K+,1,0,₹600 for two
25225,Chaat Street,https://www.swiggy.com/dapi/menu/pl?restaurantId=25225,bangalore,Whitefield,"Snacks, Chaat, Street Food, Fast Food",4.3,16K+,1,0,₹200 for two
861910,Popeyes,https://www.swiggy.com/dapi/menu/pl?restaurantId=861910,bangalore,Nexus Whitefield,"Burgers, Fast Food, Rolls & Wraps",4.2,2.6K+,1,0,₹350 for two
558768,HRX by EatFit,https://www.swiggy.com/dapi/menu/pl?restaurantId=558768,bangalore,Whitefield,"Healthy Food, Salads, Burgers",4.4,855,1,0,₹450 for two
439641,Madno - House of Sundaes and Waffles,https://www.swiggy.com/dapi/menu/pl?restaurantId=439641,bangalore,Whitefield,"Ice Cream, Desserts, Waffle",4,370,1,0,₹250 for two
485215,SMOOR,https://www.swiggy.com/dapi/menu/pl?restaurantId=485215,bangalore,Whitefield,"Asian, Burgers, Italian, Thai, Sushi, Salads, Pastas, Pizzas, Mexican, Chinese",4.4,5.1K+,1,0,₹450 for two
263595,Veg Meals By LunchBox,https://www.swiggy.com/dapi/menu/pl?restaurantId=263595,bangalore,Whitefield,"Thalis, North Indian, Biryani, South Indian, Desserts, Beverages",4.3,385,1,0,₹200 for two
708971,Cheesecake & co.,https://www.swiggy.com/dapi/menu/pl?restaurantId=708971,bangalore,Whitefield,"Desserts, Bakery",4.6,1.8K+,1,0,₹500 for two
372897,Pizza Hut,https://www.swiggy.com/dapi/menu/pl?restaurantId=372897,bangalore,Whitefield,Pizzas,4.2,7.2K+,1,0,₹300 for two
1213861,Mealy - Your Everyday Meal,https://www.swiggy.com/dapi/menu/pl?restaurantId=1213861,bangalore,Whitefield,"Street Food, North Indian, Beverages",3.2,38,1,0,₹200 for two
707063,KFC,https://www.swiggy.com/dapi/menu/pl?restaurantId=707063,bangalore,Varthur,"Burgers, Fast Food, Rolls & Wraps",3.9,4.9K+,1,0,₹400 for two
79466,Domino's Pizza,https://www.swiggy.com/dapi/menu/pl?restaurantId=79466,bangalore,Whitefield,"Pizzas, Italian, Pastas, Desserts",4.2,17K+,1,0,₹400 for two
859789,Nizaams Kaati Rolls,https://www.swiggy.com/dapi/menu/pl?restaurantId=859789,bangalore,Whitefield,"Fast Food, Rolls & Wraps, Kebabs",4.4,595,1,0,₹500 for two
312661,Samosa Party,https://www.swiggy.com/dapi/menu/pl?restaurantId=312661,bangalore,Whitefield,"Fast Food, Snacks, Beverages, Chaat, North Indian, Street Food, Sweets, Desserts, Punjabi, Bakery",4.3,10K+,1,0,₹150 for two
1072500,Sandwich 2 Poha,https://www.swiggy.com/dapi/menu/pl?restaurantId=1072500,bangalore,Whitefield,"North Indian, sandwich",4.5,998,1,0,₹350 for two
1027456,California Burrito,https://www.swiggy.com/dapi/menu/pl?restaurantId=1027456,bangalore,Whitefield,"Mexican, American, Salads, Continental, Keto, Healthy Food, Beverages, Snacks, Desserts, Fast Food",4.6,2.6K+,1,0,₹250 for two
10576,Pizza Hut,https://www.swiggy.com/dapi/menu/pl?restaurantId=10576,bangalore,Koramangala,Pizzas,4.3,22K+,1,0,₹350 for two
671928,KFC,https://www.swiggy.com/dapi/menu/pl?restaurantId=671928,bangalore,Koramangla,"Burgers, Fast Food, Rolls & Wraps",4.2,6.8K+,1,0,₹400 for two
341867,Burger King,https://www.swiggy.com/dapi/menu/pl?restaurantId=341867,bangalore,BTM,"Burgers, American",4.3,7.9K+,1,0,₹350 for two
23678,McDonald's,https://www.swiggy.com/dapi/menu/pl?restaurantId=23678,bangalore,Koramangala,"Burgers, Beverages, Cafe, Desserts",4.4,66K+,1,0,₹400 for two
23786,Domino's Pizza,https://www.swiggy.com/dapi/menu/pl?restaurantId=23786,bangalore,Koramangala,"Pizzas, Italian, Pastas, Desserts",4.4,21K+,1,0,₹400 for two
50467,Bakingo,https://www.swiggy.com/dapi/menu/pl?restaurantId=50467,bangalore,Koramangala,"Bakery, Desserts, Beverages, Snacks",4.5,13K+,1,0,₹300 for two
717421,Paris Panini - Gourmet Sandwiches & Wraps,https://www.swiggy.com/dapi/menu/pl?restaurantId=717421,bangalore,Koramangala,"sandwich, wrap, Fast Food, Pastas, Italian, Salads, Healthy Food, Desserts, Continental",4.6,5.4K+,1,0,₹500 for two
41913,Chinita Real Mexican Food,https://www.swiggy.com/dapi/menu/pl?restaurantId=41913,bangalore,Koramangala,"Mexican, Salads, Desserts, Beverages",4.6,8.2K+,1,0,₹750 for two
158855,Candice's Gourmet Sandwiches & Wraps,https://www.swiggy.com/dapi/menu/pl?restaurantId=158855,bangalore,BTM,"Salads, sandwich, Snacks",4.6,4.6K+,1,0,₹600 for two
263485,Chaayos Chai+Snacks=Relax,https://www.swiggy.com/dapi/menu/pl?restaurantId=263485,bangalore,Kormangala,"Bakery, Beverages, Chaat, Desserts, Home Food, Italian, Maharashtrian, Snacks, Street Food, Sweets",4.5,5.8K+,1,0,₹250 for two
718430,The Pizza Bakery - Wood Fired Sourdough,https://www.swiggy.com/dapi/menu/pl?restaurantId=718430,bangalore,Koramangala,"Pizzas, Pastas, Italian, Desserts, Continental, Beverages",4.5,3.3K+,1,0,₹700 for two
733092,Caterspoint,https://www.swiggy.com/dapi/menu/pl?restaurantId=733092,bangalore,HSR,"Salads, Healthy food, Snacks, pastas, Lebanese, Mexican, Desserts, Beverages",4.4,3.1K+,1,0,₹500 for two
393840,Chinese Wok,https://www.swiggy.com/dapi/menu/pl?restaurantId=393840,bangalore,BTM,"Chinese, Asian, Tibetan, Desserts",4.2,6.9K+,1,0,₹250 for two
11211,Taco Bell,https://www.swiggy.com/dapi/menu/pl?restaurantId=11211,bangalore,Koramangala,"Mexican, Fast Food, Snacks",4.4,26K+,1,0,₹300 for two
690684,Burgerama,https://www.swiggy.com/dapi/menu/pl?restaurantId=690684,bangalore,Koramangala,American,4.3,3.2K+,1,0,₹700 for two
780133,LeanCrust Pizza- ThinCrust Experts,https://www.swiggy.com/dapi/menu/pl?restaurantId=780133,bangalore,KORAMANGALA,"Pizzas, Italian, Desserts",4.5,426,1,0,₹300 for two
53606,Sweet Chariot,https://www.swiggy.com/dapi/menu/pl?restaurantId=53606,bangalore,Koramangala,Desserts,4.5,3.4K+,1,0,₹500 for two
586682,Dum Safar Biryani,https://www.swiggy.com/dapi/menu/pl?restaurantId=586682,bangalore,Koramangala,"Biryani, Hyderabadi, Kebabs, North Indian, barbeque",3.6,817,1,0,₹500 for two
74444,Samosa Party,https://www.swiggy.com/dapi/menu/pl?restaurantId=74444,bangalore,Koramangala,"Fast Food, Snacks, Beverages, Chaat, North Indian, Street Food, Sweets, Desserts, Punjabi, Bakery",4.4,19K+,1,0,₹100 for two
238806,Starbucks Coffee,https://www.swiggy.com/dapi/menu/pl?restaurantId=238806,bangalore,BTM Layout,"Beverages, Cafe, Snacks, Desserts, Bakery, Ice Cream",4.6,2.5K+,1,0,₹400 for two
10576,Pizza Hut,https://www.swiggy.com/dapi/menu/pl?restaurantId=10576,bangalore,Koramangala,Pizzas,4.3,22K+,1,0,₹350 for two
1087169,Mealy - Your Everyday Meal,https://www.swiggy.com/dapi/menu/pl?restaurantId=1087169,bangalore,Koramangala,"North Indian, Street Food, Beverages",3.9,39,1,0,₹200 for two
671928,KFC,https://www.swiggy.com/dapi/menu/pl?restaurantId=671928,bangalore,Koramangla,"Burgers, Fast Food, Rolls & Wraps",4.2,6.8K+,1,0,₹400 for two
341867,Burger King,https://www.swiggy.com/dapi/menu/pl?restaurantId=341867,bangalore,BTM,"Burgers, American",4.3,7.9K+,1,0,₹350 for two
23678,McDonald's,https://www.swiggy.com/dapi/menu/pl?restaurantId=23678,bangalore,Koramangala,"Burgers, Beverages, Cafe, Desserts",4.4,66K+,1,0,₹400 for two
619503,Litti Heist,https://www.swiggy.com/dapi/menu/pl?restaurantId=619503,bangalore,Koramangala,"North Indian, Bihari",4.3,17K+,1,0,₹200 for two
769775,Nahdi Mandi Restaurant,https://www.swiggy.com/dapi/menu/pl?restaurantId=769775,bangalore,BTM Layout,"Biryani, Arabian",4.3,10K+,1,0,₹450 for two
902452,Moms Dabba,https://www.swiggy.com/dapi/menu/pl?restaurantId=902452,bangalore,Koramangala,North Indian,4.4,1.9K+,1,0,₹400 for two
10576,Pizza Hut,https://www.swiggy.com/dapi/menu/pl?restaurantId=10576,bangalore,Koramangala,Pizzas,4.3,22K+,1,0,₹350 for two
671928,KFC,https://www.swiggy.com/dapi/menu/pl?restaurantId=671928,bangalore,Koramangla,"Burgers, Fast Food, Rolls & Wraps",4.2,6.8K+,1,0,₹400 for two
341867,Burger King,https://www.swiggy.com/dapi/menu/pl?restaurantId=341867,bangalore,BTM,"Burgers, American",4.3,7.9K+,1,0,₹350 for two
23678,McDonald's,https://www.swiggy.com/dapi/menu/pl?restaurantId=23678,bangalore,Koramangala,"Burgers, Beverages, Cafe, Desserts",4.4,66K+,1,0,₹400 for two
23786,Domino's Pizza,https://www.swiggy.com/dapi/menu/pl?restaurantId=23786,bangalore,Koramangala,"Pizzas, Italian, Pastas, Desserts",4.4,21K+,1,0,₹400 for two
50467,Bakingo,https://www.swiggy.com/dapi/menu/pl?restaurantId=50467,bangalore,Koramangala,"Bakery, Desserts, Beverages, Snacks",4.5,13K+,1,0,₹300 for two
717421,Paris Panini - Gourmet Sandwiches & Wraps,https://www.swiggy.com/dapi/menu/pl?restaurantId=717421,bangalore,Koramangala,"sandwich, wrap, Fast Food, Pastas, Italian, Salads, Healthy Food, Desserts, Continental",4.6,5.4K+,1,0,₹500 for two
41913,Chinita Real Mexican Food,https://www.swiggy.com/dapi/menu/pl?restaurantId=41913,bangalore,Koramangala,"Mexican, Salads, Desserts, Beverages",4.6,8.2K+,1,0,₹750 for two
158855,Candice's Gourmet Sandwiches & Wraps,https://www.swiggy.com/dapi/menu/pl?restaurantId=158855,bangalore,BTM,"Salads, sandwich, Snacks",4.6,4.6K+,1,0,₹600 for two
263485,Chaayos Chai+Snacks=Relax,https://www.swiggy.com/dapi/menu/pl?restaurantId=263485,bangalore,Kormangala,"Bakery, Beverages, Chaat, Desserts, Home Food, Italian, Maharashtrian, Snacks, Street Food, Sweets",4.5,5.8K+,1,0,₹250 for two
718430,The Pizza Bakery - Wood Fired Sourdough,https://www.swiggy.com/dapi/menu/pl?restaurantId=718430,bangalore,Koramangala,"Pizzas, Pastas, Italian, Desserts, Continental, Beverages",4.5,3.3K+,1,0,₹700 for two
733092,Caterspoint,https://www.swiggy.com/dapi/menu/pl?restaurantId=733092,bangalore,HSR,"Salads, Healthy food, Snacks, pastas, Lebanese, Mexican, Desserts, Beverages",4.4,3.1K+,1,0,₹500 for two
393840,Chinese Wok,https://www.swiggy.com/dapi/menu/pl?restaurantId=393840,bangalore,BTM,"Chinese, Asian, Tibetan, Desserts",4.2,6.9K+,1,0,₹250 for two
11211,Taco Bell,https://www.swiggy.com/dapi/menu/pl?restaurantId=11211,bangalore,Koramangala,"Mexican, Fast Food, Snacks",4.4,26K+,1,0,₹300 for two
780133,LeanCrust Pizza- ThinCrust Experts,https://www.swiggy.com/dapi/menu/pl?restaurantId=780133,bangalore,KORAMANGALA,"Pizzas, Italian, Desserts",4.5,426,1,0,₹300 for two
53606,Sweet Chariot,https://www.swiggy.com/dapi/menu/pl?restaurantId=53606,bangalore,Koramangala,Desserts,4.5,3.4K+,1,0,₹500 for two
586682,Dum Safar Biryani,https://www.swiggy.com/dapi/menu/pl?restaurantId=586682,bangalore,Koramangala,"Biryani, Hyderabadi, Kebabs, North Indian, barbeque",3.6,817,1,0,₹500 for two
74444,Samosa Party,https://www.swiggy.com/dapi/menu/pl?restaurantId=74444,bangalore,Koramangala,"Fast Food, Snacks, Beverages, Chaat, North Indian, Street Food, Sweets, Desserts, Punjabi, Bakery",4.4,19K+,1,0,₹100 for two
238806,Starbucks Coffee,https://www.swiggy.com/dapi/menu/pl?restaurantId=238806,bangalore,BTM Layout,"Beverages, Cafe, Snacks, Desserts, Bakery, Ice Cream",4.6,2.5K+,1,0,₹400 for two
426776,Theobroma,https://www.swiggy.com/dapi/menu/pl?restaurantId=426776,bangalore,Koramangala,"Desserts, Bakery, Beverages",4.6,7.3K+,1,0,₹400 for two
10576,Pizza Hut,https://www.swiggy.com/dapi/menu/pl?restaurantId=10576,bangalore,Koramangala,Pizzas,4.3,22K+,1,0,₹350 for two
1087169,Mealy - Your Everyday Meal,https://www.swiggy.com/dapi/menu/pl?restaurantId=1087169,bangalore,Koramangala,"North Indian, Street Food, Beverages",3.9,39,1,0,₹200 for two
671928,KFC,https://www.swiggy.com/dapi/menu/pl?restaurantId=671928,bangalore,Koramangla,"Burgers, Fast Food, Rolls & Wraps",4.2,6.8K+,1,0,₹400 for two
341867,Burger King,https://www.swiggy.com/dapi/menu/pl?restaurantId=341867,bangalore,BTM,"Burgers, American",4.3,7.9K+,1,0,₹350 for two
23678,McDonald's,https://www.swiggy.com/dapi/menu/pl?restaurantId=23678,bangalore,Koramangala,"Burgers, Beverages, Cafe, Desserts",4.4,66K+,1,0,₹400 for two
619503,Litti Heist,https://www.swiggy.com/dapi/menu/pl?restaurantId=619503,bangalore,Koramangala,"North Indian, Bihari",4.3,17K+,1,0,₹200 for two
769775,Nahdi Mandi Restaurant,https://www.swiggy.com/dapi/menu/pl?restaurantId=769775,bangalore,BTM Layout,"Biryani, Arabian",4.3,10K+,1,0,₹450 for two
902452,Moms Dabba,https://www.swiggy.com/dapi/menu/pl?restaurantId=902452,bangalore,Koramangala,North Indian,4.4,1.9K+,1,0,₹400 for two
10894,Pizza Hut,https://www.swiggy.com/dapi/menu/pl?restaurantId=10894,bangalore,BTM Layout,Pizzas,4.4,14K+,1,0,₹350 for two
23683,McDonald's,https://www.swiggy.com/dapi/menu/pl?restaurantId=23683,bangalore,Btm Layout,"Burgers, Beverages, Cafe, Desserts",4.3,61K+,1,0,₹400 for two
334476,KFC,https://www.swiggy.com/dapi/menu/pl?restaurantId=334476,bangalore,Jayanagar,"Burgers, Fast Food, Rolls & Wraps",4,8.6K+,1,0,₹400 for two
752839,Subway,https://www.swiggy.com/dapi/menu/pl?restaurantId=752839,bangalore,BTM Layout,"sandwich, Salads, wrap, Healthy Food",4.3,2.0K+,1,0,₹350 for two
709587,Amadora Gourmet Ice Cream,https://www.swiggy.com/dapi/menu/pl?restaurantId=709587,bangalore,Jayanagar,"Ice Cream, Bakery",4.7,981,1,0,₹500 for two
733092,Caterspoint,https://www.swiggy.com/dapi/menu/pl?restaurantId=733092,bangalore,HSR,"Salads, Healthy food, Snacks, pastas, Lebanese, Mexican, Desserts, Beverages",4.4,3.1K+,1,0,₹500 for two
108097,Ambur Star Briyani Since 1890,https://www.swiggy.com/dapi/menu/pl?restaurantId=108097,bangalore,BTM Layout,"Biryani, Chettinad, Andhra, Beverages, Seafood",4.4,25K+,1,0,₹500 for two
736632,Saladspoint,https://www.swiggy.com/dapi/menu/pl?restaurantId=736632,bangalore,Koramangala,"Salads, Healthy food, Juices, Beverages",4.5,1.8K+,1,0,₹500 for two
681426,LeanCrust Pizza- ThinCrust Experts,https://www.swiggy.com/dapi/menu/pl?restaurantId=681426,bangalore,Btm Layout,"Pizzas, Italian, Desserts",4.6,710,1,0,₹300 for two
330839,RNR Biryani - Taste of 1953,https://www.swiggy.com/dapi/menu/pl?restaurantId=330839,bangalore,Jayanagar,"Biryani, South Indian, Kebabs",4.5,8.0K+,1,0,₹350 for two
8725,Krispy Kreme - Doughnuts & Coffee,https://www.swiggy.com/dapi/menu/pl?restaurantId=8725,bangalore,BTM Layout,"Desserts, Cafe, Bakery, Coffee, Beverages, Snacks",4.5,4.3K+,1,0,₹170 for two
274767,Mealful Rolls - India's Biggest Rolls,https://www.swiggy.com/dapi/menu/pl?restaurantId=274767,bangalore,BTM,"Fast Food, Snacks, North Indian, Desserts",4.5,567,1,0,₹250 for two
668624,Popeyes,https://www.swiggy.com/dapi/menu/pl?restaurantId=668624,bangalore,BTM Layout,"Burgers, Fast Food, Rolls & Wraps",4.4,5.7K+,1,0,₹350 for two
307,A2B - Adyar Ananda Bhavan,https://www.swiggy.com/dapi/menu/pl?restaurantId=307,bangalore,BTM Layout,"South Indian, Sweets, Chinese",4.5,89K+,1,0,₹300 for two
819537,GLOBO Ice Creams Of The World,https://www.swiggy.com/dapi/menu/pl?restaurantId=819537,bangalore,Madiwala,"Ice Cream, Desserts, Bakery",4.6,35,1,0,₹150 for two
416927,Keventers Waffles & Ice Cream,https://www.swiggy.com/dapi/menu/pl?restaurantId=416927,bangalore,BTM Layout,"Ice Cream, Desserts",4.4,558,1,0,₹200 for two
616090,"Bhatti Chicken - Grilled, NOT Fried!",https://www.swiggy.com/dapi/menu/pl?restaurantId=616090,bangalore,BTM Layout,"North Indian, Snacks, Fast Food, Tandoor",4.5,97,1,0,₹250 for two
740342,Hola Pasta - Fresh Gourmet Pasta,https://www.swiggy.com/dapi/menu/pl?restaurantId=740342,bangalore,Btm Layout,"Pastas, Italian, Desserts, Beverages",4.5,176,1,0,₹250 for two
692045,BOOM - Sub Style Sandwiches,https://www.swiggy.com/dapi/menu/pl?restaurantId=692045,bangalore,Btm Layout,"Snacks, Indian, Desserts",4.6,220,1,0,₹250 for two
32285,Wow! Momo,https://www.swiggy.com/dapi/menu/pl?restaurantId=32285,bangalore,BTM Layout,"Momos, Chinese, fastfood, Asian, Beverages",4.2,9.9K+,1,0,₹250 for two
10894,Pizza Hut,https://www.swiggy.com/dapi/menu/pl?restaurantId=10894,bangalore,BTM Layout,Pizzas,4.4,14K+,1,0,₹350 for two
1122081,Mealy - Your Everyday Meal,https://www.swiggy.com/dapi/menu/pl?restaurantId=1122081,bangalore,HSR,"North Indian, Street Food, Beverages",3.8,14,1,0,₹200 for two
334476,KFC,https://www.swiggy.com/dapi/menu/pl?restaurantId=334476,bangalore,Jayanagar,"Burgers, Fast Food, Rolls & Wraps",4,8.6K+,1,0,₹400 for two
23683,McDonald's,https://www.swiggy.com/dapi/menu/pl?restaurantId=23683,bangalore,Btm Layout,"Burgers, Beverages, Cafe, Desserts",4.3,61K+,1,0,₹400 for two
891388,Shawarma Farm,https://www.swiggy.com/dapi/menu/pl?restaurantId=891388,bangalore,BTM,"shawarma, Arabian, Snacks, Fast Food, Street Food, Beverages, Desserts",4.3,1.1K+,1,0,₹200 for two
380154,Kanti Sweets-Arekere,https://www.swiggy.com/dapi/menu/pl?restaurantId=380154,bangalore,BTM,Sweets,4.5,3.9K+,1,0,₹200 for two
35188,Savoury Seashell Restaurant,https://www.swiggy.com/dapi/menu/pl?restaurantId=35188,bangalore,Bannerghatta Road,"Arabian, Indian, Chinese, Tandoor, Biryani, Seafood, Kerala",4.2,23K+,1,0,₹450 for two
991399,Palooda,https://www.swiggy.com/dapi/menu/pl?restaurantId=991399,bangalore,Maruti Nagar,"Desserts, Ice Cream, Ice Cream Cakes",3.7,189,1,0,₹500 for two
10894,Pizza Hut,https://www.swiggy.com/dapi/menu/pl?restaurantId=10894,bangalore,BTM Layout,Pizzas,4.4,14K+,1,0,₹350 for two
23683,McDonald's,https://www.swiggy.com/dapi/menu/pl?restaurantId=23683,bangalore,Btm Layout,"Burgers, Beverages, Cafe, Desserts",4.3,61K+,1,0,₹400 for two
334476,KFC,https://www.swiggy.com/dapi/menu/pl?restaurantId=334476,bangalore,Jayanagar,"Burgers, Fast Food, Rolls & Wraps",4,8.6K+,1,0,₹400 for two
752839,Subway,https://www.swiggy.com/dapi/menu/pl?restaurantId=752839,bangalore,BTM Layout,"sandwich, Salads, wrap, Healthy Food",4.3,2.0K+,1,0,₹350 for two
709587,Amadora Gourmet Ice Cream,https://www.swiggy.com/dapi/menu/pl?restaurantId=709587,bangalore,Jayanagar,"Ice Cream, Bakery",4.7,981,1,0,₹500 for two
733092,Caterspoint,https://www.swiggy.com/dapi/menu/pl?restaurantId=733092,bangalore,HSR,"Salads, Healthy food, Snacks, pastas, Lebanese, Mexican, Desserts, Beverages",4.4,3.1K+,1,0,₹500 for two
108097,Ambur Star Briyani Since 1890,https://www.swiggy.com/dapi/menu/pl?restaurantId=108097,bangalore,BTM Layout,"Biryani, Chettinad, Andhra, Beverages, Seafood",4.4,25K+,1,0,₹500 for two
736632,Saladspoint,https://www.swiggy.com/dapi/menu/pl?restaurantId=736632,bangalore,Koramangala,"Salads, Healthy food, Juices, Beverages",4.5,1.8K+,1,0,₹500 for two
681426,LeanCrust Pizza- ThinCrust Experts,https://www.swiggy.com/dapi/menu/pl?restaurantId=681426,bangalore,Btm Layout,"Pizzas, Italian, Desserts",4.6,710,1,0,₹300 for two
330839,RNR Biryani - Taste of 1953,https://www.swiggy.com/dapi/menu/pl?restaurantId=330839,bangalore,Jayanagar,"Biryani, South Indian, Kebabs",4.5,8.0K+,1,0,₹350 for two
8725,Krispy Kreme - Doughnuts & Coffee,https://www.swiggy.com/dapi/menu/pl?restaurantId=8725,bangalore,BTM Layout,"Desserts, Cafe, Bakery, Coffee, Beverages, Snacks",4.5,4.3K+,1,0,₹170 for two
274767,Mealful Rolls - India's Biggest Rolls,https://www.swiggy.com/dapi/menu/pl?restaurantId=274767,bangalore,BTM,"Fast Food, Snacks, North Indian, Desserts",4.5,567,1,0,₹250 for two
668624,Popeyes,https://www.swiggy.com/dapi/menu/pl?restaurantId=668624,bangalore,BTM Layout,"Burgers, Fast Food, Rolls & Wraps",4.4,5.7K+,1,0,₹350 for two
307,A2B - Adyar Ananda Bhavan,https://www.swiggy.com/dapi/menu/pl?restaurantId=307,bangalore,BTM Layout,"South Indian, Sweets, Chinese",4.5,89K+,1,0,₹300 for two
819537,GLOBO Ice Creams Of The World,https://www.swiggy.com/dapi/menu/pl?restaurantId=819537,bangalore,Madiwala,"Ice Cream, Desserts, Bakery",4.6,35,1,0,₹150 for two
416927,Keventers Waffles & Ice Cream,https://www.swiggy.com/dapi/menu/pl?restaurantId=416927,bangalore,BTM Layout,"Ice Cream, Desserts",4.4,558,1,0,₹200 for two
616090,"Bhatti Chicken - Grilled, NOT Fried!",https://www.swiggy.com/dapi/menu/pl?restaurantId=616090,bangalore,BTM Layout,"North Indian, Snacks, Fast Food, Tandoor",4.5,97,1,0,₹250 for two
740342,Hola Pasta - Fresh Gourmet Pasta,https://www.swiggy.com/dapi/menu/pl?restaurantId=740342,bangalore,Btm Layout,"Pastas, Italian, Desserts, Beverages",4.5,176,1,0,₹250 for two
692045,BOOM - Sub Style Sandwiches,https://www.swiggy.com/dapi/menu/pl?restaurantId=692045,bangalore,Btm Layout,"Snacks, Indian, Desserts",4.6,220,1,0,₹250 for two
32285,Wow! Momo,https://www.swiggy.com/dapi/menu/pl?restaurantId=32285,bangalore,BTM Layout,"Momos, Chinese, fastfood, Asian, Beverages",4.2,9.9K+,1,0,₹250 for two
10894,Pizza Hut,https://www.swiggy.com/dapi/menu/pl?restaurantId=10894,bangalore,BTM Layout,Pizzas,4.4,14K+,1,0,₹350 for two
1122081,Mealy - Your Everyday Meal,https://www.swiggy.com/dapi/menu/pl?restaurantId=1122081,bangalore,HSR,"North Indian, Street Food, Beverages",3.8,14,1,0,₹200 for two
334476,KFC,https://www.swiggy.com/dapi/menu/pl?restaurantId=334476,bangalore,Jayanagar,"Burgers, Fast Food, Rolls & Wraps",4,8.6K+,1,0,₹400 for two
23683,McDonald's,https://www.swiggy.com/dapi/menu/pl?restaurantId=23683,bangalore,Btm Layout,"Burgers, Beverages, Cafe, Desserts",4.3,61K+,1,0,₹400 for two
380154,Kanti Sweets-Arekere,https://www.swiggy.com/dapi/menu/pl?restaurantId=380154,bangalore,BTM,Sweets,4.5,3.9K+,1,0,₹200 for two
35188,Savoury Seashell Restaurant,https://www.swiggy.com/dapi/menu/pl?restaurantId=35188,bangalore,Bannerghatta Road,"Arabian, Indian, Chinese, Tandoor, Biryani, Seafood, Kerala",4.2,23K+,1,0,₹450 for two
991399,Palooda,https://www.swiggy.com/dapi/menu/pl?restaurantId=991399,bangalore,Maruti Nagar,"Desserts, Ice Cream, Ice Cream Cakes",3.7,189,1,0,₹500 for two
752839,Subway,https://www.swiggy.com/dapi/menu/pl?restaurantId=752839,bangalore,BTM Layout,"sandwich, Salads, wrap, Healthy Food",4.3,2.0K+,1,0,₹350 for two
10581,Pizza Hut,https://www.swiggy.com/dapi/menu/pl?restaurantId=10581,bangalore,HSR Layout,Pizzas,4.2,21K+,1,0,₹300 for two
23682,McDonald's,https://www.swiggy.com/dapi/menu/pl?restaurantId=23682,bangalore,HSR Layout,"Burgers, Beverages, Cafe, Desserts",4.4,78K+,1,0,₹400 for two
23805,Domino's Pizza,https://www.swiggy.com/dapi/menu/pl?restaurantId=23805,bangalore,HSR Layout,"Pizzas, Italian, Pastas, Desserts",4.5,18K+,1,0,₹400 for two
17310,KFC,https://www.swiggy.com/dapi/menu/pl?restaurantId=17310,bangalore,HSR Layout,"Burgers, Fast Food, Rolls & Wraps",4.2,42K+,1,0,₹400 for two
50467,Bakingo,https://www.swiggy.com/dapi/menu/pl?restaurantId=50467,bangalore,Koramangala,"Bakery, Desserts, Beverages, Snacks",4.5,13K+,1,0,₹300 for two
350220,Starbucks Coffee,https://www.swiggy.com/dapi/menu/pl?restaurantId=350220,bangalore,HSR Layout,"Beverages, Cafe, Snacks, Desserts, Bakery, Ice Cream",4.4,3.7K+,1,0,₹400 for two
875710,Paris Panini - Gourmet Sandwiches & Wraps,https://www.swiggy.com/dapi/menu/pl?restaurantId=875710,bangalore,HSR,"sandwich, wrap, Fast Food, Pastas, Italian, Salads, Healthy Food, Desserts, Continental",4.6,4.3K+,1,0,₹700 for two
690684,Burgerama,https://www.swiggy.com/dapi/menu/pl?restaurantId=690684,bangalore,Koramangala,American,4.3,3.2K+,1,0,₹700 for two
398360,Burger Seigneur,https://www.swiggy.com/dapi/menu/pl?restaurantId=398360,bangalore,Bommanahalli,"American, Continental, Beverages",4.3,2.6K+,1,0,₹800 for two
875705,The Pizza Bakery - Wood Fired Sourdough,https://www.swiggy.com/dapi/menu/pl?restaurantId=875705,bangalore,HSR,"Pizzas, Italian, Pastas, Salads, Desserts, Continental",4.4,3.0K+,1,0,₹1500 for two
36001,California Burrito,https://www.swiggy.com/dapi/menu/pl?restaurantId=36001,bangalore,HSR Layout,"Mexican, American, Salads, Continental, Keto, Healthy Food, Beverages, Snacks, Desserts, Fast Food",4.6,42K+,1,0,₹250 for two
548400,Taco Bell,https://www.swiggy.com/dapi/menu/pl?restaurantId=548400,bangalore,HSR Layout,"Mexican, Fast Food, Snacks",4.3,6.2K+,1,0,₹300 for two
524936,Theobroma,https://www.swiggy.com/dapi/menu/pl?restaurantId=524936,bangalore,HSR Layout,"Desserts, Bakery, Beverages",4.5,9.3K+,1,0,₹400 for two
384149,Chaayos Chai+Snacks=Relax,https://www.swiggy.com/dapi/menu/pl?restaurantId=384149,bangalore,HSR Layout,"Beverages, Chaat, Snacks, Bakery, Street Food, healthy, Home Food, Maharashtrian, Italian, Desserts",4.5,4.3K+,1,0,₹250 for two
299893,Samosa Party,https://www.swiggy.com/dapi/menu/pl?restaurantId=299893,bangalore,HSR Layout,"Fast Food, Snacks, Beverages, Chaat, North Indian, Street Food, Sweets, Desserts, Punjabi, Bakery",4.4,7.0K+,1,0,₹150 for two
518778,Blue Tokai Coffee Roasters,https://www.swiggy.com/dapi/menu/pl?restaurantId=518778,bangalore,HSR Layout,"Cafe, Coffee, Beverages",4.5,1.9K+,1,0,₹600 for two
307540,SMOOR,https://www.swiggy.com/dapi/menu/pl?restaurantId=307540,bangalore,HSR Layout,"Desserts, Bakery",4.6,4.1K+,1,0,₹350 for two
2675,Subway,https://www.swiggy.com/dapi/menu/pl?restaurantId=2675,bangalore,HSR Layout,"sandwich, Salads, wrap, Healthy Food",4.3,53K+,1,0,₹350 for two
752437,Amadora Gourmet Ice Cream,https://www.swiggy.com/dapi/menu/pl?restaurantId=752437,bangalore,Sector 4,"Ice Cream, Desserts",4.7,1.5K+,1,0,₹300 for two
342032,Bhartiya Jalpan,https://www.swiggy.com/dapi/menu/pl?restaurantId=342032,bangalore,HSR Layout,"North Indian, Beverages, Chaat",4.3,23K+,1,0,₹450 for two
10581,Pizza Hut,https://www.swiggy.com/dapi/menu/pl?restaurantId=10581,bangalore,HSR Layout,Pizzas,4.2,21K+,1,0,₹300 for two
1122081,Mealy - Your Everyday Meal,https://www.swiggy.com/dapi/menu/pl?restaurantId=1122081,bangalore,HSR,"North Indian, Street Food, Beverages",3.8,14,1,0,₹200 for two
1004018,KFC,https://www.swiggy.com/dapi/menu/pl?restaurantId=1004018,bangalore,HSR,"Burgers, Fast Food, Rolls & Wraps",4,726,1,0,₹400 for two
23682,McDonald's,https://www.swiggy.com/dapi/menu/pl?restaurantId=23682,bangalore,HSR Layout,"Burgers, Beverages, Cafe, Desserts",4.4,78K+,1,0,₹400 for two
1004721,Mr Phillys American Cheeseburgers,https://www.swiggy.com/dapi/menu/pl?restaurantId=1004721,bangalore,HSR,"American, Biryani, Fast Food, Burgers, wrap, Salads",4.4,4.4K+,1,0,₹500 for two
23805,Domino's Pizza,https://www.swiggy.com/dapi/menu/pl?restaurantId=23805,bangalore,HSR Layout,"Pizzas, Italian, Pastas, Desserts",4.5,18K+,1,0,₹400 for two
619503,Litti Heist,https://www.swiggy.com/dapi/menu/pl?restaurantId=619503,bangalore,Koramangala,"North Indian, Bihari",4.3,17K+,1,0,₹200 for two
524353, Irani Std. Tea,https://www.swiggy.com/dapi/menu/pl?restaurantId=524353,bangalore,HSR Layout,"Snacks, Beverages, Bakery, Desserts, Fast Food",4.5,7.8K+,1,0,₹100 for two
10581,Pizza Hut,https://www.swiggy.com/dapi/menu/pl?restaurantId=10581,bangalore,HSR Layout,Pizzas,4.2,21K+,1,0,₹300 for two
23682,McDonald's,https://www.swiggy.com/dapi/menu/pl?restaurantId=23682,bangalore,HSR Layout,"Burgers, Beverages, Cafe, Desserts",4.4,78K+,1,0,₹400 for two
23805,Domino's Pizza,https://www.swiggy.com/dapi/menu/pl?restaurantId=23805,bangalore,HSR Layout,"Pizzas, Italian, Pastas, Desserts",4.5,18K+,1,0,₹400 for two
17310,KFC,https://www.swiggy.com/dapi/menu/pl?restaurantId=17310,bangalore,HSR Layout,"Burgers, Fast Food, Rolls & Wraps",4.2,42K+,1,0,₹400 for two
50467,Bakingo,https://www.swiggy.com/dapi/menu/pl?restaurantId=50467,bangalore,Koramangala,"Bakery, Desserts, Beverages, Snacks",4.5,13K+,1,0,₹300 for two
350220,Starbucks Coffee,https://www.swiggy.com/dapi/menu/pl?restaurantId=350220,bangalore,HSR Layout,"Beverages, Cafe, Snacks, Desserts, Bakery, Ice Cream",4.4,3.7K+,1,0,₹400 for two
875710,Paris Panini - Gourmet Sandwiches & Wraps,https://www.swiggy.com/dapi/menu/pl?restaurantId=875710,bangalore,HSR,"sandwich, wrap, Fast Food, Pastas, Italian, Salads, Healthy Food, Desserts, Continental",4.6,4.3K+,1,0,₹700 for two
398360,Burger Seigneur,https://www.swiggy.com/dapi/menu/pl?restaurantId=398360,bangalore,Bommanahalli,"American, Continental, Beverages",4.3,2.6K+,1,0,₹800 for two
875705,The Pizza Bakery - Wood Fired Sourdough,https://www.swiggy.com/dapi/menu/pl?restaurantId=875705,bangalore,HSR,"Pizzas, Italian, Pastas, Salads, Desserts, Continental",4.4,3.0K+,1,0,₹1500 for two
36001,California Burrito,https://www.swiggy.com/dapi/menu/pl?restaurantId=36001,bangalore,HSR Layout,"Mexican, American, Salads, Continental, Keto, Healthy Food, Beverages, Snacks, Desserts, Fast Food",4.6,42K+,1,0,₹250 for two
548400,Taco Bell,https://www.swiggy.com/dapi/menu/pl?restaurantId=548400,bangalore,HSR Layout,"Mexican, Fast Food, Snacks",4.3,6.2K+,1,0,₹300 for two
524936,Theobroma,https://www.swiggy.com/dapi/menu/pl?restaurantId=524936,bangalore,HSR Layout,"Desserts, Bakery, Beverages",4.5,9.3K+,1,0,₹400 for two
384149,Chaayos Chai+Snacks=Relax,https://www.swiggy.com/dapi/menu/pl?restaurantId=384149,bangalore,HSR Layout,"Beverages, Chaat, Snacks, Bakery, Street Food, healthy, Home Food, Maharashtrian, Italian, Desserts",4.5,4.3K+,1,0,₹250 for two
299893,Samosa Party,https://www.swiggy.com/dapi/menu/pl?restaurantId=299893,bangalore,HSR Layout,"Fast Food, Snacks, Beverages, Chaat, North Indian, Street Food, Sweets, Desserts, Punjabi, Bakery",4.4,7.0K+,1,0,₹150 for two
518778,Blue Tokai Coffee Roasters,https://www.swiggy.com/dapi/menu/pl?restaurantId=518778,bangalore,HSR Layout,"Cafe, Coffee, Beverages",4.5,1.9K+,1,0,₹600 for two
307540,SMOOR,https://www.swiggy.com/dapi/menu/pl?restaurantId=307540,bangalore,HSR Layout,"Desserts, Bakery",4.6,4.1K+,1,0,₹350 for two
2675,Subway,https://www.swiggy.com/dapi/menu/pl?restaurantId=2675,bangalore,HSR Layout,"sandwich, Salads, wrap, Healthy Food",4.3,53K+,1,0,₹350 for two
752437,Amadora Gourmet Ice Cream,https://www.swiggy.com/dapi/menu/pl?restaurantId=752437,bangalore,Sector 4,"Ice Cream, Desserts",4.7,1.5K+,1,0,₹300 for two
342032,Bhartiya Jalpan,https://www.swiggy.com/dapi/menu/pl?restaurantId=342032,bangalore,HSR Layout,"North Indian, Beverages, Chaat",4.3,23K+,1,0,₹450 for two
334868,Zomoz - The Momo Company,https://www.swiggy.com/dapi/menu/pl?restaurantId=334868,bangalore,Harlur,"Momos, Fast Food",4.1,1.7K+,1,0,₹250 for two
10581,Pizza Hut,https://www.swiggy.com/dapi/menu/pl?restaurantId=10581,bangalore,HSR Layout,Pizzas,4.2,21K+,1,0,₹300 for two
1122081,Mealy - Your Everyday Meal,https://www.swiggy.com/dapi/menu/pl?restaurantId=1122081,bangalore,HSR,"North Indian, Street Food, Beverages",3.8,14,1,0,₹200 for two
1004018,KFC,https://www.swiggy.com/dapi/menu/pl?restaurantId=1004018,bangalore,HSR,"Burgers, Fast Food, Rolls & Wraps",4,726,1,0,₹400 for two
23682,McDonald's,https://www.swiggy.com/dapi/menu/pl?restaurantId=23682,bangalore,HSR Layout,"Burgers, Beverages, Cafe, Desserts",4.4,78K+,1,0,₹400 for two
1004721,Mr Phillys American Cheeseburgers,https://www.swiggy.com/dapi/menu/pl?restaurantId=1004721,bangalore,HSR,"American, Biryani, Fast Food, Burgers, wrap, Salads",4.4,4.4K+,1,0,₹500 for two
23805,Domino's Pizza,https://www.swiggy.com/dapi/menu/pl?restaurantId=23805,bangalore,HSR Layout,"Pizzas, Italian, Pastas, Desserts",4.5,18K+,1,0,₹400 for two
619503,Litti Heist,https://www.swiggy.com/dapi/menu/pl?restaurantId=619503,bangalore,Koramangala,"North Indian, Bihari",4.3,17K+,1,0,₹200 for two
524353, Irani Std. Tea,https://www.swiggy.com/dapi/menu/pl?restaurantId=524353,bangalore,HSR Layout,"Snacks, Beverages, Bakery, Desserts, Fast Food",4.5,7.8K+,1,0,₹100 for two
10866,Pizza Hut,https://www.swiggy.com/dapi/menu/pl?restaurantId=10866,bangalore,Marathahalli,Pizzas,4.2,31K+,1,0,₹350 for two
17303,KFC,https://www.swiggy.com/dapi/menu/pl?restaurantId=17303,bangalore,Marathahalli,"Burgers, Fast Food, Rolls & Wraps",4,43K+,1,0,₹400 for two
445762,Burger King,https://www.swiggy.com/dapi/menu/pl?restaurantId=445762,bangalore,Sanjay Nagar,"Burgers, American",4.3,22K+,1,0,₹350 for two
29972,Domino's Pizza,https://www.swiggy.com/dapi/menu/pl?restaurantId=29972,bangalore,Marathahalli Outer Ring Rd,"Pizzas, Italian, Pastas, Desserts",4,23K+,1,0,₹400 for two
551489,Bakingo,https://www.swiggy.com/dapi/menu/pl?restaurantId=551489,bangalore,Panathur main road,"Bakery, Desserts, Beverages, Snacks",4.6,6.3K+,1,0,₹299 for two
18772,California Burrito,https://www.swiggy.com/dapi/menu/pl?restaurantId=18772,bangalore,Bellandur,"Mexican, American, Salads, Continental, Keto, Healthy Food, Beverages, Snacks, Desserts, Fast Food",4.6,15K+,1,0,₹250 for two
716565,Dum Safar Biryani,https://www.swiggy.com/dapi/menu/pl?restaurantId=716565,bangalore,MARATHALLI,"Biryani, Hyderabadi, Kebabs, North Indian, barbeque",3.6,897,1,0,₹500 for two
489129,Chinese Wok,https://www.swiggy.com/dapi/menu/pl?restaurantId=489129,bangalore,Marathahalli,"Chinese, Asian, Tibetan, Desserts",4.2,7.2K+,1,0,₹250 for two
32778,Subway,https://www.swiggy.com/dapi/menu/pl?restaurantId=32778,bangalore,Yemalur,"sandwich, Salads, wrap, Healthy Food",4.1,9.7K+,1,0,₹350 for two
490585,NOTO Ice Cream and Desserts,https://www.swiggy.com/dapi/menu/pl?restaurantId=490585,bangalore,Marathalli,"Ice Cream, Desserts, Healthy Food",4.5,1.4K+,1,0,₹250 for two
352796,Grameen Kulfi,https://www.swiggy.com/dapi/menu/pl?restaurantId=352796,bangalore,Chinnappanhalli,"Ice Cream, Desserts",4.8,2.4K+,1,0,₹120 for two
335438,RNR Biryani - Taste of 1953,https://www.swiggy.com/dapi/menu/pl?restaurantId=335438,bangalore,Marathahalli,"Biryani, South Indian",4.4,10K+,1,0,₹350 for two
657370,Go Zero Ice Creams & Desserts,https://www.swiggy.com/dapi/menu/pl?restaurantId=657370,bangalore,Marathahalli,"Ice Cream, Desserts, Healthy Food",4.4,673,1,0,₹150 for two
612867,GetAWay-Ice Creams & Desserts,https://www.swiggy.com/dapi/menu/pl?restaurantId=612867,bangalore,Marathalli,"Ice Cream, Desserts, Healthy Food",4.2,350,1,0,₹200 for two
725908,LeanCrust Pizza- ThinCrust Experts,https://www.swiggy.com/dapi/menu/pl?restaurantId=725908,bangalore,Yemalur,"Pizzas, Italian, Desserts",4.6,504,1,0,₹300 for two
250298,Paradise Biryani,https://www.swiggy.com/dapi/menu/pl?restaurantId=250298,bangalore,Marathahalli,"Biryani, Kebabs, North Indian, Hyderabadi",4.4,22K+,1,0,₹400 for two
740603,Hola Pasta - Fresh Gourmet Pasta,https://www.swiggy.com/dapi/menu/pl?restaurantId=740603,bangalore,Yemalur,"Pastas, Italian, Desserts, Beverages",4.2,140,1,0,₹250 for two
725906,BOOM - Sub Style Sandwiches,https://www.swiggy.com/dapi/menu/pl?restaurantId=725906,bangalore,Yemalur,"Snacks, Indian, Desserts",4.6,122,1,0,₹250 for two
725901,Mealful Rolls - India's Biggest Rolls,https://www.swiggy.com/dapi/menu/pl?restaurantId=725901,bangalore,Yemalur,"Fast Food, Snacks, North Indian, Desserts",4.4,247,1,0,₹250 for two
725904,"Bhatti Chicken - Grilled, NOT Fried!",https://www.swiggy.com/dapi/menu/pl?restaurantId=725904,bangalore,Yemalur,"North Indian, Snacks, Fast Food, Tandoor",4.6,242,1,0,₹250 for two
1275027,Pizza Hut,https://www.swiggy.com/dapi/menu/pl?restaurantId=1275027,bangalore,Outer Ring Road,Pizzas,4.2,112,1,0,₹350 for two
17303,KFC,https://www.swiggy.com/dapi/menu/pl?restaurantId=17303,bangalore,Marathahalli,"Burgers, Fast Food, Rolls & Wraps",4,43K+,1,0,₹400 for two
445762,Burger King,https://www.swiggy.com/dapi/menu/pl?restaurantId=445762,bangalore,Sanjay Nagar,"Burgers, American",4.3,22K+,1,0,₹350 for two
966475,Theobroma,https://www.swiggy.com/dapi/menu/pl?restaurantId=966475,bangalore,Marathahalli,"Bakery, Desserts",4.5,2.0K+,1,0,₹400 for two
29972,Domino's Pizza,https://www.swiggy.com/dapi/menu/pl?restaurantId=29972,bangalore,Marathahalli Outer Ring Rd,"Pizzas, Italian, Pastas, Desserts",4,23K+,1,0,₹400 for two
50922,Shri Vishnu Grand,https://www.swiggy.com/dapi/menu/pl?restaurantId=50922,bangalore,Kadubeesanahalli,"South Indian, Chinese, North Indian, Desserts",4.3,40K+,1,0,₹300 for two
260169,Sargam Sweets,https://www.swiggy.com/dapi/menu/pl?restaurantId=260169,bangalore,Marathahalli,"Sweets, Indian",4.4,1.7K+,1,0,₹300 for two
551489,Bakingo,https://www.swiggy.com/dapi/menu/pl?restaurantId=551489,bangalore,Panathur main road,"Bakery, Desserts, Beverages, Snacks",4.6,6.3K+,1,0,₹299 for two
10866,Pizza Hut,https://www.swiggy.com/dapi/menu/pl?restaurantId=10866,bangalore,Marathahalli,Pizzas,4.2,31K+,1,0,₹350 for two
17303,KFC,https://www.swiggy.com/dapi/menu/pl?restaurantId=17303,bangalore,Marathahalli,"Burgers, Fast Food, Rolls & Wraps",4,43K+,1,0,₹400 for two
445762,Burger King,https://www.swiggy.com/dapi/menu/pl?restaurantId=445762,bangalore,Sanjay Nagar,"Burgers, American",4.3,22K+,1,0,₹350 for two
29972,Domino's Pizza,https://www.swiggy.com/dapi/menu/pl?restaurantId=29972,bangalore,Marathahalli Outer Ring Rd,"Pizzas, Italian, Pastas, Desserts",4,23K+,1,0,₹400 for two
551489,Bakingo,https://www.swiggy.com/dapi/menu/pl?restaurantId=551489,bangalore,Panathur main road,"Bakery, Desserts, Beverages, Snacks",4.6,6.3K+,1,0,₹299 for two
18772,California Burrito,https://www.swiggy.com/dapi/menu/pl?restaurantId=18772,bangalore,Bellandur,"Mexican, American, Salads, Continental, Keto, Healthy Food, Beverages, Snacks, Desserts, Fast Food",4.6,15K+,1,0,₹250 for two
716565,Dum Safar Biryani,https://www.swiggy.com/dapi/menu/pl?restaurantId=716565,bangalore,MARATHALLI,"Biryani, Hyderabadi, Kebabs, North Indian, barbeque",3.6,897,1,0,₹500 for two
489129,Chinese Wok,https://www.swiggy.com/dapi/menu/pl?restaurantId=489129,bangalore,Marathahalli,"Chinese, Asian, Tibetan, Desserts",4.2,7.2K+,1,0,₹250 for two
32778,Subway,https://www.swiggy.com/dapi/menu/pl?restaurantId=32778,bangalore,Yemalur,"sandwich, Salads, wrap, Healthy Food",4.1,9.7K+,1,0,₹350 for two
490585,NOTO Ice Cream and Desserts,https://www.swiggy.com/dapi/menu/pl?restaurantId=490585,bangalore,Marathalli,"Ice Cream, Desserts, Healthy Food",4.5,1.4K+,1,0,₹250 for two
352796,Grameen Kulfi,https://www.swiggy.com/dapi/menu/pl?restaurantId=352796,bangalore,Chinnappanhalli,"Ice Cream, Desserts",4.8,2.4K+,1,0,₹120 for two
335438,RNR Biryani - Taste of 1953,https://www.swiggy.com/dapi/menu/pl?restaurantId=335438,bangalore,Marathahalli,"Biryani, South Indian",4.4,10K+,1,0,₹350 for two
657370,Go Zero Ice Creams & Desserts,https://www.swiggy.com/dapi/menu/pl?restaurantId=657370,bangalore,Marathahalli,"Ice Cream, Desserts, Healthy Food",4.4,673,1,0,₹150 for two
612867,GetAWay-Ice Creams & Desserts,https://www.swiggy.com/dapi/menu/pl?restaurantId=612867,bangalore,Marathalli,"Ice Cream, Desserts, Healthy Food",4.2,350,1,0,₹200 for two
725908,LeanCrust Pizza- ThinCrust Experts,https://www.swiggy.com/dapi/menu/pl?restaurantId=725908,bangalore,Yemalur,"Pizzas, Italian, Desserts",4.6,504,1,0,₹300 for two
250298,Paradise Biryani,https://www.swiggy.com/dapi/menu/pl?restaurantId=250298,bangalore,Marathahalli,"Biryani, Kebabs, North Indian, Hyderabadi",4.4,22K+,1,0,₹400 for two
740603,Hola Pasta - Fresh Gourmet Pasta,https://www.swiggy.com/dapi/menu/pl?restaurantId=740603,bangalore,Yemalur,"Pastas, Italian, Desserts, Beverages",4.2,140,1,0,₹250 for two
725906,BOOM - Sub Style Sandwiches,https://www.swiggy.com/dapi/menu/pl?restaurantId=725906,bangalore,Yemalur,"Snacks, Indian, Desserts",4.6,122,1,0,₹250 for two
725901,Mealful Rolls - India's Biggest Rolls,https://www.swiggy.com/dapi/menu/pl?restaurantId=725901,bangalore,Yemalur,"Fast Food, Snacks, North Indian, Desserts",4.4,247,1,0,₹250 for two
725904,"Bhatti Chicken - Grilled, NOT Fried!",https://www.swiggy.com/dapi/menu/pl?restaurantId=725904,bangalore,Yemalur,"North Indian, Snacks, Fast Food, Tandoor",4.6,242,1,0,₹250 for two
1275027,Pizza Hut,https://www.swiggy.com/dapi/menu/pl?restaurantId=1275027,bangalore,Outer Ring Road,Pizzas,4.2,112,1,0,₹350 for two
17303,KFC,https://www.swiggy.com/dapi/menu/pl?restaurantId=17303,bangalore,Marathahalli,"Burgers, Fast Food, Rolls & Wraps",4,43K+,1,0,₹400 for two
445762,Burger King,https://www.swiggy.com/dapi/menu/pl?restaurantId=445762,bangalore,Sanjay Nagar,"Burgers, American",4.3,22K+,1,0,₹350 for two
966475,Theobroma,https://www.swiggy.com/dapi/menu/pl?restaurantId=966475,bangalore,Marathahalli,"Bakery, Desserts",4.5,2.0K+,1,0,₹400 for two
29972,Domino's Pizza,https://www.swiggy.com/dapi/menu/pl?restaurantId=29972,bangalore,Marathahalli Outer Ring Rd,"Pizzas, Italian, Pastas, Desserts",4,23K+,1,0,₹400 for two
50922,Shri Vishnu Grand,https://www.swiggy.com/dapi/menu/pl?restaurantId=50922,bangalore,Kadubeesanahalli,"South Indian, Chinese, North Indian, Desserts",4.3,40K+,1,0,₹300 for two
551489,Bakingo,https://www.swiggy.com/dapi/menu/pl?restaurantId=551489,bangalore,Panathur main road,"Bakery, Desserts, Beverages, Snacks",4.6,6.3K+,1,0,₹299 for two
18772,California Burrito,https://www.swiggy.com/dapi/menu/pl?restaurantId=18772,bangalore,Bellandur,"Mexican, American, Salads, Continental, Keto, Healthy Food, Beverages, Snacks, Desserts, Fast Food",4.6,15K+,1,0,₹250 for two
10576,Pizza Hut,https://www.swiggy.com/dapi/menu/pl?restaurantId=10576,bangalore,Koramangala,Pizzas,4.3,22K+,1,0,₹350 for two
671928,KFC,https://www.swiggy.com/dapi/menu/pl?restaurantId=671928,bangalore,Koramangla,"Burgers, Fast Food, Rolls & Wraps",4.2,6.8K+,1,0,₹400 for two
108424,Domino's Pizza,https://www.swiggy.com/dapi/menu/pl?restaurantId=108424,bangalore,K.H.B Colony 5TH Block,"Pizzas, Italian, Pastas, Desserts",4.5,9.0K+,1,0,₹400 for two
23678,McDonald's,https://www.swiggy.com/dapi/menu/pl?restaurantId=23678,bangalore,Koramangala,"Burgers, Beverages, Cafe, Desserts",4.4,66K+,1,0,₹400 for two
5934,Burger King,https://www.swiggy.com/dapi/menu/pl?restaurantId=5934,bangalore,Koramangala,"Burgers, American",4.1,104K+,1,0,₹350 for two
50467,Bakingo,https://www.swiggy.com/dapi/menu/pl?restaurantId=50467,bangalore,Koramangala,"Bakery, Desserts, Beverages, Snacks",4.5,13K+,1,0,₹300 for two
717421,Paris Panini - Gourmet Sandwiches & Wraps,https://www.swiggy.com/dapi/menu/pl?restaurantId=717421,bangalore,Koramangala,"sandwich, wrap, Fast Food, Pastas, Italian, Salads, Healthy Food, Desserts, Continental",4.6,5.4K+,1,0,₹500 for two
41913,Chinita Real Mexican Food,https://www.swiggy.com/dapi/menu/pl?restaurantId=41913,bangalore,Koramangala,"Mexican, Salads, Desserts, Beverages",4.6,8.2K+,1,0,₹750 for two
158855,Candice's Gourmet Sandwiches & Wraps,https://www.swiggy.com/dapi/menu/pl?restaurantId=158855,bangalore,BTM,"Salads, sandwich, Snacks",4.6,4.6K+,1,0,₹600 for two
11211,Taco Bell,https://www.swiggy.com/dapi/menu/pl?restaurantId=11211,bangalore,Koramangala,"Mexican, Fast Food, Snacks",4.4,26K+,1,0,₹300 for two
718430,The Pizza Bakery - Wood Fired Sourdough,https://www.swiggy.com/dapi/menu/pl?restaurantId=718430,bangalore,Koramangala,"Pizzas, Pastas, Italian, Desserts, Continental, Beverages",4.5,3.3K+,1,0,₹700 for two
733092,Caterspoint,https://www.swiggy.com/dapi/menu/pl?restaurantId=733092,bangalore,HSR,"Salads, Healthy food, Snacks, pastas, Lebanese, Mexican, Desserts, Beverages",4.4,3.1K+,1,0,₹500 for two
393840,Chinese Wok,https://www.swiggy.com/dapi/menu/pl?restaurantId=393840,bangalore,BTM,"Chinese, Asian, Tibetan, Desserts",4.2,6.9K+,1,0,₹250 for two
586682,Dum Safar Biryani,https://www.swiggy.com/dapi/menu/pl?restaurantId=586682,bangalore,Koramangala,"Biryani, Hyderabadi, Kebabs, North Indian, barbeque",3.6,817,1,0,₹500 for two
736632,Saladspoint,https://www.swiggy.com/dapi/menu/pl?restaurantId=736632,bangalore,Koramangala,"Salads, Healthy food, Juices, Beverages",4.5,1.8K+,1,0,₹500 for two
74444,Samosa Party,https://www.swiggy.com/dapi/menu/pl?restaurantId=74444,bangalore,Koramangala,"Fast Food, Snacks, Beverages, Chaat, North Indian, Street Food, Sweets, Desserts, Punjabi, Bakery",4.4,19K+,1,0,₹100 for two
238806,Starbucks Coffee,https://www.swiggy.com/dapi/menu/pl?restaurantId=238806,bangalore,BTM Layout,"Beverages, Cafe, Snacks, Desserts, Bakery, Ice Cream",4.6,2.5K+,1,0,₹400 for two
263485,Chaayos Chai+Snacks=Relax,https://www.swiggy.com/dapi/menu/pl?restaurantId=263485,bangalore,Kormangala,"Bakery, Beverages, Chaat, Desserts, Home Food, Italian, Maharashtrian, Snacks, Street Food, Sweets",4.5,5.8K+,1,0,₹250 for two
426776,Theobroma,https://www.swiggy.com/dapi/menu/pl?restaurantId=426776,bangalore,Koramangala,"Desserts, Bakery, Beverages",4.6,7.3K+,1,0,₹400 for two
581495,Cheesecakes By CakeZone,https://www.swiggy.com/dapi/menu/pl?restaurantId=581495,bangalore,KORAMANGLA 6th Block,"Desserts, Bakery",4.4,113,1,0,₹200 for two
10576,Pizza Hut,https://www.swiggy.com/dapi/menu/pl?restaurantId=10576,bangalore,Koramangala,Pizzas,4.3,22K+,1,0,₹350 for two
1087169,Mealy - Your Everyday Meal,https://www.swiggy.com/dapi/menu/pl?restaurantId=1087169,bangalore,Koramangala,"North Indian, Street Food, Beverages",3.9,39,1,0,₹200 for two
671928,KFC,https://www.swiggy.com/dapi/menu/pl?restaurantId=671928,bangalore,Koramangla,"Burgers, Fast Food, Rolls & Wraps",4.2,6.8K+,1,0,₹400 for two
108424,Domino's Pizza,https://www.swiggy.com/dapi/menu/pl?restaurantId=108424,bangalore,K.H.B Colony 5TH Block,"Pizzas, Italian, Pastas, Desserts",4.5,9.0K+,1,0,₹400 for two
23678,McDonald's,https://www.swiggy.com/dapi/menu/pl?restaurantId=23678,bangalore,Koramangala,"Burgers, Beverages, Cafe, Desserts",4.4,66K+,1,0,₹400 for two
769775,Nahdi Mandi Restaurant,https://www.swiggy.com/dapi/menu/pl?restaurantId=769775,bangalore,BTM Layout,"Biryani, Arabian",4.3,10K+,1,0,₹450 for two
1158743,Little baghdad,https://www.swiggy.com/dapi/menu/pl?restaurantId=1158743,bangalore,Koramangala,Arabian,4.5,589,1,0,₹300 for two
5934,Burger King,https://www.swiggy.com/dapi/menu/pl?restaurantId=5934,bangalore,Koramangala,"Burgers, American",4.1,104K+,1,0,₹350 for two
10576,Pizza Hut,https://www.swiggy.com/dapi/menu/pl?restaurantId=10576,bangalore,Koramangala,Pizzas,4.3,22K+,1,0,₹350 for two
671928,KFC,https://www.swiggy.com/dapi/menu/pl?restaurantId=671928,bangalore,Koramangla,"Burgers, Fast Food, Rolls & Wraps",4.2,6.8K+,1,0,₹400 for two
108424,Domino's Pizza,https://www.swiggy.com/dapi/menu/pl?restaurantId=108424,bangalore,K.H.B Colony 5TH Block,"Pizzas, Italian, Pastas, Desserts",4.5,9.0K+,1,0,₹400 for two
23678,McDonald's,https://www.swiggy.com/dapi/menu/pl?restaurantId=23678,bangalore,Koramangala,"Burgers, Beverages, Cafe, Desserts",4.4,66K+,1,0,₹400 for two
5934,Burger King,https://www.swiggy.com/dapi/menu/pl?restaurantId=5934,bangalore,Koramangala,"Burgers, American",4.1,104K+,1,0,₹350 for two
50467,Bakingo,https://www.swiggy.com/dapi/menu/pl?restaurantId=50467,bangalore,Koramangala,"Bakery, Desserts, Beverages, Snacks",4.5,13K+,1,0,₹300 for two
717421,Paris Panini - Gourmet Sandwiches & Wraps,https://www.swiggy.com/dapi/menu/pl?restaurantId=717421,bangalore,Koramangala,"sandwich, wrap, Fast Food, Pastas, Italian, Salads, Healthy Food, Desserts, Continental",4.6,5.4K+,1,0,₹500 for two
41913,Chinita Real Mexican Food,https://www.swiggy.com/dapi/menu/pl?restaurantId=41913,bangalore,Koramangala,"Mexican, Salads, Desserts, Beverages",4.6,8.2K+,1,0,₹750 for two
158855,Candice's Gourmet Sandwiches & Wraps,https://www.swiggy.com/dapi/menu/pl?restaurantId=158855,bangalore,BTM,"Salads, sandwich, Snacks",4.6,4.6K+,1,0,₹600 for two
11211,Taco Bell,https://www.swiggy.com/dapi/menu/pl?restaurantId=11211,bangalore,Koramangala,"Mexican, Fast Food, Snacks",4.4,26K+,1,0,₹300 for two
718430,The Pizza Bakery - Wood Fired Sourdough,https://www.swiggy.com/dapi/menu/pl?restaurantId=718430,bangalore,Koramangala,"Pizzas, Pastas, Italian, Desserts, Continental, Beverages",4.5,3.3K+,1,0,₹700 for two
733092,Caterspoint,https://www.swiggy.com/dapi/menu/pl?restaurantId=733092,bangalore,HSR,"Salads, Healthy food, Snacks, pastas, Lebanese, Mexican, Desserts, Beverages",4.4,3.1K+,1,0,₹500 for two
393840,Chinese Wok,https://www.swiggy.com/dapi/menu/pl?restaurantId=393840,bangalore,BTM,"Chinese, Asian, Tibetan, Desserts",4.2,6.9K+,1,0,₹250 for two
586682,Dum Safar Biryani,https://www.swiggy.com/dapi/menu/pl?restaurantId=586682,bangalore,Koramangala,"Biryani, Hyderabadi, Kebabs, North Indian, barbeque",3.6,817,1,0,₹500 for two
736632,Saladspoint,https://www.swiggy.com/dapi/menu/pl?restaurantId=736632,bangalore,Koramangala,"Salads, Healthy food, Juices, Beverages",4.5,1.8K+,1,0,₹500 for two
74444,Samosa Party,https://www.swiggy.com/dapi/menu/pl?restaurantId=74444,bangalore,Koramangala,"Fast Food, Snacks, Beverages, Chaat, North Indian, Street Food, Sweets, Desserts, Punjabi, Bakery",4.4,19K+,1,0,₹100 for two
238806,Starbucks Coffee,https://www.swiggy.com/dapi/menu/pl?restaurantId=238806,bangalore,BTM Layout,"Beverages, Cafe, Snacks, Desserts, Bakery, Ice Cream",4.6,2.5K+,1,0,₹400 for two
263485,Chaayos Chai+Snacks=Relax,https://www.swiggy.com/dapi/menu/pl?restaurantId=263485,bangalore,Kormangala,"Bakery, Beverages, Chaat, Desserts, Home Food, Italian, Maharashtrian, Snacks, Street Food, Sweets",4.5,5.8K+,1,0,₹250 for two
426776,Theobroma,https://www.swiggy.com/dapi/menu/pl?restaurantId=426776,bangalore,Koramangala,"Desserts, Bakery, Beverages",4.6,7.3K+,1,0,₹400 for two
581495,Cheesecakes By CakeZone,https://www.swiggy.com/dapi/menu/pl?restaurantId=581495,bangalore,KORAMANGLA 6th Block,"Desserts, Bakery",4.4,113,1,0,₹200 for two
10576,Pizza Hut,https://www.swiggy.com/dapi/menu/pl?restaurantId=10576,bangalore,Koramangala,Pizzas,4.3,22K+,1,0,₹350 for two
1087169,Mealy - Your Everyday Meal,https://www.swiggy.com/dapi/menu/pl?restaurantId=1087169,bangalore,Koramangala,"North Indian, Street Food, Beverages",3.9,39,1,0,₹200 for two
671928,KFC,https://www.swiggy.com/dapi/menu/pl?restaurantId=671928,bangalore,Koramangla,"Burgers, Fast Food, Rolls & Wraps",4.2,6.8K+,1,0,₹400 for two
108424,Domino's Pizza,https://www.swiggy.com/dapi/menu/pl?restaurantId=108424,bangalore,K.H.B Colony 5TH Block,"Pizzas, Italian, Pastas, Desserts",4.5,9.0K+,1,0,₹400 for two
23678,McDonald's,https://www.swiggy.com/dapi/menu/pl?restaurantId=23678,bangalore,Koramangala,"Burgers, Beverages, Cafe, Desserts",4.4,66K+,1,0,₹400 for two
769775,Nahdi Mandi Restaurant,https://www.swiggy.com/dapi/menu/pl?restaurantId=769775,bangalore,BTM Layout,"Biryani, Arabian",4.3,10K+,1,0,₹450 for two
1158743,Little baghdad,https://www.swiggy.com/dapi/menu/pl?restaurantId=1158743,bangalore,Koramangala,Arabian,4.5,589,1,0,₹300 for two
5934,Burger King,https://www.swiggy.com/dapi/menu/pl?restaurantId=5934,bangalore,Koramangala,"Burgers, American",4.1,104K+,1,0,₹350 for two
787851,Pizza Hut,https://www.swiggy.com/dapi/menu/pl?restaurantId=787851,bangalore,Rajajinagar,Pizzas,4.4,2.2K+,1,0,₹350 for two
38206,KFC,https://www.swiggy.com/dapi/menu/pl?restaurantId=38206,bangalore,Yeshwantpur,"Burgers, Fast Food, Rolls & Wraps",4,4.2K+,1,0,₹400 for two
92283,McDonald's,https://www.swiggy.com/dapi/menu/pl?restaurantId=92283,bangalore,Malleshwaram,"Burgers, Beverages, Cafe, Desserts",4.5,8.4K+,1,0,₹400 for two
170196,Burger King,https://www.swiggy.com/dapi/menu/pl?restaurantId=170196,bangalore,Rajajinagar,"Burgers, American",4.2,8.7K+,1,0,₹350 for two
264696,Domino's Pizza,https://www.swiggy.com/dapi/menu/pl?restaurantId=264696,bangalore,Basaveshwaranagar,"Pizzas, Italian, Pastas, Desserts",4.4,6.1K+,1,0,₹400 for two
10815,Subway,https://www.swiggy.com/dapi/menu/pl?restaurantId=10815,bangalore,Orion Mall,"sandwich, Salads, wrap, Healthy Food",4.6,17K+,1,0,₹350 for two
26350,Wow! Momo,https://www.swiggy.com/dapi/menu/pl?restaurantId=26350,bangalore,Malleshwaram,"Momos, Chinese, fastfood, Asian, Beverages",4.2,4.7K+,1,0,₹250 for two
238435,Taco Bell,https://www.swiggy.com/dapi/menu/pl?restaurantId=238435,bangalore,Malleshwaram,"Mexican, Fast Food, Snacks",4.2,6.9K+,1,0,₹300 for two
491104,Theobroma,https://www.swiggy.com/dapi/menu/pl?restaurantId=491104,bangalore,Rajajinagar,"Bakery, Desserts, Beverages",4.4,2.5K+,1,0,₹400 for two
449276,Wendy's Burgers,https://www.swiggy.com/dapi/menu/pl?restaurantId=449276,bangalore,Basaveshwar Nagar,"Burgers, American, Fast Food, Snacks",4.1,4.4K+,1,0,₹200 for two
57086,Priyadarshini Veg,https://www.swiggy.com/dapi/menu/pl?restaurantId=57086,bangalore,Yeshwantpur,"North Indian, South Indian, Chinese, Fast Food, Desserts",4.6,53K+,1,0,₹150 for two
591680,Paris Panini - Gourmet Sandwiches & Wraps,https://www.swiggy.com/dapi/menu/pl?restaurantId=591680,bangalore,Basaveshwara Nagar,"sandwich, wrap, Fast Food, Pastas, Italian, Salads, Healthy Food, Desserts, Continental",4.6,5.4K+,1,0,₹500 for two
487868,Chinese Wok,https://www.swiggy.com/dapi/menu/pl?restaurantId=487868,bangalore,Basaveshwara Nagar,"Chinese, Asian, Tibetan, Desserts",4.4,5.7K+,1,0,₹250 for two
103786,Starbucks Coffee,https://www.swiggy.com/dapi/menu/pl?restaurantId=103786,bangalore,Rajajinagar,"Beverages, Cafe, Snacks, Desserts, Bakery, Ice Cream",4.3,1.5K+,1,0,₹400 for two
350675,Samosa Party,https://www.swiggy.com/dapi/menu/pl?restaurantId=350675,bangalore,Rajajinagar,"Fast Food, Snacks, Beverages, Chaat, North Indian, Street Food, Sweets, Desserts, Punjabi, Bakery",4.5,6.2K+,1,0,₹150 for two
581525,Cheesecakes By CakeZone,https://www.swiggy.com/dapi/menu/pl?restaurantId=581525,bangalore,Dr Rajkumar Road,"Desserts, Bakery",3.9,152,1,0,₹200 for two
687242,Ovenfresh Cakes and Desserts,https://www.swiggy.com/dapi/menu/pl?restaurantId=687242,bangalore,Dr Rajkumar Road,"Bakery, Desserts, Beverages, Ice Cream, Sweets, Juices, Bengali, Pizzas",4.5,299,1,0,₹200 for two
442836,"The Dessert Heaven - Pastry, Brownie and Cakes",https://www.swiggy.com/dapi/menu/pl?restaurantId=442836,bangalore,Dr Rajkumar Road,"Bakery, Desserts, Sweets, Ice Cream",4.3,805,1,0,₹200 for two
801169,Makhani Darbar,https://www.swiggy.com/dapi/menu/pl?restaurantId=801169,bangalore,14th Main Road,"Kebabs, Mughlai, Beverages, Desserts",3.7,56,1,0,₹500 for two
9256,SMOOR,https://www.swiggy.com/dapi/menu/pl?restaurantId=9256,bangalore,Malleshwaram,"Desserts, Bakery, Beverages",4.6,3.6K+,1,0,₹350 for two
787851,Pizza Hut,https://www.swiggy.com/dapi/menu/pl?restaurantId=787851,bangalore,Rajajinagar,Pizzas,4.4,2.2K+,1,0,₹350 for two
1221826,Mealy - Your Everyday Meal,https://www.swiggy.com/dapi/menu/pl?restaurantId=1221826,bangalore,Nandini Layout,"Street Food, North Indian, Beverages",4.2,38,1,0,₹200 for two
38206,KFC,https://www.swiggy.com/dapi/menu/pl?restaurantId=38206,bangalore,Yeshwantpur,"Burgers, Fast Food, Rolls & Wraps",4,4.2K+,1,0,₹400 for two
170196,Burger King,https://www.swiggy.com/dapi/menu/pl?restaurantId=170196,bangalore,Rajajinagar,"Burgers, American",4.2,8.7K+,1,0,₹350 for two
92283,McDonald's,https://www.swiggy.com/dapi/menu/pl?restaurantId=92283,bangalore,Malleshwaram,"Burgers, Beverages, Cafe, Desserts",4.5,8.4K+,1,0,₹400 for two
774097,Bakingo,https://www.swiggy.com/dapi/menu/pl?restaurantId=774097,bangalore,Basaveshwara Nagara,"Bakery, Desserts, Beverages, Snacks",4.6,3.7K+,1,0,₹300 for two
577803,ITC Aashirvaad Soul Creations,https://www.swiggy.com/dapi/menu/pl?restaurantId=577803,bangalore,"Sanjay Nagar, New BEL Road","Indian, pure veg, Healthy Food, Home Food, South Indian, North Indian, Sweets",4.6,3.9K+,1,0,₹500 for two
264696,Domino's Pizza,https://www.swiggy.com/dapi/menu/pl?restaurantId=264696,bangalore,Basaveshwaranagar,"Pizzas, Italian, Pastas, Desserts",4.4,6.1K+,1,0,₹400 for two
787851,Pizza Hut,https://www.swiggy.com/dapi/menu/pl?restaurantId=787851,bangalore,Rajajinagar,Pizzas,4.4,2.2K+,1,0,₹350 for two
38206,KFC,https://www.swiggy.com/dapi/menu/pl?restaurantId=38206,bangalore,Yeshwantpur,"Burgers, Fast Food, Rolls & Wraps",4,4.2K+,1,0,₹400 for two
92283,McDonald's,https://www.swiggy.com/dapi/menu/pl?restaurantId=92283,bangalore,Malleshwaram,"Burgers, Beverages, Cafe, Desserts",4.5,8.4K+,1,0,₹400 for two
170196,Burger King,https://www.swiggy.com/dapi/menu/pl?restaurantId=170196,bangalore,Rajajinagar,"Burgers, American",4.2,8.7K+,1,0,₹350 for two
264696,Domino's Pizza,https://www.swiggy.com/dapi/menu/pl?restaurantId=264696,bangalore,Basaveshwaranagar,"Pizzas, Italian, Pastas, Desserts",4.4,6.1K+,1,0,₹400 for two
10815,Subway,https://www.swiggy.com/dapi/menu/pl?restaurantId=10815,bangalore,Orion Mall,"sandwich, Salads, wrap, Healthy Food",4.6,17K+,1,0,₹350 for two
26350,Wow! Momo,https://www.swiggy.com/dapi/menu/pl?restaurantId=26350,bangalore,Malleshwaram,"Momos, Chinese, fastfood, Asian, Beverages",4.2,4.7K+,1,0,₹250 for two
238435,Taco Bell,https://www.swiggy.com/dapi/menu/pl?restaurantId=238435,bangalore,Malleshwaram,"Mexican, Fast Food, Snacks",4.2,6.9K+,1,0,₹300 for two
491104,Theobroma,https://www.swiggy.com/dapi/menu/pl?restaurantId=491104,bangalore,Rajajinagar,"Bakery, Desserts, Beverages",4.4,2.5K+,1,0,₹400 for two
449276,Wendy's Burgers,https://www.swiggy.com/dapi/menu/pl?restaurantId=449276,bangalore,Basaveshwar Nagar,"Burgers, American, Fast Food, Snacks",4.1,4.4K+,1,0,₹200 for two
57086,Priyadarshini Veg,https://www.swiggy.com/dapi/menu/pl?restaurantId=57086,bangalore,Yeshwantpur,"North Indian, South Indian, Chinese, Fast Food, Desserts",4.6,53K+,1,0,₹150 for two
591680,Paris Panini - Gourmet Sandwiches & Wraps,https://www.swiggy.com/dapi/menu/pl?restaurantId=591680,bangalore,Basaveshwara Nagar,"sandwich, wrap, Fast Food, Pastas, Italian, Salads, Healthy Food, Desserts, Continental",4.6,5.4K+,1,0,₹500 for two
487868,Chinese Wok,https://www.swiggy.com/dapi/menu/pl?restaurantId=487868,bangalore,Basaveshwara Nagar,"Chinese, Asian, Tibetan, Desserts",4.4,5.7K+,1,0,₹250 for two
103786,Starbucks Coffee,https://www.swiggy.com/dapi/menu/pl?restaurantId=103786,bangalore,Rajajinagar,"Beverages, Cafe, Snacks, Desserts, Bakery, Ice Cream",4.3,1.5K+,1,0,₹400 for two
350675,Samosa Party,https://www.swiggy.com/dapi/menu/pl?restaurantId=350675,bangalore,Rajajinagar,"Fast Food, Snacks, Beverages, Chaat, North Indian, Street Food, Sweets, Desserts, Punjabi, Bakery",4.5,6.2K+,1,0,₹150 for two
581525,Cheesecakes By CakeZone,https://www.swiggy.com/dapi/menu/pl?restaurantId=581525,bangalore,Dr Rajkumar Road,"Desserts, Bakery",3.9,152,1,0,₹200 for two
687242,Ovenfresh Cakes and Desserts,https://www.swiggy.com/dapi/menu/pl?restaurantId=687242,bangalore,Dr Rajkumar Road,"Bakery, Desserts, Beverages, Ice Cream, Sweets, Juices, Bengali, Pizzas",4.5,299,1,0,₹200 for two
442836,"The Dessert Heaven - Pastry, Brownie and Cakes",https://www.swiggy.com/dapi/menu/pl?restaurantId=442836,bangalore,Dr Rajkumar Road,"Bakery, Desserts, Sweets, Ice Cream",4.3,805,1,0,₹200 for two
801169,Makhani Darbar,https://www.swiggy.com/dapi/menu/pl?restaurantId=801169,bangalore,14th Main Road,"Kebabs, Mughlai, Beverages, Desserts",3.7,56,1,0,₹500 for two
9256,SMOOR,https://www.swiggy.com/dapi/menu/pl?restaurantId=9256,bangalore,Malleshwaram,"Desserts, Bakery, Beverages",4.6,3.6K+,1,0,₹350 for two
787851,Pizza Hut,https://www.swiggy.com/dapi/menu/pl?restaurantId=787851,bangalore,Rajajinagar,Pizzas,4.4,2.2K+,1,0,₹350 for two
1221826,Mealy - Your Everyday Meal,https://www.swiggy.com/dapi/menu/pl?restaurantId=1221826,bangalore,Nandini Layout,"Street Food, North Indian, Beverages",4.2,38,1,0,₹200 for two
38206,KFC,https://www.swiggy.com/dapi/menu/pl?restaurantId=38206,bangalore,Yeshwantpur,"Burgers, Fast Food, Rolls & Wraps",4,4.2K+,1,0,₹400 for two
170196,Burger King,https://www.swiggy.com/dapi/menu/pl?restaurantId=170196,bangalore,Rajajinagar,"Burgers, American",4.2,8.7K+,1,0,₹350 for two
92283,McDonald's,https://www.swiggy.com/dapi/menu/pl?restaurantId=92283,bangalore,Malleshwaram,"Burgers, Beverages, Cafe, Desserts",4.5,8.4K+,1,0,₹400 for two
774097,Bakingo,https://www.swiggy.com/dapi/menu/pl?restaurantId=774097,bangalore,Basaveshwara Nagara,"Bakery, Desserts, Beverages, Snacks",4.6,3.7K+,1,0,₹300 for two
577803,ITC Aashirvaad Soul Creations,https://www.swiggy.com/dapi/menu/pl?restaurantId=577803,bangalore,"Sanjay Nagar, New BEL Road","Indian, pure veg, Healthy Food, Home Food, South Indian, North Indian, Sweets",4.6,3.9K+,1,0,₹500 for two
264696,Domino's Pizza,https://www.swiggy.com/dapi/menu/pl?restaurantId=264696,bangalore,Basaveshwaranagar,"Pizzas, Italian, Pastas, Desserts",4.4,6.1K+,1,0,₹400 for two
14555,Pizza Hut,https://www.swiggy.com/dapi/menu/pl?restaurantId=14555,bangalore,RT Nagar,Pizzas,4.2,22K+,1,0,₹350 for two
560792,McDonald's,https://www.swiggy.com/dapi/menu/pl?restaurantId=560792,bangalore,RT Nagar,"Burgers, Beverages, Cafe, Desserts",4.3,7.5K+,1,0,₹400 for two
17304,KFC,https://www.swiggy.com/dapi/menu/pl?restaurantId=17304,bangalore,R T Nagar,"Burgers, Fast Food, Rolls & Wraps",4,24K+,1,0,₹400 for two
8032,Burger King,https://www.swiggy.com/dapi/menu/pl?restaurantId=8032,bangalore,Sanjaynagar,"Burgers, American",4.3,87K+,1,0,₹350 for two
548402,Taco Bell,https://www.swiggy.com/dapi/menu/pl?restaurantId=548402,bangalore,New BEL Road,"Mexican, Fast Food, Snacks",4.3,4.0K+,1,0,₹300 for two
111834,Bakingo,https://www.swiggy.com/dapi/menu/pl?restaurantId=111834,bangalore,Ganganagar,"Bakery, Desserts, Beverages, Snacks",4.6,10K+,1,0,₹300 for two
681565,LeanCrust Pizza- ThinCrust Experts,https://www.swiggy.com/dapi/menu/pl?restaurantId=681565,bangalore,RT Nagar,"Pizzas, Italian, Desserts",4.4,625,1,0,₹300 for two
3435,Nandhini Deluxe,https://www.swiggy.com/dapi/menu/pl?restaurantId=3435,bangalore,RT Nagar,"North Indian, Chinese, Andhra, Biryani",4.4,22K+,1,0,₹500 for two
581530,Cheesecakes By CakeZone,https://www.swiggy.com/dapi/menu/pl?restaurantId=581530,bangalore,Toms Plaza,"Desserts, Bakery",4.8,96,1,0,₹200 for two
681315,GLOBO Ice Creams Of The World,https://www.swiggy.com/dapi/menu/pl?restaurantId=681315,bangalore,RT Nagar,"Ice Cream, Desserts, Bakery",4.6,96,1,0,₹150 for two
790136,The Belgian Waffle Co.,https://www.swiggy.com/dapi/menu/pl?restaurantId=790136,bangalore,Manyata Tech Park,"Waffle, Desserts, Ice Cream",4.5,1.5K+,1,0,₹200 for two
17589,Polar Bear,https://www.swiggy.com/dapi/menu/pl?restaurantId=17589,bangalore,R.T. Nagar,"Ice Cream, Desserts",4.6,11K+,1,0,₹300 for two
519528,SMOOR,https://www.swiggy.com/dapi/menu/pl?restaurantId=519528,bangalore,R T Nagar,"Desserts, Bakery",4.7,1.5K+,1,0,₹350 for two
616228,"Bhatti Chicken - Grilled, NOT Fried!",https://www.swiggy.com/dapi/menu/pl?restaurantId=616228,bangalore,RT Nagar,"North Indian, Snacks, Fast Food, Tandoor",4.2,201,1,0,₹250 for two
692181,BOOM - Sub Style Sandwiches,https://www.swiggy.com/dapi/menu/pl?restaurantId=692181,bangalore,RT Nagar,"Snacks, Indian, Desserts",4.4,225,1,0,₹250 for two
409508,Mealful Rolls - India's Biggest Rolls,https://www.swiggy.com/dapi/menu/pl?restaurantId=409508,bangalore,RT Nagar,"Fast Food, Snacks, North Indian, Desserts",4,187,1,0,₹250 for two
369412,Gourmet Ice Cream Cakes by Baskin Robbins,https://www.swiggy.com/dapi/menu/pl?restaurantId=369412,bangalore,R.T. Nagar,"Ice Cream Cakes, Desserts, Ice Cream, Bakery",4.8,26,1,0,₹250 for two
9608,Brahmins' Thatte Idli,https://www.swiggy.com/dapi/menu/pl?restaurantId=9608,bangalore,"Sanjay Nagar, New BEL Road",South Indian,4.5,36K+,1,0,₹150 for two
721822,Cheesecake & co.,https://www.swiggy.com/dapi/menu/pl?restaurantId=721822,bangalore,Koramangala,"Bakery, Desserts",4.7,1.4K+,1,0,₹500 for two
352792,Grameen Kulfi,https://www.swiggy.com/dapi/menu/pl?restaurantId=352792,bangalore,Central Bangalore,"Ice Cream, Desserts",4.8,672,1,0,₹120 for two
789454,Pizza Hut,https://www.swiggy.com/dapi/menu/pl?restaurantId=789454,bangalore,Kanaka Nagar,Pizzas,4,63,1,0,₹350 for two
1117347,Mealy - Your Everyday Meal,https://www.swiggy.com/dapi/menu/pl?restaurantId=1117347,bangalore,R.T. Nagar,"Street Food, North Indian, Beverages",3.8,4,1,0,₹200 for two
1010452,Burger King,https://www.swiggy.com/dapi/menu/pl?restaurantId=1010452,bangalore,Manorayanapalya,"Burgers, American",4.3,2.4K+,1,0,₹350 for two
17304,KFC,https://www.swiggy.com/dapi/menu/pl?restaurantId=17304,bangalore,R T Nagar,"Burgers, Fast Food, Rolls & Wraps",4,24K+,1,0,₹400 for two
560792,McDonald's,https://www.swiggy.com/dapi/menu/pl?restaurantId=560792,bangalore,RT Nagar,"Burgers, Beverages, Cafe, Desserts",4.3,7.5K+,1,0,₹400 for two
548402,Taco Bell,https://www.swiggy.com/dapi/menu/pl?restaurantId=548402,bangalore,New BEL Road,"Mexican, Fast Food, Snacks",4.3,4.0K+,1,0,₹300 for two
914574,Goli Vadapav No-1,https://www.swiggy.com/dapi/menu/pl?restaurantId=914574,bangalore,Sanjay Nagar,"Fast Food, Chinese",4.6,576,1,0,₹100 for two
465301,Kolkata Victoria Chat House,https://www.swiggy.com/dapi/menu/pl?restaurantId=465301,bangalore,R T Nagar,"Snacks, Indian, Chaat",4.2,1.3K+,1,0,₹169 for two
14555,Pizza Hut,https://www.swiggy.com/dapi/menu/pl?restaurantId=14555,bangalore,RT Nagar,Pizzas,4.2,22K+,1,0,₹350 for two
560792,McDonald's,https://www.swiggy.com/dapi/menu/pl?restaurantId=560792,bangalore,RT Nagar,"Burgers, Beverages, Cafe, Desserts",4.3,7.5K+,1,0,₹400 for two
17304,KFC,https://www.swiggy.com/dapi/menu/pl?restaurantId=17304,bangalore,R T Nagar,"Burgers, Fast Food, Rolls & Wraps",4,24K+,1,0,₹400 for two
8032,Burger King,https://www.swiggy.com/dapi/menu/pl?restaurantId=8032,bangalore,Sanjaynagar,"Burgers, American",4.3,87K+,1,0,₹350 for two
111834,Bakingo,https://www.swiggy.com/dapi/menu/pl?restaurantId=111834,bangalore,Ganganagar,"Bakery, Desserts, Beverages, Snacks",4.6,10K+,1,0,₹300 for two
681565,LeanCrust Pizza- ThinCrust Experts,https://www.swiggy.com/dapi/menu/pl?restaurantId=681565,bangalore,RT Nagar,"Pizzas, Italian, Desserts",4.4,625,1,0,₹300 for two
3435,Nandhini Deluxe,https://www.swiggy.com/dapi/menu/pl?restaurantId=3435,bangalore,RT Nagar,"North Indian, Chinese, Andhra, Biryani",4.4,22K+,1,0,₹500 for two
581530,Cheesecakes By CakeZone,https://www.swiggy.com/dapi/menu/pl?restaurantId=581530,bangalore,Toms Plaza,"Desserts, Bakery",4.8,96,1,0,₹200 for two
681315,GLOBO Ice Creams Of The World,https://www.swiggy.com/dapi/menu/pl?restaurantId=681315,bangalore,RT Nagar,"Ice Cream, Desserts, Bakery",4.6,96,1,0,₹150 for two
790136,The Belgian Waffle Co.,https://www.swiggy.com/dapi/menu/pl?restaurantId=790136,bangalore,Manyata Tech Park,"Waffle, Desserts, Ice Cream",4.5,1.5K+,1,0,₹200 for two
17589,Polar Bear,https://www.swiggy.com/dapi/menu/pl?restaurantId=17589,bangalore,R.T. Nagar,"Ice Cream, Desserts",4.6,11K+,1,0,₹300 for two
519528,SMOOR,https://www.swiggy.com/dapi/menu/pl?restaurantId=519528,bangalore,R T Nagar,"Desserts, Bakery",4.7,1.5K+,1,0,₹350 for two
616228,"Bhatti Chicken - Grilled, NOT Fried!",https://www.swiggy.com/dapi/menu/pl?restaurantId=616228,bangalore,RT Nagar,"North Indian, Snacks, Fast Food, Tandoor",4.2,201,1,0,₹250 for two
692181,BOOM - Sub Style Sandwiches,https://www.swiggy.com/dapi/menu/pl?restaurantId=692181,bangalore,RT Nagar,"Snacks, Indian, Desserts",4.4,225,1,0,₹250 for two
409508,Mealful Rolls - India's Biggest Rolls,https://www.swiggy.com/dapi/menu/pl?restaurantId=409508,bangalore,RT Nagar,"Fast Food, Snacks, North Indian, Desserts",4,187,1,0,₹250 for two
369412,Gourmet Ice Cream Cakes by Baskin Robbins,https://www.swiggy.com/dapi/menu/pl?restaurantId=369412,bangalore,R.T. Nagar,"Ice Cream Cakes, Desserts, Ice Cream, Bakery",4.8,26,1,0,₹250 for two
9608,Brahmins' Thatte Idli,https://www.swiggy.com/dapi/menu/pl?restaurantId=9608,bangalore,"Sanjay Nagar, New BEL Road",South Indian,4.5,36K+,1,0,₹150 for two
721822,Cheesecake & co.,https://www.swiggy.com/dapi/menu/pl?restaurantId=721822,bangalore,Koramangala,"Bakery, Desserts",4.7,1.4K+,1,0,₹500 for two
352792,Grameen Kulfi,https://www.swiggy.com/dapi/menu/pl?restaurantId=352792,bangalore,Central Bangalore,"Ice Cream, Desserts",4.8,672,1,0,₹120 for two
662585,Go Zero Ice Creams & Desserts,https://www.swiggy.com/dapi/menu/pl?restaurantId=662585,bangalore,Hebbal,"Ice Cream, Desserts, Healthy Food",4.5,367,1,0,₹150 for two
789454,Pizza Hut,https://www.swiggy.com/dapi/menu/pl?restaurantId=789454,bangalore,Kanaka Nagar,Pizzas,4,63,1,0,₹350 for two
1117347,Mealy - Your Everyday Meal,https://www.swiggy.com/dapi/menu/pl?restaurantId=1117347,bangalore,R.T. Nagar,"Street Food, North Indian, Beverages",3.8,4,1,0,₹200 for two
1010452,Burger King,https://www.swiggy.com/dapi/menu/pl?restaurantId=1010452,bangalore,Manorayanapalya,"Burgers, American",4.3,2.4K+,1,0,₹350 for two
17304,KFC,https://www.swiggy.com/dapi/menu/pl?restaurantId=17304,bangalore,R T Nagar,"Burgers, Fast Food, Rolls & Wraps",4,24K+,1,0,₹400 for two
560792,McDonald's,https://www.swiggy.com/dapi/menu/pl?restaurantId=560792,bangalore,RT Nagar,"Burgers, Beverages, Cafe, Desserts",4.3,7.5K+,1,0,₹400 for two
914574,Goli Vadapav No-1,https://www.swiggy.com/dapi/menu/pl?restaurantId=914574,bangalore,Sanjay Nagar,"Fast Food, Chinese",4.6,576,1,0,₹100 for two
465301,Kolkata Victoria Chat House,https://www.swiggy.com/dapi/menu/pl?restaurantId=465301,bangalore,R T Nagar,"Snacks, Indian, Chaat",4.2,1.3K+,1,0,₹169 for two
878073,Iyyengar'S Cake Shop And Sweets,https://www.swiggy.com/dapi/menu/pl?restaurantId=878073,bangalore,"Sanjay Nagar, New BEL Road","Bakery, Sweets, Snacks, Burgers",4.4,701,1,0,₹120 for two
10590,Pizza Hut,https://www.swiggy.com/dapi/menu/pl?restaurantId=10590,bangalore,Bellandur,Pizzas,4.3,13K+,1,0,₹300 for two
25793,KFC,https://www.swiggy.com/dapi/menu/pl?restaurantId=25793,bangalore,Bellandur,"Burgers, Fast Food, Rolls & Wraps",4.3,19K+,1,0,₹550 for two
72821,Burger King,https://www.swiggy.com/dapi/menu/pl?restaurantId=72821,bangalore,Kaikondrahalli,"Burgers, American",4.1,55K+,1,0,₹350 for two
689634,Domino's Pizza,https://www.swiggy.com/dapi/menu/pl?restaurantId=689634,bangalore,Janatha Colony,"Pizzas, Italian, Pastas, Desserts",4.3,1.8K+,1,0,₹400 for two
551489,Bakingo,https://www.swiggy.com/dapi/menu/pl?restaurantId=551489,bangalore,Panathur main road,"Bakery, Desserts, Beverages, Snacks",4.6,6.3K+,1,0,₹299 for two
825649,Theobroma,https://www.swiggy.com/dapi/menu/pl?restaurantId=825649,bangalore,Bellandur,"Bakery, Desserts, Beverages",4.5,1.8K+,1,0,₹300 for two
409261,Paris Panini - Gourmet Sandwiches & Wraps,https://www.swiggy.com/dapi/menu/pl?restaurantId=409261,bangalore,Bellandur,"sandwich, wrap, Fast Food, Pastas, Italian, Salads, Healthy Food, Desserts, Continental",4.5,6.7K+,1,0,₹500 for two
70252,Starbucks Coffee,https://www.swiggy.com/dapi/menu/pl?restaurantId=70252,bangalore,Bellandur,"Beverages, Cafe, Snacks, Desserts, Bakery, Ice Cream",4.4,5.1K+,1,0,₹400 for two
864430,Amadora Gourmet Ice Cream,https://www.swiggy.com/dapi/menu/pl?restaurantId=864430,bangalore,"Bellandur,Â Sarjapur","Ice Cream, Desserts, Bakery",4.8,664,1,0,₹400 for two
444074,Magnolia Bakery,https://www.swiggy.com/dapi/menu/pl?restaurantId=444074,bangalore,Bellandur,"Bakery, Desserts, Ice Cream",4.6,11K+,1,0,₹500 for two
692398,Taco Bell,https://www.swiggy.com/dapi/menu/pl?restaurantId=692398,bangalore,Mahadevapura,"Mexican, Fast Food, Snacks",4.1,2.8K+,1,0,₹300 for two
66107,Art Of Delight - Crafted Ice Creams And Desserts,https://www.swiggy.com/dapi/menu/pl?restaurantId=66107,bangalore,Bellandur,"Desserts, Ice Cream, Beverages",4.7,11K+,1,0,₹300 for two
820552,Lavonne Cafe,https://www.swiggy.com/dapi/menu/pl?restaurantId=820552,bangalore,Bellandur,"Cafe, Desserts, Bakery, Beverages, Pastas, Burgers",4.4,1.4K+,1,0,₹1000 for two
703708,Blue Tokai Coffee Roasters,https://www.swiggy.com/dapi/menu/pl?restaurantId=703708,bangalore,RMZ Ecoworld,"Cafe, Coffee, Beverages",4.5,991,1,0,₹600 for two
681179,GLOBO Ice Creams Of The World,https://www.swiggy.com/dapi/menu/pl?restaurantId=681179,bangalore,Kadubeesanahalli,"Ice Cream, Desserts, Bakery",4.4,28,1,0,₹150 for two
237150,Lo!  Low Carb And Keto Foods,https://www.swiggy.com/dapi/menu/pl?restaurantId=237150,bangalore,Bellandur Sarjapur,"Healthy Food, Keto, Continental",4.3,4.0K+,1,0,₹150 for two
352801,Grameen Kulfi,https://www.swiggy.com/dapi/menu/pl?restaurantId=352801,bangalore,Bellandur,"Ice Cream, Desserts",4.8,1.8K+,1,0,₹120 for two
546546,SMOOR,https://www.swiggy.com/dapi/menu/pl?restaurantId=546546,bangalore,Sarjapur Road,"Desserts, Bakery",4.6,3.4K+,1,0,₹350 for two
865560,Krispy Kreme - Doughnuts & Coffee,https://www.swiggy.com/dapi/menu/pl?restaurantId=865560,bangalore,"RMZ, Eco World","Desserts, Cafe, Bakery, Coffee, Beverages, Snacks",4.4,182,1,0,₹170 for two
334103,Cold Stone Creamery,https://www.swiggy.com/dapi/menu/pl?restaurantId=334103,bangalore,Sarjapur,"Ice Cream, Desserts, Beverages",4.3,2.0K+,1,0,₹200 for two
10590,Pizza Hut,https://www.swiggy.com/dapi/menu/pl?restaurantId=10590,bangalore,Bellandur,Pizzas,4.3,13K+,1,0,₹300 for two
1087170,Mealy - Your Everyday Meal,https://www.swiggy.com/dapi/menu/pl?restaurantId=1087170,bangalore,Marathahalli,"North Indian, Street Food, Beverages",4,56,1,0,₹200 for two
25793,KFC,https://www.swiggy.com/dapi/menu/pl?restaurantId=25793,bangalore,Bellandur,"Burgers, Fast Food, Rolls & Wraps",4.3,19K+,1,0,₹550 for two
72821,Burger King,https://www.swiggy.com/dapi/menu/pl?restaurantId=72821,bangalore,Kaikondrahalli,"Burgers, American",4.1,55K+,1,0,₹350 for two
689634,Domino's Pizza,https://www.swiggy.com/dapi/menu/pl?restaurantId=689634,bangalore,Janatha Colony,"Pizzas, Italian, Pastas, Desserts",4.3,1.8K+,1,0,₹400 for two
551489,Bakingo,https://www.swiggy.com/dapi/menu/pl?restaurantId=551489,bangalore,Panathur main road,"Bakery, Desserts, Beverages, Snacks",4.6,6.3K+,1,0,₹299 for two
1077372,Poha On Wheels,https://www.swiggy.com/dapi/menu/pl?restaurantId=1077372,bangalore,Bellandur Sarjapur,North Indian,4.5,173,1,0,₹200 for two
825649,Theobroma,https://www.swiggy.com/dapi/menu/pl?restaurantId=825649,bangalore,Bellandur,"Bakery, Desserts, Beverages",4.5,1.8K+,1,0,₹300 for two
10590,Pizza Hut,https://www.swiggy.com/dapi/menu/pl?restaurantId=10590,bangalore,Bellandur,Pizzas,4.3,13K+,1,0,₹300 for two
25793,KFC,https://www.swiggy.com/dapi/menu/pl?restaurantId=25793,bangalore,Bellandur,"Burgers, Fast Food, Rolls & Wraps",4.3,19K+,1,0,₹550 for two
72821,Burger King,https://www.swiggy.com/dapi/menu/pl?restaurantId=72821,bangalore,Kaikondrahalli,"Burgers, American",4.1,55K+,1,0,₹350 for two
689634,Domino's Pizza,https://www.swiggy.com/dapi/menu/pl?restaurantId=689634,bangalore,Janatha Colony,"Pizzas, Italian, Pastas, Desserts",4.3,1.8K+,1,0,₹400 for two
551489,Bakingo,https://www.swiggy.com/dapi/menu/pl?restaurantId=551489,bangalore,Panathur main road,"Bakery, Desserts, Beverages, Snacks",4.6,6.3K+,1,0,₹299 for two
825649,Theobroma,https://www.swiggy.com/dapi/menu/pl?restaurantId=825649,bangalore,Bellandur,"Bakery, Desserts, Beverages",4.5,1.8K+,1,0,₹300 for two
409261,Paris Panini - Gourmet Sandwiches & Wraps,https://www.swiggy.com/dapi/menu/pl?restaurantId=409261,bangalore,Bellandur,"sandwich, wrap, Fast Food, Pastas, Italian, Salads, Healthy Food, Desserts, Continental",4.5,6.7K+,1,0,₹500 for two
70252,Starbucks Coffee,https://www.swiggy.com/dapi/menu/pl?restaurantId=70252,bangalore,Bellandur,"Beverages, Cafe, Snacks, Desserts, Bakery, Ice Cream",4.4,5.1K+,1,0,₹400 for two
864430,Amadora Gourmet Ice Cream,https://www.swiggy.com/dapi/menu/pl?restaurantId=864430,bangalore,"Bellandur,Â Sarjapur","Ice Cream, Desserts, Bakery",4.8,664,1,0,₹400 for two
444074,Magnolia Bakery,https://www.swiggy.com/dapi/menu/pl?restaurantId=444074,bangalore,Bellandur,"Bakery, Desserts, Ice Cream",4.6,11K+,1,0,₹500 for two
692398,Taco Bell,https://www.swiggy.com/dapi/menu/pl?restaurantId=692398,bangalore,Mahadevapura,"Mexican, Fast Food, Snacks",4.1,2.8K+,1,0,₹300 for two
66107,Art Of Delight - Crafted Ice Creams And Desserts,https://www.swiggy.com/dapi/menu/pl?restaurantId=66107,bangalore,Bellandur,"Desserts, Ice Cream, Beverages",4.7,11K+,1,0,₹300 for two
820552,Lavonne Cafe,https://www.swiggy.com/dapi/menu/pl?restaurantId=820552,bangalore,Bellandur,"Cafe, Desserts, Bakery, Beverages, Pastas, Burgers",4.4,1.4K+,1,0,₹1000 for two
703708,Blue Tokai Coffee Roasters,https://www.swiggy.com/dapi/menu/pl?restaurantId=703708,bangalore,RMZ Ecoworld,"Cafe, Coffee, Beverages",4.5,991,1,0,₹600 for two
681179,GLOBO Ice Creams Of The World,https://www.swiggy.com/dapi/menu/pl?restaurantId=681179,bangalore,Kadubeesanahalli,"Ice Cream, Desserts, Bakery",4.4,28,1,0,₹150 for two
237150,Lo!  Low Carb And Keto Foods,https://www.swiggy.com/dapi/menu/pl?restaurantId=237150,bangalore,Bellandur Sarjapur,"Healthy Food, Keto, Continental",4.3,4.0K+,1,0,₹150 for two
352801,Grameen Kulfi,https://www.swiggy.com/dapi/menu/pl?restaurantId=352801,bangalore,Bellandur,"Ice Cream, Desserts",4.8,1.8K+,1,0,₹120 for two
546546,SMOOR,https://www.swiggy.com/dapi/menu/pl?restaurantId=546546,bangalore,Sarjapur Road,"Desserts, Bakery",4.6,3.4K+,1,0,₹350 for two
865560,Krispy Kreme - Doughnuts & Coffee,https://www.swiggy.com/dapi/menu/pl?restaurantId=865560,bangalore,"RMZ, Eco World","Desserts, Cafe, Bakery, Coffee, Beverages, Snacks",4.4,182,1,0,₹170 for two
334103,Cold Stone Creamery,https://www.swiggy.com/dapi/menu/pl?restaurantId=334103,bangalore,Sarjapur,"Ice Cream, Desserts, Beverages",4.3,2.0K+,1,0,₹200 for two
10590,Pizza Hut,https://www.swiggy.com/dapi/menu/pl?restaurantId=10590,bangalore,Bellandur,Pizzas,4.3,13K+,1,0,₹300 for two
1087170,Mealy - Your Everyday Meal,https://www.swiggy.com/dapi/menu/pl?restaurantId=1087170,bangalore,Marathahalli,"North Indian, Street Food, Beverages",4,56,1,0,₹200 for two
25793,KFC,https://www.swiggy.com/dapi/menu/pl?restaurantId=25793,bangalore,Bellandur,"Burgers, Fast Food, Rolls & Wraps",4.3,19K+,1,0,₹550 for two
72821,Burger King,https://www.swiggy.com/dapi/menu/pl?restaurantId=72821,bangalore,Kaikondrahalli,"Burgers, American",4.1,55K+,1,0,₹350 for two
689634,Domino's Pizza,https://www.swiggy.com/dapi/menu/pl?restaurantId=689634,bangalore,Janatha Colony,"Pizzas, Italian, Pastas, Desserts",4.3,1.8K+,1,0,₹400 for two
551489,Bakingo,https://www.swiggy.com/dapi/menu/pl?restaurantId=551489,bangalore,Panathur main road,"Bakery, Desserts, Beverages, Snacks",4.6,6.3K+,1,0,₹299 for two
1077372,Poha On Wheels,https://www.swiggy.com/dapi/menu/pl?restaurantId=1077372,bangalore,Bellandur Sarjapur,North Indian,4.5,173,1,0,₹200 for two
825649,Theobroma,https://www.swiggy.com/dapi/menu/pl?restaurantId=825649,bangalore,Bellandur,"Bakery, Desserts, Beverages",4.5,1.8K+,1,0,₹300 for two
12479,Pizza Hut,https://www.swiggy.com/dapi/menu/pl?restaurantId=12479,bangalore,Electronic City,Pizzas,4.2,21K+,1,0,₹350 for two
17311,KFC,https://www.swiggy.com/dapi/menu/pl?restaurantId=17311,bangalore,Electronic City,"Burgers, Fast Food, Rolls & Wraps",4.3,35K+,1,0,₹400 for two
660690,Theobroma,https://www.swiggy.com/dapi/menu/pl?restaurantId=660690,bangalore,Electronic City,Desserts,4.5,4.6K+,1,0,₹400 for two
73044,California Burrito,https://www.swiggy.com/dapi/menu/pl?restaurantId=73044,bangalore,Electronic City,"Mexican, American, Salads, Continental, Keto, Healthy Food, Beverages, Snacks, Desserts, Fast Food",4.6,15K+,1,0,₹250 for two
744495,The Belgian Waffle Co.,https://www.swiggy.com/dapi/menu/pl?restaurantId=744495,bangalore,HOSUR MAIN ROAD,"Waffle, Desserts, Ice Cream",4.5,767,1,0,₹200 for two
53120,Subway,https://www.swiggy.com/dapi/menu/pl?restaurantId=53120,bangalore,"Skywards Tech Park, Bangalore","sandwich, Salads, wrap, Healthy Food",4.3,18K+,1,0,₹350 for two
313830,Aubree,https://www.swiggy.com/dapi/menu/pl?restaurantId=313830,bangalore,Electronic City,"Bakery, Italian, Snacks, Fast Food, Desserts",4.5,2.2K+,1,0,₹700 for two
720355,Wendy's Burgers,https://www.swiggy.com/dapi/menu/pl?restaurantId=720355,bangalore,Electronic City Phase 1,"Burgers, American, Fast Food, Snacks",4.2,2.8K+,1,0,₹200 for two
681641,LeanCrust Pizza- ThinCrust Experts,https://www.swiggy.com/dapi/menu/pl?restaurantId=681641,bangalore,Electronic City,"Pizzas, Italian, Desserts",4.6,1.0K+,1,0,₹300 for two
352798,Grameen Kulfi,https://www.swiggy.com/dapi/menu/pl?restaurantId=352798,bangalore,Electronic City Phase-1,"Ice Cream, Desserts",4.7,958,1,0,₹120 for two
681391,GLOBO Ice Creams Of The World,https://www.swiggy.com/dapi/menu/pl?restaurantId=681391,bangalore,Electronic City,"Ice Cream, Desserts, Bakery",4.7,50,1,0,₹150 for two
244006,Wow! Momo,https://www.swiggy.com/dapi/menu/pl?restaurantId=244006,bangalore,Electronic City,"Momos, Chinese, fastfood, Asian, Beverages",4.1,2.9K+,1,0,₹300 for two
616301,"Bhatti Chicken - Grilled, NOT Fried!",https://www.swiggy.com/dapi/menu/pl?restaurantId=616301,bangalore,Veerasandra,"North Indian, Snacks, Fast Food, Tandoor",4.6,261,1,0,₹250 for two
263615,Veg Meals By LunchBox,https://www.swiggy.com/dapi/menu/pl?restaurantId=263615,bangalore,Electronic City Phase 1,"Thalis, North Indian, Biryani, South Indian, Desserts, Beverages",4.4,394,1,0,₹200 for two
338136,SMOOR,https://www.swiggy.com/dapi/menu/pl?restaurantId=338136,bangalore,Electronic City,"Desserts, Bakery",4.6,3.6K+,1,0,₹350 for two
594087,Mealful Rolls - India's Biggest Rolls,https://www.swiggy.com/dapi/menu/pl?restaurantId=594087,bangalore,Electronic City,"Fast Food, Snacks, North Indian, Desserts",4.4,417,1,0,₹250 for two
740559,Hola Pasta - Fresh Gourmet Pasta,https://www.swiggy.com/dapi/menu/pl?restaurantId=740559,bangalore,Electronic City,"Pastas, Italian, Desserts, Beverages",4.3,146,1,0,₹250 for two
816059,Salad Days,https://www.swiggy.com/dapi/menu/pl?restaurantId=816059,bangalore,Electronic City,Salads,4.6,2.2K+,1,0,₹500 for two
843571,Go Zero Ice Creams & Desserts,https://www.swiggy.com/dapi/menu/pl?restaurantId=843571,bangalore,Electronic City,"Ice Cream, Desserts, Healthy Food",4.6,186,1,0,₹150 for two
801163,Makhani Darbar,https://www.swiggy.com/dapi/menu/pl?restaurantId=801163,bangalore,Huskur Gate,"Kebabs, Mughlai, Beverages, Desserts",4.3,64,1,0,₹500 for two
12479,Pizza Hut,https://www.swiggy.com/dapi/menu/pl?restaurantId=12479,bangalore,Electronic City,Pizzas,4.2,21K+,1,0,₹350 for two
917327,McDonald's,https://www.swiggy.com/dapi/menu/pl?restaurantId=917327,bangalore,Velankani,"Burgers, Beverages, Cafe, Desserts",4.4,2.1K+,1,0,₹400 for two
17311,KFC,https://www.swiggy.com/dapi/menu/pl?restaurantId=17311,bangalore,Electronic City,"Burgers, Fast Food, Rolls & Wraps",4.3,35K+,1,0,₹400 for two
660690,Theobroma,https://www.swiggy.com/dapi/menu/pl?restaurantId=660690,bangalore,Electronic City,Desserts,4.5,4.6K+,1,0,₹400 for two
73044,California Burrito,https://www.swiggy.com/dapi/menu/pl?restaurantId=73044,bangalore,Electronic City,"Mexican, American, Salads, Continental, Keto, Healthy Food, Beverages, Snacks, Desserts, Fast Food",4.6,15K+,1,0,₹250 for two
1005852,Subway,https://www.swiggy.com/dapi/menu/pl?restaurantId=1005852,bangalore,Bommasandra,"sandwich, Salads, wrap, Healthy Food",4.3,621,1,0,₹350 for two
744495,The Belgian Waffle Co.,https://www.swiggy.com/dapi/menu/pl?restaurantId=744495,bangalore,HOSUR MAIN ROAD,"Waffle, Desserts, Ice Cream",4.5,767,1,0,₹200 for two
355188,Samosa Party,https://www.swiggy.com/dapi/menu/pl?restaurantId=355188,bangalore,Electronic City,"Fast Food, Snacks, Beverages, Chaat, North Indian, Street Food, Sweets, Desserts, Punjabi, Bakery",4.4,4.6K+,1,0,₹150 for two
12479,Pizza Hut,https://www.swiggy.com/dapi/menu/pl?restaurantId=12479,bangalore,Electronic City,Pizzas,4.2,21K+,1,0,₹350 for two
17311,KFC,https://www.swiggy.com/dapi/menu/pl?restaurantId=17311,bangalore,Electronic City,"Burgers, Fast Food, Rolls & Wraps",4.3,35K+,1,0,₹400 for two
660690,Theobroma,https://www.swiggy.com/dapi/menu/pl?restaurantId=660690,bangalore,Electronic City,Desserts,4.5,4.6K+,1,0,₹400 for two
73044,California Burrito,https://www.swiggy.com/dapi/menu/pl?restaurantId=73044,bangalore,Electronic City,"Mexican, American, Salads, Continental, Keto, Healthy Food, Beverages, Snacks, Desserts, Fast Food",4.6,15K+,1,0,₹250 for two
744495,The Belgian Waffle Co.,https://www.swiggy.com/dapi/menu/pl?restaurantId=744495,bangalore,HOSUR MAIN ROAD,"Waffle, Desserts, Ice Cream",4.5,767,1,0,₹200 for two
53120,Subway,https://www.swiggy.com/dapi/menu/pl?restaurantId=53120,bangalore,"Skywards Tech Park, Bangalore","sandwich, Salads, wrap, Healthy Food",4.3,18K+,1,0,₹350 for two
313830,Aubree,https://www.swiggy.com/dapi/menu/pl?restaurantId=313830,bangalore,Electronic City,"Bakery, Italian, Snacks, Fast Food, Desserts",4.5,2.2K+,1,0,₹700 for two
720355,Wendy's Burgers,https://www.swiggy.com/dapi/menu/pl?restaurantId=720355,bangalore,Electronic City Phase 1,"Burgers, American, Fast Food, Snacks",4.2,2.8K+,1,0,₹200 for two
681641,LeanCrust Pizza- ThinCrust Experts,https://www.swiggy.com/dapi/menu/pl?restaurantId=681641,bangalore,Electronic City,"Pizzas, Italian, Desserts",4.6,1.0K+,1,0,₹300 for two
352798,Grameen Kulfi,https://www.swiggy.com/dapi/menu/pl?restaurantId=352798,bangalore,Electronic City Phase-1,"Ice Cream, Desserts",4.7,958,1,0,₹120 for two
681391,GLOBO Ice Creams Of The World,https://www.swiggy.com/dapi/menu/pl?restaurantId=681391,bangalore,Electronic City,"Ice Cream, Desserts, Bakery",4.7,50,1,0,₹150 for two
244006,Wow! Momo,https://www.swiggy.com/dapi/menu/pl?restaurantId=244006,bangalore,Electronic City,"Momos, Chinese, fastfood, Asian, Beverages",4.1,2.9K+,1,0,₹300 for two
616301,"Bhatti Chicken - Grilled, NOT Fried!",https://www.swiggy.com/dapi/menu/pl?restaurantId=616301,bangalore,Veerasandra,"North Indian, Snacks, Fast Food, Tandoor",4.6,261,1,0,₹250 for two
263615,Veg Meals By LunchBox,https://www.swiggy.com/dapi/menu/pl?restaurantId=263615,bangalore,Electronic City Phase 1,"Thalis, North Indian, Biryani, South Indian, Desserts, Beverages",4.4,394,1,0,₹200 for two
338136,SMOOR,https://www.swiggy.com/dapi/menu/pl?restaurantId=338136,bangalore,Electronic City,"Desserts, Bakery",4.6,3.6K+,1,0,₹350 for two
594087,Mealful Rolls - India's Biggest Rolls,https://www.swiggy.com/dapi/menu/pl?restaurantId=594087,bangalore,Electronic City,"Fast Food, Snacks, North Indian, Desserts",4.4,417,1,0,₹250 for two
740559,Hola Pasta - Fresh Gourmet Pasta,https://www.swiggy.com/dapi/menu/pl?restaurantId=740559,bangalore,Electronic City,"Pastas, Italian, Desserts, Beverages",4.3,146,1,0,₹250 for two
816059,Salad Days,https://www.swiggy.com/dapi/menu/pl?restaurantId=816059,bangalore,Electronic City,Salads,4.6,2.2K+,1,0,₹500 for two
843571,Go Zero Ice Creams & Desserts,https://www.swiggy.com/dapi/menu/pl?restaurantId=843571,bangalore,Electronic City,"Ice Cream, Desserts, Healthy Food",4.6,186,1,0,₹150 for two
801163,Makhani Darbar,https://www.swiggy.com/dapi/menu/pl?restaurantId=801163,bangalore,Huskur Gate,"Kebabs, Mughlai, Beverages, Desserts",4.3,64,1,0,₹500 for two
12479,Pizza Hut,https://www.swiggy.com/dapi/menu/pl?restaurantId=12479,bangalore,Electronic City,Pizzas,4.2,21K+,1,0,₹350 for two
17311,KFC,https://www.swiggy.com/dapi/menu/pl?restaurantId=17311,bangalore,Electronic City,"Burgers, Fast Food, Rolls & Wraps",4.3,35K+,1,0,₹400 for two
970606,Burger King,https://www.swiggy.com/dapi/menu/pl?restaurantId=970606,bangalore,Electronic City,"Burgers, American",4.3,1.8K+,1,0,₹350 for two
917327,McDonald's,https://www.swiggy.com/dapi/menu/pl?restaurantId=917327,bangalore,Velankani,"Burgers, Beverages, Cafe, Desserts",4.4,2.1K+,1,0,₹400 for two
660690,Theobroma,https://www.swiggy.com/dapi/menu/pl?restaurantId=660690,bangalore,Electronic City,Desserts,4.5,4.6K+,1,0,₹400 for two
73044,California Burrito,https://www.swiggy.com/dapi/menu/pl?restaurantId=73044,bangalore,Electronic City,"Mexican, American, Salads, Continental, Keto, Healthy Food, Beverages, Snacks, Desserts, Fast Food",4.6,15K+,1,0,₹250 for two
1005852,Subway,https://www.swiggy.com/dapi/menu/pl?restaurantId=1005852,bangalore,Bommasandra,"sandwich, Salads, wrap, Healthy Food",4.3,621,1,0,₹350 for two
744495,The Belgian Waffle Co.,https://www.swiggy.com/dapi/menu/pl?restaurantId=744495,bangalore,HOSUR MAIN ROAD,"Waffle, Desserts, Ice Cream",4.5,767,1,0,₹200 for two
15508,Pizza Hut,https://www.swiggy.com/dapi/menu/pl?restaurantId=15508,bangalore,Sahakar Nagar,Pizzas,4.3,10K+,1,0,₹350 for two
84919,Burger King,https://www.swiggy.com/dapi/menu/pl?restaurantId=84919,bangalore,Yelahanka,"Burgers, American",4.3,22K+,1,0,₹350 for two
450309,KFC,https://www.swiggy.com/dapi/menu/pl?restaurantId=450309,bangalore,Yelahanka,"Burgers, Fast Food, Rolls & Wraps",4.1,5.2K+,1,0,₹400 for two
858822,McDonald's,https://www.swiggy.com/dapi/menu/pl?restaurantId=858822,bangalore,Yelahanka New Town,"Burgers, Beverages, Cafe, Desserts",4.4,2.6K+,1,0,₹400 for two
33477,Domino's Pizza,https://www.swiggy.com/dapi/menu/pl?restaurantId=33477,bangalore,Yelahanka,"Pizzas, Italian, Pastas, Desserts",4.1,13K+,1,0,₹400 for two
31293,Subway,https://www.swiggy.com/dapi/menu/pl?restaurantId=31293,bangalore,Yelahanka,"sandwich, Salads, wrap, Healthy Food",4.6,16K+,1,0,₹350 for two
64755,A2B - Adyar Ananda Bhavan,https://www.swiggy.com/dapi/menu/pl?restaurantId=64755,bangalore,Vidyaranyapura,"South Indian, Sweets, Chinese",4.6,42K+,1,0,₹300 for two
415216,Taco Bell,https://www.swiggy.com/dapi/menu/pl?restaurantId=415216,bangalore,Yelahanka,"Mexican, Fast Food, Snacks",4.3,3.3K+,1,0,₹300 for two
31015,Goli Vadapav No-1,https://www.swiggy.com/dapi/menu/pl?restaurantId=31015,bangalore,Yelahanka,"Maharashtrian, North Indian, Street Food",4.5,15K+,1,0,₹200 for two
389995,Chinese Wok,https://www.swiggy.com/dapi/menu/pl?restaurantId=389995,bangalore,Yelahanka New Town,"Chinese, Asian, Tibetan, Desserts",4.3,4.6K+,1,0,₹250 for two
708433,Theobroma,https://www.swiggy.com/dapi/menu/pl?restaurantId=708433,bangalore,Yelahanka,"Bakery, Desserts",4.4,2.7K+,1,0,₹400 for two
618021,Bakingo,https://www.swiggy.com/dapi/menu/pl?restaurantId=618021,bangalore,Yelahanka,"Bakery, Desserts, Beverages, Snacks",4.6,5.0K+,1,0,₹299 for two
203398,Starbucks Coffee,https://www.swiggy.com/dapi/menu/pl?restaurantId=203398,bangalore,RMZ Galleria,"Beverages, Cafe, Snacks, Desserts, Bakery, Ice Cream",4.2,2.1K+,1,0,₹400 for two
75491,California Burrito,https://www.swiggy.com/dapi/menu/pl?restaurantId=75491,bangalore,Yelahanka,"Mexican, American, Salads, Continental, Keto, Healthy Food, Beverages, Snacks, Desserts, Fast Food",4.7,22K+,1,0,₹250 for two
31290,Polar Bear,https://www.swiggy.com/dapi/menu/pl?restaurantId=31290,bangalore,Yelahanka,"Ice Cream, Desserts",4.6,11K+,1,0,₹250 for two
523875,Aubree,https://www.swiggy.com/dapi/menu/pl?restaurantId=523875,bangalore,Yelahanka,"Desserts, Bakery",4.5,2.4K+,1,0,₹700 for two
843568,Go Zero Ice Creams & Desserts,https://www.swiggy.com/dapi/menu/pl?restaurantId=843568,bangalore,Yelahanka,"Ice Cream, Desserts, Healthy Food",4.5,94,1,0,₹150 for two
485213,SMOOR,https://www.swiggy.com/dapi/menu/pl?restaurantId=485213,bangalore,Yelahanka,"Desserts, Bakery",4.6,2.2K+,1,0,₹350 for two
575130,Veg Darbar by Behrouz Biryani,https://www.swiggy.com/dapi/menu/pl?restaurantId=575130,bangalore,Yelahanka,"Biryani, North Indian, Kebabs, Mughlai, Lucknowi, Hyderabadi, Desserts, Beverages",4,60,1,0,₹700 for two
202058,Krispy Kreme - Doughnuts & Coffee,https://www.swiggy.com/dapi/menu/pl?restaurantId=202058,bangalore,Yelahanka,"Desserts, Cafe, Bakery, Coffee, Beverages, Snacks",4.6,2.8K+,1,0,₹170 for two
15508,Pizza Hut,https://www.swiggy.com/dapi/menu/pl?restaurantId=15508,bangalore,Sahakar Nagar,Pizzas,4.3,10K+,1,0,₹350 for two
1240746,Mealy - Your Everyday Meal,https://www.swiggy.com/dapi/menu/pl?restaurantId=1240746,bangalore,Yelahanka,"North Indian, Street Food, Beverages",3.8,18,1,0,₹200 for two
84919,Burger King,https://www.swiggy.com/dapi/menu/pl?restaurantId=84919,bangalore,Yelahanka,"Burgers, American",4.3,22K+,1,0,₹350 for two
450309,KFC,https://www.swiggy.com/dapi/menu/pl?restaurantId=450309,bangalore,Yelahanka,"Burgers, Fast Food, Rolls & Wraps",4.1,5.2K+,1,0,₹400 for two
858822,McDonald's,https://www.swiggy.com/dapi/menu/pl?restaurantId=858822,bangalore,Yelahanka New Town,"Burgers, Beverages, Cafe, Desserts",4.4,2.6K+,1,0,₹400 for two
708433,Theobroma,https://www.swiggy.com/dapi/menu/pl?restaurantId=708433,bangalore,Yelahanka,"Bakery, Desserts",4.4,2.7K+,1,0,₹400 for two
33477,Domino's Pizza,https://www.swiggy.com/dapi/menu/pl?restaurantId=33477,bangalore,Yelahanka,"Pizzas, Italian, Pastas, Desserts",4.1,13K+,1,0,₹400 for two
31293,Subway,https://www.swiggy.com/dapi/menu/pl?restaurantId=31293,bangalore,Yelahanka,"sandwich, Salads, wrap, Healthy Food",4.6,16K+,1,0,₹350 for two
15508,Pizza Hut,https://www.swiggy.com/dapi/menu/pl?restaurantId=15508,bangalore,Sahakar Nagar,Pizzas,4.3,10K+,1,0,₹350 for two
450309,KFC,https://www.swiggy.com/dapi/menu/pl?restaurantId=450309,bangalore,Yelahanka,"Burgers, Fast Food, Rolls & Wraps",4.1,5.2K+,1,0,₹400 for two
858822,McDonald's,https://www.swiggy.com/dapi/menu/pl?restaurantId=858822,bangalore,Yelahanka New Town,"Burgers, Beverages, Cafe, Desserts",4.4,2.6K+,1,0,₹400 for two
75491,California Burrito,https://www.swiggy.com/dapi/menu/pl?restaurantId=75491,bangalore,Yelahanka,"Mexican, American, Salads, Continental, Keto, Healthy Food, Beverages, Snacks, Desserts, Fast Food",4.7,22K+,1,0,₹250 for two
618021,Bakingo,https://www.swiggy.com/dapi/menu/pl?restaurantId=618021,bangalore,Yelahanka,"Bakery, Desserts, Beverages, Snacks",4.6,5.0K+,1,0,₹299 for two
708433,Theobroma,https://www.swiggy.com/dapi/menu/pl?restaurantId=708433,bangalore,Yelahanka,"Bakery, Desserts",4.4,2.7K+,1,0,₹400 for two
31009,Baskin Robbins - Ice Cream Desserts,https://www.swiggy.com/dapi/menu/pl?restaurantId=31009,bangalore,Yelahanka,Desserts,4.7,6.4K+,1,0,₹250 for two
35898,Sweet Truth Cake and Desserts,https://www.swiggy.com/dapi/menu/pl?restaurantId=35898,bangalore,Yelahanka,"Desserts, Ice Cream, Bakery, Beverages",3.9,2.4K+,1,0,₹450 for two
333748,The Belgian Waffle Co.,https://www.swiggy.com/dapi/menu/pl?restaurantId=333748,bangalore,Yelahanka,"Waffle, Desserts, Ice Cream, Beverages",4.6,3.3K+,1,0,₹200 for two
389995,Chinese Wok,https://www.swiggy.com/dapi/menu/pl?restaurantId=389995,bangalore,Yelahanka New Town,"Chinese, Asian, Tibetan, Desserts",4.3,4.6K+,1,0,₹250 for two
415216,Taco Bell,https://www.swiggy.com/dapi/menu/pl?restaurantId=415216,bangalore,Yelahanka,"Mexican, Fast Food, Snacks",4.3,3.3K+,1,0,₹300 for two
31293,Subway,https://www.swiggy.com/dapi/menu/pl?restaurantId=31293,bangalore,Yelahanka,"sandwich, Salads, wrap, Healthy Food",4.6,16K+,1,0,₹350 for two
115836,Samosa Party,https://www.swiggy.com/dapi/menu/pl?restaurantId=115836,bangalore,Sahakar Nagar,"Fast Food, Snacks, Beverages, Chaat, North Indian, Street Food, Sweets, Desserts, Punjabi, Bakery",4.3,22K+,1,0,₹100 for two
203398,Starbucks Coffee,https://www.swiggy.com/dapi/menu/pl?restaurantId=203398,bangalore,RMZ Galleria,"Beverages, Cafe, Snacks, Desserts, Bakery, Ice Cream",4.2,2.1K+,1,0,₹400 for two
452627,Chaayos Chai+Snacks=Relax,https://www.swiggy.com/dapi/menu/pl?restaurantId=452627,bangalore,Sahakara Nagar,"Bakery, Beverages, Chaat, Desserts, Home Food, Italian, Maharashtrian, Snacks, Street Food, Sweets",4.3,3.9K+,1,0,₹250 for two
382638,Wendy's Burgers,https://www.swiggy.com/dapi/menu/pl?restaurantId=382638,bangalore,Yelahanka,"Burgers, American, Fast Food, Snacks",4.1,2.6K+,1,0,₹200 for two
232611,Paradise Biryani,https://www.swiggy.com/dapi/menu/pl?restaurantId=232611,bangalore,Hebbal,"Biryani, Kebabs, North Indian, Hyderabadi",4.2,14K+,1,0,₹400 for two
31015,Goli Vadapav No-1,https://www.swiggy.com/dapi/menu/pl?restaurantId=31015,bangalore,Yelahanka,"Maharashtrian, North Indian, Street Food",4.5,15K+,1,0,₹200 for two
654385,Nasi And Mee,https://www.swiggy.com/dapi/menu/pl?restaurantId=654385,bangalore,Yelahanka,"Pan-Asian, Japanese, Singaporean, Malaysian, Thai",4.6,1.5K+,1,0,₹800 for two
586686,Dum Safar Biryani,https://www.swiggy.com/dapi/menu/pl?restaurantId=586686,bangalore,Yelahanka,"Biryani, Hyderabadi, Kebabs, North Indian, barbeque",4,794,1,0,₹500 for two
15508,Pizza Hut,https://www.swiggy.com/dapi/menu/pl?restaurantId=15508,bangalore,Sahakar Nagar,Pizzas,4.3,10K+,1,0,₹350 for two
1240746,Mealy - Your Everyday Meal,https://www.swiggy.com/dapi/menu/pl?restaurantId=1240746,bangalore,Yelahanka,"North Indian, Street Food, Beverages",3.8,18,1,0,₹200 for two
84919,Burger King,https://www.swiggy.com/dapi/menu/pl?restaurantId=84919,bangalore,Yelahanka,"Burgers, American",4.3,22K+,1,0,₹350 for two
450309,KFC,https://www.swiggy.com/dapi/menu/pl?restaurantId=450309,bangalore,Yelahanka,"Burgers, Fast Food, Rolls & Wraps",4.1,5.2K+,1,0,₹400 for two
858822,McDonald's,https://www.swiggy.com/dapi/menu/pl?restaurantId=858822,bangalore,Yelahanka New Town,"Burgers, Beverages, Cafe, Desserts",4.4,2.6K+,1,0,₹400 for two
708433,Theobroma,https://www.swiggy.com/dapi/menu/pl?restaurantId=708433,bangalore,Yelahanka,"Bakery, Desserts",4.4,2.7K+,1,0,₹400 for two
33477,Domino's Pizza,https://www.swiggy.com/dapi/menu/pl?restaurantId=33477,bangalore,Yelahanka,"Pizzas, Italian, Pastas, Desserts",4.1,13K+,1,0,₹400 for two
31293,Subway,https://www.swiggy.com/dapi/menu/pl?restaurantId=31293,bangalore,Yelahanka,"sandwich, Salads, wrap, Healthy Food",4.6,16K+,1,0,₹350 for two
10589,Pizza Hut,https://www.swiggy.com/dapi/menu/pl?restaurantId=10589,bangalore,Jayanagar,Pizzas,4.3,12K+,1,0,₹350 for two
334476,KFC,https://www.swiggy.com/dapi/menu/pl?restaurantId=334476,bangalore,Jayanagar,"Burgers, Fast Food, Rolls & Wraps",4,8.6K+,1,0,₹400 for two
23692,McDonald's,https://www.swiggy.com/dapi/menu/pl?restaurantId=23692,bangalore,JP NAGAR 6th phase,"Burgers, Beverages, Cafe, Desserts",4.3,61K+,1,0,₹400 for two
23831,Domino's Pizza,https://www.swiggy.com/dapi/menu/pl?restaurantId=23831,bangalore,Jayanagar,"Pizzas, Italian, Pastas, Desserts",4.4,14K+,1,0,₹400 for two
5936,Burger King,https://www.swiggy.com/dapi/menu/pl?restaurantId=5936,bangalore,Jayanagar,"Burgers, American",4.3,67K+,1,0,₹350 for two
420020,Bakingo,https://www.swiggy.com/dapi/menu/pl?restaurantId=420020,bangalore,"VHBCS LAYOUT, Girinagar","Bakery, Desserts, Beverages, Snacks",4.6,8.3K+,1,0,₹400 for two
5271,Subway,https://www.swiggy.com/dapi/menu/pl?restaurantId=5271,bangalore,Jayanagar,"sandwich, Salads, wrap, Healthy Food",4.3,24K+,1,0,₹350 for two
437065,Theobroma,https://www.swiggy.com/dapi/menu/pl?restaurantId=437065,bangalore,Jayanagar,"Desserts, Bakery, Beverages",4.6,9.6K+,1,0,₹400 for two
49704,California Burrito,https://www.swiggy.com/dapi/menu/pl?restaurantId=49704,bangalore,Jayanagar,"Mexican, American, Salads, Continental, Keto, Healthy Food, Beverages, Snacks, Desserts, Fast Food",4.6,30K+,1,0,₹250 for two
4042,Shanthi Sagar,https://www.swiggy.com/dapi/menu/pl?restaurantId=4042,bangalore,Jayanagar,"North Indian, Chinese, South Indian",4.1,28K+,1,0,₹300 for two
70253,Starbucks Coffee,https://www.swiggy.com/dapi/menu/pl?restaurantId=70253,bangalore,Jayanagar,"Beverages, Cafe, Snacks, Desserts, Bakery, Ice Cream",4.4,6.1K+,1,0,₹400 for two
434304,Paris Panini - Gourmet Sandwiches & Wraps,https://www.swiggy.com/dapi/menu/pl?restaurantId=434304,bangalore,Jayanagar,"sandwich, wrap, Fast Food, Pastas, Italian, Salads, Healthy Food, Desserts, Continental",4.6,12K+,1,0,₹500 for two
376986,Chinese Wok,https://www.swiggy.com/dapi/menu/pl?restaurantId=376986,bangalore,Kumaraswamy Layout,"Chinese, Asian, Tibetan, Desserts",4.3,5.5K+,1,0,₹250 for two
350560,Ambur Star Briyani Since 1890,https://www.swiggy.com/dapi/menu/pl?restaurantId=350560,bangalore,Arekere,"North Indian, Chinese, Tandoor, Hyderabadi",4.3,13K+,1,0,₹199 for two
399138,Aubree,https://www.swiggy.com/dapi/menu/pl?restaurantId=399138,bangalore,Jayanagar,"Bakery, Italian, Snacks, Desserts",4.6,3.8K+,1,0,₹700 for two
42150,Asha Sweet Center - Since 1951,https://www.swiggy.com/dapi/menu/pl?restaurantId=42150,bangalore,JP Nagar,"North Indian, Sweets, Fast Food, Bakery, Beverages, Chaat, Thalis, Chinese",4.6,18K+,1,0,₹250 for two
744074,Boba Bhai - Bubble Tea & Korean Street Food,https://www.swiggy.com/dapi/menu/pl?restaurantId=744074,bangalore,Arekere,"Bubble Tea, Burger, Korean, Beverages, Fast Food, Juice and shake",4.3,1.6K+,1,0,₹200 for two
688360,Go Zero Ice Creams & Desserts,https://www.swiggy.com/dapi/menu/pl?restaurantId=688360,bangalore,Arekere,"Ice Cream, Desserts, Healthy Food",4.5,282,1,0,₹150 for two
400169,SMOOR,https://www.swiggy.com/dapi/menu/pl?restaurantId=400169,bangalore,Jayanagar,"Asian, Burgers, Italian, Thai, Sushi, Salads, Pastas, Pizzas, Mexican, Chinese",4.6,3.2K+,1,0,₹450 for two
751252,Blue Tokai Coffee Roasters,https://www.swiggy.com/dapi/menu/pl?restaurantId=751252,bangalore,Jayanagar,"Cafe, Coffee, Beverages",4.5,628,1,0,₹600 for two
10589,Pizza Hut,https://www.swiggy.com/dapi/menu/pl?restaurantId=10589,bangalore,Jayanagar,Pizzas,4.3,12K+,1,0,₹350 for two
1265827,Mealy - Your Everyday Meal,https://www.swiggy.com/dapi/menu/pl?restaurantId=1265827,bangalore,Arekere,"Beverages, Street Food, North Indian",4.8,23,1,0,₹200 for two
334476,KFC,https://www.swiggy.com/dapi/menu/pl?restaurantId=334476,bangalore,Jayanagar,"Burgers, Fast Food, Rolls & Wraps",4,8.6K+,1,0,₹400 for two
23692,McDonald's,https://www.swiggy.com/dapi/menu/pl?restaurantId=23692,bangalore,JP NAGAR 6th phase,"Burgers, Beverages, Cafe, Desserts",4.3,61K+,1,0,₹400 for two
5936,Burger King,https://www.swiggy.com/dapi/menu/pl?restaurantId=5936,bangalore,Jayanagar,"Burgers, American",4.3,67K+,1,0,₹350 for two
23831,Domino's Pizza,https://www.swiggy.com/dapi/menu/pl?restaurantId=23831,bangalore,Jayanagar,"Pizzas, Italian, Pastas, Desserts",4.4,14K+,1,0,₹400 for two
1039986,Bakingo,https://www.swiggy.com/dapi/menu/pl?restaurantId=1039986,bangalore,Chunchghatta main road,"Bakery, Desserts, Beverages, Snacks",4.6,1.3K+,1,0,₹299 for two
684890,Sri Venkateshwara Sweet Meat Stall,https://www.swiggy.com/dapi/menu/pl?restaurantId=684890,bangalore,Jayanagar,"Sweets, Snacks, Desserts",4.5,607,1,0,₹300 for two
10589,Pizza Hut,https://www.swiggy.com/dapi/menu/pl?restaurantId=10589,bangalore,Jayanagar,Pizzas,4.3,12K+,1,0,₹350 for two
334476,KFC,https://www.swiggy.com/dapi/menu/pl?restaurantId=334476,bangalore,Jayanagar,"Burgers, Fast Food, Rolls & Wraps",4,8.6K+,1,0,₹400 for two
23692,McDonald's,https://www.swiggy.com/dapi/menu/pl?restaurantId=23692,bangalore,JP NAGAR 6th phase,"Burgers, Beverages, Cafe, Desserts",4.3,61K+,1,0,₹400 for two
23831,Domino's Pizza,https://www.swiggy.com/dapi/menu/pl?restaurantId=23831,bangalore,Jayanagar,"Pizzas, Italian, Pastas, Desserts",4.4,14K+,1,0,₹400 for two
5936,Burger King,https://www.swiggy.com/dapi/menu/pl?restaurantId=5936,bangalore,Jayanagar,"Burgers, American",4.3,67K+,1,0,₹350 for two
420020,Bakingo,https://www.swiggy.com/dapi/menu/pl?restaurantId=420020,bangalore,"VHBCS LAYOUT, Girinagar","Bakery, Desserts, Beverages, Snacks",4.6,8.3K+,1,0,₹400 for two
5271,Subway,https://www.swiggy.com/dapi/menu/pl?restaurantId=5271,bangalore,Jayanagar,"sandwich, Salads, wrap, Healthy Food",4.3,24K+,1,0,₹350 for two
437065,Theobroma,https://www.swiggy.com/dapi/menu/pl?restaurantId=437065,bangalore,Jayanagar,"Desserts, Bakery, Beverages",4.6,9.6K+,1,0,₹400 for two
49704,California Burrito,https://www.swiggy.com/dapi/menu/pl?restaurantId=49704,bangalore,Jayanagar,"Mexican, American, Salads, Continental, Keto, Healthy Food, Beverages, Snacks, Desserts, Fast Food",4.6,30K+,1,0,₹250 for two
4042,Shanthi Sagar,https://www.swiggy.com/dapi/menu/pl?restaurantId=4042,bangalore,Jayanagar,"North Indian, Chinese, South Indian",4.1,28K+,1,0,₹300 for two
70253,Starbucks Coffee,https://www.swiggy.com/dapi/menu/pl?restaurantId=70253,bangalore,Jayanagar,"Beverages, Cafe, Snacks, Desserts, Bakery, Ice Cream",4.4,6.1K+,1,0,₹400 for two
434304,Paris Panini - Gourmet Sandwiches & Wraps,https://www.swiggy.com/dapi/menu/pl?restaurantId=434304,bangalore,Jayanagar,"sandwich, wrap, Fast Food, Pastas, Italian, Salads, Healthy Food, Desserts, Continental",4.6,12K+,1,0,₹500 for two
376986,Chinese Wok,https://www.swiggy.com/dapi/menu/pl?restaurantId=376986,bangalore,Kumaraswamy Layout,"Chinese, Asian, Tibetan, Desserts",4.3,5.5K+,1,0,₹250 for two
350560,Ambur Star Briyani Since 1890,https://www.swiggy.com/dapi/menu/pl?restaurantId=350560,bangalore,Arekere,"North Indian, Chinese, Tandoor, Hyderabadi",4.3,13K+,1,0,₹199 for two
399138,Aubree,https://www.swiggy.com/dapi/menu/pl?restaurantId=399138,bangalore,Jayanagar,"Bakery, Italian, Snacks, Desserts",4.6,3.8K+,1,0,₹700 for two
42150,Asha Sweet Center - Since 1951,https://www.swiggy.com/dapi/menu/pl?restaurantId=42150,bangalore,JP Nagar,"North Indian, Sweets, Fast Food, Bakery, Beverages, Chaat, Thalis, Chinese",4.6,18K+,1,0,₹250 for two
744074,Boba Bhai - Bubble Tea & Korean Street Food,https://www.swiggy.com/dapi/menu/pl?restaurantId=744074,bangalore,Arekere,"Bubble Tea, Burger, Korean, Beverages, Fast Food, Juice and shake",4.3,1.6K+,1,0,₹200 for two
688360,Go Zero Ice Creams & Desserts,https://www.swiggy.com/dapi/menu/pl?restaurantId=688360,bangalore,Arekere,"Ice Cream, Desserts, Healthy Food",4.5,282,1,0,₹150 for two
400169,SMOOR,https://www.swiggy.com/dapi/menu/pl?restaurantId=400169,bangalore,Jayanagar,"Asian, Burgers, Italian, Thai, Sushi, Salads, Pastas, Pizzas, Mexican, Chinese",4.6,3.2K+,1,0,₹450 for two
751252,Blue Tokai Coffee Roasters,https://www.swiggy.com/dapi/menu/pl?restaurantId=751252,bangalore,Jayanagar,"Cafe, Coffee, Beverages",4.5,628,1,0,₹600 for two
10589,Pizza Hut,https://www.swiggy.com/dapi/menu/pl?restaurantId=10589,bangalore,Jayanagar,Pizzas,4.3,12K+,1,0,₹350 for two
1265827,Mealy - Your Everyday Meal,https://www.swiggy.com/dapi/menu/pl?restaurantId=1265827,bangalore,Arekere,"Beverages, Street Food, North Indian",4.8,23,1,0,₹200 for two
334476,KFC,https://www.swiggy.com/dapi/menu/pl?restaurantId=334476,bangalore,Jayanagar,"Burgers, Fast Food, Rolls & Wraps",4,8.6K+,1,0,₹400 for two
23692,McDonald's,https://www.swiggy.com/dapi/menu/pl?restaurantId=23692,bangalore,JP NAGAR 6th phase,"Burgers, Beverages, Cafe, Desserts",4.3,61K+,1,0,₹400 for two
5936,Burger King,https://www.swiggy.com/dapi/menu/pl?restaurantId=5936,bangalore,Jayanagar,"Burgers, American",4.3,67K+,1,0,₹350 for two
23831,Domino's Pizza,https://www.swiggy.com/dapi/menu/pl?restaurantId=23831,bangalore,Jayanagar,"Pizzas, Italian, Pastas, Desserts",4.4,14K+,1,0,₹400 for two
1039986,Bakingo,https://www.swiggy.com/dapi/menu/pl?restaurantId=1039986,bangalore,Chunchghatta main road,"Bakery, Desserts, Beverages, Snacks",4.6,1.3K+,1,0,₹299 for two
5271,Subway,https://www.swiggy.com/dapi/menu/pl?restaurantId=5271,bangalore,Jayanagar,"sandwich, Salads, wrap, Healthy Food",4.3,24K+,1,0,₹350 for two
10589,Pizza Hut,https://www.swiggy.com/dapi/menu/pl?restaurantId=10589,bangalore,Jayanagar,Pizzas,4.3,12K+,1,0,₹350 for two
77949,Burger King,https://www.swiggy.com/dapi/menu/pl?restaurantId=77949,bangalore,Basavanagudi,"Burgers, American",4.3,35K+,1,0,₹350 for two
17301,KFC,https://www.swiggy.com/dapi/menu/pl?restaurantId=17301,bangalore,Basavanagudi,"Burgers, Fast Food, Rolls & Wraps",4,15K+,1,0,₹400 for two
420020,Bakingo,https://www.swiggy.com/dapi/menu/pl?restaurantId=420020,bangalore,"VHBCS LAYOUT, Girinagar","Bakery, Desserts, Beverages, Snacks",4.6,8.3K+,1,0,₹400 for two
775570,Theobroma,https://www.swiggy.com/dapi/menu/pl?restaurantId=775570,bangalore,Banashankari,"Bakery, Desserts",4.6,2.4K+,1,0,₹400 for two
457522,McDonald's,https://www.swiggy.com/dapi/menu/pl?restaurantId=457522,bangalore,Basavanagudi,"Burgers, Beverages, Cafe, Desserts",4.4,7.5K+,1,0,₹400 for two
23818,Domino's Pizza,https://www.swiggy.com/dapi/menu/pl?restaurantId=23818,bangalore,Basavanagudi,"Pizzas, Italian, Pastas, Desserts",4.4,21K+,1,0,₹400 for two
760197,Paris Panini - Gourmet Sandwiches & Wraps,https://www.swiggy.com/dapi/menu/pl?restaurantId=760197,bangalore,Banashankari,"sandwich, wrap, Fast Food, Pastas, Italian, Salads, Healthy Food, Desserts, Continental",4.5,3.9K+,1,0,₹500 for two
160120,Asha Sweet Center - Since 1951,https://www.swiggy.com/dapi/menu/pl?restaurantId=160120,bangalore,Basavanagudi,"Sweets, Snacks, Fast Food, Bakery, Beverages",4.6,5.7K+,1,0,₹250 for two
8730,Krispy Kreme - Doughnuts & Coffee,https://www.swiggy.com/dapi/menu/pl?restaurantId=8730,bangalore,Jayanagar,"Desserts, Cafe, Bakery, Coffee, Beverages, Snacks",4.5,14K+,1,0,₹170 for two
352788,Grameen Kulfi,https://www.swiggy.com/dapi/menu/pl?restaurantId=352788,bangalore,Jayanagar,"Ice Cream, Desserts",4.8,1.0K+,1,0,₹120 for two
681571,LeanCrust Pizza- ThinCrust Experts,https://www.swiggy.com/dapi/menu/pl?restaurantId=681571,bangalore,Mysore Road,"Pizzas, Italian, Desserts",4.3,311,1,0,₹300 for two
681321,GLOBO Ice Creams Of The World,https://www.swiggy.com/dapi/menu/pl?restaurantId=681321,bangalore,Mysore Road,"Ice Cream, Desserts, Bakery",4.6,53,1,0,₹150 for two
1452,Subway,https://www.swiggy.com/dapi/menu/pl?restaurantId=1452,bangalore,Basavanagudi,"sandwich, Salads, wrap, Healthy Food",4.3,19K+,1,0,₹350 for two
5893,Polar Bear,https://www.swiggy.com/dapi/menu/pl?restaurantId=5893,bangalore,Basavanagudi,"Ice Cream, Desserts",4.7,8.4K+,1,0,₹300 for two
575063,Veg Darbar by Behrouz Biryani,https://www.swiggy.com/dapi/menu/pl?restaurantId=575063,bangalore,Jayanagar,"Biryani, North Indian, Kebabs, Mughlai, Lucknowi, Hyderabadi, Desserts, Beverages",4.4,57,1,0,₹700 for two
657372,Go Zero Ice Creams & Desserts,https://www.swiggy.com/dapi/menu/pl?restaurantId=657372,bangalore,Banashankari,"Ice Cream, Desserts, Healthy Food",4.4,380,1,0,₹150 for two
263747,Veg Meals By LunchBox,https://www.swiggy.com/dapi/menu/pl?restaurantId=263747,bangalore,Jayanagar,"Thalis, North Indian, Biryani, South Indian, Desserts, Beverages",4.2,200,1,0,₹200 for two
740481,Hola Pasta - Fresh Gourmet Pasta,https://www.swiggy.com/dapi/menu/pl?restaurantId=740481,bangalore,Mysore Road,"Pastas, Italian, Desserts, Beverages",4.1,139,1,0,₹250 for two
425572,Mealful Rolls - India's Biggest Rolls,https://www.swiggy.com/dapi/menu/pl?restaurantId=425572,bangalore,City Market,"Fast Food, Snacks, North Indian, Desserts",4.2,229,1,0,₹250 for two
10589,Pizza Hut,https://www.swiggy.com/dapi/menu/pl?restaurantId=10589,bangalore,Jayanagar,Pizzas,4.3,12K+,1,0,₹350 for two
77949,Burger King,https://www.swiggy.com/dapi/menu/pl?restaurantId=77949,bangalore,Basavanagudi,"Burgers, American",4.3,35K+,1,0,₹350 for two
17301,KFC,https://www.swiggy.com/dapi/menu/pl?restaurantId=17301,bangalore,Basavanagudi,"Burgers, Fast Food, Rolls & Wraps",4,15K+,1,0,₹400 for two
484182,California Burrito,https://www.swiggy.com/dapi/menu/pl?restaurantId=484182,bangalore,Gandhi Bazaar,"Mexican, American, Salads, Continental, Keto, Healthy Food, Beverages, Snacks, Desserts, Fast Food",4.7,12K+,1,0,₹250 for two
1230325,Bakingo,https://www.swiggy.com/dapi/menu/pl?restaurantId=1230325,bangalore,Double Road Cross,"Bakery, Desserts, Beverages, Snacks",4.7,342,1,0,₹299 for two
775570,Theobroma,https://www.swiggy.com/dapi/menu/pl?restaurantId=775570,bangalore,Banashankari,"Bakery, Desserts",4.6,2.4K+,1,0,₹400 for two
457522,McDonald's,https://www.swiggy.com/dapi/menu/pl?restaurantId=457522,bangalore,Basavanagudi,"Burgers, Beverages, Cafe, Desserts",4.4,7.5K+,1,0,₹400 for two
23818,Domino's Pizza,https://www.swiggy.com/dapi/menu/pl?restaurantId=23818,bangalore,Basavanagudi,"Pizzas, Italian, Pastas, Desserts",4.4,21K+,1,0,₹400 for two
10892,Pizza Hut,https://www.swiggy.com/dapi/menu/pl?restaurantId=10892,bangalore,Basavanagudi,Pizzas,4.2,10K+,1,0,₹350 for two
77949,Burger King,https://www.swiggy.com/dapi/menu/pl?restaurantId=77949,bangalore,Basavanagudi,"Burgers, American",4.3,35K+,1,0,₹350 for two
17301,KFC,https://www.swiggy.com/dapi/menu/pl?restaurantId=17301,bangalore,Basavanagudi,"Burgers, Fast Food, Rolls & Wraps",4,15K+,1,0,₹400 for two
420020,Bakingo,https://www.swiggy.com/dapi/menu/pl?restaurantId=420020,bangalore,"VHBCS LAYOUT, Girinagar","Bakery, Desserts, Beverages, Snacks",4.6,8.3K+,1,0,₹400 for two
775570,Theobroma,https://www.swiggy.com/dapi/menu/pl?restaurantId=775570,bangalore,Banashankari,"Bakery, Desserts",4.6,2.4K+,1,0,₹400 for two
457522,McDonald's,https://www.swiggy.com/dapi/menu/pl?restaurantId=457522,bangalore,Basavanagudi,"Burgers, Beverages, Cafe, Desserts",4.4,7.5K+,1,0,₹400 for two
23818,Domino's Pizza,https://www.swiggy.com/dapi/menu/pl?restaurantId=23818,bangalore,Basavanagudi,"Pizzas, Italian, Pastas, Desserts",4.4,21K+,1,0,₹400 for two
760197,Paris Panini - Gourmet Sandwiches & Wraps,https://www.swiggy.com/dapi/menu/pl?restaurantId=760197,bangalore,Banashankari,"sandwich, wrap, Fast Food, Pastas, Italian, Salads, Healthy Food, Desserts, Continental",4.5,3.9K+,1,0,₹500 for two
160120,Asha Sweet Center - Since 1951,https://www.swiggy.com/dapi/menu/pl?restaurantId=160120,bangalore,Basavanagudi,"Sweets, Snacks, Fast Food, Bakery, Beverages",4.6,5.7K+,1,0,₹250 for two
8730,Krispy Kreme - Doughnuts & Coffee,https://www.swiggy.com/dapi/menu/pl?restaurantId=8730,bangalore,Jayanagar,"Desserts, Cafe, Bakery, Coffee, Beverages, Snacks",4.5,14K+,1,0,₹170 for two
352788,Grameen Kulfi,https://www.swiggy.com/dapi/menu/pl?restaurantId=352788,bangalore,Jayanagar,"Ice Cream, Desserts",4.8,1.0K+,1,0,₹120 for two
681571,LeanCrust Pizza- ThinCrust Experts,https://www.swiggy.com/dapi/menu/pl?restaurantId=681571,bangalore,Mysore Road,"Pizzas, Italian, Desserts",4.3,311,1,0,₹300 for two
681321,GLOBO Ice Creams Of The World,https://www.swiggy.com/dapi/menu/pl?restaurantId=681321,bangalore,Mysore Road,"Ice Cream, Desserts, Bakery",4.6,53,1,0,₹150 for two
1452,Subway,https://www.swiggy.com/dapi/menu/pl?restaurantId=1452,bangalore,Basavanagudi,"sandwich, Salads, wrap, Healthy Food",4.3,19K+,1,0,₹350 for two
5893,Polar Bear,https://www.swiggy.com/dapi/menu/pl?restaurantId=5893,bangalore,Basavanagudi,"Ice Cream, Desserts",4.7,8.4K+,1,0,₹300 for two
575063,Veg Darbar by Behrouz Biryani,https://www.swiggy.com/dapi/menu/pl?restaurantId=575063,bangalore,Jayanagar,"Biryani, North Indian, Kebabs, Mughlai, Lucknowi, Hyderabadi, Desserts, Beverages",4.4,57,1,0,₹700 for two
657372,Go Zero Ice Creams & Desserts,https://www.swiggy.com/dapi/menu/pl?restaurantId=657372,bangalore,Banashankari,"Ice Cream, Desserts, Healthy Food",4.4,380,1,0,₹150 for two
263747,Veg Meals By LunchBox,https://www.swiggy.com/dapi/menu/pl?restaurantId=263747,bangalore,Jayanagar,"Thalis, North Indian, Biryani, South Indian, Desserts, Beverages",4.2,200,1,0,₹200 for two
740481,Hola Pasta - Fresh Gourmet Pasta,https://www.swiggy.com/dapi/menu/pl?restaurantId=740481,bangalore,Mysore Road,"Pastas, Italian, Desserts, Beverages",4.1,139,1,0,₹250 for two
425572,Mealful Rolls - India's Biggest Rolls,https://www.swiggy.com/dapi/menu/pl?restaurantId=425572,bangalore,City Market,"Fast Food, Snacks, North Indian, Desserts",4.2,229,1,0,₹250 for two
10892,Pizza Hut,https://www.swiggy.com/dapi/menu/pl?restaurantId=10892,bangalore,Basavanagudi,Pizzas,4.2,10K+,1,0,₹350 for two
77949,Burger King,https://www.swiggy.com/dapi/menu/pl?restaurantId=77949,bangalore,Basavanagudi,"Burgers, American",4.3,35K+,1,0,₹350 for two
17301,KFC,https://www.swiggy.com/dapi/menu/pl?restaurantId=17301,bangalore,Basavanagudi,"Burgers, Fast Food, Rolls & Wraps",4,15K+,1,0,₹400 for two
484182,California Burrito,https://www.swiggy.com/dapi/menu/pl?restaurantId=484182,bangalore,Gandhi Bazaar,"Mexican, American, Salads, Continental, Keto, Healthy Food, Beverages, Snacks, Desserts, Fast Food",4.7,12K+,1,0,₹250 for two
1230325,Bakingo,https://www.swiggy.com/dapi/menu/pl?restaurantId=1230325,bangalore,Double Road Cross,"Bakery, Desserts, Beverages, Snacks",4.7,342,1,0,₹299 for two
775570,Theobroma,https://www.swiggy.com/dapi/menu/pl?restaurantId=775570,bangalore,Banashankari,"Bakery, Desserts",4.6,2.4K+,1,0,₹400 for two
457522,McDonald's,https://www.swiggy.com/dapi/menu/pl?restaurantId=457522,bangalore,Basavanagudi,"Burgers, Beverages, Cafe, Desserts",4.4,7.5K+,1,0,₹400 for two
23818,Domino's Pizza,https://www.swiggy.com/dapi/menu/pl?restaurantId=23818,bangalore,Basavanagudi,"Pizzas, Italian, Pastas, Desserts",4.4,21K+,1,0,₹400 for two
10577,Pizza Hut,https://www.swiggy.com/dapi/menu/pl?restaurantId=10577,bangalore,Kalyan Nagar,Pizzas,4.2,18K+,1,0,₹350 for two
278305,Theobroma,https://www.swiggy.com/dapi/menu/pl?restaurantId=278305,bangalore,Kalyan Nagar,"Bakery, Desserts",4.5,8.6K+,1,0,₹400 for two
17306,KFC,https://www.swiggy.com/dapi/menu/pl?restaurantId=17306,bangalore,Kalyan Nagar,"Burgers, Fast Food, Rolls & Wraps",4.3,37K+,1,0,₹400 for two
23840,Domino's Pizza,https://www.swiggy.com/dapi/menu/pl?restaurantId=23840,bangalore,Kalyan Nagar,"Pizzas, Italian, Pastas, Desserts",4.5,25K+,1,0,₹400 for two
5935,Burger King,https://www.swiggy.com/dapi/menu/pl?restaurantId=5935,bangalore,HRBR Layout,"Burgers, American",4.2,87K+,1,0,₹350 for two
773645,Bakingo,https://www.swiggy.com/dapi/menu/pl?restaurantId=773645,bangalore,Dodda Banasawadi,"Bakery, Desserts, Beverages, Snacks",4.6,3.9K+,1,0,₹300 for two
41922,California Burrito,https://www.swiggy.com/dapi/menu/pl?restaurantId=41922,bangalore,Kalyan Nagar,"Mexican, American, Salads, Continental, Keto, Healthy Food, Beverages, Snacks, Desserts, Fast Food",4.6,25K+,1,0,₹250 for two
391270,Chinese Wok,https://www.swiggy.com/dapi/menu/pl?restaurantId=391270,bangalore,Kalyan Nagar,"Chinese, Asian, Tibetan, Desserts",4.2,5.9K+,1,0,₹250 for two
799599,Singapore Street,https://www.swiggy.com/dapi/menu/pl?restaurantId=799599,bangalore,Kammanahalli/Kalyan Nagar,"Singaporean, Asian, Sushi, Malaysian, Indonesian, Thai, Pan-Asian",4.3,1.1K+,1,0,₹800 for two
108788,Starbucks Coffee,https://www.swiggy.com/dapi/menu/pl?restaurantId=108788,bangalore,HRBR Layout,"Beverages, Cafe, Snacks, Desserts, Bakery, Ice Cream",4.4,5.3K+,1,0,₹400 for two
872224,Burger Seigneur,https://www.swiggy.com/dapi/menu/pl?restaurantId=872224,bangalore,Kammanahalli/Kalyan Nagar,"American, Continental",4.3,920,1,0,₹1300 for two
70161,Imperio Restaurant Since 2010,https://www.swiggy.com/dapi/menu/pl?restaurantId=70161,bangalore,Kammanahalli/Kalyan Nagar,"Biryani, Kebabs, South Indian, Tandoor, Arabian",4.3,82K+,1,0,₹300 for two
309279,Thalairaj Biryani,https://www.swiggy.com/dapi/menu/pl?restaurantId=309279,bangalore,Kammanahalli/Kalyan Nagar,"Andhra, Biryani, Hyderabadi, South Indian, Indian, Kebabs, Snacks, Beverages",4.4,6.4K+,1,0,₹300 for two
681433,LeanCrust Pizza- ThinCrust Experts,https://www.swiggy.com/dapi/menu/pl?restaurantId=681433,bangalore,Kammanahalli,"Pizzas, Italian, Desserts",4.5,990,1,0,₹300 for two
328677,Taco Bell,https://www.swiggy.com/dapi/menu/pl?restaurantId=328677,bangalore,HRBR Layout,"Mexican, Fast Food, Snacks",4.3,8.0K+,1,0,₹300 for two
326099,Chaayos Chai+Snacks=Relax,https://www.swiggy.com/dapi/menu/pl?restaurantId=326099,bangalore,Kammanahalli,"Beverages, Chaat, Snacks, Bakery, Street Food, healthy, Home Food, Maharashtrian, Italian, Desserts",4.6,7.6K+,1,0,₹250 for two
681183,GLOBO Ice Creams Of The World,https://www.swiggy.com/dapi/menu/pl?restaurantId=681183,bangalore,Kammanahalli,"Ice Cream, Desserts, Bakery",4.8,142,1,0,₹150 for two
586684,Dum Safar Biryani,https://www.swiggy.com/dapi/menu/pl?restaurantId=586684,bangalore,Kammanahalli/Kalyan Nagar,"Biryani, Hyderabadi, Kebabs, North Indian, barbeque",3.7,879,1,0,₹500 for two
333804,RNR Biryani - Taste of 1953,https://www.swiggy.com/dapi/menu/pl?restaurantId=333804,bangalore,Kammanahalli/Kalyan Nagar,"Biryani, South Indian, Kebabs",4.4,8.3K+,1,0,₹350 for two
678079,ITC Sunfeast Baked Creations,https://www.swiggy.com/dapi/menu/pl?restaurantId=678079,bangalore,Dodda Banaswadi,"bakery, dessert, Cakes & Pastries, Sweets",4.5,1.9K+,1,0,₹600 for two
10577,Pizza Hut,https://www.swiggy.com/dapi/menu/pl?restaurantId=10577,bangalore,Kalyan Nagar,Pizzas,4.2,18K+,1,0,₹350 for two
1112031,Mealy - Your Everyday Meal,https://www.swiggy.com/dapi/menu/pl?restaurantId=1112031,bangalore,Kammanahalli/Kalyan Nagar,"North Indian, Beverages, Street Food",4.1,29,1,0,₹200 for two
17306,KFC,https://www.swiggy.com/dapi/menu/pl?restaurantId=17306,bangalore,Kalyan Nagar,"Burgers, Fast Food, Rolls & Wraps",4.3,37K+,1,0,₹400 for two
278305,Theobroma,https://www.swiggy.com/dapi/menu/pl?restaurantId=278305,bangalore,Kalyan Nagar,"Bakery, Desserts",4.5,8.6K+,1,0,₹400 for two
23840,Domino's Pizza,https://www.swiggy.com/dapi/menu/pl?restaurantId=23840,bangalore,Kalyan Nagar,"Pizzas, Italian, Pastas, Desserts",4.5,25K+,1,0,₹400 for two
5935,Burger King,https://www.swiggy.com/dapi/menu/pl?restaurantId=5935,bangalore,HRBR Layout,"Burgers, American",4.2,87K+,1,0,₹350 for two
429577,Iyengars Cakes And Bakes,https://www.swiggy.com/dapi/menu/pl?restaurantId=429577,bangalore,Lingrajapuram,"Bakery, Desserts, Snacks, Sweets, Burgers, Indian",4.4,3.3K+,1,0,₹150 for two
583495,Santhanam Balaji Sweets,https://www.swiggy.com/dapi/menu/pl?restaurantId=583495,bangalore,Kammanahalli/Kalyan Nagar,"Sweets, Snacks, Fast Food",4.6,1.5K+,1,0,₹100 for two
10577,Pizza Hut,https://www.swiggy.com/dapi/menu/pl?restaurantId=10577,bangalore,Kalyan Nagar,Pizzas,4.2,18K+,1,0,₹350 for two
278305,Theobroma,https://www.swiggy.com/dapi/menu/pl?restaurantId=278305,bangalore,Kalyan Nagar,"Bakery, Desserts",4.5,8.6K+,1,0,₹400 for two
17306,KFC,https://www.swiggy.com/dapi/menu/pl?restaurantId=17306,bangalore,Kalyan Nagar,"Burgers, Fast Food, Rolls & Wraps",4.3,37K+,1,0,₹400 for two
23840,Domino's Pizza,https://www.swiggy.com/dapi/menu/pl?restaurantId=23840,bangalore,Kalyan Nagar,"Pizzas, Italian, Pastas, Desserts",4.5,25K+,1,0,₹400 for two
5935,Burger King,https://www.swiggy.com/dapi/menu/pl?restaurantId=5935,bangalore,HRBR Layout,"Burgers, American",4.2,87K+,1,0,₹350 for two
773645,Bakingo,https://www.swiggy.com/dapi/menu/pl?restaurantId=773645,bangalore,Dodda Banasawadi,"Bakery, Desserts, Beverages, Snacks",4.6,3.9K+,1,0,₹300 for two
41922,California Burrito,https://www.swiggy.com/dapi/menu/pl?restaurantId=41922,bangalore,Kalyan Nagar,"Mexican, American, Salads, Continental, Keto, Healthy Food, Beverages, Snacks, Desserts, Fast Food",4.6,25K+,1,0,₹250 for two
391270,Chinese Wok,https://www.swiggy.com/dapi/menu/pl?restaurantId=391270,bangalore,Kalyan Nagar,"Chinese, Asian, Tibetan, Desserts",4.2,5.9K+,1,0,₹250 for two
799599,Singapore Street,https://www.swiggy.com/dapi/menu/pl?restaurantId=799599,bangalore,Kammanahalli/Kalyan Nagar,"Singaporean, Asian, Sushi, Malaysian, Indonesian, Thai, Pan-Asian",4.3,1.1K+,1,0,₹800 for two
108788,Starbucks Coffee,https://www.swiggy.com/dapi/menu/pl?restaurantId=108788,bangalore,HRBR Layout,"Beverages, Cafe, Snacks, Desserts, Bakery, Ice Cream",4.4,5.3K+,1,0,₹400 for two
872224,Burger Seigneur,https://www.swiggy.com/dapi/menu/pl?restaurantId=872224,bangalore,Kammanahalli/Kalyan Nagar,"American, Continental",4.3,920,1,0,₹1300 for two
70161,Imperio Restaurant Since 2010,https://www.swiggy.com/dapi/menu/pl?restaurantId=70161,bangalore,Kammanahalli/Kalyan Nagar,"Biryani, Kebabs, South Indian, Tandoor, Arabian",4.3,82K+,1,0,₹300 for two
309279,Thalairaj Biryani,https://www.swiggy.com/dapi/menu/pl?restaurantId=309279,bangalore,Kammanahalli/Kalyan Nagar,"Andhra, Biryani, Hyderabadi, South Indian, Indian, Kebabs, Snacks, Beverages",4.4,6.4K+,1,0,₹300 for two
681433,LeanCrust Pizza- ThinCrust Experts,https://www.swiggy.com/dapi/menu/pl?restaurantId=681433,bangalore,Kammanahalli,"Pizzas, Italian, Desserts",4.5,990,1,0,₹300 for two
328677,Taco Bell,https://www.swiggy.com/dapi/menu/pl?restaurantId=328677,bangalore,HRBR Layout,"Mexican, Fast Food, Snacks",4.3,8.0K+,1,0,₹300 for two
326099,Chaayos Chai+Snacks=Relax,https://www.swiggy.com/dapi/menu/pl?restaurantId=326099,bangalore,Kammanahalli,"Beverages, Chaat, Snacks, Bakery, Street Food, healthy, Home Food, Maharashtrian, Italian, Desserts",4.6,7.6K+,1,0,₹250 for two
681183,GLOBO Ice Creams Of The World,https://www.swiggy.com/dapi/menu/pl?restaurantId=681183,bangalore,Kammanahalli,"Ice Cream, Desserts, Bakery",4.8,142,1,0,₹150 for two
586684,Dum Safar Biryani,https://www.swiggy.com/dapi/menu/pl?restaurantId=586684,bangalore,Kammanahalli/Kalyan Nagar,"Biryani, Hyderabadi, Kebabs, North Indian, barbeque",3.7,879,1,0,₹500 for two
333804,RNR Biryani - Taste of 1953,https://www.swiggy.com/dapi/menu/pl?restaurantId=333804,bangalore,Kammanahalli/Kalyan Nagar,"Biryani, South Indian, Kebabs",4.4,8.3K+,1,0,₹350 for two
678079,ITC Sunfeast Baked Creations,https://www.swiggy.com/dapi/menu/pl?restaurantId=678079,bangalore,Dodda Banaswadi,"bakery, dessert, Cakes & Pastries, Sweets",4.5,1.9K+,1,0,₹600 for two
10577,Pizza Hut,https://www.swiggy.com/dapi/menu/pl?restaurantId=10577,bangalore,Kalyan Nagar,Pizzas,4.2,18K+,1,0,₹350 for two
1112031,Mealy - Your Everyday Meal,https://www.swiggy.com/dapi/menu/pl?restaurantId=1112031,bangalore,Kammanahalli/Kalyan Nagar,"North Indian, Beverages, Street Food",4.1,29,1,0,₹200 for two
17306,KFC,https://www.swiggy.com/dapi/menu/pl?restaurantId=17306,bangalore,Kalyan Nagar,"Burgers, Fast Food, Rolls & Wraps",4.3,37K+,1,0,₹400 for two
278305,Theobroma,https://www.swiggy.com/dapi/menu/pl?restaurantId=278305,bangalore,Kalyan Nagar,"Bakery, Desserts",4.5,8.6K+,1,0,₹400 for two
23840,Domino's Pizza,https://www.swiggy.com/dapi/menu/pl?restaurantId=23840,bangalore,Kalyan Nagar,"Pizzas, Italian, Pastas, Desserts",4.5,25K+,1,0,₹400 for two
5935,Burger King,https://www.swiggy.com/dapi/menu/pl?restaurantId=5935,bangalore,HRBR Layout,"Burgers, American",4.2,87K+,1,0,₹350 for two
429577,Iyengars Cakes And Bakes,https://www.swiggy.com/dapi/menu/pl?restaurantId=429577,bangalore,Lingrajapuram,"Bakery, Desserts, Snacks, Sweets, Burgers, Indian",4.4,3.3K+,1,0,₹150 for two
583495,Santhanam Balaji Sweets,https://www.swiggy.com/dapi/menu/pl?restaurantId=583495,bangalore,Kammanahalli/Kalyan Nagar,"Sweets, Snacks, Fast Food",4.6,1.5K+,1,0,₹100 for two
740737,Pizza Hut,https://www.swiggy.com/dapi/menu/pl?restaurantId=740737,bangalore,MINIREDDY LAYOUT,Pizzas,4.2,2.0K+,1,0,₹350 for two
736494,KFC,https://www.swiggy.com/dapi/menu/pl?restaurantId=736494,bangalore,Mahadevapura,"Burgers, Fast Food, Rolls & Wraps",4.2,5.1K+,1,0,₹400 for two
72821,Burger King,https://www.swiggy.com/dapi/menu/pl?restaurantId=72821,bangalore,Kaikondrahalli,"Burgers, American",4.1,55K+,1,0,₹350 for two
551489,Bakingo,https://www.swiggy.com/dapi/menu/pl?restaurantId=551489,bangalore,Panathur main road,"Bakery, Desserts, Beverages, Snacks",4.6,6.3K+,1,0,₹299 for two
689634,Domino's Pizza,https://www.swiggy.com/dapi/menu/pl?restaurantId=689634,bangalore,Janatha Colony,"Pizzas, Italian, Pastas, Desserts",4.3,1.8K+,1,0,₹400 for two
8069,Theobroma,https://www.swiggy.com/dapi/menu/pl?restaurantId=8069,bangalore,Sarjapur Road,Bakery,4.5,9.3K+,1,0,₹400 for two
409261,Paris Panini - Gourmet Sandwiches & Wraps,https://www.swiggy.com/dapi/menu/pl?restaurantId=409261,bangalore,Bellandur,"sandwich, wrap, Fast Food, Pastas, Italian, Salads, Healthy Food, Desserts, Continental",4.5,6.7K+,1,0,₹500 for two
70252,Starbucks Coffee,https://www.swiggy.com/dapi/menu/pl?restaurantId=70252,bangalore,Bellandur,"Beverages, Cafe, Snacks, Desserts, Bakery, Ice Cream",4.4,5.1K+,1,0,₹400 for two
66107,Art Of Delight - Crafted Ice Creams And Desserts,https://www.swiggy.com/dapi/menu/pl?restaurantId=66107,bangalore,Bellandur,"Desserts, Ice Cream, Beverages",4.7,11K+,1,0,₹300 for two
748193,Brik Oven - Original Sourdough Pizzas,https://www.swiggy.com/dapi/menu/pl?restaurantId=748193,bangalore,Bellandur Sarjapur,Pizzas,4.1,1.6K+,1,0,₹800 for two
742509,The Pizza Bakery - Wood Fired Sourdough,https://www.swiggy.com/dapi/menu/pl?restaurantId=742509,bangalore,Bellandur Sarjapur,"Pizzas, Italian, Pastas, Salads, Desserts, Continental",4.5,4.3K+,1,0,₹700 for two
352801,Grameen Kulfi,https://www.swiggy.com/dapi/menu/pl?restaurantId=352801,bangalore,Bellandur,"Ice Cream, Desserts",4.8,1.8K+,1,0,₹120 for two
381864,ITC Sunfeast Baked Creations,https://www.swiggy.com/dapi/menu/pl?restaurantId=381864,bangalore,Sarjapur,"bakery, dessert, Cakes & Pastries, Sweets",4.5,3.2K+,1,0,₹600 for two
546546,SMOOR,https://www.swiggy.com/dapi/menu/pl?restaurantId=546546,bangalore,Sarjapur Road,"Desserts, Bakery",4.6,3.4K+,1,0,₹350 for two
334103,Cold Stone Creamery,https://www.swiggy.com/dapi/menu/pl?restaurantId=334103,bangalore,Sarjapur,"Ice Cream, Desserts, Beverages",4.3,2.0K+,1,0,₹200 for two
412286,Asia Kitchen By Mainland China,https://www.swiggy.com/dapi/menu/pl?restaurantId=412286,bangalore,Sarjapur Road,"Asian, Chinese, Oriental",4.5,1.1K+,1,0,₹850 for two
412289,Oh! Calcutta,https://www.swiggy.com/dapi/menu/pl?restaurantId=412289,bangalore,Sarjapur Road,"Bengali, Indian",4.5,3.1K+,1,0,₹800 for two
703811,GLOBO Ice Creams Of The World,https://www.swiggy.com/dapi/menu/pl?restaurantId=703811,bangalore,Carmelaram,"Ice Cream, Desserts, Bakery",4.6,78,1,0,₹150 for two
412287,Haka,https://www.swiggy.com/dapi/menu/pl?restaurantId=412287,bangalore,Sarjapur Road,"Chinese, Asian, Seafood",4.4,3.3K+,1,0,₹350 for two
649407,McDonald's,https://www.swiggy.com/dapi/menu/pl?restaurantId=649407,bangalore,Sarjapur-Marathahalli Road,"Burgers, Beverages, Cafe, Desserts",4.4,8.9K+,1,0,₹400 for two
1012104,Pizza Hut,https://www.swiggy.com/dapi/menu/pl?restaurantId=1012104,bangalore,Devarabisanahalli,Pizzas,4,218,1,0,₹350 for two
1087170,Mealy - Your Everyday Meal,https://www.swiggy.com/dapi/menu/pl?restaurantId=1087170,bangalore,Marathahalli,"North Indian, Street Food, Beverages",4,56,1,0,₹200 for two
736494,KFC,https://www.swiggy.com/dapi/menu/pl?restaurantId=736494,bangalore,Mahadevapura,"Burgers, Fast Food, Rolls & Wraps",4.2,5.1K+,1,0,₹400 for two
72821,Burger King,https://www.swiggy.com/dapi/menu/pl?restaurantId=72821,bangalore,Kaikondrahalli,"Burgers, American",4.1,55K+,1,0,₹350 for two
883735,California Burrito,https://www.swiggy.com/dapi/menu/pl?restaurantId=883735,bangalore,Bellandur Sarjapur,American,4.6,5.7K+,1,0,₹250 for two
551489,Bakingo,https://www.swiggy.com/dapi/menu/pl?restaurantId=551489,bangalore,Panathur main road,"Bakery, Desserts, Beverages, Snacks",4.6,6.3K+,1,0,₹299 for two
689634,Domino's Pizza,https://www.swiggy.com/dapi/menu/pl?restaurantId=689634,bangalore,Janatha Colony,"Pizzas, Italian, Pastas, Desserts",4.3,1.8K+,1,0,₹400 for two
50922,Shri Vishnu Grand,https://www.swiggy.com/dapi/menu/pl?restaurantId=50922,bangalore,Kadubeesanahalli,"South Indian, Chinese, North Indian, Desserts",4.3,40K+,1,0,₹300 for two
740737,Pizza Hut,https://www.swiggy.com/dapi/menu/pl?restaurantId=740737,bangalore,MINIREDDY LAYOUT,Pizzas,4.2,2.0K+,1,0,₹350 for two
736494,KFC,https://www.swiggy.com/dapi/menu/pl?restaurantId=736494,bangalore,Mahadevapura,"Burgers, Fast Food, Rolls & Wraps",4.2,5.1K+,1,0,₹400 for two
72821,Burger King,https://www.swiggy.com/dapi/menu/pl?restaurantId=72821,bangalore,Kaikondrahalli,"Burgers, American",4.1,55K+,1,0,₹350 for two
551489,Bakingo,https://www.swiggy.com/dapi/menu/pl?restaurantId=551489,bangalore,Panathur main road,"Bakery, Desserts, Beverages, Snacks",4.6,6.3K+,1,0,₹299 for two
689634,Domino's Pizza,https://www.swiggy.com/dapi/menu/pl?restaurantId=689634,bangalore,Janatha Colony,"Pizzas, Italian, Pastas, Desserts",4.3,1.8K+,1,0,₹400 for two
8069,Theobroma,https://www.swiggy.com/dapi/menu/pl?restaurantId=8069,bangalore,Sarjapur Road,Bakery,4.5,9.3K+,1,0,₹400 for two
409261,Paris Panini - Gourmet Sandwiches & Wraps,https://www.swiggy.com/dapi/menu/pl?restaurantId=409261,bangalore,Bellandur,"sandwich, wrap, Fast Food, Pastas, Italian, Salads, Healthy Food, Desserts, Continental",4.5,6.7K+,1,0,₹500 for two
70252,Starbucks Coffee,https://www.swiggy.com/dapi/menu/pl?restaurantId=70252,bangalore,Bellandur,"Beverages, Cafe, Snacks, Desserts, Bakery, Ice Cream",4.4,5.1K+,1,0,₹400 for two
66107,Art Of Delight - Crafted Ice Creams And Desserts,https://www.swiggy.com/dapi/menu/pl?restaurantId=66107,bangalore,Bellandur,"Desserts, Ice Cream, Beverages",4.7,11K+,1,0,₹300 for two
748193,Brik Oven - Original Sourdough Pizzas,https://www.swiggy.com/dapi/menu/pl?restaurantId=748193,bangalore,Bellandur Sarjapur,Pizzas,4.1,1.6K+,1,0,₹800 for two
742509,The Pizza Bakery - Wood Fired Sourdough,https://www.swiggy.com/dapi/menu/pl?restaurantId=742509,bangalore,Bellandur Sarjapur,"Pizzas, Italian, Pastas, Salads, Desserts, Continental",4.5,4.3K+,1,0,₹700 for two
352801,Grameen Kulfi,https://www.swiggy.com/dapi/menu/pl?restaurantId=352801,bangalore,Bellandur,"Ice Cream, Desserts",4.8,1.8K+,1,0,₹120 for two
381864,ITC Sunfeast Baked Creations,https://www.swiggy.com/dapi/menu/pl?restaurantId=381864,bangalore,Sarjapur,"bakery, dessert, Cakes & Pastries, Sweets",4.5,3.2K+,1,0,₹600 for two
546546,SMOOR,https://www.swiggy.com/dapi/menu/pl?restaurantId=546546,bangalore,Sarjapur Road,"Desserts, Bakery",4.6,3.4K+,1,0,₹350 for two
334103,Cold Stone Creamery,https://www.swiggy.com/dapi/menu/pl?restaurantId=334103,bangalore,Sarjapur,"Ice Cream, Desserts, Beverages",4.3,2.0K+,1,0,₹200 for two
412286,Asia Kitchen By Mainland China,https://www.swiggy.com/dapi/menu/pl?restaurantId=412286,bangalore,Sarjapur Road,"Asian, Chinese, Oriental",4.5,1.1K+,1,0,₹850 for two
412289,Oh! Calcutta,https://www.swiggy.com/dapi/menu/pl?restaurantId=412289,bangalore,Sarjapur Road,"Bengali, Indian",4.5,3.1K+,1,0,₹800 for two
703811,GLOBO Ice Creams Of The World,https://www.swiggy.com/dapi/menu/pl?restaurantId=703811,bangalore,Carmelaram,"Ice Cream, Desserts, Bakery",4.6,78,1,0,₹150 for two
412287,Haka,https://www.swiggy.com/dapi/menu/pl?restaurantId=412287,bangalore,Sarjapur Road,"Chinese, Asian, Seafood",4.4,3.3K+,1,0,₹350 for two
649407,McDonald's,https://www.swiggy.com/dapi/menu/pl?restaurantId=649407,bangalore,Sarjapur-Marathahalli Road,"Burgers, Beverages, Cafe, Desserts",4.4,8.9K+,1,0,₹400 for two
1012104,Pizza Hut,https://www.swiggy.com/dapi/menu/pl?restaurantId=1012104,bangalore,Devarabisanahalli,Pizzas,4,218,1,0,₹350 for two
1087170,Mealy - Your Everyday Meal,https://www.swiggy.com/dapi/menu/pl?restaurantId=1087170,bangalore,Marathahalli,"North Indian, Street Food, Beverages",4,56,1,0,₹200 for two
72821,Burger King,https://www.swiggy.com/dapi/menu/pl?restaurantId=72821,bangalore,Kaikondrahalli,"Burgers, American",4.1,55K+,1,0,₹350 for two
883735,California Burrito,https://www.swiggy.com/dapi/menu/pl?restaurantId=883735,bangalore,Bellandur Sarjapur,American,4.6,5.7K+,1,0,₹250 for two
551489,Bakingo,https://www.swiggy.com/dapi/menu/pl?restaurantId=551489,bangalore,Panathur main road,"Bakery, Desserts, Beverages, Snacks",4.6,6.3K+,1,0,₹299 for two
689634,Domino's Pizza,https://www.swiggy.com/dapi/menu/pl?restaurantId=689634,bangalore,Janatha Colony,"Pizzas, Italian, Pastas, Desserts",4.3,1.8K+,1,0,₹400 for two
50922,Shri Vishnu Grand,https://www.swiggy.com/dapi/menu/pl?restaurantId=50922,bangalore,Kadubeesanahalli,"South Indian, Chinese, North Indian, Desserts",4.3,40K+,1,0,₹300 for two
1077372,Poha On Wheels,https://www.swiggy.com/dapi/menu/pl?restaurantId=1077372,bangalore,Bellandur Sarjapur,North Indian,4.5,173,1,0,₹200 for two
10578,Pizza Hut,https://www.swiggy.com/dapi/menu/pl?restaurantId=10578,bangalore,Jayanagar,Pizzas,4.1,13K+,1,0,₹300 for two
334476,KFC,https://www.swiggy.com/dapi/menu/pl?restaurantId=334476,bangalore,Jayanagar,"Burgers, Fast Food, Rolls & Wraps",4,8.6K+,1,0,₹400 for two
237664,McDonald's,https://www.swiggy.com/dapi/menu/pl?restaurantId=237664,bangalore,Jayanagar,"Burgers, Beverages, Cafe, Desserts",4.4,4.5K+,1,0,₹400 for two
5936,Burger King,https://www.swiggy.com/dapi/menu/pl?restaurantId=5936,bangalore,Jayanagar,"Burgers, American",4.3,67K+,1,0,₹350 for two
23800,Domino's Pizza,https://www.swiggy.com/dapi/menu/pl?restaurantId=23800,bangalore,Jayanagar,"Pizzas, Italian, Pastas, Desserts",4.6,24K+,1,0,₹400 for two
437065,Theobroma,https://www.swiggy.com/dapi/menu/pl?restaurantId=437065,bangalore,Jayanagar,"Desserts, Bakery, Beverages",4.6,9.6K+,1,0,₹400 for two
590119,Bakingo,https://www.swiggy.com/dapi/menu/pl?restaurantId=590119,bangalore,BTM Layout,"Bakery, Desserts, Beverages, Snacks",4.6,11K+,1,0,₹299 for two
5271,Subway,https://www.swiggy.com/dapi/menu/pl?restaurantId=5271,bangalore,Jayanagar,"sandwich, Salads, wrap, Healthy Food",4.3,24K+,1,0,₹350 for two
70253,Starbucks Coffee,https://www.swiggy.com/dapi/menu/pl?restaurantId=70253,bangalore,Jayanagar,"Beverages, Cafe, Snacks, Desserts, Bakery, Ice Cream",4.4,6.1K+,1,0,₹400 for two
597395,Taco Bell,https://www.swiggy.com/dapi/menu/pl?restaurantId=597395,bangalore,Jayanagar,"Mexican, Fast Food, Snacks",4.3,4.3K+,1,0,₹300 for two
78975,Samosa Party,https://www.swiggy.com/dapi/menu/pl?restaurantId=78975,bangalore,Arekere,"Fast Food, Snacks, Beverages, Chaat, North Indian, Street Food, Sweets, Desserts, Punjabi, Bakery",4.4,29K+,1,0,₹100 for two
709587,Amadora Gourmet Ice Cream,https://www.swiggy.com/dapi/menu/pl?restaurantId=709587,bangalore,Jayanagar,"Ice Cream, Bakery",4.7,981,1,0,₹500 for two
399138,Aubree,https://www.swiggy.com/dapi/menu/pl?restaurantId=399138,bangalore,Jayanagar,"Bakery, Italian, Snacks, Desserts",4.6,3.8K+,1,0,₹700 for two
434304,Paris Panini - Gourmet Sandwiches & Wraps,https://www.swiggy.com/dapi/menu/pl?restaurantId=434304,bangalore,Jayanagar,"sandwich, wrap, Fast Food, Pastas, Italian, Salads, Healthy Food, Desserts, Continental",4.6,12K+,1,0,₹500 for two
751252,Blue Tokai Coffee Roasters,https://www.swiggy.com/dapi/menu/pl?restaurantId=751252,bangalore,Jayanagar,"Cafe, Coffee, Beverages",4.5,628,1,0,₹600 for two
290339,Lo!  Low Carb And Keto Foods,https://www.swiggy.com/dapi/menu/pl?restaurantId=290339,bangalore,Arekere,"Healthy Food, Keto, North Indian, Continental",4.4,5.5K+,1,0,₹150 for two
49704,California Burrito,https://www.swiggy.com/dapi/menu/pl?restaurantId=49704,bangalore,Jayanagar,"Mexican, American, Salads, Continental, Keto, Healthy Food, Beverages, Snacks, Desserts, Fast Food",4.6,30K+,1,0,₹250 for two
488779,Chaayos Chai+Snacks=Relax,https://www.swiggy.com/dapi/menu/pl?restaurantId=488779,bangalore,Jayanagar,"Bakery, Beverages, Chaat, Desserts, Home Food, Italian, Maharashtrian, Snacks, Street Food, Sweets",4.5,2.1K+,1,0,₹250 for two
439634,Madno - House of Sundaes and Waffles,https://www.swiggy.com/dapi/menu/pl?restaurantId=439634,bangalore,JP Nagar,"Ice Cream, Desserts, Waffle",4.1,537,1,0,₹250 for two
688360,Go Zero Ice Creams & Desserts,https://www.swiggy.com/dapi/menu/pl?restaurantId=688360,bangalore,Arekere,"Ice Cream, Desserts, Healthy Food",4.5,282,1,0,₹150 for two
1016797,Pizza Hut,https://www.swiggy.com/dapi/menu/pl?restaurantId=1016797,bangalore,Jayanagar,Pizzas,4.3,224,1,0,₹350 for two
1098406,Mealy - Your Everyday Meal,https://www.swiggy.com/dapi/menu/pl?restaurantId=1098406,bangalore,BTM,"Beverages, Street Food, North Indian",4,32,1,0,₹200 for two
334476,KFC,https://www.swiggy.com/dapi/menu/pl?restaurantId=334476,bangalore,Jayanagar,"Burgers, Fast Food, Rolls & Wraps",4,8.6K+,1,0,₹400 for two
237664,McDonald's,https://www.swiggy.com/dapi/menu/pl?restaurantId=237664,bangalore,Jayanagar,"Burgers, Beverages, Cafe, Desserts",4.4,4.5K+,1,0,₹400 for two
23800,Domino's Pizza,https://www.swiggy.com/dapi/menu/pl?restaurantId=23800,bangalore,Jayanagar,"Pizzas, Italian, Pastas, Desserts",4.6,24K+,1,0,₹400 for two
991066,Gwalia Sweets & Restaurant,https://www.swiggy.com/dapi/menu/pl?restaurantId=991066,bangalore,Jayanagar,"Thalis, North Indian, Chaat, Fast Food, Sweets, Beverages",4.3,823,1,0,₹250 for two
352821,Wow! Momo,https://www.swiggy.com/dapi/menu/pl?restaurantId=352821,bangalore,BTM Layout,"Momos, Chinese, fastfood, Asian, Beverages",4.1,1.9K+,1,0,₹300 for two
1195078,Laban Story,https://www.swiggy.com/dapi/menu/pl?restaurantId=1195078,bangalore,BTM,Desserts,4.2,313,1,0,₹400 for two
10578,Pizza Hut,https://www.swiggy.com/dapi/menu/pl?restaurantId=10578,bangalore,Jayanagar,Pizzas,4.1,13K+,1,0,₹300 for two
334476,KFC,https://www.swiggy.com/dapi/menu/pl?restaurantId=334476,bangalore,Jayanagar,"Burgers, Fast Food, Rolls & Wraps",4,8.6K+,1,0,₹400 for two
237664,McDonald's,https://www.swiggy.com/dapi/menu/pl?restaurantId=237664,bangalore,Jayanagar,"Burgers, Beverages, Cafe, Desserts",4.4,4.5K+,1,0,₹400 for two
5936,Burger King,https://www.swiggy.com/dapi/menu/pl?restaurantId=5936,bangalore,Jayanagar,"Burgers, American",4.3,67K+,1,0,₹350 for two
23800,Domino's Pizza,https://www.swiggy.com/dapi/menu/pl?restaurantId=23800,bangalore,Jayanagar,"Pizzas, Italian, Pastas, Desserts",4.6,24K+,1,0,₹400 for two
437065,Theobroma,https://www.swiggy.com/dapi/menu/pl?restaurantId=437065,bangalore,Jayanagar,"Desserts, Bakery, Beverages",4.6,9.6K+,1,0,₹400 for two
590119,Bakingo,https://www.swiggy.com/dapi/menu/pl?restaurantId=590119,bangalore,BTM Layout,"Bakery, Desserts, Beverages, Snacks",4.6,11K+,1,0,₹299 for two
5271,Subway,https://www.swiggy.com/dapi/menu/pl?restaurantId=5271,bangalore,Jayanagar,"sandwich, Salads, wrap, Healthy Food",4.3,24K+,1,0,₹350 for two
70253,Starbucks Coffee,https://www.swiggy.com/dapi/menu/pl?restaurantId=70253,bangalore,Jayanagar,"Beverages, Cafe, Snacks, Desserts, Bakery, Ice Cream",4.4,6.1K+,1,0,₹400 for two
597395,Taco Bell,https://www.swiggy.com/dapi/menu/pl?restaurantId=597395,bangalore,Jayanagar,"Mexican, Fast Food, Snacks",4.3,4.3K+,1,0,₹300 for two
78975,Samosa Party,https://www.swiggy.com/dapi/menu/pl?restaurantId=78975,bangalore,Arekere,"Fast Food, Snacks, Beverages, Chaat, North Indian, Street Food, Sweets, Desserts, Punjabi, Bakery",4.4,29K+,1,0,₹100 for two
709587,Amadora Gourmet Ice Cream,https://www.swiggy.com/dapi/menu/pl?restaurantId=709587,bangalore,Jayanagar,"Ice Cream, Bakery",4.7,981,1,0,₹500 for two
399138,Aubree,https://www.swiggy.com/dapi/menu/pl?restaurantId=399138,bangalore,Jayanagar,"Bakery, Italian, Snacks, Desserts",4.6,3.8K+,1,0,₹700 for two
434304,Paris Panini - Gourmet Sandwiches & Wraps,https://www.swiggy.com/dapi/menu/pl?restaurantId=434304,bangalore,Jayanagar,"sandwich, wrap, Fast Food, Pastas, Italian, Salads, Healthy Food, Desserts, Continental",4.6,12K+,1,0,₹500 for two
751252,Blue Tokai Coffee Roasters,https://www.swiggy.com/dapi/menu/pl?restaurantId=751252,bangalore,Jayanagar,"Cafe, Coffee, Beverages",4.5,628,1,0,₹600 for two
290339,Lo!  Low Carb And Keto Foods,https://www.swiggy.com/dapi/menu/pl?restaurantId=290339,bangalore,Arekere,"Healthy Food, Keto, North Indian, Continental",4.4,5.5K+,1,0,₹150 for two
49704,California Burrito,https://www.swiggy.com/dapi/menu/pl?restaurantId=49704,bangalore,Jayanagar,"Mexican, American, Salads, Continental, Keto, Healthy Food, Beverages, Snacks, Desserts, Fast Food",4.6,30K+,1,0,₹250 for two
488779,Chaayos Chai+Snacks=Relax,https://www.swiggy.com/dapi/menu/pl?restaurantId=488779,bangalore,Jayanagar,"Bakery, Beverages, Chaat, Desserts, Home Food, Italian, Maharashtrian, Snacks, Street Food, Sweets",4.5,2.1K+,1,0,₹250 for two
439634,Madno - House of Sundaes and Waffles,https://www.swiggy.com/dapi/menu/pl?restaurantId=439634,bangalore,JP Nagar,"Ice Cream, Desserts, Waffle",4.1,537,1,0,₹250 for two
688360,Go Zero Ice Creams & Desserts,https://www.swiggy.com/dapi/menu/pl?restaurantId=688360,bangalore,Arekere,"Ice Cream, Desserts, Healthy Food",4.5,282,1,0,₹150 for two
1016797,Pizza Hut,https://www.swiggy.com/dapi/menu/pl?restaurantId=1016797,bangalore,Jayanagar,Pizzas,4.3,224,1,0,₹350 for two
1098406,Mealy - Your Everyday Meal,https://www.swiggy.com/dapi/menu/pl?restaurantId=1098406,bangalore,BTM,"Beverages, Street Food, North Indian",4,32,1,0,₹200 for two
334476,KFC,https://www.swiggy.com/dapi/menu/pl?restaurantId=334476,bangalore,Jayanagar,"Burgers, Fast Food, Rolls & Wraps",4,8.6K+,1,0,₹400 for two
237664,McDonald's,https://www.swiggy.com/dapi/menu/pl?restaurantId=237664,bangalore,Jayanagar,"Burgers, Beverages, Cafe, Desserts",4.4,4.5K+,1,0,₹400 for two
5936,Burger King,https://www.swiggy.com/dapi/menu/pl?restaurantId=5936,bangalore,Jayanagar,"Burgers, American",4.3,67K+,1,0,₹350 for two
23800,Domino's Pizza,https://www.swiggy.com/dapi/menu/pl?restaurantId=23800,bangalore,Jayanagar,"Pizzas, Italian, Pastas, Desserts",4.6,24K+,1,0,₹400 for two
590119,Bakingo,https://www.swiggy.com/dapi/menu/pl?restaurantId=590119,bangalore,BTM Layout,"Bakery, Desserts, Beverages, Snacks",4.6,11K+,1,0,₹299 for two
991066,Gwalia Sweets & Restaurant,https://www.swiggy.com/dapi/menu/pl?restaurantId=991066,bangalore,Jayanagar,"Thalis, North Indian, Chaat, Fast Food, Sweets, Beverages",4.3,823,1,0,₹250 for two
407254,Pizza Hut,https://www.swiggy.com/dapi/menu/pl?restaurantId=407254,bangalore,KR Puram,Pizzas,4.2,5.3K+,1,0,₹300 for two
863334,Domino's Pizza,https://www.swiggy.com/dapi/menu/pl?restaurantId=863334,bangalore,Kithaganoor,"Pizzas, Italian, Pastas, Desserts",4.3,1.9K+,1,0,₹400 for two
573392,Burger King,https://www.swiggy.com/dapi/menu/pl?restaurantId=573392,bangalore,Ramamurthy nagar,American,4.2,13K+,1,0,₹350 for two
458209,KFC,https://www.swiggy.com/dapi/menu/pl?restaurantId=458209,bangalore,KR Puram,"Burgers, Fast Food, Rolls & Wraps",4.1,7.6K+,1,0,₹400 for two
405736,Chinese Wok,https://www.swiggy.com/dapi/menu/pl?restaurantId=405736,bangalore,KR Puram,"Chinese, Asian, Tibetan, Desserts",4.2,5.0K+,1,0,₹250 for two
756059,Taco Bell,https://www.swiggy.com/dapi/menu/pl?restaurantId=756059,bangalore,KR Puram,"Mexican, Fast Food, Snacks",4.3,2.5K+,1,0,₹300 for two
417931,The Dessert Zone,https://www.swiggy.com/dapi/menu/pl?restaurantId=417931,bangalore,Rammurthy Nagar,"Bakery, Desserts, Ice Cream, Beverages, Cakes",3.8,317,1,0,₹200 for two
610985,Madno - House of Sundaes and Waffles,https://www.swiggy.com/dapi/menu/pl?restaurantId=610985,bangalore,Mahadevpura,"Ice Cream, Desserts, Waffle",3.8,311,1,0,₹250 for two
713971,Subway,https://www.swiggy.com/dapi/menu/pl?restaurantId=713971,bangalore,TC Palya BNG,"sandwich, Salads, wrap, Healthy Food",4.2,3.4K+,1,0,₹350 for two
178711,Paradise Biryani,https://www.swiggy.com/dapi/menu/pl?restaurantId=178711,bangalore,KR Puram,"Biryani, Kebabs, North Indian, Hyderabadi",4.1,14K+,1,0,₹400 for two
681563,LeanCrust Pizza- ThinCrust Experts,https://www.swiggy.com/dapi/menu/pl?restaurantId=681563,bangalore,Battarahalli,"Pizzas, Italian, Desserts",4.5,943,1,0,₹300 for two
419348,Kaati Zone Rolls & Wraps,https://www.swiggy.com/dapi/menu/pl?restaurantId=419348,bangalore,Rammurthy Nagar,"Fast Food, Bengali, Beverages, Desserts, Rolls",3.2,516,1,0,₹150 for two
419341,Cupcake Bliss Cake & Desserts,https://www.swiggy.com/dapi/menu/pl?restaurantId=419341,bangalore,Rammurthy Nagar,"Bakery, Desserts, Ice Cream, Beverages, Cakes",4,255,1,0,₹200 for two
419336,Indiana Burgers,https://www.swiggy.com/dapi/menu/pl?restaurantId=419336,bangalore,Ramamurthy nagar,"Burgers, American, Fast Food, Beverages, Desserts",3.4,411,1,0,₹150 for two
459407,Momo Zone - The Momo Company,https://www.swiggy.com/dapi/menu/pl?restaurantId=459407,bangalore,KR Puram,"Chinese, Tibetan, Fast Food, Momos",3.8,430,1,0,₹150 for two
575018,Veg Darbar by Behrouz Biryani,https://www.swiggy.com/dapi/menu/pl?restaurantId=575018,bangalore,Battarahalli,"Biryani, North Indian, Kebabs, Mughlai, Lucknowi, Hyderabadi, Desserts, Beverages",3.8,90,1,0,₹700 for two
762833,Popeyes,https://www.swiggy.com/dapi/menu/pl?restaurantId=762833,bangalore,T C Palya,"Burgers, Fast Food, Rolls & Wraps",4.3,2.8K+,1,0,₹350 for two
409494,Mealful Rolls - India's Biggest Rolls,https://www.swiggy.com/dapi/menu/pl?restaurantId=409494,bangalore,KR Puram,"Fast Food, Snacks, North Indian, Desserts",4.4,234,1,0,₹250 for two
820060,Go Zero Ice Creams & Desserts,https://www.swiggy.com/dapi/menu/pl?restaurantId=820060,bangalore,Anandpura,"Ice Cream, Desserts, Healthy Food",4.3,168,1,0,₹150 for two
740473,Hola Pasta - Fresh Gourmet Pasta,https://www.swiggy.com/dapi/menu/pl?restaurantId=740473,bangalore,Battarahalli,"Pastas, Italian, Desserts, Beverages",4.3,182,1,0,₹250 for two
407254,Pizza Hut,https://www.swiggy.com/dapi/menu/pl?restaurantId=407254,bangalore,KR Puram,Pizzas,4.2,5.3K+,1,0,₹300 for two
1118911,Mealy - Your Everyday Meal,https://www.swiggy.com/dapi/menu/pl?restaurantId=1118911,bangalore,Battarahalli,"Street Food, North Indian, Beverages",3.7,25,1,0,₹200 for two
573392,Burger King,https://www.swiggy.com/dapi/menu/pl?restaurantId=573392,bangalore,Ramamurthy nagar,American,4.2,13K+,1,0,₹350 for two
863334,Domino's Pizza,https://www.swiggy.com/dapi/menu/pl?restaurantId=863334,bangalore,Kithaganoor,"Pizzas, Italian, Pastas, Desserts",4.3,1.9K+,1,0,₹400 for two
458209,KFC,https://www.swiggy.com/dapi/menu/pl?restaurantId=458209,bangalore,KR Puram,"Burgers, Fast Food, Rolls & Wraps",4.1,7.6K+,1,0,₹400 for two
1318341,Theobroma,https://www.swiggy.com/dapi/menu/pl?restaurantId=1318341,bangalore,TC Palya-Bangalore,"Bakery, Desserts, Beverages",4.3,141,1,0,₹300 for two
713971,Subway,https://www.swiggy.com/dapi/menu/pl?restaurantId=713971,bangalore,TC Palya BNG,"sandwich, Salads, wrap, Healthy Food",4.2,3.4K+,1,0,₹350 for two
901117,Starbucks Coffee,https://www.swiggy.com/dapi/menu/pl?restaurantId=901117,bangalore,KR Puram,"Beverages, Cafe, Snacks, Desserts, Bakery, Ice Cream",4.5,272,1,0,₹400 for two
407254,Pizza Hut,https://www.swiggy.com/dapi/menu/pl?restaurantId=407254,bangalore,KR Puram,Pizzas,4.2,5.3K+,1,0,₹300 for two
863334,Domino's Pizza,https://www.swiggy.com/dapi/menu/pl?restaurantId=863334,bangalore,Kithaganoor,"Pizzas, Italian, Pastas, Desserts",4.3,1.9K+,1,0,₹400 for two
573392,Burger King,https://www.swiggy.com/dapi/menu/pl?restaurantId=573392,bangalore,Ramamurthy nagar,American,4.2,13K+,1,0,₹350 for two
458209,KFC,https://www.swiggy.com/dapi/menu/pl?restaurantId=458209,bangalore,KR Puram,"Burgers, Fast Food, Rolls & Wraps",4.1,7.6K+,1,0,₹400 for two
405736,Chinese Wok,https://www.swiggy.com/dapi/menu/pl?restaurantId=405736,bangalore,KR Puram,"Chinese, Asian, Tibetan, Desserts",4.2,5.0K+,1,0,₹250 for two
756059,Taco Bell,https://www.swiggy.com/dapi/menu/pl?restaurantId=756059,bangalore,KR Puram,"Mexican, Fast Food, Snacks",4.3,2.5K+,1,0,₹300 for two
417931,The Dessert Zone,https://www.swiggy.com/dapi/menu/pl?restaurantId=417931,bangalore,Rammurthy Nagar,"Bakery, Desserts, Ice Cream, Beverages, Cakes",3.8,317,1,0,₹200 for two
610985,Madno - House of Sundaes and Waffles,https://www.swiggy.com/dapi/menu/pl?restaurantId=610985,bangalore,Mahadevpura,"Ice Cream, Desserts, Waffle",3.8,311,1,0,₹250 for two
713971,Subway,https://www.swiggy.com/dapi/menu/pl?restaurantId=713971,bangalore,TC Palya BNG,"sandwich, Salads, wrap, Healthy Food",4.2,3.4K+,1,0,₹350 for two
178711,Paradise Biryani,https://www.swiggy.com/dapi/menu/pl?restaurantId=178711,bangalore,KR Puram,"Biryani, Kebabs, North Indian, Hyderabadi",4.1,14K+,1,0,₹400 for two
681563,LeanCrust Pizza- ThinCrust Experts,https://www.swiggy.com/dapi/menu/pl?restaurantId=681563,bangalore,Battarahalli,"Pizzas, Italian, Desserts",4.5,943,1,0,₹300 for two
419348,Kaati Zone Rolls & Wraps,https://www.swiggy.com/dapi/menu/pl?restaurantId=419348,bangalore,Rammurthy Nagar,"Fast Food, Bengali, Beverages, Desserts, Rolls",3.2,516,1,0,₹150 for two
419341,Cupcake Bliss Cake & Desserts,https://www.swiggy.com/dapi/menu/pl?restaurantId=419341,bangalore,Rammurthy Nagar,"Bakery, Desserts, Ice Cream, Beverages, Cakes",4,255,1,0,₹200 for two
419336,Indiana Burgers,https://www.swiggy.com/dapi/menu/pl?restaurantId=419336,bangalore,Ramamurthy nagar,"Burgers, American, Fast Food, Beverages, Desserts",3.4,411,1,0,₹150 for two
459407,Momo Zone - The Momo Company,https://www.swiggy.com/dapi/menu/pl?restaurantId=459407,bangalore,KR Puram,"Chinese, Tibetan, Fast Food, Momos",3.8,430,1,0,₹150 for two
575018,Veg Darbar by Behrouz Biryani,https://www.swiggy.com/dapi/menu/pl?restaurantId=575018,bangalore,Battarahalli,"Biryani, North Indian, Kebabs, Mughlai, Lucknowi, Hyderabadi, Desserts, Beverages",3.8,90,1,0,₹700 for two
762833,Popeyes,https://www.swiggy.com/dapi/menu/pl?restaurantId=762833,bangalore,T C Palya,"Burgers, Fast Food, Rolls & Wraps",4.3,2.8K+,1,0,₹350 for two
409494,Mealful Rolls - India's Biggest Rolls,https://www.swiggy.com/dapi/menu/pl?restaurantId=409494,bangalore,KR Puram,"Fast Food, Snacks, North Indian, Desserts",4.4,234,1,0,₹250 for two
820060,Go Zero Ice Creams & Desserts,https://www.swiggy.com/dapi/menu/pl?restaurantId=820060,bangalore,Anandpura,"Ice Cream, Desserts, Healthy Food",4.3,168,1,0,₹150 for two
740473,Hola Pasta - Fresh Gourmet Pasta,https://www.swiggy.com/dapi/menu/pl?restaurantId=740473,bangalore,Battarahalli,"Pastas, Italian, Desserts, Beverages",4.3,182,1,0,₹250 for two
407254,Pizza Hut,https://www.swiggy.com/dapi/menu/pl?restaurantId=407254,bangalore,KR Puram,Pizzas,4.2,5.3K+,1,0,₹300 for two
1118911,Mealy - Your Everyday Meal,https://www.swiggy.com/dapi/menu/pl?restaurantId=1118911,bangalore,Battarahalli,"Street Food, North Indian, Beverages",3.7,25,1,0,₹200 for two
573392,Burger King,https://www.swiggy.com/dapi/menu/pl?restaurantId=573392,bangalore,Ramamurthy nagar,American,4.2,13K+,1,0,₹350 for two
863334,Domino's Pizza,https://www.swiggy.com/dapi/menu/pl?restaurantId=863334,bangalore,Kithaganoor,"Pizzas, Italian, Pastas, Desserts",4.3,1.9K+,1,0,₹400 for two
458209,KFC,https://www.swiggy.com/dapi/menu/pl?restaurantId=458209,bangalore,KR Puram,"Burgers, Fast Food, Rolls & Wraps",4.1,7.6K+,1,0,₹400 for two
1318341,Theobroma,https://www.swiggy.com/dapi/menu/pl?restaurantId=1318341,bangalore,TC Palya-Bangalore,"Bakery, Desserts, Beverages",4.3,141,1,0,₹300 for two
713971,Subway,https://www.swiggy.com/dapi/menu/pl?restaurantId=713971,bangalore,TC Palya BNG,"sandwich, Salads, wrap, Healthy Food",4.2,3.4K+,1,0,₹350 for two
901117,Starbucks Coffee,https://www.swiggy.com/dapi/menu/pl?restaurantId=901117,bangalore,KR Puram,"Beverages, Cafe, Snacks, Desserts, Bakery, Ice Cream",4.5,272,1,0,₹400 for two
92283,McDonald's,https://www.swiggy.com/dapi/menu/pl?restaurantId=92283,bangalore,Malleshwaram,"Burgers, Beverages, Cafe, Desserts",4.5,8.4K+,1,0,₹400 for two
30955,KFC,https://www.swiggy.com/dapi/menu/pl?restaurantId=30955,bangalore,Malleshwaram,"Burgers, Fast Food, Rolls & Wraps",4.2,12K+,1,0,₹400 for two
5932,Burger King,https://www.swiggy.com/dapi/menu/pl?restaurantId=5932,bangalore,Malleshwaram,"Burgers, American",4.3,32K+,1,0,₹350 for two
570511,Bakingo,https://www.swiggy.com/dapi/menu/pl?restaurantId=570511,bangalore,Vasanth Nagar,"Bakery, Desserts, Beverages, Snacks",4.7,5.8K+,1,0,₹299 for two
23797,Domino's Pizza,https://www.swiggy.com/dapi/menu/pl?restaurantId=23797,bangalore,Malleshwaram,"Pizzas, Italian, Pastas, Desserts",4.4,26K+,1,0,₹400 for two
405798,Chinese Wok,https://www.swiggy.com/dapi/menu/pl?restaurantId=405798,bangalore,Malleshwaram,"Chinese, Asian, Tibetan, Desserts",4.4,2.2K+,1,0,₹250 for two
261785,Go Native,https://www.swiggy.com/dapi/menu/pl?restaurantId=261785,bangalore,Sadashiva Nagar," Healthy Food, pizza, briyani",4.5,2.4K+,1,0,₹600 for two
491104,Theobroma,https://www.swiggy.com/dapi/menu/pl?restaurantId=491104,bangalore,Rajajinagar,"Bakery, Desserts, Beverages",4.4,2.5K+,1,0,₹400 for two
30083,California Burrito,https://www.swiggy.com/dapi/menu/pl?restaurantId=30083,bangalore,sadashiva nagar ,"Mexican, American, Salads, Continental, Keto, Healthy Food, Beverages, Snacks, Desserts, Fast Food",4.7,27K+,1,0,₹250 for two
350675,Samosa Party,https://www.swiggy.com/dapi/menu/pl?restaurantId=350675,bangalore,Rajajinagar,"Fast Food, Snacks, Beverages, Chaat, North Indian, Street Food, Sweets, Desserts, Punjabi, Bakery",4.5,6.2K+,1,0,₹150 for two
70251,Starbucks Coffee,https://www.swiggy.com/dapi/menu/pl?restaurantId=70251,bangalore,Sadashiva Nagar,"Beverages, Cafe, Snacks, Desserts, Bakery, Ice Cream",4.3,3.7K+,1,0,₹400 for two
57086,Priyadarshini Veg,https://www.swiggy.com/dapi/menu/pl?restaurantId=57086,bangalore,Yeshwantpur,"North Indian, South Indian, Chinese, Fast Food, Desserts",4.6,53K+,1,0,₹150 for two
622366,Labonel Fine Baking,https://www.swiggy.com/dapi/menu/pl?restaurantId=622366,bangalore,Malleshwaram,"Bakery, Desserts",4.8,243,1,0,₹1200 for two
591680,Paris Panini - Gourmet Sandwiches & Wraps,https://www.swiggy.com/dapi/menu/pl?restaurantId=591680,bangalore,Basaveshwara Nagar,"sandwich, wrap, Fast Food, Pastas, Italian, Salads, Healthy Food, Desserts, Continental",4.6,5.4K+,1,0,₹500 for two
231188,Taco Bell,https://www.swiggy.com/dapi/menu/pl?restaurantId=231188,bangalore,Malleshwaram,"Mexican, Fast Food, Snacks",4.5,5.7K+,1,0,₹300 for two
28001,Aubree,https://www.swiggy.com/dapi/menu/pl?restaurantId=28001,bangalore,Sadashiv Nagar,"Desserts, Bakery, Italian, Snacks",4.5,10K+,1,0,₹700 for two
80802,Third Wave Coffee,https://www.swiggy.com/dapi/menu/pl?restaurantId=80802,bangalore,Sadashiva Nagar,"Beverages, Bakery, Continental",4.4,4.9K+,1,0,₹400 for two
58571,Sweet Chariot,https://www.swiggy.com/dapi/menu/pl?restaurantId=58571,bangalore,Malleshwaram,Desserts,4.6,2.0K+,1,0,₹200 for two
237149,Lo!  Low Carb And Keto Foods,https://www.swiggy.com/dapi/menu/pl?restaurantId=237149,bangalore,"Sanjay Nagar, New BEL Road","Healthy Food, Keto, Continental",4.3,3.6K+,1,0,₹150 for two
3436,Nandhini Deluxe,https://www.swiggy.com/dapi/menu/pl?restaurantId=3436,bangalore,Seshadripuram,"North Indian, Chinese, Andhra, Biryani",4.4,28K+,1,0,₹500 for two
10591,Pizza Hut,https://www.swiggy.com/dapi/menu/pl?restaurantId=10591,bangalore,Malleshwaram,Pizzas,4.1,8.6K+,1,0,₹600 for two
30955,KFC,https://www.swiggy.com/dapi/menu/pl?restaurantId=30955,bangalore,Malleshwaram,"Burgers, Fast Food, Rolls & Wraps",4.2,12K+,1,0,₹400 for two
92283,McDonald's,https://www.swiggy.com/dapi/menu/pl?restaurantId=92283,bangalore,Malleshwaram,"Burgers, Beverages, Cafe, Desserts",4.5,8.4K+,1,0,₹400 for two
5932,Burger King,https://www.swiggy.com/dapi/menu/pl?restaurantId=5932,bangalore,Malleshwaram,"Burgers, American",4.3,32K+,1,0,₹350 for two
570511,Bakingo,https://www.swiggy.com/dapi/menu/pl?restaurantId=570511,bangalore,Vasanth Nagar,"Bakery, Desserts, Beverages, Snacks",4.7,5.8K+,1,0,₹299 for two
577803,ITC Aashirvaad Soul Creations,https://www.swiggy.com/dapi/menu/pl?restaurantId=577803,bangalore,"Sanjay Nagar, New BEL Road","Indian, pure veg, Healthy Food, Home Food, South Indian, North Indian, Sweets",4.6,3.9K+,1,0,₹500 for two
23797,Domino's Pizza,https://www.swiggy.com/dapi/menu/pl?restaurantId=23797,bangalore,Malleshwaram,"Pizzas, Italian, Pastas, Desserts",4.4,26K+,1,0,₹400 for two
350675,Samosa Party,https://www.swiggy.com/dapi/menu/pl?restaurantId=350675,bangalore,Rajajinagar,"Fast Food, Snacks, Beverages, Chaat, North Indian, Street Food, Sweets, Desserts, Punjabi, Bakery",4.5,6.2K+,1,0,₹150 for two
92283,McDonald's,https://www.swiggy.com/dapi/menu/pl?restaurantId=92283,bangalore,Malleshwaram,"Burgers, Beverages, Cafe, Desserts",4.5,8.4K+,1,0,₹400 for two
30955,KFC,https://www.swiggy.com/dapi/menu/pl?restaurantId=30955,bangalore,Malleshwaram,"Burgers, Fast Food, Rolls & Wraps",4.2,12K+,1,0,₹400 for two
5932,Burger King,https://www.swiggy.com/dapi/menu/pl?restaurantId=5932,bangalore,Malleshwaram,"Burgers, American",4.3,32K+,1,0,₹350 for two
570511,Bakingo,https://www.swiggy.com/dapi/menu/pl?restaurantId=570511,bangalore,Vasanth Nagar,"Bakery, Desserts, Beverages, Snacks",4.7,5.8K+,1,0,₹299 for two
23797,Domino's Pizza,https://www.swiggy.com/dapi/menu/pl?restaurantId=23797,bangalore,Malleshwaram,"Pizzas, Italian, Pastas, Desserts",4.4,26K+,1,0,₹400 for two
405798,Chinese Wok,https://www.swiggy.com/dapi/menu/pl?restaurantId=405798,bangalore,Malleshwaram,"Chinese, Asian, Tibetan, Desserts",4.4,2.2K+,1,0,₹250 for two
261785,Go Native,https://www.swiggy.com/dapi/menu/pl?restaurantId=261785,bangalore,Sadashiva Nagar," Healthy Food, pizza, briyani",4.5,2.4K+,1,0,₹600 for two
491104,Theobroma,https://www.swiggy.com/dapi/menu/pl?restaurantId=491104,bangalore,Rajajinagar,"Bakery, Desserts, Beverages",4.4,2.5K+,1,0,₹400 for two
30083,California Burrito,https://www.swiggy.com/dapi/menu/pl?restaurantId=30083,bangalore,sadashiva nagar ,"Mexican, American, Salads, Continental, Keto, Healthy Food, Beverages, Snacks, Desserts, Fast Food",4.7,27K+,1,0,₹250 for two
350675,Samosa Party,https://www.swiggy.com/dapi/menu/pl?restaurantId=350675,bangalore,Rajajinagar,"Fast Food, Snacks, Beverages, Chaat, North Indian, Street Food, Sweets, Desserts, Punjabi, Bakery",4.5,6.2K+,1,0,₹150 for two
70251,Starbucks Coffee,https://www.swiggy.com/dapi/menu/pl?restaurantId=70251,bangalore,Sadashiva Nagar,"Beverages, Cafe, Snacks, Desserts, Bakery, Ice Cream",4.3,3.7K+,1,0,₹400 for two
57086,Priyadarshini Veg,https://www.swiggy.com/dapi/menu/pl?restaurantId=57086,bangalore,Yeshwantpur,"North Indian, South Indian, Chinese, Fast Food, Desserts",4.6,53K+,1,0,₹150 for two
622366,Labonel Fine Baking,https://www.swiggy.com/dapi/menu/pl?restaurantId=622366,bangalore,Malleshwaram,"Bakery, Desserts",4.8,243,1,0,₹1200 for two
591680,Paris Panini - Gourmet Sandwiches & Wraps,https://www.swiggy.com/dapi/menu/pl?restaurantId=591680,bangalore,Basaveshwara Nagar,"sandwich, wrap, Fast Food, Pastas, Italian, Salads, Healthy Food, Desserts, Continental",4.6,5.4K+,1,0,₹500 for two
231188,Taco Bell,https://www.swiggy.com/dapi/menu/pl?restaurantId=231188,bangalore,Malleshwaram,"Mexican, Fast Food, Snacks",4.5,5.7K+,1,0,₹300 for two
28001,Aubree,https://www.swiggy.com/dapi/menu/pl?restaurantId=28001,bangalore,Sadashiv Nagar,"Desserts, Bakery, Italian, Snacks",4.5,10K+,1,0,₹700 for two
80802,Third Wave Coffee,https://www.swiggy.com/dapi/menu/pl?restaurantId=80802,bangalore,Sadashiva Nagar,"Beverages, Bakery, Continental",4.4,4.9K+,1,0,₹400 for two
58571,Sweet Chariot,https://www.swiggy.com/dapi/menu/pl?restaurantId=58571,bangalore,Malleshwaram,Desserts,4.6,2.0K+,1,0,₹200 for two
237149,Lo!  Low Carb And Keto Foods,https://www.swiggy.com/dapi/menu/pl?restaurantId=237149,bangalore,"Sanjay Nagar, New BEL Road","Healthy Food, Keto, Continental",4.3,3.6K+,1,0,₹150 for two
3436,Nandhini Deluxe,https://www.swiggy.com/dapi/menu/pl?restaurantId=3436,bangalore,Seshadripuram,"North Indian, Chinese, Andhra, Biryani",4.4,28K+,1,0,₹500 for two
10591,Pizza Hut,https://www.swiggy.com/dapi/menu/pl?restaurantId=10591,bangalore,Malleshwaram,Pizzas,4.1,8.6K+,1,0,₹600 for two
30955,KFC,https://www.swiggy.com/dapi/menu/pl?restaurantId=30955,bangalore,Malleshwaram,"Burgers, Fast Food, Rolls & Wraps",4.2,12K+,1,0,₹400 for two
5932,Burger King,https://www.swiggy.com/dapi/menu/pl?restaurantId=5932,bangalore,Malleshwaram,"Burgers, American",4.3,32K+,1,0,₹350 for two
570511,Bakingo,https://www.swiggy.com/dapi/menu/pl?restaurantId=570511,bangalore,Vasanth Nagar,"Bakery, Desserts, Beverages, Snacks",4.7,5.8K+,1,0,₹299 for two
577803,ITC Aashirvaad Soul Creations,https://www.swiggy.com/dapi/menu/pl?restaurantId=577803,bangalore,"Sanjay Nagar, New BEL Road","Indian, pure veg, Healthy Food, Home Food, South Indian, North Indian, Sweets",4.6,3.9K+,1,0,₹500 for two
23797,Domino's Pizza,https://www.swiggy.com/dapi/menu/pl?restaurantId=23797,bangalore,Malleshwaram,"Pizzas, Italian, Pastas, Desserts",4.4,26K+,1,0,₹400 for two
350675,Samosa Party,https://www.swiggy.com/dapi/menu/pl?restaurantId=350675,bangalore,Rajajinagar,"Fast Food, Snacks, Beverages, Chaat, North Indian, Street Food, Sweets, Desserts, Punjabi, Bakery",4.5,6.2K+,1,0,₹150 for two
405798,Chinese Wok,https://www.swiggy.com/dapi/menu/pl?restaurantId=405798,bangalore,Malleshwaram,"Chinese, Asian, Tibetan, Desserts",4.4,2.2K+,1,0,₹250 for two
407254,Pizza Hut,https://www.swiggy.com/dapi/menu/pl?restaurantId=407254,bangalore,KR Puram,Pizzas,4.2,5.3K+,1,0,₹300 for two
458209,KFC,https://www.swiggy.com/dapi/menu/pl?restaurantId=458209,bangalore,KR Puram,"Burgers, Fast Food, Rolls & Wraps",4.1,7.6K+,1,0,₹400 for two
573392,Burger King,https://www.swiggy.com/dapi/menu/pl?restaurantId=573392,bangalore,Ramamurthy nagar,American,4.2,13K+,1,0,₹350 for two
863334,Domino's Pizza,https://www.swiggy.com/dapi/menu/pl?restaurantId=863334,bangalore,Kithaganoor,"Pizzas, Italian, Pastas, Desserts",4.3,1.9K+,1,0,₹400 for two
756059,Taco Bell,https://www.swiggy.com/dapi/menu/pl?restaurantId=756059,bangalore,KR Puram,"Mexican, Fast Food, Snacks",4.3,2.5K+,1,0,₹300 for two
405736,Chinese Wok,https://www.swiggy.com/dapi/menu/pl?restaurantId=405736,bangalore,KR Puram,"Chinese, Asian, Tibetan, Desserts",4.2,5.0K+,1,0,₹250 for two
681563,LeanCrust Pizza- ThinCrust Experts,https://www.swiggy.com/dapi/menu/pl?restaurantId=681563,bangalore,Battarahalli,"Pizzas, Italian, Desserts",4.5,943,1,0,₹300 for two
338657,The Brooklyn Creamery - Ice Creams & Desserts,https://www.swiggy.com/dapi/menu/pl?restaurantId=338657,bangalore,Anandanagar,"Ice Cream, Desserts, Healthy Food",4.8,261,1,0,₹200 for two
575018,Veg Darbar by Behrouz Biryani,https://www.swiggy.com/dapi/menu/pl?restaurantId=575018,bangalore,Battarahalli,"Biryani, North Indian, Kebabs, Mughlai, Lucknowi, Hyderabadi, Desserts, Beverages",3.8,90,1,0,₹700 for two
409494,Mealful Rolls - India's Biggest Rolls,https://www.swiggy.com/dapi/menu/pl?restaurantId=409494,bangalore,KR Puram,"Fast Food, Snacks, North Indian, Desserts",4.4,234,1,0,₹250 for two
740473,Hola Pasta - Fresh Gourmet Pasta,https://www.swiggy.com/dapi/menu/pl?restaurantId=740473,bangalore,Battarahalli,"Pastas, Italian, Desserts, Beverages",4.3,182,1,0,₹250 for two
263696,Veg Meals By LunchBox,https://www.swiggy.com/dapi/menu/pl?restaurantId=263696,bangalore,Battarahalli,"Thalis, North Indian, Biryani, South Indian, Desserts, Beverages",3.8,259,1,0,₹200 for two
692179,BOOM - Sub Style Sandwiches,https://www.swiggy.com/dapi/menu/pl?restaurantId=692179,bangalore,Battarahalli,"Snacks, Indian, Desserts",4.3,209,1,0,₹250 for two
616226,"Bhatti Chicken - Grilled, NOT Fried!",https://www.swiggy.com/dapi/menu/pl?restaurantId=616226,bangalore,Battarahalli,"North Indian, Snacks, Fast Food, Tandoor",4.4,216,1,0,₹250 for two
801261,Makhani Darbar,https://www.swiggy.com/dapi/menu/pl?restaurantId=801261,bangalore,Subhash Nagar,"Kebabs, Mughlai, Beverages, Desserts",3.8,72,1,0,₹500 for two
762833,Popeyes,https://www.swiggy.com/dapi/menu/pl?restaurantId=762833,bangalore,T C Palya,"Burgers, Fast Food, Rolls & Wraps",4.3,2.8K+,1,0,₹350 for two
820060,Go Zero Ice Creams & Desserts,https://www.swiggy.com/dapi/menu/pl?restaurantId=820060,bangalore,Anandpura,"Ice Cream, Desserts, Healthy Food",4.3,168,1,0,₹150 for two
610985,Madno - House of Sundaes and Waffles,https://www.swiggy.com/dapi/menu/pl?restaurantId=610985,bangalore,Mahadevpura,"Ice Cream, Desserts, Waffle",3.8,311,1,0,₹250 for two
681313,GLOBO Ice Creams Of The World,https://www.swiggy.com/dapi/menu/pl?restaurantId=681313,bangalore,Battarahalli,"Ice Cream, Desserts, Bakery",4.7,61,1,0,₹150 for two
405892,The Momo Co.,https://www.swiggy.com/dapi/menu/pl?restaurantId=405892,bangalore,KR Puram,"Chinese, Asian, Tibetan, Desserts",3.9,380,1,0,₹250 for two
407254,Pizza Hut,https://www.swiggy.com/dapi/menu/pl?restaurantId=407254,bangalore,KR Puram,Pizzas,4.2,5.3K+,1,0,₹300 for two
1118911,Mealy - Your Everyday Meal,https://www.swiggy.com/dapi/menu/pl?restaurantId=1118911,bangalore,Battarahalli,"Street Food, North Indian, Beverages",3.7,25,1,0,₹200 for two
458209,KFC,https://www.swiggy.com/dapi/menu/pl?restaurantId=458209,bangalore,KR Puram,"Burgers, Fast Food, Rolls & Wraps",4.1,7.6K+,1,0,₹400 for two
573392,Burger King,https://www.swiggy.com/dapi/menu/pl?restaurantId=573392,bangalore,Ramamurthy nagar,American,4.2,13K+,1,0,₹350 for two
88200,McDonald's,https://www.swiggy.com/dapi/menu/pl?restaurantId=88200,bangalore,Whitefield,"Burgers, Beverages, Cafe, Desserts",4.3,16K+,1,0,₹400 for two
863334,Domino's Pizza,https://www.swiggy.com/dapi/menu/pl?restaurantId=863334,bangalore,Kithaganoor,"Pizzas, Italian, Pastas, Desserts",4.3,1.9K+,1,0,₹400 for two
1083025,Subway,https://www.swiggy.com/dapi/menu/pl?restaurantId=1083025,bangalore,OMR Battarahalli,"sandwich, Salads, wrap, Healthy Food",4.1,344,1,0,₹350 for two
461316,Samosa Party,https://www.swiggy.com/dapi/menu/pl?restaurantId=461316,bangalore,Old Madras Road,"Fast Food, Snacks, Beverages, Chaat, North Indian, Street Food, Sweets, Desserts, Punjabi, Bakery",4.4,3.6K+,1,0,₹150 for two
407254,Pizza Hut,https://www.swiggy.com/dapi/menu/pl?restaurantId=407254,bangalore,KR Puram,Pizzas,4.2,5.3K+,1,0,₹300 for two
458209,KFC,https://www.swiggy.com/dapi/menu/pl?restaurantId=458209,bangalore,KR Puram,"Burgers, Fast Food, Rolls & Wraps",4.1,7.6K+,1,0,₹400 for two
573392,Burger King,https://www.swiggy.com/dapi/menu/pl?restaurantId=573392,bangalore,Ramamurthy nagar,American,4.2,13K+,1,0,₹350 for two
863334,Domino's Pizza,https://www.swiggy.com/dapi/menu/pl?restaurantId=863334,bangalore,Kithaganoor,"Pizzas, Italian, Pastas, Desserts",4.3,1.9K+,1,0,₹400 for two
756059,Taco Bell,https://www.swiggy.com/dapi/menu/pl?restaurantId=756059,bangalore,KR Puram,"Mexican, Fast Food, Snacks",4.3,2.5K+,1,0,₹300 for two
405736,Chinese Wok,https://www.swiggy.com/dapi/menu/pl?restaurantId=405736,bangalore,KR Puram,"Chinese, Asian, Tibetan, Desserts",4.2,5.0K+,1,0,₹250 for two
681563,LeanCrust Pizza- ThinCrust Experts,https://www.swiggy.com/dapi/menu/pl?restaurantId=681563,bangalore,Battarahalli,"Pizzas, Italian, Desserts",4.5,943,1,0,₹300 for two
338657,The Brooklyn Creamery - Ice Creams & Desserts,https://www.swiggy.com/dapi/menu/pl?restaurantId=338657,bangalore,Anandanagar,"Ice Cream, Desserts, Healthy Food",4.8,261,1,0,₹200 for two
575018,Veg Darbar by Behrouz Biryani,https://www.swiggy.com/dapi/menu/pl?restaurantId=575018,bangalore,Battarahalli,"Biryani, North Indian, Kebabs, Mughlai, Lucknowi, Hyderabadi, Desserts, Beverages",3.8,90,1,0,₹700 for two
409494,Mealful Rolls - India's Biggest Rolls,https://www.swiggy.com/dapi/menu/pl?restaurantId=409494,bangalore,KR Puram,"Fast Food, Snacks, North Indian, Desserts",4.4,234,1,0,₹250 for two
740473,Hola Pasta - Fresh Gourmet Pasta,https://www.swiggy.com/dapi/menu/pl?restaurantId=740473,bangalore,Battarahalli,"Pastas, Italian, Desserts, Beverages",4.3,182,1,0,₹250 for two
263696,Veg Meals By LunchBox,https://www.swiggy.com/dapi/menu/pl?restaurantId=263696,bangalore,Battarahalli,"Thalis, North Indian, Biryani, South Indian, Desserts, Beverages",3.8,259,1,0,₹200 for two
692179,BOOM - Sub Style Sandwiches,https://www.swiggy.com/dapi/menu/pl?restaurantId=692179,bangalore,Battarahalli,"Snacks, Indian, Desserts",4.3,209,1,0,₹250 for two
616226,"Bhatti Chicken - Grilled, NOT Fried!",https://www.swiggy.com/dapi/menu/pl?restaurantId=616226,bangalore,Battarahalli,"North Indian, Snacks, Fast Food, Tandoor",4.4,216,1,0,₹250 for two
801261,Makhani Darbar,https://www.swiggy.com/dapi/menu/pl?restaurantId=801261,bangalore,Subhash Nagar,"Kebabs, Mughlai, Beverages, Desserts",3.8,72,1,0,₹500 for two
762833,Popeyes,https://www.swiggy.com/dapi/menu/pl?restaurantId=762833,bangalore,T C Palya,"Burgers, Fast Food, Rolls & Wraps",4.3,2.8K+,1,0,₹350 for two
820060,Go Zero Ice Creams & Desserts,https://www.swiggy.com/dapi/menu/pl?restaurantId=820060,bangalore,Anandpura,"Ice Cream, Desserts, Healthy Food",4.3,168,1,0,₹150 for two
610985,Madno - House of Sundaes and Waffles,https://www.swiggy.com/dapi/menu/pl?restaurantId=610985,bangalore,Mahadevpura,"Ice Cream, Desserts, Waffle",3.8,311,1,0,₹250 for two
681313,GLOBO Ice Creams Of The World,https://www.swiggy.com/dapi/menu/pl?restaurantId=681313,bangalore,Battarahalli,"Ice Cream, Desserts, Bakery",4.7,61,1,0,₹150 for two
405892,The Momo Co.,https://www.swiggy.com/dapi/menu/pl?restaurantId=405892,bangalore,KR Puram,"Chinese, Asian, Tibetan, Desserts",3.9,380,1,0,₹250 for two
407254,Pizza Hut,https://www.swiggy.com/dapi/menu/pl?restaurantId=407254,bangalore,KR Puram,Pizzas,4.2,5.3K+,1,0,₹300 for two
1118911,Mealy - Your Everyday Meal,https://www.swiggy.com/dapi/menu/pl?restaurantId=1118911,bangalore,Battarahalli,"Street Food, North Indian, Beverages",3.7,25,1,0,₹200 for two
458209,KFC,https://www.swiggy.com/dapi/menu/pl?restaurantId=458209,bangalore,KR Puram,"Burgers, Fast Food, Rolls & Wraps",4.1,7.6K+,1,0,₹400 for two
573392,Burger King,https://www.swiggy.com/dapi/menu/pl?restaurantId=573392,bangalore,Ramamurthy nagar,American,4.2,13K+,1,0,₹350 for two
863334,Domino's Pizza,https://www.swiggy.com/dapi/menu/pl?restaurantId=863334,bangalore,Kithaganoor,"Pizzas, Italian, Pastas, Desserts",4.3,1.9K+,1,0,₹400 for two
461316,Samosa Party,https://www.swiggy.com/dapi/menu/pl?restaurantId=461316,bangalore,Old Madras Road,"Fast Food, Snacks, Beverages, Chaat, North Indian, Street Food, Sweets, Desserts, Punjabi, Bakery",4.4,3.6K+,1,0,₹150 for two
955607,Udupi Gokula Cafe,https://www.swiggy.com/dapi/menu/pl?restaurantId=955607,bangalore,Battarahalli,"Chinese, South Indian, Beverages",4.6,4.8K+,1,0,₹200 for two
1039972,Bakingo,https://www.swiggy.com/dapi/menu/pl?restaurantId=1039972,bangalore,Kr Puram,"Bakery, Desserts, Beverages, Snacks",4.5,1.6K+,1,0,₹299 for two
93242,McDonald's,https://www.swiggy.com/dapi/menu/pl?restaurantId=93242,chennai,T. Nagar,"Burgers, Beverages, Cafe, Desserts",4.4,27K+,1,0,₹400 for two
17819,KFC,https://www.swiggy.com/dapi/menu/pl?restaurantId=17819,chennai,Thyagaraya Nagar,"Burgers, Fast Food, Rolls & Wraps",4.3,31K+,1,0,₹400 for two
24353,Domino's Pizza,https://www.swiggy.com/dapi/menu/pl?restaurantId=24353,chennai,T Nagar,"Pizzas, Italian, Pastas, Desserts",4.4,18K+,1,0,₹400 for two
56863,Subway,https://www.swiggy.com/dapi/menu/pl?restaurantId=56863,chennai,T. Nagar,"sandwich, Salads, wrap, Healthy Food",4.3,29K+,1,0,₹350 for two
320194,Lola's Pizzeria,https://www.swiggy.com/dapi/menu/pl?restaurantId=320194,chennai,Alwarpet,"Pizzas, Italian, Desserts",4.7,10K+,1,0,₹900 for two
10834,Basil With A Twist,https://www.swiggy.com/dapi/menu/pl?restaurantId=10834,chennai,Thyagaraya Nagar,"Italian, European",4.6,5.5K+,1,0,₹1500 for two
623724,Theobroma,https://www.swiggy.com/dapi/menu/pl?restaurantId=623724,chennai,Nungambakkam,"Bakery, Desserts",4.6,8.2K+,1,0,₹400 for two
78453,Salem RR Biriyani Unavagam,https://www.swiggy.com/dapi/menu/pl?restaurantId=78453,chennai,West Mambalam,"Biryani, Chettinad, Tandoor, Chinese",4.2,13K+,1,0,₹400 for two
230595,Wow! Momo,https://www.swiggy.com/dapi/menu/pl?restaurantId=230595,chennai,Anna Salai,"Momos, Chinese, fastfood, Asian, Beverages",4.3,6.2K+,1,0,₹300 for two
692553,The Brownie Studio,https://www.swiggy.com/dapi/menu/pl?restaurantId=692553,chennai,T. Nagar,"Bakery, Cakes, Desserts, Ice Cream, Sweets",4.6,2.0K+,1,0,₹800 for two
9357,Fruit Shop On Greams Road,https://www.swiggy.com/dapi/menu/pl?restaurantId=9357,chennai,T. Nagar,"Juices, Beverages, Desserts",4.7,17K+,1,0,₹150 for two
49809,Hot Breads,https://www.swiggy.com/dapi/menu/pl?restaurantId=49809,chennai,Thousand Lights,"Bakery, Desserts",4.7,2.7K+,1,0,₹150 for two
9373,Gangotree,https://www.swiggy.com/dapi/menu/pl?restaurantId=9373,chennai,Chennai,"Sweets, Chaat, Desserts, Street Food, Snacks",4.6,40K+,1,0,₹300 for two
582455,Cheesecakes By CakeZone,https://www.swiggy.com/dapi/menu/pl?restaurantId=582455,chennai,SUBBARAYAN NAGAR,"Desserts, Bakery",4.3,222,1,0,₹200 for two
501769,Cake Walk,https://www.swiggy.com/dapi/menu/pl?restaurantId=501769,chennai,Nungambakkam,"Cakes & Pastries, Cafe",4.7,1.2K+,1,0,₹500 for two
681655,LeanCrust Pizza- ThinCrust Experts,https://www.swiggy.com/dapi/menu/pl?restaurantId=681655,chennai,Nungambakkam,"Pizzas, Italian, Desserts",4.4,1.5K+,1,0,₹250 for two
454403,Chaayos Chai+Snacks=Relax,https://www.swiggy.com/dapi/menu/pl?restaurantId=454403,chennai,Kodambakkam,"Bakery, Beverages, Chaat, Desserts, Home Food, Italian, Maharashtrian, Snacks, Street Food, Sweets",4.6,4.6K+,1,0,₹250 for two
67596,"Faasos - Wraps, Rolls & Shawarma",https://www.swiggy.com/dapi/menu/pl?restaurantId=67596,chennai,Mylapore,"Kebabs, Fast Food, Snacks, American, Healthy Food, Desserts, Beverages",4.2,11K+,1,0,₹200 for two
242424,Paradise Biryani,https://www.swiggy.com/dapi/menu/pl?restaurantId=242424,chennai,T. Nagar,"Biryani, Kebabs, North Indian, Hyderabadi",4.2,20K+,1,0,₹400 for two
355759,Grameen Kulfi,https://www.swiggy.com/dapi/menu/pl?restaurantId=355759,chennai,T Nagar,"Ice Cream, Desserts",4.7,889,1,0,₹120 for two
16229,Pizza Hut,https://www.swiggy.com/dapi/menu/pl?restaurantId=16229,chennai,Ashok Nagar,Pizzas,4.3,27K+,1,0,₹400 for two
93242,McDonald's,https://www.swiggy.com/dapi/menu/pl?restaurantId=93242,chennai,T. Nagar,"Burgers, Beverages, Cafe, Desserts",4.4,27K+,1,0,₹400 for two
17819,KFC,https://www.swiggy.com/dapi/menu/pl?restaurantId=17819,chennai,Thyagaraya Nagar,"Burgers, Fast Food, Rolls & Wraps",4.3,31K+,1,0,₹400 for two
24353,Domino's Pizza,https://www.swiggy.com/dapi/menu/pl?restaurantId=24353,chennai,T Nagar,"Pizzas, Italian, Pastas, Desserts",4.4,18K+,1,0,₹400 for two
1134967,Bakingo,https://www.swiggy.com/dapi/menu/pl?restaurantId=1134967,chennai,"R.A, Puram","Bakery, Desserts, Beverages, Snacks",4.7,502,1,0,₹299 for two
56863,Subway,https://www.swiggy.com/dapi/menu/pl?restaurantId=56863,chennai,T. Nagar,"sandwich, Salads, wrap, Healthy Food",4.3,29K+,1,0,₹350 for two
16933,The Sandwich Shop - Original,https://www.swiggy.com/dapi/menu/pl?restaurantId=16933,chennai,West Mambalam,"Fast Food, Burgers, Pastas",4.5,51K+,1,0,₹150 for two
173432,Udipi Hotel Maha Ganapathy,https://www.swiggy.com/dapi/menu/pl?restaurantId=173432,chennai,Arya Gowda Road,"South Indian, Chinese, North Indian, Juices, Chaat, Beverages",4.4,22K+,1,0,₹250 for two
16229,Pizza Hut,https://www.swiggy.com/dapi/menu/pl?restaurantId=16229,chennai,Ashok Nagar,Pizzas,4.3,27K+,1,0,₹400 for two
93242,McDonald's,https://www.swiggy.com/dapi/menu/pl?restaurantId=93242,chennai,T. Nagar,"Burgers, Beverages, Cafe, Desserts",4.4,27K+,1,0,₹400 for two
17819,KFC,https://www.swiggy.com/dapi/menu/pl?restaurantId=17819,chennai,Thyagaraya Nagar,"Burgers, Fast Food, Rolls & Wraps",4.3,31K+,1,0,₹400 for two
24353,Domino's Pizza,https://www.swiggy.com/dapi/menu/pl?restaurantId=24353,chennai,T Nagar,"Pizzas, Italian, Pastas, Desserts",4.4,18K+,1,0,₹400 for two
56863,Subway,https://www.swiggy.com/dapi/menu/pl?restaurantId=56863,chennai,T. Nagar,"sandwich, Salads, wrap, Healthy Food",4.3,29K+,1,0,₹350 for two
320194,Lola's Pizzeria,https://www.swiggy.com/dapi/menu/pl?restaurantId=320194,chennai,Alwarpet,"Pizzas, Italian, Desserts",4.7,10K+,1,0,₹900 for two
31049,The Fat Boy,https://www.swiggy.com/dapi/menu/pl?restaurantId=31049,chennai,Mylapore,"Pizzas, American, Italian",4.6,27K+,1,0,₹600 for two
10834,Basil With A Twist,https://www.swiggy.com/dapi/menu/pl?restaurantId=10834,chennai,Thyagaraya Nagar,"Italian, European",4.6,5.5K+,1,0,₹1500 for two
623724,Theobroma,https://www.swiggy.com/dapi/menu/pl?restaurantId=623724,chennai,Nungambakkam,"Bakery, Desserts",4.6,8.2K+,1,0,₹400 for two
78453,Salem RR Biriyani Unavagam,https://www.swiggy.com/dapi/menu/pl?restaurantId=78453,chennai,West Mambalam,"Biryani, Chettinad, Tandoor, Chinese",4.2,13K+,1,0,₹400 for two
230595,Wow! Momo,https://www.swiggy.com/dapi/menu/pl?restaurantId=230595,chennai,Anna Salai,"Momos, Chinese, fastfood, Asian, Beverages",4.3,6.2K+,1,0,₹300 for two
692553,The Brownie Studio,https://www.swiggy.com/dapi/menu/pl?restaurantId=692553,chennai,T. Nagar,"Bakery, Cakes, Desserts, Ice Cream, Sweets",4.6,2.0K+,1,0,₹800 for two
9357,Fruit Shop On Greams Road,https://www.swiggy.com/dapi/menu/pl?restaurantId=9357,chennai,T. Nagar,"Juices, Beverages, Desserts",4.7,17K+,1,0,₹150 for two
49809,Hot Breads,https://www.swiggy.com/dapi/menu/pl?restaurantId=49809,chennai,Thousand Lights,"Bakery, Desserts",4.7,2.7K+,1,0,₹150 for two
9373,Gangotree,https://www.swiggy.com/dapi/menu/pl?restaurantId=9373,chennai,Chennai,"Sweets, Chaat, Desserts, Street Food, Snacks",4.6,40K+,1,0,₹300 for two
582455,Cheesecakes By CakeZone,https://www.swiggy.com/dapi/menu/pl?restaurantId=582455,chennai,SUBBARAYAN NAGAR,"Desserts, Bakery",4.3,222,1,0,₹200 for two
501769,Cake Walk,https://www.swiggy.com/dapi/menu/pl?restaurantId=501769,chennai,Nungambakkam,"Cakes & Pastries, Cafe",4.7,1.2K+,1,0,₹500 for two
13264,Double Roti,https://www.swiggy.com/dapi/menu/pl?restaurantId=13264,chennai,Alwarpet,"Burgers, Pizzas, Continental, Snacks",4.5,26K+,1,0,₹1200 for two
681655,LeanCrust Pizza- ThinCrust Experts,https://www.swiggy.com/dapi/menu/pl?restaurantId=681655,chennai,Nungambakkam,"Pizzas, Italian, Desserts",4.4,1.5K+,1,0,₹250 for two
454403,Chaayos Chai+Snacks=Relax,https://www.swiggy.com/dapi/menu/pl?restaurantId=454403,chennai,Kodambakkam,"Bakery, Beverages, Chaat, Desserts, Home Food, Italian, Maharashtrian, Snacks, Street Food, Sweets",4.6,4.6K+,1,0,₹250 for two
16229,Pizza Hut,https://www.swiggy.com/dapi/menu/pl?restaurantId=16229,chennai,Ashok Nagar,Pizzas,4.3,27K+,1,0,₹400 for two
93242,McDonald's,https://www.swiggy.com/dapi/menu/pl?restaurantId=93242,chennai,T. Nagar,"Burgers, Beverages, Cafe, Desserts",4.4,27K+,1,0,₹400 for two
17819,KFC,https://www.swiggy.com/dapi/menu/pl?restaurantId=17819,chennai,Thyagaraya Nagar,"Burgers, Fast Food, Rolls & Wraps",4.3,31K+,1,0,₹400 for two
24353,Domino's Pizza,https://www.swiggy.com/dapi/menu/pl?restaurantId=24353,chennai,T Nagar,"Pizzas, Italian, Pastas, Desserts",4.4,18K+,1,0,₹400 for two
1134967,Bakingo,https://www.swiggy.com/dapi/menu/pl?restaurantId=1134967,chennai,"R.A, Puram","Bakery, Desserts, Beverages, Snacks",4.7,502,1,0,₹299 for two
623724,Theobroma,https://www.swiggy.com/dapi/menu/pl?restaurantId=623724,chennai,Nungambakkam,"Bakery, Desserts",4.6,8.2K+,1,0,₹400 for two
56863,Subway,https://www.swiggy.com/dapi/menu/pl?restaurantId=56863,chennai,T. Nagar,"sandwich, Salads, wrap, Healthy Food",4.3,29K+,1,0,₹350 for two
16933,The Sandwich Shop - Original,https://www.swiggy.com/dapi/menu/pl?restaurantId=16933,chennai,West Mambalam,"Fast Food, Burgers, Pastas",4.5,51K+,1,0,₹150 for two
16229,Pizza Hut,https://www.swiggy.com/dapi/menu/pl?restaurantId=16229,chennai,Ashok Nagar,Pizzas,4.3,27K+,1,0,₹400 for two
17822,KFC,https://www.swiggy.com/dapi/menu/pl?restaurantId=17822,chennai,K.K. Nagar,"Burgers, Fast Food, Rolls & Wraps",4.1,15K+,1,0,₹400 for two
23741,McDonald's,https://www.swiggy.com/dapi/menu/pl?restaurantId=23741,chennai,Anna Nagar,"Burgers, Beverages, Cafe, Desserts",4.4,50K+,1,0,₹400 for two
9799,Burger King,https://www.swiggy.com/dapi/menu/pl?restaurantId=9799,chennai,Vadapalani,"Burgers, American",4.4,59K+,1,0,₹350 for two
38904,Domino's Pizza,https://www.swiggy.com/dapi/menu/pl?restaurantId=38904,chennai,Vadapalani,"Pizzas, Italian, Pastas, Desserts",4.2,12K+,1,0,₹400 for two
639427,Dum Safar Biryani,https://www.swiggy.com/dapi/menu/pl?restaurantId=639427,chennai,VADAPALANI,"Biryani, Hyderabadi, Kebabs, North Indian, barbeque",3.4,478,1,0,₹500 for two
241959,Perambur Sri Srinivasa Sweets & Snacks,https://www.swiggy.com/dapi/menu/pl?restaurantId=241959,chennai,Kodambakkam,Sweets,4.7,3.2K+,1,0,₹300 for two
17447,Nithya Amirtham Sweets,https://www.swiggy.com/dapi/menu/pl?restaurantId=17447,chennai,Arumbakkam,"South Indian, Sweets, Chinese, Snacks",4.7,28K+,1,0,₹200 for two
10345,Copper Kitchen,https://www.swiggy.com/dapi/menu/pl?restaurantId=10345,chennai,Saligramam,"Biryani, Chettinad, Barbecue, Chinese",4.5,49K+,1,0,₹500 for two
10421,Subway,https://www.swiggy.com/dapi/menu/pl?restaurantId=10421,chennai,Ashok Nagar,"sandwich, Salads, wrap, Healthy Food",4.2,22K+,1,0,₹350 for two
98067,Wow! Momo,https://www.swiggy.com/dapi/menu/pl?restaurantId=98067,chennai,Vadapalani,"Momos, Chinese, fastfood, Asian, Beverages",4.5,3.5K+,1,0,₹300 for two
10082,Gangotree,https://www.swiggy.com/dapi/menu/pl?restaurantId=10082,chennai,Anna Nagar,"Sweets, Chaat, Desserts, Street Food, Snacks",4.6,47K+,1,0,₹300 for two
9356,Fruit Shop On Greams Road,https://www.swiggy.com/dapi/menu/pl?restaurantId=9356,chennai,Kodambakkam,"Juices, Beverages, Desserts",4.7,16K+,1,0,₹150 for two
760000,"Ovenfresh Pizzas, Cakes & Desserts",https://www.swiggy.com/dapi/menu/pl?restaurantId=760000,chennai,Kodambakkam,"Bakery, Pizzas, Snacks, Beverages, Fast Food",4.4,1.2K+,1,0,₹400 for two
412745,Wendy's Burgers,https://www.swiggy.com/dapi/menu/pl?restaurantId=412745,chennai,Annanagar,"Burgers, American, Fast Food, Snacks",4.1,5.4K+,1,0,₹200 for two
235289,"Faasos - Wraps, Rolls & Shawarma",https://www.swiggy.com/dapi/menu/pl?restaurantId=235289,chennai,Annanagar,"Kebabs, Fast Food, Snacks, American, Healthy Food, Desserts, Beverages",4.3,5.3K+,1,0,₹200 for two
623723,Theobroma,https://www.swiggy.com/dapi/menu/pl?restaurantId=623723,chennai,Anna Nagar,"Bakery, Desserts",4.6,9.6K+,1,0,₹400 for two
837957,The Pizza Project by Oven Story,https://www.swiggy.com/dapi/menu/pl?restaurantId=837957,chennai,Annanagar,"Pizzas, Italian, Desserts, Beverages",4.3,117,1,0,₹400 for two
566429,Faasos' Signature Wraps & Rolls,https://www.swiggy.com/dapi/menu/pl?restaurantId=566429,chennai,Annanagar,"Fast Food, Snacks, North Indian, Desserts, Beverages",4.2,226,1,0,₹350 for two
263845,Veg Meals By LunchBox,https://www.swiggy.com/dapi/menu/pl?restaurantId=263845,chennai,Annanagar,"Thalis, North Indian, Biryani, South Indian, Desserts, Beverages",4,309,1,0,₹200 for two
16229,Pizza Hut,https://www.swiggy.com/dapi/menu/pl?restaurantId=16229,chennai,Ashok Nagar,Pizzas,4.3,27K+,1,0,₹400 for two
23741,McDonald's,https://www.swiggy.com/dapi/menu/pl?restaurantId=23741,chennai,Anna Nagar,"Burgers, Beverages, Cafe, Desserts",4.4,50K+,1,0,₹400 for two
17822,KFC,https://www.swiggy.com/dapi/menu/pl?restaurantId=17822,chennai,K.K. Nagar,"Burgers, Fast Food, Rolls & Wraps",4.1,15K+,1,0,₹400 for two
38904,Domino's Pizza,https://www.swiggy.com/dapi/menu/pl?restaurantId=38904,chennai,Vadapalani,"Pizzas, Italian, Pastas, Desserts",4.2,12K+,1,0,₹400 for two
9799,Burger King,https://www.swiggy.com/dapi/menu/pl?restaurantId=9799,chennai,Vadapalani,"Burgers, American",4.4,59K+,1,0,₹350 for two
1285902,Nahdi Mandi Restaurant,https://www.swiggy.com/dapi/menu/pl?restaurantId=1285902,chennai,Vadapalani,"Arabian, Kerala, Grill",4,289,1,0,₹400 for two
14860,Sangeetha Veg Restaurant,https://www.swiggy.com/dapi/menu/pl?restaurantId=14860,chennai,Nelson Manickam,"Chettinad, North Indian, Chinese, South Indian",4.7,70K+,1,0,₹400 for two
163739,Mannah Sweets,https://www.swiggy.com/dapi/menu/pl?restaurantId=163739,chennai,Kodambakkam,"Sweets, Snacks, Bakery, Indian",4.7,5.1K+,1,0,₹300 for two
16229,Pizza Hut,https://www.swiggy.com/dapi/menu/pl?restaurantId=16229,chennai,Ashok Nagar,Pizzas,4.3,27K+,1,0,₹400 for two
17822,KFC,https://www.swiggy.com/dapi/menu/pl?restaurantId=17822,chennai,K.K. Nagar,"Burgers, Fast Food, Rolls & Wraps",4.1,15K+,1,0,₹400 for two
23741,McDonald's,https://www.swiggy.com/dapi/menu/pl?restaurantId=23741,chennai,Anna Nagar,"Burgers, Beverages, Cafe, Desserts",4.4,50K+,1,0,₹400 for two
9799,Burger King,https://www.swiggy.com/dapi/menu/pl?restaurantId=9799,chennai,Vadapalani,"Burgers, American",4.4,59K+,1,0,₹350 for two
38904,Domino's Pizza,https://www.swiggy.com/dapi/menu/pl?restaurantId=38904,chennai,Vadapalani,"Pizzas, Italian, Pastas, Desserts",4.2,12K+,1,0,₹400 for two
639427,Dum Safar Biryani,https://www.swiggy.com/dapi/menu/pl?restaurantId=639427,chennai,VADAPALANI,"Biryani, Hyderabadi, Kebabs, North Indian, barbeque",3.4,478,1,0,₹500 for two
241959,Perambur Sri Srinivasa Sweets & Snacks,https://www.swiggy.com/dapi/menu/pl?restaurantId=241959,chennai,Kodambakkam,Sweets,4.7,3.2K+,1,0,₹300 for two
17447,Nithya Amirtham Sweets,https://www.swiggy.com/dapi/menu/pl?restaurantId=17447,chennai,Arumbakkam,"South Indian, Sweets, Chinese, Snacks",4.7,28K+,1,0,₹200 for two
10345,Copper Kitchen,https://www.swiggy.com/dapi/menu/pl?restaurantId=10345,chennai,Saligramam,"Biryani, Chettinad, Barbecue, Chinese",4.5,49K+,1,0,₹500 for two
10421,Subway,https://www.swiggy.com/dapi/menu/pl?restaurantId=10421,chennai,Ashok Nagar,"sandwich, Salads, wrap, Healthy Food",4.2,22K+,1,0,₹350 for two
98067,Wow! Momo,https://www.swiggy.com/dapi/menu/pl?restaurantId=98067,chennai,Vadapalani,"Momos, Chinese, fastfood, Asian, Beverages",4.5,3.5K+,1,0,₹300 for two
10082,Gangotree,https://www.swiggy.com/dapi/menu/pl?restaurantId=10082,chennai,Anna Nagar,"Sweets, Chaat, Desserts, Street Food, Snacks",4.6,47K+,1,0,₹300 for two
9356,Fruit Shop On Greams Road,https://www.swiggy.com/dapi/menu/pl?restaurantId=9356,chennai,Kodambakkam,"Juices, Beverages, Desserts",4.7,16K+,1,0,₹150 for two
760000,"Ovenfresh Pizzas, Cakes & Desserts",https://www.swiggy.com/dapi/menu/pl?restaurantId=760000,chennai,Kodambakkam,"Bakery, Pizzas, Snacks, Beverages, Fast Food",4.4,1.2K+,1,0,₹400 for two
412745,Wendy's Burgers,https://www.swiggy.com/dapi/menu/pl?restaurantId=412745,chennai,Annanagar,"Burgers, American, Fast Food, Snacks",4.1,5.4K+,1,0,₹200 for two
235289,"Faasos - Wraps, Rolls & Shawarma",https://www.swiggy.com/dapi/menu/pl?restaurantId=235289,chennai,Annanagar,"Kebabs, Fast Food, Snacks, American, Healthy Food, Desserts, Beverages",4.3,5.3K+,1,0,₹200 for two
623723,Theobroma,https://www.swiggy.com/dapi/menu/pl?restaurantId=623723,chennai,Anna Nagar,"Bakery, Desserts",4.6,9.6K+,1,0,₹400 for two
837957,The Pizza Project by Oven Story,https://www.swiggy.com/dapi/menu/pl?restaurantId=837957,chennai,Annanagar,"Pizzas, Italian, Desserts, Beverages",4.3,117,1,0,₹400 for two
566429,Faasos' Signature Wraps & Rolls,https://www.swiggy.com/dapi/menu/pl?restaurantId=566429,chennai,Annanagar,"Fast Food, Snacks, North Indian, Desserts, Beverages",4.2,226,1,0,₹350 for two
263845,Veg Meals By LunchBox,https://www.swiggy.com/dapi/menu/pl?restaurantId=263845,chennai,Annanagar,"Thalis, North Indian, Biryani, South Indian, Desserts, Beverages",4,309,1,0,₹200 for two
16229,Pizza Hut,https://www.swiggy.com/dapi/menu/pl?restaurantId=16229,chennai,Ashok Nagar,Pizzas,4.3,27K+,1,0,₹400 for two
17822,KFC,https://www.swiggy.com/dapi/menu/pl?restaurantId=17822,chennai,K.K. Nagar,"Burgers, Fast Food, Rolls & Wraps",4.1,15K+,1,0,₹400 for two
38904,Domino's Pizza,https://www.swiggy.com/dapi/menu/pl?restaurantId=38904,chennai,Vadapalani,"Pizzas, Italian, Pastas, Desserts",4.2,12K+,1,0,₹400 for two
9799,Burger King,https://www.swiggy.com/dapi/menu/pl?restaurantId=9799,chennai,Vadapalani,"Burgers, American",4.4,59K+,1,0,₹350 for two
1285902,Nahdi Mandi Restaurant,https://www.swiggy.com/dapi/menu/pl?restaurantId=1285902,chennai,Vadapalani,"Arabian, Kerala, Grill",4,289,1,0,₹400 for two
14860,Sangeetha Veg Restaurant,https://www.swiggy.com/dapi/menu/pl?restaurantId=14860,chennai,Nelson Manickam,"Chettinad, North Indian, Chinese, South Indian",4.7,70K+,1,0,₹400 for two
9818,Mithai Mandir,https://www.swiggy.com/dapi/menu/pl?restaurantId=9818,chennai,Vadapalani,Sweets,4.7,57K+,1,0,₹300 for two
536878,Mambalams Venkateshwara Boli Stall,https://www.swiggy.com/dapi/menu/pl?restaurantId=536878,chennai,West Mambalam,"Street Food, Snacks, Bakery, Sweets, Chaat, Desserts, Beverages",4.6,12K+,1,0,₹250 for two
34889,Pizza Hut,https://www.swiggy.com/dapi/menu/pl?restaurantId=34889,chennai,Velachery,Pizzas,4.1,26K+,1,0,₹400 for two
23724,McDonald's,https://www.swiggy.com/dapi/menu/pl?restaurantId=23724,chennai,Velachery,"Burgers, Beverages, Cafe, Desserts",4.3,66K+,1,0,₹400 for two
17818,KFC,https://www.swiggy.com/dapi/menu/pl?restaurantId=17818,chennai,Velachery,"Burgers, Fast Food, Rolls & Wraps",4.1,36K+,1,0,₹400 for two
38897,Domino's Pizza,https://www.swiggy.com/dapi/menu/pl?restaurantId=38897,chennai,Velachery,"Pizzas, Italian, Pastas, Desserts",4.4,19K+,1,0,₹400 for two
825599,Theobroma,https://www.swiggy.com/dapi/menu/pl?restaurantId=825599,chennai,Perungudi,"Bakery, Desserts, Beverages",4.6,2.8K+,1,0,₹300 for two
407377,Wow! Momo,https://www.swiggy.com/dapi/menu/pl?restaurantId=407377,chennai,Velachery,"Momos, Chinese, fastfood, Asian, Beverages",4.3,3.6K+,1,0,₹300 for two
48501,Subway,https://www.swiggy.com/dapi/menu/pl?restaurantId=48501,chennai,100 Feet Bypass Road,"sandwich, Salads, wrap, Healthy Food",4.3,28K+,1,0,₹350 for two
110529,The Belgian Waffle Co.,https://www.swiggy.com/dapi/menu/pl?restaurantId=110529,chennai,Velachery,"Waffle, Desserts, Ice Cream",4.5,8.5K+,1,0,₹200 for two
6448,A2B - Adyar Ananda Bhavan,https://www.swiggy.com/dapi/menu/pl?restaurantId=6448,chennai,Velachery,"South Indian, Sweets, Chinese",4.6,94K+,1,0,₹300 for two
141367,Starbucks Coffee,https://www.swiggy.com/dapi/menu/pl?restaurantId=141367,chennai,Velachery,"Beverages, Cafe, Snacks, Desserts, Bakery, Ice Cream",4.4,581,1,0,₹400 for two
147359,Copper Kitchen,https://www.swiggy.com/dapi/menu/pl?restaurantId=147359,chennai,Velachery,"Biryani, Barbecue, Chettinad, Chinese",4.3,16K+,1,0,₹500 for two
8293,"Ovenfresh Pizzas, Cakes & Desserts",https://www.swiggy.com/dapi/menu/pl?restaurantId=8293,chennai,Tharamani,"Bakery, Pizzas, Snacks, Beverages, Fast Food",4.3,8.3K+,1,0,₹400 for two
5837,Jonah's Bistro,https://www.swiggy.com/dapi/menu/pl?restaurantId=5837,chennai,Velachery,"Japanese, Continental",4.5,7.7K+,1,0,₹850 for two
62591,Fruit Shop On Greams Road,https://www.swiggy.com/dapi/menu/pl?restaurantId=62591,chennai,Velachery,"Juices, Beverages, Desserts",4.6,2.0K+,1,0,₹250 for two
25084,Samco,https://www.swiggy.com/dapi/menu/pl?restaurantId=25084,chennai,Velachery,"Biryani, South Indian, Tandoor, Chinese, Arabian, Mughlai",4.4,51K+,1,0,₹400 for two
646759,The Brownie Studio,https://www.swiggy.com/dapi/menu/pl?restaurantId=646759,chennai,Velachery,"Bakery, Cakes, Desserts, Ice Cream, Sweets",4.5,2.0K+,1,0,₹800 for two
712493,ITC Sunfeast Baked Creations,https://www.swiggy.com/dapi/menu/pl?restaurantId=712493,chennai,Velachery,"Bakery, dessert, Cakes & Pastries, Sweets",4.6,1.6K+,1,0,₹600 for two
558830,HRX by EatFit,https://www.swiggy.com/dapi/menu/pl?restaurantId=558830,chennai,Velachery,"Healthy Food, Salads, Burgers",4.3,1.5K+,1,0,₹450 for two
442754,"The Dessert Heaven - Pastry, Brownie and Cakes",https://www.swiggy.com/dapi/menu/pl?restaurantId=442754,chennai,Pillaiyar Koil Street,"Bakery, Desserts, Sweets, Ice Cream",4.3,1.6K+,1,0,₹200 for two
17993,"Faasos - Wraps, Rolls & Shawarma",https://www.swiggy.com/dapi/menu/pl?restaurantId=17993,chennai,Gandhi Road New Colony,"Kebabs, Fast Food, Snacks, American, Healthy Food, Desserts, Beverages",4.3,17K+,1,0,₹200 for two
34889,Pizza Hut,https://www.swiggy.com/dapi/menu/pl?restaurantId=34889,chennai,Velachery,Pizzas,4.1,26K+,1,0,₹400 for two
17818,KFC,https://www.swiggy.com/dapi/menu/pl?restaurantId=17818,chennai,Velachery,"Burgers, Fast Food, Rolls & Wraps",4.1,36K+,1,0,₹400 for two
23724,McDonald's,https://www.swiggy.com/dapi/menu/pl?restaurantId=23724,chennai,Velachery,"Burgers, Beverages, Cafe, Desserts",4.3,66K+,1,0,₹400 for two
9798,Burger King,https://www.swiggy.com/dapi/menu/pl?restaurantId=9798,chennai,Velachery,"Burgers, American",4.3,50K+,1,0,₹350 for two
305276,Velacherry Venkateshwara,https://www.swiggy.com/dapi/menu/pl?restaurantId=305276,chennai,Velachery,"Indian, Snacks, Sweets",4.5,3.0K+,1,0,₹250 for two
924433,Velachery Venkateshwara Restaurant,https://www.swiggy.com/dapi/menu/pl?restaurantId=924433,chennai,Velachery,"Chinese, Chaat, Juices, Snacks",4.6,2.0K+,1,0,₹300 for two
1018181,Theobroma,https://www.swiggy.com/dapi/menu/pl?restaurantId=1018181,chennai,Velachery,"Bakery, Desserts, Beverages",4.6,1.7K+,1,0,₹300 for two
986368,California Burrito,https://www.swiggy.com/dapi/menu/pl?restaurantId=986368,chennai,Taramani,"Mexican, American, Salads, Continental, Keto, Healthy Food, Beverages, Snacks, Desserts, Fast Food",4.7,1.8K+,1,0,₹300 for two
34889,Pizza Hut,https://www.swiggy.com/dapi/menu/pl?restaurantId=34889,chennai,Velachery,Pizzas,4.1,26K+,1,0,₹400 for two
23724,McDonald's,https://www.swiggy.com/dapi/menu/pl?restaurantId=23724,chennai,Velachery,"Burgers, Beverages, Cafe, Desserts",4.3,66K+,1,0,₹400 for two
17818,KFC,https://www.swiggy.com/dapi/menu/pl?restaurantId=17818,chennai,Velachery,"Burgers, Fast Food, Rolls & Wraps",4.1,36K+,1,0,₹400 for two
38897,Domino's Pizza,https://www.swiggy.com/dapi/menu/pl?restaurantId=38897,chennai,Velachery,"Pizzas, Italian, Pastas, Desserts",4.4,19K+,1,0,₹400 for two
825599,Theobroma,https://www.swiggy.com/dapi/menu/pl?restaurantId=825599,chennai,Perungudi,"Bakery, Desserts, Beverages",4.6,2.8K+,1,0,₹300 for two
407377,Wow! Momo,https://www.swiggy.com/dapi/menu/pl?restaurantId=407377,chennai,Velachery,"Momos, Chinese, fastfood, Asian, Beverages",4.3,3.6K+,1,0,₹300 for two
48501,Subway,https://www.swiggy.com/dapi/menu/pl?restaurantId=48501,chennai,100 Feet Bypass Road,"sandwich, Salads, wrap, Healthy Food",4.3,28K+,1,0,₹350 for two
110529,The Belgian Waffle Co.,https://www.swiggy.com/dapi/menu/pl?restaurantId=110529,chennai,Velachery,"Waffle, Desserts, Ice Cream",4.5,8.5K+,1,0,₹200 for two
6448,A2B - Adyar Ananda Bhavan,https://www.swiggy.com/dapi/menu/pl?restaurantId=6448,chennai,Velachery,"South Indian, Sweets, Chinese",4.6,94K+,1,0,₹300 for two
141367,Starbucks Coffee,https://www.swiggy.com/dapi/menu/pl?restaurantId=141367,chennai,Velachery,"Beverages, Cafe, Snacks, Desserts, Bakery, Ice Cream",4.4,581,1,0,₹400 for two
147359,Copper Kitchen,https://www.swiggy.com/dapi/menu/pl?restaurantId=147359,chennai,Velachery,"Biryani, Barbecue, Chettinad, Chinese",4.3,16K+,1,0,₹500 for two
8293,"Ovenfresh Pizzas, Cakes & Desserts",https://www.swiggy.com/dapi/menu/pl?restaurantId=8293,chennai,Tharamani,"Bakery, Pizzas, Snacks, Beverages, Fast Food",4.3,8.3K+,1,0,₹400 for two
5837,Jonah's Bistro,https://www.swiggy.com/dapi/menu/pl?restaurantId=5837,chennai,Velachery,"Japanese, Continental",4.5,7.7K+,1,0,₹850 for two
62591,Fruit Shop On Greams Road,https://www.swiggy.com/dapi/menu/pl?restaurantId=62591,chennai,Velachery,"Juices, Beverages, Desserts",4.6,2.0K+,1,0,₹250 for two
25084,Samco,https://www.swiggy.com/dapi/menu/pl?restaurantId=25084,chennai,Velachery,"Biryani, South Indian, Tandoor, Chinese, Arabian, Mughlai",4.4,51K+,1,0,₹400 for two
646759,The Brownie Studio,https://www.swiggy.com/dapi/menu/pl?restaurantId=646759,chennai,Velachery,"Bakery, Cakes, Desserts, Ice Cream, Sweets",4.5,2.0K+,1,0,₹800 for two
712493,ITC Sunfeast Baked Creations,https://www.swiggy.com/dapi/menu/pl?restaurantId=712493,chennai,Velachery,"Bakery, dessert, Cakes & Pastries, Sweets",4.6,1.6K+,1,0,₹600 for two
558830,HRX by EatFit,https://www.swiggy.com/dapi/menu/pl?restaurantId=558830,chennai,Velachery,"Healthy Food, Salads, Burgers",4.3,1.5K+,1,0,₹450 for two
442754,"The Dessert Heaven - Pastry, Brownie and Cakes",https://www.swiggy.com/dapi/menu/pl?restaurantId=442754,chennai,Pillaiyar Koil Street,"Bakery, Desserts, Sweets, Ice Cream",4.3,1.6K+,1,0,₹200 for two
17993,"Faasos - Wraps, Rolls & Shawarma",https://www.swiggy.com/dapi/menu/pl?restaurantId=17993,chennai,Gandhi Road New Colony,"Kebabs, Fast Food, Snacks, American, Healthy Food, Desserts, Beverages",4.3,17K+,1,0,₹200 for two
34889,Pizza Hut,https://www.swiggy.com/dapi/menu/pl?restaurantId=34889,chennai,Velachery,Pizzas,4.1,26K+,1,0,₹400 for two
17818,KFC,https://www.swiggy.com/dapi/menu/pl?restaurantId=17818,chennai,Velachery,"Burgers, Fast Food, Rolls & Wraps",4.1,36K+,1,0,₹400 for two
23724,McDonald's,https://www.swiggy.com/dapi/menu/pl?restaurantId=23724,chennai,Velachery,"Burgers, Beverages, Cafe, Desserts",4.3,66K+,1,0,₹400 for two
9798,Burger King,https://www.swiggy.com/dapi/menu/pl?restaurantId=9798,chennai,Velachery,"Burgers, American",4.3,50K+,1,0,₹350 for two
38897,Domino's Pizza,https://www.swiggy.com/dapi/menu/pl?restaurantId=38897,chennai,Velachery,"Pizzas, Italian, Pastas, Desserts",4.4,19K+,1,0,₹400 for two
305276,Velacherry Venkateshwara,https://www.swiggy.com/dapi/menu/pl?restaurantId=305276,chennai,Velachery,"Indian, Snacks, Sweets",4.5,3.0K+,1,0,₹250 for two
924433,Velachery Venkateshwara Restaurant,https://www.swiggy.com/dapi/menu/pl?restaurantId=924433,chennai,Velachery,"Chinese, Chaat, Juices, Snacks",4.6,2.0K+,1,0,₹300 for two
1018181,Theobroma,https://www.swiggy.com/dapi/menu/pl?restaurantId=1018181,chennai,Velachery,"Bakery, Desserts, Beverages",4.6,1.7K+,1,0,₹300 for two
69527,Pizza Hut,https://www.swiggy.com/dapi/menu/pl?restaurantId=69527,chennai,Perungudi,Pizzas,4.3,12K+,1,0,₹400 for two
23723,McDonald's,https://www.swiggy.com/dapi/menu/pl?restaurantId=23723,chennai,Adyar,"Burgers, Beverages, Cafe, Desserts",4.5,57K+,1,0,₹400 for two
857751,Domino's Pizza,https://www.swiggy.com/dapi/menu/pl?restaurantId=857751,chennai,Zenith,"Pizzas, Italian, Pastas, Desserts",4.3,757,1,0,₹400 for two
9798,Burger King,https://www.swiggy.com/dapi/menu/pl?restaurantId=9798,chennai,Velachery,"Burgers, American",4.3,50K+,1,0,₹350 for two
654276,KFC,https://www.swiggy.com/dapi/menu/pl?restaurantId=654276,chennai,Phoenix Market City,"Burgers, Fast Food, Rolls & Wraps",4.1,2.7K+,1,0,₹400 for two
825599,Theobroma,https://www.swiggy.com/dapi/menu/pl?restaurantId=825599,chennai,Perungudi,"Bakery, Desserts, Beverages",4.6,2.8K+,1,0,₹300 for two
8504,Subway,https://www.swiggy.com/dapi/menu/pl?restaurantId=8504,chennai,OMR Perungudi,"sandwich, Salads, wrap, Healthy Food",4,13K+,1,0,₹350 for two
234933,Wow! Momo,https://www.swiggy.com/dapi/menu/pl?restaurantId=234933,chennai,Adyar,"Momos, Chinese, fastfood, Asian, Beverages",4.3,11K+,1,0,₹300 for two
110529,The Belgian Waffle Co.,https://www.swiggy.com/dapi/menu/pl?restaurantId=110529,chennai,Velachery,"Waffle, Desserts, Ice Cream",4.5,8.5K+,1,0,₹200 for two
470493,Wendy's Burgers,https://www.swiggy.com/dapi/menu/pl?restaurantId=470493,chennai,Velachery,"Burgers, American, Fast Food, Snacks",4.3,4.2K+,1,0,₹200 for two
473556,Starbucks Coffee,https://www.swiggy.com/dapi/menu/pl?restaurantId=473556,chennai,Adyar,"Beverages, Cafe, Snacks, Desserts, Bakery, Ice Cream",4.5,1.6K+,1,0,₹400 for two
484286,Chinese Wok,https://www.swiggy.com/dapi/menu/pl?restaurantId=484286,chennai,Adyar,"Chinese, Asian, Tibetan, Desserts",4.3,6.4K+,1,0,₹250 for two
558088,Taco Bell,https://www.swiggy.com/dapi/menu/pl?restaurantId=558088,chennai,Velachery,"Mexican, Fast Food, Snacks",4.1,2.8K+,1,0,₹300 for two
450180,The Brownie Studio,https://www.swiggy.com/dapi/menu/pl?restaurantId=450180,chennai,Adyar,"Bakery, Cakes, Desserts, Ice Cream, Sweets",4.6,1.9K+,1,0,₹450 for two
20712,Savoury Sea Shell,https://www.swiggy.com/dapi/menu/pl?restaurantId=20712,chennai,Perungudi,"Chinese, Indian, Arabian, Kerala, Continental, Italian, Tandoor",4.4,66K+,1,0,₹500 for two
8293,"Ovenfresh Pizzas, Cakes & Desserts",https://www.swiggy.com/dapi/menu/pl?restaurantId=8293,chennai,Tharamani,"Bakery, Pizzas, Snacks, Beverages, Fast Food",4.3,8.3K+,1,0,₹400 for two
14670,Salem RR Biriyani Unavagam,https://www.swiggy.com/dapi/menu/pl?restaurantId=14670,chennai,Velachery,"Biryani, Chettinad, Tandoor, Chinese",4.1,33K+,1,0,₹400 for two
184028,The Belgian Waffle Cafe,https://www.swiggy.com/dapi/menu/pl?restaurantId=184028,chennai,Velachery,"Snacks, Desserts, Beverages",4.4,8.6K+,1,0,₹200 for two
255872,Amadora Gourmet Ice Cream,https://www.swiggy.com/dapi/menu/pl?restaurantId=255872,chennai,Velachery,"Ice Cream, Desserts, Cakes & Pastries",4.8,2.9K+,1,0,₹300 for two
62591,Fruit Shop On Greams Road,https://www.swiggy.com/dapi/menu/pl?restaurantId=62591,chennai,Velachery,"Juices, Beverages, Desserts",4.6,2.0K+,1,0,₹250 for two
69527,Pizza Hut,https://www.swiggy.com/dapi/menu/pl?restaurantId=69527,chennai,Perungudi,Pizzas,4.3,12K+,1,0,₹400 for two
23723,McDonald's,https://www.swiggy.com/dapi/menu/pl?restaurantId=23723,chennai,Adyar,"Burgers, Beverages, Cafe, Desserts",4.5,57K+,1,0,₹400 for two
857751,Domino's Pizza,https://www.swiggy.com/dapi/menu/pl?restaurantId=857751,chennai,Zenith,"Pizzas, Italian, Pastas, Desserts",4.3,757,1,0,₹400 for two
937620,KFC,https://www.swiggy.com/dapi/menu/pl?restaurantId=937620,chennai,Kottivakkam,"Burgers, Fast Food, Rolls & Wraps",4.2,2.9K+,1,0,₹400 for two
9798,Burger King,https://www.swiggy.com/dapi/menu/pl?restaurantId=9798,chennai,Velachery,"Burgers, American",4.3,50K+,1,0,₹350 for two
825599,Theobroma,https://www.swiggy.com/dapi/menu/pl?restaurantId=825599,chennai,Perungudi,"Bakery, Desserts, Beverages",4.6,2.8K+,1,0,₹300 for two
986368,California Burrito,https://www.swiggy.com/dapi/menu/pl?restaurantId=986368,chennai,Taramani,"Mexican, American, Salads, Continental, Keto, Healthy Food, Beverages, Snacks, Desserts, Fast Food",4.7,1.8K+,1,0,₹300 for two
972880,Bakingo,https://www.swiggy.com/dapi/menu/pl?restaurantId=972880,chennai,Kottivakkam,"Bakery, Desserts, Beverages, Snacks",4.6,2.2K+,1,0,₹299 for two
69527,Pizza Hut,https://www.swiggy.com/dapi/menu/pl?restaurantId=69527,chennai,Perungudi,Pizzas,4.3,12K+,1,0,₹400 for two
23723,McDonald's,https://www.swiggy.com/dapi/menu/pl?restaurantId=23723,chennai,Adyar,"Burgers, Beverages, Cafe, Desserts",4.5,57K+,1,0,₹400 for two
857751,Domino's Pizza,https://www.swiggy.com/dapi/menu/pl?restaurantId=857751,chennai,Zenith,"Pizzas, Italian, Pastas, Desserts",4.3,757,1,0,₹400 for two
9798,Burger King,https://www.swiggy.com/dapi/menu/pl?restaurantId=9798,chennai,Velachery,"Burgers, American",4.3,50K+,1,0,₹350 for two
654276,KFC,https://www.swiggy.com/dapi/menu/pl?restaurantId=654276,chennai,Phoenix Market City,"Burgers, Fast Food, Rolls & Wraps",4.1,2.7K+,1,0,₹400 for two
825599,Theobroma,https://www.swiggy.com/dapi/menu/pl?restaurantId=825599,chennai,Perungudi,"Bakery, Desserts, Beverages",4.6,2.8K+,1,0,₹300 for two
8504,Subway,https://www.swiggy.com/dapi/menu/pl?restaurantId=8504,chennai,OMR Perungudi,"sandwich, Salads, wrap, Healthy Food",4,13K+,1,0,₹350 for two
234933,Wow! Momo,https://www.swiggy.com/dapi/menu/pl?restaurantId=234933,chennai,Adyar,"Momos, Chinese, fastfood, Asian, Beverages",4.3,11K+,1,0,₹300 for two
110529,The Belgian Waffle Co.,https://www.swiggy.com/dapi/menu/pl?restaurantId=110529,chennai,Velachery,"Waffle, Desserts, Ice Cream",4.5,8.5K+,1,0,₹200 for two
470493,Wendy's Burgers,https://www.swiggy.com/dapi/menu/pl?restaurantId=470493,chennai,Velachery,"Burgers, American, Fast Food, Snacks",4.3,4.2K+,1,0,₹200 for two
473556,Starbucks Coffee,https://www.swiggy.com/dapi/menu/pl?restaurantId=473556,chennai,Adyar,"Beverages, Cafe, Snacks, Desserts, Bakery, Ice Cream",4.5,1.6K+,1,0,₹400 for two
484286,Chinese Wok,https://www.swiggy.com/dapi/menu/pl?restaurantId=484286,chennai,Adyar,"Chinese, Asian, Tibetan, Desserts",4.3,6.4K+,1,0,₹250 for two
558088,Taco Bell,https://www.swiggy.com/dapi/menu/pl?restaurantId=558088,chennai,Velachery,"Mexican, Fast Food, Snacks",4.1,2.8K+,1,0,₹300 for two
450180,The Brownie Studio,https://www.swiggy.com/dapi/menu/pl?restaurantId=450180,chennai,Adyar,"Bakery, Cakes, Desserts, Ice Cream, Sweets",4.6,1.9K+,1,0,₹450 for two
20712,Savoury Sea Shell,https://www.swiggy.com/dapi/menu/pl?restaurantId=20712,chennai,Perungudi,"Chinese, Indian, Arabian, Kerala, Continental, Italian, Tandoor",4.4,66K+,1,0,₹500 for two
8293,"Ovenfresh Pizzas, Cakes & Desserts",https://www.swiggy.com/dapi/menu/pl?restaurantId=8293,chennai,Tharamani,"Bakery, Pizzas, Snacks, Beverages, Fast Food",4.3,8.3K+,1,0,₹400 for two
14670,Salem RR Biriyani Unavagam,https://www.swiggy.com/dapi/menu/pl?restaurantId=14670,chennai,Velachery,"Biryani, Chettinad, Tandoor, Chinese",4.1,33K+,1,0,₹400 for two
184028,The Belgian Waffle Cafe,https://www.swiggy.com/dapi/menu/pl?restaurantId=184028,chennai,Velachery,"Snacks, Desserts, Beverages",4.4,8.6K+,1,0,₹200 for two
255872,Amadora Gourmet Ice Cream,https://www.swiggy.com/dapi/menu/pl?restaurantId=255872,chennai,Velachery,"Ice Cream, Desserts, Cakes & Pastries",4.8,2.9K+,1,0,₹300 for two
62591,Fruit Shop On Greams Road,https://www.swiggy.com/dapi/menu/pl?restaurantId=62591,chennai,Velachery,"Juices, Beverages, Desserts",4.6,2.0K+,1,0,₹250 for two
69527,Pizza Hut,https://www.swiggy.com/dapi/menu/pl?restaurantId=69527,chennai,Perungudi,Pizzas,4.3,12K+,1,0,₹400 for two
23723,McDonald's,https://www.swiggy.com/dapi/menu/pl?restaurantId=23723,chennai,Adyar,"Burgers, Beverages, Cafe, Desserts",4.5,57K+,1,0,₹400 for two
857751,Domino's Pizza,https://www.swiggy.com/dapi/menu/pl?restaurantId=857751,chennai,Zenith,"Pizzas, Italian, Pastas, Desserts",4.3,757,1,0,₹400 for two
937620,KFC,https://www.swiggy.com/dapi/menu/pl?restaurantId=937620,chennai,Kottivakkam,"Burgers, Fast Food, Rolls & Wraps",4.2,2.9K+,1,0,₹400 for two
9798,Burger King,https://www.swiggy.com/dapi/menu/pl?restaurantId=9798,chennai,Velachery,"Burgers, American",4.3,50K+,1,0,₹350 for two
825599,Theobroma,https://www.swiggy.com/dapi/menu/pl?restaurantId=825599,chennai,Perungudi,"Bakery, Desserts, Beverages",4.6,2.8K+,1,0,₹300 for two
986368,California Burrito,https://www.swiggy.com/dapi/menu/pl?restaurantId=986368,chennai,Taramani,"Mexican, American, Salads, Continental, Keto, Healthy Food, Beverages, Snacks, Desserts, Fast Food",4.7,1.8K+,1,0,₹300 for two
972880,Bakingo,https://www.swiggy.com/dapi/menu/pl?restaurantId=972880,chennai,Kottivakkam,"Bakery, Desserts, Beverages, Snacks",4.6,2.2K+,1,0,₹299 for two
464178,Pizza Hut,https://www.swiggy.com/dapi/menu/pl?restaurantId=464178,chennai,Porur,Pizzas,4.3,7.3K+,1,0,₹350 for two
29011,KFC,https://www.swiggy.com/dapi/menu/pl?restaurantId=29011,chennai,Porur,"Burgers, Fast Food, Rolls & Wraps",4.2,30K+,1,0,₹400 for two
23748,McDonald's,https://www.swiggy.com/dapi/menu/pl?restaurantId=23748,chennai,Valasaravakkam,"Burgers, Beverages, Cafe, Desserts",4.4,61K+,1,0,₹400 for two
38900,Domino's Pizza,https://www.swiggy.com/dapi/menu/pl?restaurantId=38900,chennai,Porur,"Pizzas, Italian, Pastas, Desserts",4.3,18K+,1,0,₹400 for two
884496,Theobroma,https://www.swiggy.com/dapi/menu/pl?restaurantId=884496,chennai,Porur,"Bakery, Desserts, Beverages",4.6,3.8K+,1,0,₹300 for two
694789,Wow! Momo,https://www.swiggy.com/dapi/menu/pl?restaurantId=694789,chennai,Bazzar Street,"Momos, Chinese, fastfood, Asian, Beverages",4.4,4.1K+,1,0,₹300 for two
812320,Starbucks Coffee,https://www.swiggy.com/dapi/menu/pl?restaurantId=812320,chennai,Porur,"Beverages, Cafe, Snacks, Desserts, Bakery, Ice Cream",4.4,829,1,0,₹400 for two
51312,Paradise Biryani,https://www.swiggy.com/dapi/menu/pl?restaurantId=51312,chennai,Kattupakkam,"Biryani, Kebabs, North Indian, Hyderabadi",4.2,27K+,1,0,₹400 for two
13303,Palmshore,https://www.swiggy.com/dapi/menu/pl?restaurantId=13303,chennai,Ramapuram,"Chinese, Arabian, Mughlai, South Indian, Seafood",4.5,40K+,1,0,₹500 for two
645516,The Brownie Studio,https://www.swiggy.com/dapi/menu/pl?restaurantId=645516,chennai,Ramapuram,"Bakery, Cakes, Desserts, Ice Cream, Sweets",4.5,2.9K+,1,0,₹800 for two
13295,Subway,https://www.swiggy.com/dapi/menu/pl?restaurantId=13295,chennai,Porur,"sandwich, Salads, wrap, Healthy Food",4.2,34K+,1,0,₹350 for two
580605,Jonah's Bistro,https://www.swiggy.com/dapi/menu/pl?restaurantId=580605,chennai,Ramapuram,"American, European, Asian",4.3,1.4K+,1,0,₹500 for two
13302,"Ovenfresh Pizzas, Cakes & Desserts",https://www.swiggy.com/dapi/menu/pl?restaurantId=13302,chennai,Ramapuram,"Bakery, Pizzas, Snacks, Beverages, Fast Food",4.5,9.3K+,1,0,₹400 for two
695915,LeanCrust Pizza- ThinCrust Experts,https://www.swiggy.com/dapi/menu/pl?restaurantId=695915,chennai,Ramapuram,"Pizzas, Italian, Desserts",4.4,1.5K+,1,0,₹300 for two
826378,Gourmet Ice Cream Cakes by Baskin Robbins,https://www.swiggy.com/dapi/menu/pl?restaurantId=826378,chennai,Mahalakshmi Nagar,"Ice Cream Cakes, Desserts, Ice Cream, Bakery",4.9,52,1,0,₹200 for two
434169,The Brooklyn Creamery - Ice Creams & Desserts,https://www.swiggy.com/dapi/menu/pl?restaurantId=434169,chennai,PORUR,"Ice Cream, Desserts, Healthy Food",4.5,843,1,0,₹200 for two
758963,GetAWay-Ice Creams & Desserts,https://www.swiggy.com/dapi/menu/pl?restaurantId=758963,chennai,Porur,"Ice Cream, Desserts, Healthy Food",4.3,206,1,0,₹250 for two
13481,A2B - Adyar Ananda Bhavan,https://www.swiggy.com/dapi/menu/pl?restaurantId=13481,chennai,Porur,"South Indian, Sweets, Chinese",4.5,108K+,1,0,₹300 for two
639428,Dum Safar Biryani,https://www.swiggy.com/dapi/menu/pl?restaurantId=639428,chennai,PORUR,"Biryani, Hyderabadi, Kebabs, North Indian, barbeque",3.4,906,1,0,₹500 for two
33534,Little Italy,https://www.swiggy.com/dapi/menu/pl?restaurantId=33534,chennai,Ramapuram,"Italian, Pizzas, Pastas, Salads, Desserts",4.5,5.7K+,1,0,₹850 for two
464178,Pizza Hut,https://www.swiggy.com/dapi/menu/pl?restaurantId=464178,chennai,Porur,Pizzas,4.3,7.3K+,1,0,₹350 for two
1087928,KFC,https://www.swiggy.com/dapi/menu/pl?restaurantId=1087928,chennai,Arcot Road,"Burgers, Fast Food, Rolls & Wraps",4.2,1.0K+,1,0,₹400 for two
928298,McDonald's,https://www.swiggy.com/dapi/menu/pl?restaurantId=928298,chennai,Mugalivakkam,"Burgers, Beverages, Cafe, Desserts",4.4,4.1K+,1,0,₹400 for two
38900,Domino's Pizza,https://www.swiggy.com/dapi/menu/pl?restaurantId=38900,chennai,Porur,"Pizzas, Italian, Pastas, Desserts",4.3,18K+,1,0,₹400 for two
1224030,Karisal - Soul of Tamilnadu,https://www.swiggy.com/dapi/menu/pl?restaurantId=1224030,chennai,Porur,"Biryani, South Indian, Chinese, Chettinad, North Indian",4.4,983,1,0,₹300 for two
884496,Theobroma,https://www.swiggy.com/dapi/menu/pl?restaurantId=884496,chennai,Porur,"Bakery, Desserts, Beverages",4.6,3.8K+,1,0,₹300 for two
996472,California Burrito,https://www.swiggy.com/dapi/menu/pl?restaurantId=996472,chennai,Porur,"Mexican, American, Salads, Continental, Keto, Healthy Food, Beverages, Snacks, Desserts, Fast Food",4.6,4.6K+,1,0,₹300 for two
13295,Subway,https://www.swiggy.com/dapi/menu/pl?restaurantId=13295,chennai,Porur,"sandwich, Salads, wrap, Healthy Food",4.2,34K+,1,0,₹350 for two
464178,Pizza Hut,https://www.swiggy.com/dapi/menu/pl?restaurantId=464178,chennai,Porur,Pizzas,4.3,7.3K+,1,0,₹350 for two
29011,KFC,https://www.swiggy.com/dapi/menu/pl?restaurantId=29011,chennai,Porur,"Burgers, Fast Food, Rolls & Wraps",4.2,30K+,1,0,₹400 for two
23748,McDonald's,https://www.swiggy.com/dapi/menu/pl?restaurantId=23748,chennai,Valasaravakkam,"Burgers, Beverages, Cafe, Desserts",4.4,61K+,1,0,₹400 for two
38900,Domino's Pizza,https://www.swiggy.com/dapi/menu/pl?restaurantId=38900,chennai,Porur,"Pizzas, Italian, Pastas, Desserts",4.3,18K+,1,0,₹400 for two
884496,Theobroma,https://www.swiggy.com/dapi/menu/pl?restaurantId=884496,chennai,Porur,"Bakery, Desserts, Beverages",4.6,3.8K+,1,0,₹300 for two
694789,Wow! Momo,https://www.swiggy.com/dapi/menu/pl?restaurantId=694789,chennai,Bazzar Street,"Momos, Chinese, fastfood, Asian, Beverages",4.4,4.1K+,1,0,₹300 for two
812320,Starbucks Coffee,https://www.swiggy.com/dapi/menu/pl?restaurantId=812320,chennai,Porur,"Beverages, Cafe, Snacks, Desserts, Bakery, Ice Cream",4.4,829,1,0,₹400 for two
51312,Paradise Biryani,https://www.swiggy.com/dapi/menu/pl?restaurantId=51312,chennai,Kattupakkam,"Biryani, Kebabs, North Indian, Hyderabadi",4.2,27K+,1,0,₹400 for two
13303,Palmshore,https://www.swiggy.com/dapi/menu/pl?restaurantId=13303,chennai,Ramapuram,"Chinese, Arabian, Mughlai, South Indian, Seafood",4.5,40K+,1,0,₹500 for two
645516,The Brownie Studio,https://www.swiggy.com/dapi/menu/pl?restaurantId=645516,chennai,Ramapuram,"Bakery, Cakes, Desserts, Ice Cream, Sweets",4.5,2.9K+,1,0,₹800 for two
13295,Subway,https://www.swiggy.com/dapi/menu/pl?restaurantId=13295,chennai,Porur,"sandwich, Salads, wrap, Healthy Food",4.2,34K+,1,0,₹350 for two
580605,Jonah's Bistro,https://www.swiggy.com/dapi/menu/pl?restaurantId=580605,chennai,Ramapuram,"American, European, Asian",4.3,1.4K+,1,0,₹500 for two
13302,"Ovenfresh Pizzas, Cakes & Desserts",https://www.swiggy.com/dapi/menu/pl?restaurantId=13302,chennai,Ramapuram,"Bakery, Pizzas, Snacks, Beverages, Fast Food",4.5,9.3K+,1,0,₹400 for two
695915,LeanCrust Pizza- ThinCrust Experts,https://www.swiggy.com/dapi/menu/pl?restaurantId=695915,chennai,Ramapuram,"Pizzas, Italian, Desserts",4.4,1.5K+,1,0,₹300 for two
826378,Gourmet Ice Cream Cakes by Baskin Robbins,https://www.swiggy.com/dapi/menu/pl?restaurantId=826378,chennai,Mahalakshmi Nagar,"Ice Cream Cakes, Desserts, Ice Cream, Bakery",4.9,52,1,0,₹200 for two
434169,The Brooklyn Creamery - Ice Creams & Desserts,https://www.swiggy.com/dapi/menu/pl?restaurantId=434169,chennai,PORUR,"Ice Cream, Desserts, Healthy Food",4.5,843,1,0,₹200 for two
758963,GetAWay-Ice Creams & Desserts,https://www.swiggy.com/dapi/menu/pl?restaurantId=758963,chennai,Porur,"Ice Cream, Desserts, Healthy Food",4.3,206,1,0,₹250 for two
13481,A2B - Adyar Ananda Bhavan,https://www.swiggy.com/dapi/menu/pl?restaurantId=13481,chennai,Porur,"South Indian, Sweets, Chinese",4.5,108K+,1,0,₹300 for two
639428,Dum Safar Biryani,https://www.swiggy.com/dapi/menu/pl?restaurantId=639428,chennai,PORUR,"Biryani, Hyderabadi, Kebabs, North Indian, barbeque",3.4,906,1,0,₹500 for two
33534,Little Italy,https://www.swiggy.com/dapi/menu/pl?restaurantId=33534,chennai,Ramapuram,"Italian, Pizzas, Pastas, Salads, Desserts",4.5,5.7K+,1,0,₹850 for two
464178,Pizza Hut,https://www.swiggy.com/dapi/menu/pl?restaurantId=464178,chennai,Porur,Pizzas,4.3,7.3K+,1,0,₹350 for two
1087928,KFC,https://www.swiggy.com/dapi/menu/pl?restaurantId=1087928,chennai,Arcot Road,"Burgers, Fast Food, Rolls & Wraps",4.2,1.0K+,1,0,₹400 for two
928298,McDonald's,https://www.swiggy.com/dapi/menu/pl?restaurantId=928298,chennai,Mugalivakkam,"Burgers, Beverages, Cafe, Desserts",4.4,4.1K+,1,0,₹400 for two
38900,Domino's Pizza,https://www.swiggy.com/dapi/menu/pl?restaurantId=38900,chennai,Porur,"Pizzas, Italian, Pastas, Desserts",4.3,18K+,1,0,₹400 for two
1224030,Karisal - Soul of Tamilnadu,https://www.swiggy.com/dapi/menu/pl?restaurantId=1224030,chennai,Porur,"Biryani, South Indian, Chinese, Chettinad, North Indian",4.4,983,1,0,₹300 for two
884496,Theobroma,https://www.swiggy.com/dapi/menu/pl?restaurantId=884496,chennai,Porur,"Bakery, Desserts, Beverages",4.6,3.8K+,1,0,₹300 for two
996472,California Burrito,https://www.swiggy.com/dapi/menu/pl?restaurantId=996472,chennai,Porur,"Mexican, American, Salads, Continental, Keto, Healthy Food, Beverages, Snacks, Desserts, Fast Food",4.6,4.6K+,1,0,₹300 for two
13295,Subway,https://www.swiggy.com/dapi/menu/pl?restaurantId=13295,chennai,Porur,"sandwich, Salads, wrap, Healthy Food",4.2,34K+,1,0,₹350 for two
414800,Pizza Hut,https://www.swiggy.com/dapi/menu/pl?restaurantId=414800,chennai,Selaiyur,Pizzas,4.3,9.4K+,1,0,₹300 for two
24339,Domino's Pizza,https://www.swiggy.com/dapi/menu/pl?restaurantId=24339,chennai,Selaiyur,"Pizzas, Italian, Pastas, Desserts",4.4,25K+,1,0,₹400 for two
663655,McDonald's,https://www.swiggy.com/dapi/menu/pl?restaurantId=663655,chennai,Medavakkam,"Burgers, Beverages, Cafe, Desserts",4.4,12K+,1,0,₹400 for two
30001,KFC,https://www.swiggy.com/dapi/menu/pl?restaurantId=30001,chennai,Selaiyur,"Burgers, Fast Food, Rolls & Wraps",4.2,30K+,1,0,₹400 for two
693212,Wow! Momo,https://www.swiggy.com/dapi/menu/pl?restaurantId=693212,chennai,Selaiyur,"Momos, Chinese, fastfood, Asian, Beverages",4.2,1.7K+,1,0,₹300 for two
745445,Subway,https://www.swiggy.com/dapi/menu/pl?restaurantId=745445,chennai,Rajakilpakkam,"sandwich, Salads, wrap, Healthy Food",4.2,4.3K+,1,0,₹350 for two
25095,Salem RR Biriyani Unavagam,https://www.swiggy.com/dapi/menu/pl?restaurantId=25095,chennai,Tambaram,"Biryani, Chettinad, Tandoor, Chinese",4.2,25K+,1,0,₹400 for two
49826,Hot Breads,https://www.swiggy.com/dapi/menu/pl?restaurantId=49826,chennai,Tambaram East,"Bakery, Desserts",4.6,8.2K+,1,0,₹150 for two
693210,Wow! Chicken By Wow! Momo,https://www.swiggy.com/dapi/menu/pl?restaurantId=693210,chennai,Selaiyur,"Burger, Biryani, American, fastfood",3.5,1.7K+,1,0,₹300 for two
639429,Dum Safar Biryani,https://www.swiggy.com/dapi/menu/pl?restaurantId=639429,chennai,Tambaram,"Biryani, Hyderabadi, Kebabs, North Indian, barbeque",3.6,622,1,0,₹500 for two
308843,The Belgian Waffle Co.,https://www.swiggy.com/dapi/menu/pl?restaurantId=308843,chennai,MUDICHUR ROAD,"Waffle, Desserts, Ice Cream",4.7,3.0K+,1,0,₹200 for two
77822,"Ovenfresh Pizzas, Cakes & Desserts",https://www.swiggy.com/dapi/menu/pl?restaurantId=77822,chennai,Rajakilpakkam,"Bakery, Pizzas, Snacks, Beverages, Fast Food",4.4,4.0K+,1,0,₹400 for two
636366,Chinese Wok,https://www.swiggy.com/dapi/menu/pl?restaurantId=636366,chennai,TAMBARAM,"Chinese, Asian, Tibetan, Desserts",4.3,2.6K+,1,0,₹250 for two
146970,A2B - Adyar Ananda Bhavan,https://www.swiggy.com/dapi/menu/pl?restaurantId=146970,chennai,Tambaram,"South Indian, Sweets, Chinese",4.5,103K+,1,0,₹300 for two
355767,Grameen Kulfi,https://www.swiggy.com/dapi/menu/pl?restaurantId=355767,chennai,Tambaram,"Ice Cream, Desserts",4.7,762,1,0,₹120 for two
807772,Popeyes,https://www.swiggy.com/dapi/menu/pl?restaurantId=807772,chennai,Selaiyur,"Burgers, Fast Food, Rolls & Wraps",4.3,2.5K+,1,0,₹350 for two
725366,ITC Sunfeast Baked Creations,https://www.swiggy.com/dapi/menu/pl?restaurantId=725366,chennai,Tambaram,"bakery, dessert, Cakes & Pastries, Sweets",4.7,1.5K+,1,0,₹600 for two
725365,ITC Master Chef Creations,https://www.swiggy.com/dapi/menu/pl?restaurantId=725365,chennai,Tambaram,"North Indian, Biryani, Kebabs, rolls, Desserts",4.5,1.6K+,1,0,₹650 for two
636368,The Momo Co.,https://www.swiggy.com/dapi/menu/pl?restaurantId=636368,chennai,TAMBARAM,"South Indian, Chinese, Asian, Tibetan, Desserts",4.5,294,1,0,₹250 for two
591567,Wendy's Burgers,https://www.swiggy.com/dapi/menu/pl?restaurantId=591567,chennai,Indira Nagar,"Burgers, American, Fast Food, Snacks",4.3,2.3K+,1,0,₹200 for two
414800,Pizza Hut,https://www.swiggy.com/dapi/menu/pl?restaurantId=414800,chennai,Selaiyur,Pizzas,4.3,9.4K+,1,0,₹300 for two
24339,Domino's Pizza,https://www.swiggy.com/dapi/menu/pl?restaurantId=24339,chennai,Selaiyur,"Pizzas, Italian, Pastas, Desserts",4.4,25K+,1,0,₹400 for two
30001,KFC,https://www.swiggy.com/dapi/menu/pl?restaurantId=30001,chennai,Selaiyur,"Burgers, Fast Food, Rolls & Wraps",4.2,30K+,1,0,₹400 for two
663655,McDonald's,https://www.swiggy.com/dapi/menu/pl?restaurantId=663655,chennai,Medavakkam,"Burgers, Beverages, Cafe, Desserts",4.4,12K+,1,0,₹400 for two
57440,Fazari,https://www.swiggy.com/dapi/menu/pl?restaurantId=57440,chennai,Irumbuliyur,"Arabian, Chinese, North Indian, Juices, Desserts, Biryani, Seafood",4.3,11K+,1,0,₹400 for two
1116180,Shri Ramanaas,https://www.swiggy.com/dapi/menu/pl?restaurantId=1116180,chennai,Tambaram,"Biryani, South Indian, Thalis, Indian, Beverages, North Indian",4.5,3.1K+,1,0,₹400 for two
745445,Subway,https://www.swiggy.com/dapi/menu/pl?restaurantId=745445,chennai,Rajakilpakkam,"sandwich, Salads, wrap, Healthy Food",4.2,4.3K+,1,0,₹350 for two
407381,Wow! Momo,https://www.swiggy.com/dapi/menu/pl?restaurantId=407381,chennai,Selaiyur,"Momos, Chinese, fastfood, Asian, Beverages",4.3,3.9K+,1,0,₹300 for two
414800,Pizza Hut,https://www.swiggy.com/dapi/menu/pl?restaurantId=414800,chennai,Selaiyur,Pizzas,4.3,9.4K+,1,0,₹300 for two
24339,Domino's Pizza,https://www.swiggy.com/dapi/menu/pl?restaurantId=24339,chennai,Selaiyur,"Pizzas, Italian, Pastas, Desserts",4.4,25K+,1,0,₹400 for two
663655,McDonald's,https://www.swiggy.com/dapi/menu/pl?restaurantId=663655,chennai,Medavakkam,"Burgers, Beverages, Cafe, Desserts",4.4,12K+,1,0,₹400 for two
30001,KFC,https://www.swiggy.com/dapi/menu/pl?restaurantId=30001,chennai,Selaiyur,"Burgers, Fast Food, Rolls & Wraps",4.2,30K+,1,0,₹400 for two
693212,Wow! Momo,https://www.swiggy.com/dapi/menu/pl?restaurantId=693212,chennai,Selaiyur,"Momos, Chinese, fastfood, Asian, Beverages",4.2,1.7K+,1,0,₹300 for two
745445,Subway,https://www.swiggy.com/dapi/menu/pl?restaurantId=745445,chennai,Rajakilpakkam,"sandwich, Salads, wrap, Healthy Food",4.2,4.3K+,1,0,₹350 for two
25095,Salem RR Biriyani Unavagam,https://www.swiggy.com/dapi/menu/pl?restaurantId=25095,chennai,Tambaram,"Biryani, Chettinad, Tandoor, Chinese",4.2,25K+,1,0,₹400 for two
49826,Hot Breads,https://www.swiggy.com/dapi/menu/pl?restaurantId=49826,chennai,Tambaram East,"Bakery, Desserts",4.6,8.2K+,1,0,₹150 for two
693210,Wow! Chicken By Wow! Momo,https://www.swiggy.com/dapi/menu/pl?restaurantId=693210,chennai,Selaiyur,"Burger, Biryani, American, fastfood",3.5,1.7K+,1,0,₹300 for two
639429,Dum Safar Biryani,https://www.swiggy.com/dapi/menu/pl?restaurantId=639429,chennai,Tambaram,"Biryani, Hyderabadi, Kebabs, North Indian, barbeque",3.6,622,1,0,₹500 for two
308843,The Belgian Waffle Co.,https://www.swiggy.com/dapi/menu/pl?restaurantId=308843,chennai,MUDICHUR ROAD,"Waffle, Desserts, Ice Cream",4.7,3.0K+,1,0,₹200 for two
77822,"Ovenfresh Pizzas, Cakes & Desserts",https://www.swiggy.com/dapi/menu/pl?restaurantId=77822,chennai,Rajakilpakkam,"Bakery, Pizzas, Snacks, Beverages, Fast Food",4.4,4.0K+,1,0,₹400 for two
636366,Chinese Wok,https://www.swiggy.com/dapi/menu/pl?restaurantId=636366,chennai,TAMBARAM,"Chinese, Asian, Tibetan, Desserts",4.3,2.6K+,1,0,₹250 for two
146970,A2B - Adyar Ananda Bhavan,https://www.swiggy.com/dapi/menu/pl?restaurantId=146970,chennai,Tambaram,"South Indian, Sweets, Chinese",4.5,103K+,1,0,₹300 for two
355767,Grameen Kulfi,https://www.swiggy.com/dapi/menu/pl?restaurantId=355767,chennai,Tambaram,"Ice Cream, Desserts",4.7,762,1,0,₹120 for two
807772,Popeyes,https://www.swiggy.com/dapi/menu/pl?restaurantId=807772,chennai,Selaiyur,"Burgers, Fast Food, Rolls & Wraps",4.3,2.5K+,1,0,₹350 for two
725366,ITC Sunfeast Baked Creations,https://www.swiggy.com/dapi/menu/pl?restaurantId=725366,chennai,Tambaram,"bakery, dessert, Cakes & Pastries, Sweets",4.7,1.5K+,1,0,₹600 for two
725365,ITC Master Chef Creations,https://www.swiggy.com/dapi/menu/pl?restaurantId=725365,chennai,Tambaram,"North Indian, Biryani, Kebabs, rolls, Desserts",4.5,1.6K+,1,0,₹650 for two
636368,The Momo Co.,https://www.swiggy.com/dapi/menu/pl?restaurantId=636368,chennai,TAMBARAM,"South Indian, Chinese, Asian, Tibetan, Desserts",4.5,294,1,0,₹250 for two
591567,Wendy's Burgers,https://www.swiggy.com/dapi/menu/pl?restaurantId=591567,chennai,Indira Nagar,"Burgers, American, Fast Food, Snacks",4.3,2.3K+,1,0,₹200 for two
414800,Pizza Hut,https://www.swiggy.com/dapi/menu/pl?restaurantId=414800,chennai,Selaiyur,Pizzas,4.3,9.4K+,1,0,₹300 for two
24339,Domino's Pizza,https://www.swiggy.com/dapi/menu/pl?restaurantId=24339,chennai,Selaiyur,"Pizzas, Italian, Pastas, Desserts",4.4,25K+,1,0,₹400 for two
30001,KFC,https://www.swiggy.com/dapi/menu/pl?restaurantId=30001,chennai,Selaiyur,"Burgers, Fast Food, Rolls & Wraps",4.2,30K+,1,0,₹400 for two
663655,McDonald's,https://www.swiggy.com/dapi/menu/pl?restaurantId=663655,chennai,Medavakkam,"Burgers, Beverages, Cafe, Desserts",4.4,12K+,1,0,₹400 for two
57440,Fazari,https://www.swiggy.com/dapi/menu/pl?restaurantId=57440,chennai,Irumbuliyur,"Arabian, Chinese, North Indian, Juices, Desserts, Biryani, Seafood",4.3,11K+,1,0,₹400 for two
1116180,Shri Ramanaas,https://www.swiggy.com/dapi/menu/pl?restaurantId=1116180,chennai,Tambaram,"Biryani, South Indian, Thalis, Indian, Beverages, North Indian",4.5,3.1K+,1,0,₹400 for two
745445,Subway,https://www.swiggy.com/dapi/menu/pl?restaurantId=745445,chennai,Rajakilpakkam,"sandwich, Salads, wrap, Healthy Food",4.2,4.3K+,1,0,₹350 for two
407381,Wow! Momo,https://www.swiggy.com/dapi/menu/pl?restaurantId=407381,chennai,Selaiyur,"Momos, Chinese, fastfood, Asian, Beverages",4.3,3.9K+,1,0,₹300 for two
57362,Pizza Hut,https://www.swiggy.com/dapi/menu/pl?restaurantId=57362,chennai,Mogappair,Pizzas,4.3,14K+,1,0,₹400 for two
381250,KFC,https://www.swiggy.com/dapi/menu/pl?restaurantId=381250,chennai,Ambattur,"Burgers, Fast Food, Rolls & Wraps",4.3,14K+,1,0,₹400 for two
856781,McDonald's,https://www.swiggy.com/dapi/menu/pl?restaurantId=856781,chennai,Ambattur,"Burgers, Beverages, Cafe, Desserts",4.4,3.5K+,1,0,₹400 for two
805285,Burger King,https://www.swiggy.com/dapi/menu/pl?restaurantId=805285,chennai,Thiruvallur,"Burgers, American",4.4,9.0K+,1,0,₹350 for two
333174,Wow! Momo,https://www.swiggy.com/dapi/menu/pl?restaurantId=333174,chennai,Ambattur,"Momos, Chinese, fastfood, Asian, Beverages",4.4,8.2K+,1,0,₹300 for two
490012,The Belgian Waffle Co.,https://www.swiggy.com/dapi/menu/pl?restaurantId=490012,chennai,Ambattur Industrial estate,"Waffle, Desserts, Ice Cream",4.8,1.4K+,1,0,₹200 for two
35509,The Brownie Studio,https://www.swiggy.com/dapi/menu/pl?restaurantId=35509,chennai,Ambattur,"Bakery, Cakes, Desserts, Ice Cream, Sweets",4.4,2.4K+,1,0,₹150 for two
412744,Wendy's Burgers,https://www.swiggy.com/dapi/menu/pl?restaurantId=412744,chennai,Ambattur FC,"Burgers, American, Fast Food, Snacks",4.2,3.9K+,1,0,₹200 for two
636362,Chinese Wok,https://www.swiggy.com/dapi/menu/pl?restaurantId=636362,chennai,AMBATTUR,"Chinese, Asian, Tibetan, Desserts",4.3,2.9K+,1,0,₹250 for two
90680,"Faasos - Wraps, Rolls & Shawarma",https://www.swiggy.com/dapi/menu/pl?restaurantId=90680,chennai,Ambattur,"Kebabs, Fast Food, Snacks, American, Healthy Food, Desserts, Beverages",4.2,10K+,1,0,₹200 for two
263742,Veg Meals By LunchBox,https://www.swiggy.com/dapi/menu/pl?restaurantId=263742,chennai,Ambattur,"Thalis, North Indian, Biryani, South Indian, Desserts, Beverages",4.2,496,1,0,₹200 for two
801303,Makhani Darbar,https://www.swiggy.com/dapi/menu/pl?restaurantId=801303,chennai,OT bus stand,"Kebabs, Mughlai, Beverages, Desserts",4.2,180,1,0,₹500 for two
708849,Keventers Waffles & Ice Cream,https://www.swiggy.com/dapi/menu/pl?restaurantId=708849,chennai,Ambattur Industrial Estate,"Ice Cream, Desserts",4.3,360,1,0,₹200 for two
837889,The Pizza Project by Oven Story,https://www.swiggy.com/dapi/menu/pl?restaurantId=837889,chennai,Ambattur,"Pizzas, Italian, Desserts, Beverages",4.4,275,1,0,₹400 for two
566290,Faasos' Signature Wraps & Rolls,https://www.swiggy.com/dapi/menu/pl?restaurantId=566290,chennai,Ambattur,"Fast Food, Snacks, North Indian, Desserts, Beverages",4.4,260,1,0,₹350 for two
792287,Wendy's Flavor Fresh Burgers,https://www.swiggy.com/dapi/menu/pl?restaurantId=792287,chennai,Ambattur,"Burgers, American, Fast Food, Snacks, Beverages",3.7,95,1,0,₹500 for two
636364,The Momo Co.,https://www.swiggy.com/dapi/menu/pl?restaurantId=636364,chennai,AMBATTUR,"Chinese, Asian, Tibetan, Desserts",4.1,203,1,0,₹250 for two
355766,Grameen Kulfi,https://www.swiggy.com/dapi/menu/pl?restaurantId=355766,chennai,Ambattur,"Ice Cream, Desserts",4.7,815,1,0,₹120 for two
856783,McDonald's Gourmet Burger Collection,https://www.swiggy.com/dapi/menu/pl?restaurantId=856783,chennai,Ambattur,"Burgers, Beverages, Cafe, Desserts",4.5,62,1,0,₹400 for two
856782,McCafe by McDonald's,https://www.swiggy.com/dapi/menu/pl?restaurantId=856782,chennai,Ambattur,"Beverages, Desserts",4.7,14,1,0,₹250 for two
1286142,Pizza Hut,https://www.swiggy.com/dapi/menu/pl?restaurantId=1286142,chennai,Ambattur OT Trade,Pizzas,4.1,138,1,0,₹350 for two
906343,KFC,https://www.swiggy.com/dapi/menu/pl?restaurantId=906343,chennai,Ayapakkam,"Burgers, Fast Food, Rolls & Wraps",4.4,2.1K+,1,0,₹400 for two
856781,McDonald's,https://www.swiggy.com/dapi/menu/pl?restaurantId=856781,chennai,Ambattur,"Burgers, Beverages, Cafe, Desserts",4.4,3.5K+,1,0,₹400 for two
805285,Burger King,https://www.swiggy.com/dapi/menu/pl?restaurantId=805285,chennai,Thiruvallur,"Burgers, American",4.4,9.0K+,1,0,₹350 for two
1223458,Domino's Pizza,https://www.swiggy.com/dapi/menu/pl?restaurantId=1223458,chennai,Ambattur,"Pizzas, Italian, Pastas, Desserts",4.3,352,1,0,₹400 for two
1167451,Theobroma,https://www.swiggy.com/dapi/menu/pl?restaurantId=1167451,chennai,Kamala Puram,"Bakery, Desserts",4.5,565,1,0,₹400 for two
1191584,Bakingo,https://www.swiggy.com/dapi/menu/pl?restaurantId=1191584,chennai,Cholapuram,"Bakery, Desserts, Beverages, Snacks",4.5,256,1,0,₹299 for two
333174,Wow! Momo,https://www.swiggy.com/dapi/menu/pl?restaurantId=333174,chennai,Ambattur,"Momos, Chinese, fastfood, Asian, Beverages",4.4,8.2K+,1,0,₹300 for two
57362,Pizza Hut,https://www.swiggy.com/dapi/menu/pl?restaurantId=57362,chennai,Mogappair,Pizzas,4.3,14K+,1,0,₹400 for two
381250,KFC,https://www.swiggy.com/dapi/menu/pl?restaurantId=381250,chennai,Ambattur,"Burgers, Fast Food, Rolls & Wraps",4.3,14K+,1,0,₹400 for two
856781,McDonald's,https://www.swiggy.com/dapi/menu/pl?restaurantId=856781,chennai,Ambattur,"Burgers, Beverages, Cafe, Desserts",4.4,3.5K+,1,0,₹400 for two
805285,Burger King,https://www.swiggy.com/dapi/menu/pl?restaurantId=805285,chennai,Thiruvallur,"Burgers, American",4.4,9.0K+,1,0,₹350 for two
333174,Wow! Momo,https://www.swiggy.com/dapi/menu/pl?restaurantId=333174,chennai,Ambattur,"Momos, Chinese, fastfood, Asian, Beverages",4.4,8.2K+,1,0,₹300 for two
490012,The Belgian Waffle Co.,https://www.swiggy.com/dapi/menu/pl?restaurantId=490012,chennai,Ambattur Industrial estate,"Waffle, Desserts, Ice Cream",4.8,1.4K+,1,0,₹200 for two
35509,The Brownie Studio,https://www.swiggy.com/dapi/menu/pl?restaurantId=35509,chennai,Ambattur,"Bakery, Cakes, Desserts, Ice Cream, Sweets",4.4,2.4K+,1,0,₹150 for two
412744,Wendy's Burgers,https://www.swiggy.com/dapi/menu/pl?restaurantId=412744,chennai,Ambattur FC,"Burgers, American, Fast Food, Snacks",4.2,3.9K+,1,0,₹200 for two
636362,Chinese Wok,https://www.swiggy.com/dapi/menu/pl?restaurantId=636362,chennai,AMBATTUR,"Chinese, Asian, Tibetan, Desserts",4.3,2.9K+,1,0,₹250 for two
90680,"Faasos - Wraps, Rolls & Shawarma",https://www.swiggy.com/dapi/menu/pl?restaurantId=90680,chennai,Ambattur,"Kebabs, Fast Food, Snacks, American, Healthy Food, Desserts, Beverages",4.2,10K+,1,0,₹200 for two
263742,Veg Meals By LunchBox,https://www.swiggy.com/dapi/menu/pl?restaurantId=263742,chennai,Ambattur,"Thalis, North Indian, Biryani, South Indian, Desserts, Beverages",4.2,496,1,0,₹200 for two
801303,Makhani Darbar,https://www.swiggy.com/dapi/menu/pl?restaurantId=801303,chennai,OT bus stand,"Kebabs, Mughlai, Beverages, Desserts",4.2,180,1,0,₹500 for two
708849,Keventers Waffles & Ice Cream,https://www.swiggy.com/dapi/menu/pl?restaurantId=708849,chennai,Ambattur Industrial Estate,"Ice Cream, Desserts",4.3,360,1,0,₹200 for two
837889,The Pizza Project by Oven Story,https://www.swiggy.com/dapi/menu/pl?restaurantId=837889,chennai,Ambattur,"Pizzas, Italian, Desserts, Beverages",4.4,275,1,0,₹400 for two
566290,Faasos' Signature Wraps & Rolls,https://www.swiggy.com/dapi/menu/pl?restaurantId=566290,chennai,Ambattur,"Fast Food, Snacks, North Indian, Desserts, Beverages",4.4,260,1,0,₹350 for two
792287,Wendy's Flavor Fresh Burgers,https://www.swiggy.com/dapi/menu/pl?restaurantId=792287,chennai,Ambattur,"Burgers, American, Fast Food, Snacks, Beverages",3.7,95,1,0,₹500 for two
636364,The Momo Co.,https://www.swiggy.com/dapi/menu/pl?restaurantId=636364,chennai,AMBATTUR,"Chinese, Asian, Tibetan, Desserts",4.1,203,1,0,₹250 for two
355766,Grameen Kulfi,https://www.swiggy.com/dapi/menu/pl?restaurantId=355766,chennai,Ambattur,"Ice Cream, Desserts",4.7,815,1,0,₹120 for two
856783,McDonald's Gourmet Burger Collection,https://www.swiggy.com/dapi/menu/pl?restaurantId=856783,chennai,Ambattur,"Burgers, Beverages, Cafe, Desserts",4.5,62,1,0,₹400 for two
856782,McCafe by McDonald's,https://www.swiggy.com/dapi/menu/pl?restaurantId=856782,chennai,Ambattur,"Beverages, Desserts",4.7,14,1,0,₹250 for two
1286142,Pizza Hut,https://www.swiggy.com/dapi/menu/pl?restaurantId=1286142,chennai,Ambattur OT Trade,Pizzas,4.1,138,1,0,₹350 for two
906343,KFC,https://www.swiggy.com/dapi/menu/pl?restaurantId=906343,chennai,Ayapakkam,"Burgers, Fast Food, Rolls & Wraps",4.4,2.1K+,1,0,₹400 for two
856781,McDonald's,https://www.swiggy.com/dapi/menu/pl?restaurantId=856781,chennai,Ambattur,"Burgers, Beverages, Cafe, Desserts",4.4,3.5K+,1,0,₹400 for two
805285,Burger King,https://www.swiggy.com/dapi/menu/pl?restaurantId=805285,chennai,Thiruvallur,"Burgers, American",4.4,9.0K+,1,0,₹350 for two
1223458,Domino's Pizza,https://www.swiggy.com/dapi/menu/pl?restaurantId=1223458,chennai,Ambattur,"Pizzas, Italian, Pastas, Desserts",4.3,352,1,0,₹400 for two
1167451,Theobroma,https://www.swiggy.com/dapi/menu/pl?restaurantId=1167451,chennai,Kamala Puram,"Bakery, Desserts",4.5,565,1,0,₹400 for two
1191584,Bakingo,https://www.swiggy.com/dapi/menu/pl?restaurantId=1191584,chennai,Cholapuram,"Bakery, Desserts, Beverages, Snacks",4.5,256,1,0,₹299 for two
333174,Wow! Momo,https://www.swiggy.com/dapi/menu/pl?restaurantId=333174,chennai,Ambattur,"Momos, Chinese, fastfood, Asian, Beverages",4.4,8.2K+,1,0,₹300 for two
16237,Pizza Hut,https://www.swiggy.com/dapi/menu/pl?restaurantId=16237,chennai,Mylapore,Pizzas,4.3,21K+,1,0,₹400 for two
17817,KFC,https://www.swiggy.com/dapi/menu/pl?restaurantId=17817,chennai,Nungambakkam,"Burgers, Fast Food, Rolls & Wraps",4.3,31K+,1,0,₹400 for two
93242,McDonald's,https://www.swiggy.com/dapi/menu/pl?restaurantId=93242,chennai,T. Nagar,"Burgers, Beverages, Cafe, Desserts",4.4,27K+,1,0,₹400 for two
24343,Domino's Pizza,https://www.swiggy.com/dapi/menu/pl?restaurantId=24343,chennai,Nungambakkam,"Pizzas, Italian, Pastas, Desserts",4.3,15K+,1,0,₹400 for two
623724,Theobroma,https://www.swiggy.com/dapi/menu/pl?restaurantId=623724,chennai,Nungambakkam,"Bakery, Desserts",4.6,8.2K+,1,0,₹400 for two
9358,Subway,https://www.swiggy.com/dapi/menu/pl?restaurantId=9358,chennai,Thousand lights,"sandwich, Salads, wrap, Healthy Food",4.2,41K+,1,0,₹350 for two
182610,Sante Spa Cuisine,https://www.swiggy.com/dapi/menu/pl?restaurantId=182610,chennai,Thousand Lights,"European, Asian, Italian",4.7,2.8K+,1,0,₹1300 for two
449498,Beyond loaf,https://www.swiggy.com/dapi/menu/pl?restaurantId=449498,chennai,Nungambakkam,Bakery,4.8,1.2K+,1,0,₹300 for two
10834,Basil With A Twist,https://www.swiggy.com/dapi/menu/pl?restaurantId=10834,chennai,Thyagaraya Nagar,"Italian, European",4.6,5.5K+,1,0,₹1500 for two
9058,Sandy's Chocolate Laboratory,https://www.swiggy.com/dapi/menu/pl?restaurantId=9058,chennai,Nungambakkam,"Desserts, American, European",4.5,18K+,1,0,₹700 for two
410277,Wow! Momo,https://www.swiggy.com/dapi/menu/pl?restaurantId=410277,chennai,Nungambakkam,"Momos, Chinese, fastfood, Asian, Beverages",4.4,3.1K+,1,0,₹300 for two
9357,Fruit Shop On Greams Road,https://www.swiggy.com/dapi/menu/pl?restaurantId=9357,chennai,T. Nagar,"Juices, Beverages, Desserts",4.7,17K+,1,0,₹150 for two
9373,Gangotree,https://www.swiggy.com/dapi/menu/pl?restaurantId=9373,chennai,Chennai,"Sweets, Chaat, Desserts, Street Food, Snacks",4.6,40K+,1,0,₹300 for two
12624,Amadora Gourmet Ice Cream,https://www.swiggy.com/dapi/menu/pl?restaurantId=12624,chennai,Nungambakkam,"Ice Cream, Desserts, Cakes & Pastries",4.8,21K+,1,0,₹300 for two
47812,The Belgian Waffle Co.,https://www.swiggy.com/dapi/menu/pl?restaurantId=47812,chennai,Nungambakkam,"Waffle, Desserts, Ice Cream",4.5,11K+,1,0,₹200 for two
121807,The Brownie Studio,https://www.swiggy.com/dapi/menu/pl?restaurantId=121807,chennai,Nungambakkam,"Bakery, Cakes, Desserts, Ice Cream, Sweets",4.5,6.8K+,1,0,₹700 for two
17445,Nithya Amirtham Sweets,https://www.swiggy.com/dapi/menu/pl?restaurantId=17445,chennai,Aminjikarai,"South Indian, Sweets, Chinese, Snacks",4.7,39K+,1,0,₹150 for two
49809,Hot Breads,https://www.swiggy.com/dapi/menu/pl?restaurantId=49809,chennai,Thousand Lights,"Bakery, Desserts",4.7,2.7K+,1,0,₹150 for two
639436,Dum Safar Biryani,https://www.swiggy.com/dapi/menu/pl?restaurantId=639436,chennai,KNK ROAD,"Biryani, Hyderabadi, Kebabs, North Indian, barbeque",4,763,1,0,₹500 for two
501769,Cake Walk,https://www.swiggy.com/dapi/menu/pl?restaurantId=501769,chennai,Nungambakkam,"Cakes & Pastries, Cafe",4.7,1.2K+,1,0,₹500 for two
16237,Pizza Hut,https://www.swiggy.com/dapi/menu/pl?restaurantId=16237,chennai,Mylapore,Pizzas,4.3,21K+,1,0,₹400 for two
17817,KFC,https://www.swiggy.com/dapi/menu/pl?restaurantId=17817,chennai,Nungambakkam,"Burgers, Fast Food, Rolls & Wraps",4.3,31K+,1,0,₹400 for two
93242,McDonald's,https://www.swiggy.com/dapi/menu/pl?restaurantId=93242,chennai,T. Nagar,"Burgers, Beverages, Cafe, Desserts",4.4,27K+,1,0,₹400 for two
24343,Domino's Pizza,https://www.swiggy.com/dapi/menu/pl?restaurantId=24343,chennai,Nungambakkam,"Pizzas, Italian, Pastas, Desserts",4.3,15K+,1,0,₹400 for two
1211971,Bakingo,https://www.swiggy.com/dapi/menu/pl?restaurantId=1211971,chennai,6th Street,"Bakery, Desserts, Beverages, Snacks",4.7,480,1,0,₹299 for two
623724,Theobroma,https://www.swiggy.com/dapi/menu/pl?restaurantId=623724,chennai,Nungambakkam,"Bakery, Desserts",4.6,8.2K+,1,0,₹400 for two
9358,Subway,https://www.swiggy.com/dapi/menu/pl?restaurantId=9358,chennai,Thousand lights,"sandwich, Salads, wrap, Healthy Food",4.2,41K+,1,0,₹350 for two
16141,Moonlight Takeaway & Delivery,https://www.swiggy.com/dapi/menu/pl?restaurantId=16141,chennai,T. Nagar,"Indian, Chinese, Tandoor",4.1,98K+,1,0,₹250 for two
16237,Pizza Hut,https://www.swiggy.com/dapi/menu/pl?restaurantId=16237,chennai,Mylapore,Pizzas,4.3,21K+,1,0,₹400 for two
17817,KFC,https://www.swiggy.com/dapi/menu/pl?restaurantId=17817,chennai,Nungambakkam,"Burgers, Fast Food, Rolls & Wraps",4.3,31K+,1,0,₹400 for two
93242,McDonald's,https://www.swiggy.com/dapi/menu/pl?restaurantId=93242,chennai,T. Nagar,"Burgers, Beverages, Cafe, Desserts",4.4,27K+,1,0,₹400 for two
24343,Domino's Pizza,https://www.swiggy.com/dapi/menu/pl?restaurantId=24343,chennai,Nungambakkam,"Pizzas, Italian, Pastas, Desserts",4.3,15K+,1,0,₹400 for two
623724,Theobroma,https://www.swiggy.com/dapi/menu/pl?restaurantId=623724,chennai,Nungambakkam,"Bakery, Desserts",4.6,8.2K+,1,0,₹400 for two
9358,Subway,https://www.swiggy.com/dapi/menu/pl?restaurantId=9358,chennai,Thousand lights,"sandwich, Salads, wrap, Healthy Food",4.2,41K+,1,0,₹350 for two
182610,Sante Spa Cuisine,https://www.swiggy.com/dapi/menu/pl?restaurantId=182610,chennai,Thousand Lights,"European, Asian, Italian",4.7,2.8K+,1,0,₹1300 for two
449498,Beyond loaf,https://www.swiggy.com/dapi/menu/pl?restaurantId=449498,chennai,Nungambakkam,Bakery,4.8,1.2K+,1,0,₹300 for two
10834,Basil With A Twist,https://www.swiggy.com/dapi/menu/pl?restaurantId=10834,chennai,Thyagaraya Nagar,"Italian, European",4.6,5.5K+,1,0,₹1500 for two
9058,Sandy's Chocolate Laboratory,https://www.swiggy.com/dapi/menu/pl?restaurantId=9058,chennai,Nungambakkam,"Desserts, American, European",4.5,18K+,1,0,₹700 for two
410277,Wow! Momo,https://www.swiggy.com/dapi/menu/pl?restaurantId=410277,chennai,Nungambakkam,"Momos, Chinese, fastfood, Asian, Beverages",4.4,3.1K+,1,0,₹300 for two
9357,Fruit Shop On Greams Road,https://www.swiggy.com/dapi/menu/pl?restaurantId=9357,chennai,T. Nagar,"Juices, Beverages, Desserts",4.7,17K+,1,0,₹150 for two
9373,Gangotree,https://www.swiggy.com/dapi/menu/pl?restaurantId=9373,chennai,Chennai,"Sweets, Chaat, Desserts, Street Food, Snacks",4.6,40K+,1,0,₹300 for two
12624,Amadora Gourmet Ice Cream,https://www.swiggy.com/dapi/menu/pl?restaurantId=12624,chennai,Nungambakkam,"Ice Cream, Desserts, Cakes & Pastries",4.8,21K+,1,0,₹300 for two
47812,The Belgian Waffle Co.,https://www.swiggy.com/dapi/menu/pl?restaurantId=47812,chennai,Nungambakkam,"Waffle, Desserts, Ice Cream",4.5,11K+,1,0,₹200 for two
7776,The Kati Roll Shop,https://www.swiggy.com/dapi/menu/pl?restaurantId=7776,chennai,Mylapore,Street Food,4.4,41K+,1,0,₹250 for two
241959,Perambur Sri Srinivasa Sweets & Snacks,https://www.swiggy.com/dapi/menu/pl?restaurantId=241959,chennai,Kodambakkam,Sweets,4.7,3.2K+,1,0,₹300 for two
121807,The Brownie Studio,https://www.swiggy.com/dapi/menu/pl?restaurantId=121807,chennai,Nungambakkam,"Bakery, Cakes, Desserts, Ice Cream, Sweets",4.5,6.8K+,1,0,₹700 for two
17445,Nithya Amirtham Sweets,https://www.swiggy.com/dapi/menu/pl?restaurantId=17445,chennai,Aminjikarai,"South Indian, Sweets, Chinese, Snacks",4.7,39K+,1,0,₹150 for two
49809,Hot Breads,https://www.swiggy.com/dapi/menu/pl?restaurantId=49809,chennai,Thousand Lights,"Bakery, Desserts",4.7,2.7K+,1,0,₹150 for two
16237,Pizza Hut,https://www.swiggy.com/dapi/menu/pl?restaurantId=16237,chennai,Mylapore,Pizzas,4.3,21K+,1,0,₹400 for two
17817,KFC,https://www.swiggy.com/dapi/menu/pl?restaurantId=17817,chennai,Nungambakkam,"Burgers, Fast Food, Rolls & Wraps",4.3,31K+,1,0,₹400 for two
93242,McDonald's,https://www.swiggy.com/dapi/menu/pl?restaurantId=93242,chennai,T. Nagar,"Burgers, Beverages, Cafe, Desserts",4.4,27K+,1,0,₹400 for two
24343,Domino's Pizza,https://www.swiggy.com/dapi/menu/pl?restaurantId=24343,chennai,Nungambakkam,"Pizzas, Italian, Pastas, Desserts",4.3,15K+,1,0,₹400 for two
1211971,Bakingo,https://www.swiggy.com/dapi/menu/pl?restaurantId=1211971,chennai,6th Street,"Bakery, Desserts, Beverages, Snacks",4.7,480,1,0,₹299 for two
623724,Theobroma,https://www.swiggy.com/dapi/menu/pl?restaurantId=623724,chennai,Nungambakkam,"Bakery, Desserts",4.6,8.2K+,1,0,₹400 for two
9358,Subway,https://www.swiggy.com/dapi/menu/pl?restaurantId=9358,chennai,Thousand lights,"sandwich, Salads, wrap, Healthy Food",4.2,41K+,1,0,₹350 for two
16141,Moonlight Takeaway & Delivery,https://www.swiggy.com/dapi/menu/pl?restaurantId=16141,chennai,T. Nagar,"Indian, Chinese, Tandoor",4.1,98K+,1,0,₹250 for two
405476,Pizza Hut,https://www.swiggy.com/dapi/menu/pl?restaurantId=405476,chennai,Perambur,Pizzas,4.2,10K+,1,0,₹300 for two
26677,KFC,https://www.swiggy.com/dapi/menu/pl?restaurantId=26677,chennai,Perambur,"Burgers, Fast Food, Rolls & Wraps",4.3,35K+,1,0,₹400 for two
518645,Burger King,https://www.swiggy.com/dapi/menu/pl?restaurantId=518645,chennai,Perambur,"Burgers, American",4.3,24K+,1,0,₹350 for two
25754,Domino's Pizza,https://www.swiggy.com/dapi/menu/pl?restaurantId=25754,chennai,Ponniammanmedu,"Pizzas, Italian, Pastas, Desserts",4.4,21K+,1,0,₹400 for two
248684,Perambur Sri Srinivasa Sweets & Snacks,https://www.swiggy.com/dapi/menu/pl?restaurantId=248684,chennai,Perambur,Sweets,4.7,2.3K+,1,0,₹300 for two
656474,Wow! Momo,https://www.swiggy.com/dapi/menu/pl?restaurantId=656474,chennai,Chennai Corp,"Momos, Chinese, fastfood, Asian, Beverages",4.1,3.6K+,1,0,₹300 for two
716649,The Brownie Studio,https://www.swiggy.com/dapi/menu/pl?restaurantId=716649,chennai,Vidya Nagar,"Bakery, Cakes, Desserts, Ice Cream, Sweets",4.4,1.5K+,1,0,₹700 for two
388800,Grameen Kulfi,https://www.swiggy.com/dapi/menu/pl?restaurantId=388800,chennai,Perambur,"Ice Cream, Desserts",4.8,915,1,0,₹120 for two
806620,Wow! Chicken By Wow! Momo,https://www.swiggy.com/dapi/menu/pl?restaurantId=806620,chennai,Aynavaram,"Burger, Biryani, American, fastfood",3.7,2.5K+,1,0,₹300 for two
573360,Chinese Wok,https://www.swiggy.com/dapi/menu/pl?restaurantId=573360,chennai,Perambur,"Chinese, Asian, Tibetan, Desserts",4.3,3.7K+,1,0,₹250 for two
31822,A2B - Adyar Ananda Bhavan,https://www.swiggy.com/dapi/menu/pl?restaurantId=31822,chennai,Perambur,"South Indian, Sweets, Chinese",4.5,74K+,1,0,₹300 for two
573338,The Momo Co.,https://www.swiggy.com/dapi/menu/pl?restaurantId=573338,chennai,Perambur,"Chinese, Asian, Tibetan, Desserts",3.8,316,1,0,₹250 for two
656606,Subway,https://www.swiggy.com/dapi/menu/pl?restaurantId=656606,chennai,Perambur,"sandwich, Salads, wrap, Healthy Food",4.3,5.3K+,1,0,₹350 for two
490013,The Belgian Waffle Co.,https://www.swiggy.com/dapi/menu/pl?restaurantId=490013,chennai,70 Feet Road,"Waffle, Desserts, Ice Cream",4.5,2.9K+,1,0,₹200 for two
609532,Madno - House of Sundaes and Waffles,https://www.swiggy.com/dapi/menu/pl?restaurantId=609532,chennai,Sembium,"Ice Cream, Desserts, Waffle",3.8,288,1,0,₹250 for two
388799,NIC Ice Creams,https://www.swiggy.com/dapi/menu/pl?restaurantId=388799,chennai,Villivakkam,"Ice Cream, Desserts",4.7,4.7K+,1,0,₹120 for two
54020,"Dindigul Thalappakatti - Since 1957
",https://www.swiggy.com/dapi/menu/pl?restaurantId=54020,chennai,Perambur,"Biryani, Barbecue, South Indian, Chinese, North Indian",4.1,31K+,1,0,₹400 for two
806605,Wow! China,https://www.swiggy.com/dapi/menu/pl?restaurantId=806605,chennai,Aynavaram,"Chinese, Asian, fastfood, Beverages, Snacks",3.8,1.0K+,1,0,₹400 for two
58028,PS4 Veg Restaurant (Perambur Sri Srinivasa),https://www.swiggy.com/dapi/menu/pl?restaurantId=58028,chennai,Perambur,South Indian,4.6,57K+,1,0,₹300 for two
23742,McDonald's,https://www.swiggy.com/dapi/menu/pl?restaurantId=23742,chennai,Anna Nagar,"Burgers, Beverages, Cafe, Desserts",4.4,46K+,1,0,₹400 for two
405476,Pizza Hut,https://www.swiggy.com/dapi/menu/pl?restaurantId=405476,chennai,Perambur,Pizzas,4.2,10K+,1,0,₹300 for two
26677,KFC,https://www.swiggy.com/dapi/menu/pl?restaurantId=26677,chennai,Perambur,"Burgers, Fast Food, Rolls & Wraps",4.3,35K+,1,0,₹400 for two
518645,Burger King,https://www.swiggy.com/dapi/menu/pl?restaurantId=518645,chennai,Perambur,"Burgers, American",4.3,24K+,1,0,₹350 for two
25754,Domino's Pizza,https://www.swiggy.com/dapi/menu/pl?restaurantId=25754,chennai,Ponniammanmedu,"Pizzas, Italian, Pastas, Desserts",4.4,21K+,1,0,₹400 for two
111360,Dharani Home Mades,https://www.swiggy.com/dapi/menu/pl?restaurantId=111360,chennai,Perambur,"Snacks, Chaat, Juices, Pizzas",4.1,11K+,1,0,₹200 for two
656606,Subway,https://www.swiggy.com/dapi/menu/pl?restaurantId=656606,chennai,Perambur,"sandwich, Salads, wrap, Healthy Food",4.3,5.3K+,1,0,₹350 for two
46534,Ganga Sweets & Restaurants,https://www.swiggy.com/dapi/menu/pl?restaurantId=46534,chennai,Kolathur,"South Indian, Sweets",4.6,49K+,1,0,₹200 for two
1139338,Shree Anandhaas Sweets & Snacks,https://www.swiggy.com/dapi/menu/pl?restaurantId=1139338,chennai,Kolathur,"Sweets, Snacks, Cafe",4.7,888,1,0,₹250 for two
405476,Pizza Hut,https://www.swiggy.com/dapi/menu/pl?restaurantId=405476,chennai,Perambur,Pizzas,4.2,10K+,1,0,₹300 for two
26677,KFC,https://www.swiggy.com/dapi/menu/pl?restaurantId=26677,chennai,Perambur,"Burgers, Fast Food, Rolls & Wraps",4.3,35K+,1,0,₹400 for two
518645,Burger King,https://www.swiggy.com/dapi/menu/pl?restaurantId=518645,chennai,Perambur,"Burgers, American",4.3,24K+,1,0,₹350 for two
25754,Domino's Pizza,https://www.swiggy.com/dapi/menu/pl?restaurantId=25754,chennai,Ponniammanmedu,"Pizzas, Italian, Pastas, Desserts",4.4,21K+,1,0,₹400 for two
248684,Perambur Sri Srinivasa Sweets & Snacks,https://www.swiggy.com/dapi/menu/pl?restaurantId=248684,chennai,Perambur,Sweets,4.7,2.3K+,1,0,₹300 for two
656474,Wow! Momo,https://www.swiggy.com/dapi/menu/pl?restaurantId=656474,chennai,Chennai Corp,"Momos, Chinese, fastfood, Asian, Beverages",4.1,3.6K+,1,0,₹300 for two
716649,The Brownie Studio,https://www.swiggy.com/dapi/menu/pl?restaurantId=716649,chennai,Vidya Nagar,"Bakery, Cakes, Desserts, Ice Cream, Sweets",4.4,1.5K+,1,0,₹700 for two
388800,Grameen Kulfi,https://www.swiggy.com/dapi/menu/pl?restaurantId=388800,chennai,Perambur,"Ice Cream, Desserts",4.8,915,1,0,₹120 for two
806620,Wow! Chicken By Wow! Momo,https://www.swiggy.com/dapi/menu/pl?restaurantId=806620,chennai,Aynavaram,"Burger, Biryani, American, fastfood",3.7,2.5K+,1,0,₹300 for two
573360,Chinese Wok,https://www.swiggy.com/dapi/menu/pl?restaurantId=573360,chennai,Perambur,"Chinese, Asian, Tibetan, Desserts",4.3,3.7K+,1,0,₹250 for two
31822,A2B - Adyar Ananda Bhavan,https://www.swiggy.com/dapi/menu/pl?restaurantId=31822,chennai,Perambur,"South Indian, Sweets, Chinese",4.5,74K+,1,0,₹300 for two
573338,The Momo Co.,https://www.swiggy.com/dapi/menu/pl?restaurantId=573338,chennai,Perambur,"Chinese, Asian, Tibetan, Desserts",3.8,316,1,0,₹250 for two
656606,Subway,https://www.swiggy.com/dapi/menu/pl?restaurantId=656606,chennai,Perambur,"sandwich, Salads, wrap, Healthy Food",4.3,5.3K+,1,0,₹350 for two
490013,The Belgian Waffle Co.,https://www.swiggy.com/dapi/menu/pl?restaurantId=490013,chennai,70 Feet Road,"Waffle, Desserts, Ice Cream",4.5,2.9K+,1,0,₹200 for two
609532,Madno - House of Sundaes and Waffles,https://www.swiggy.com/dapi/menu/pl?restaurantId=609532,chennai,Sembium,"Ice Cream, Desserts, Waffle",3.8,288,1,0,₹250 for two
388799,NIC Ice Creams,https://www.swiggy.com/dapi/menu/pl?restaurantId=388799,chennai,Villivakkam,"Ice Cream, Desserts",4.7,4.7K+,1,0,₹120 for two
54020,"Dindigul Thalappakatti - Since 1957
",https://www.swiggy.com/dapi/menu/pl?restaurantId=54020,chennai,Perambur,"Biryani, Barbecue, South Indian, Chinese, North Indian",4.1,31K+,1,0,₹400 for two
806605,Wow! China,https://www.swiggy.com/dapi/menu/pl?restaurantId=806605,chennai,Aynavaram,"Chinese, Asian, fastfood, Beverages, Snacks",3.8,1.0K+,1,0,₹400 for two
58028,PS4 Veg Restaurant (Perambur Sri Srinivasa),https://www.swiggy.com/dapi/menu/pl?restaurantId=58028,chennai,Perambur,South Indian,4.6,57K+,1,0,₹300 for two
23742,McDonald's,https://www.swiggy.com/dapi/menu/pl?restaurantId=23742,chennai,Anna Nagar,"Burgers, Beverages, Cafe, Desserts",4.4,46K+,1,0,₹400 for two
405476,Pizza Hut,https://www.swiggy.com/dapi/menu/pl?restaurantId=405476,chennai,Perambur,Pizzas,4.2,10K+,1,0,₹300 for two
26677,KFC,https://www.swiggy.com/dapi/menu/pl?restaurantId=26677,chennai,Perambur,"Burgers, Fast Food, Rolls & Wraps",4.3,35K+,1,0,₹400 for two
518645,Burger King,https://www.swiggy.com/dapi/menu/pl?restaurantId=518645,chennai,Perambur,"Burgers, American",4.3,24K+,1,0,₹350 for two
25754,Domino's Pizza,https://www.swiggy.com/dapi/menu/pl?restaurantId=25754,chennai,Ponniammanmedu,"Pizzas, Italian, Pastas, Desserts",4.4,21K+,1,0,₹400 for two
111360,Dharani Home Mades,https://www.swiggy.com/dapi/menu/pl?restaurantId=111360,chennai,Perambur,"Snacks, Chaat, Juices, Pizzas",4.1,11K+,1,0,₹200 for two
656606,Subway,https://www.swiggy.com/dapi/menu/pl?restaurantId=656606,chennai,Perambur,"sandwich, Salads, wrap, Healthy Food",4.3,5.3K+,1,0,₹350 for two
46534,Ganga Sweets & Restaurants,https://www.swiggy.com/dapi/menu/pl?restaurantId=46534,chennai,Kolathur,"South Indian, Sweets",4.6,49K+,1,0,₹200 for two
1139338,Shree Anandhaas Sweets & Snacks,https://www.swiggy.com/dapi/menu/pl?restaurantId=1139338,chennai,Kolathur,"Sweets, Snacks, Cafe",4.7,888,1,0,₹250 for two
340856,Pizza Hut,https://www.swiggy.com/dapi/menu/pl?restaurantId=340856,hyderabad,Tolichowki,Pizzas,4.4,8.1K+,1,0,₹350 for two
690583,Theobroma,https://www.swiggy.com/dapi/menu/pl?restaurantId=690583,hyderabad,Film Nagar,Desserts,4.4,1.8K+,1,0,₹400 for two
247464,Concu,https://www.swiggy.com/dapi/menu/pl?restaurantId=247464,hyderabad,Film Nagar,"Cafe, Desserts, Beverages",4.7,2.6K+,1,0,₹750 for two
345356,45th Avenue by Karachi Bakery,https://www.swiggy.com/dapi/menu/pl?restaurantId=345356,hyderabad,Jubilee Hills,"Desserts, Bakery, European, Lebanese, Asian, American",4.5,9.6K+,1,0,₹700 for two
35796,Mandi @36,https://www.swiggy.com/dapi/menu/pl?restaurantId=35796,hyderabad,Jubilee Hills,"Arabian, Tandoor, Biryani",4.3,9.8K+,1,0,₹1000 for two
240185,Burger King,https://www.swiggy.com/dapi/menu/pl?restaurantId=240185,hyderabad,Toli Chowki,"Burgers, American",4.3,42K+,1,0,₹350 for two
436045,Bakingo,https://www.swiggy.com/dapi/menu/pl?restaurantId=436045,hyderabad,Tolichowki,Bakery,4.6,8.9K+,1,0,₹300 for two
307200,Cravery,https://www.swiggy.com/dapi/menu/pl?restaurantId=307200,hyderabad,Jubilee Hills,"Italian, American, European, Desserts, Cafe",4.5,2.6K+,1,0,₹700 for two
1387,Flavours of Taj Mahal Hotel,https://www.swiggy.com/dapi/menu/pl?restaurantId=1387,hyderabad,Jubilee Hills,"South Indian, North Indian, Biryani, Snacks",4.6,49K+,1,0,₹400 for two
622359,Labonel Fine Baking,https://www.swiggy.com/dapi/menu/pl?restaurantId=622359,hyderabad,Jubilee Hills,"Desserts, Bakery",4.8,443,1,0,₹1200 for two
82407,Hotel Rumaan,https://www.swiggy.com/dapi/menu/pl?restaurantId=82407,hyderabad,Tolichowki,"Biryani, Chinese, Indian, Kebabs, Tandoor",4.3,50K+,1,0,₹300 for two
643320,Magnolia Bakery,https://www.swiggy.com/dapi/menu/pl?restaurantId=643320,hyderabad,Jubilee Hills,"Bakery, Desserts",4.6,8.2K+,1,0,₹500 for two
96124,Euphoria,https://www.swiggy.com/dapi/menu/pl?restaurantId=96124,hyderabad,Banjara Hills,"Desserts, Bakery",4.6,1.9K+,1,0,₹600 for two
639476,Dum Safar Biryani,https://www.swiggy.com/dapi/menu/pl?restaurantId=639476,hyderabad,JUBLI HILL ALCAZAR,"Biryani, Hyderabadi, Kebabs, North Indian, barbeque",3.7,820,1,0,₹500 for two
681556,LeanCrust Pizza- ThinCrust Experts,https://www.swiggy.com/dapi/menu/pl?restaurantId=681556,hyderabad,Mehdipatnam,"Pizzas, Italian, Desserts",4.5,1.5K+,1,0,₹300 for two
124170,Starbucks Coffee,https://www.swiggy.com/dapi/menu/pl?restaurantId=124170,hyderabad,Jubilee Hills,"Beverages, Cafe, Snacks, Desserts, Bakery, Ice Cream",4.4,6.3K+,1,0,₹400 for two
7004,Almond House,https://www.swiggy.com/dapi/menu/pl?restaurantId=7004,hyderabad,Jubilee Hills,"Sweets, Desserts, Snacks, Beverages",4.7,14K+,1,0,₹500 for two
362655,Paradise Biryani,https://www.swiggy.com/dapi/menu/pl?restaurantId=362655,hyderabad,Jubilee Hills,"Biryani, Kebabs, North Indian, Hyderabadi",4.1,7.2K+,1,0,₹400 for two
681306,GLOBO Ice Creams Of The World,https://www.swiggy.com/dapi/menu/pl?restaurantId=681306,hyderabad,Mehdipatnam,"Ice Cream, Desserts, Bakery",4.5,168,1,0,₹150 for two
740466,Hola Pasta - Fresh Gourmet Pasta,https://www.swiggy.com/dapi/menu/pl?restaurantId=740466,hyderabad,Mehdipatnam,"Pastas, Italian, Desserts, Beverages",4.1,205,1,0,₹250 for two
340856,Pizza Hut,https://www.swiggy.com/dapi/menu/pl?restaurantId=340856,hyderabad,Tolichowki,Pizzas,4.4,8.1K+,1,0,₹350 for two
1111967,Mealy - Your Everyday Meal,https://www.swiggy.com/dapi/menu/pl?restaurantId=1111967,hyderabad,Banjarahills,"North Indian, Beverages, Street Food",4.2,35,1,0,₹200 for two
690583,Theobroma,https://www.swiggy.com/dapi/menu/pl?restaurantId=690583,hyderabad,Film Nagar,Desserts,4.4,1.8K+,1,0,₹400 for two
93740,Maharaja Chat and Foods,https://www.swiggy.com/dapi/menu/pl?restaurantId=93740,hyderabad,Madhapur,Fast Food,4.4,17K+,1,0,₹200 for two
353915,Bakewell Cake House,https://www.swiggy.com/dapi/menu/pl?restaurantId=353915,hyderabad,Tolichowki,"Bakery, Pizzas, Cakes, Cakes & Pastries, Burgers",4.6,21K+,1,0,₹100 for two
1037718,Biryani Souq,https://www.swiggy.com/dapi/menu/pl?restaurantId=1037718,hyderabad,Jubilee Hills,"Biryani, Hyderabadi, Kebabs, North Indian, Tandoor, Starters",4.2,3.2K+,1,0,₹600 for two
519468,Samosa Party,https://www.swiggy.com/dapi/menu/pl?restaurantId=519468,hyderabad,Manikonda,"Fast Food, Snacks, Beverages, Chaat, North Indian, Street Food, Sweets, Desserts, Punjabi, Bakery",4.2,4.8K+,1,0,₹150 for two
9966,New Minerva Sweets,https://www.swiggy.com/dapi/menu/pl?restaurantId=9966,hyderabad,Tolichowki,"Sweets, Chaat, Desserts, Beverages, Snacks, Fast Food",4.6,37K+,1,0,₹250 for two
340856,Pizza Hut,https://www.swiggy.com/dapi/menu/pl?restaurantId=340856,hyderabad,Tolichowki,Pizzas,4.4,8.1K+,1,0,₹350 for two
690583,Theobroma,https://www.swiggy.com/dapi/menu/pl?restaurantId=690583,hyderabad,Film Nagar,Desserts,4.4,1.8K+,1,0,₹400 for two
247464,Concu,https://www.swiggy.com/dapi/menu/pl?restaurantId=247464,hyderabad,Film Nagar,"Cafe, Desserts, Beverages",4.7,2.6K+,1,0,₹750 for two
345356,45th Avenue by Karachi Bakery,https://www.swiggy.com/dapi/menu/pl?restaurantId=345356,hyderabad,Jubilee Hills,"Desserts, Bakery, European, Lebanese, Asian, American",4.5,9.6K+,1,0,₹700 for two
35796,Mandi @36,https://www.swiggy.com/dapi/menu/pl?restaurantId=35796,hyderabad,Jubilee Hills,"Arabian, Tandoor, Biryani",4.3,9.8K+,1,0,₹1000 for two
240185,Burger King,https://www.swiggy.com/dapi/menu/pl?restaurantId=240185,hyderabad,Toli Chowki,"Burgers, American",4.3,42K+,1,0,₹350 for two
436045,Bakingo,https://www.swiggy.com/dapi/menu/pl?restaurantId=436045,hyderabad,Tolichowki,Bakery,4.6,8.9K+,1,0,₹300 for two
307200,Cravery,https://www.swiggy.com/dapi/menu/pl?restaurantId=307200,hyderabad,Jubilee Hills,"Italian, American, European, Desserts, Cafe",4.5,2.6K+,1,0,₹700 for two
1387,Flavours of Taj Mahal Hotel,https://www.swiggy.com/dapi/menu/pl?restaurantId=1387,hyderabad,Jubilee Hills,"South Indian, North Indian, Biryani, Snacks",4.6,49K+,1,0,₹400 for two
622359,Labonel Fine Baking,https://www.swiggy.com/dapi/menu/pl?restaurantId=622359,hyderabad,Jubilee Hills,"Desserts, Bakery",4.8,443,1,0,₹1200 for two
82407,Hotel Rumaan,https://www.swiggy.com/dapi/menu/pl?restaurantId=82407,hyderabad,Tolichowki,"Biryani, Chinese, Indian, Kebabs, Tandoor",4.3,50K+,1,0,₹300 for two
643320,Magnolia Bakery,https://www.swiggy.com/dapi/menu/pl?restaurantId=643320,hyderabad,Jubilee Hills,"Bakery, Desserts",4.6,8.2K+,1,0,₹500 for two
96124,Euphoria,https://www.swiggy.com/dapi/menu/pl?restaurantId=96124,hyderabad,Banjara Hills,"Desserts, Bakery",4.6,1.9K+,1,0,₹600 for two
639476,Dum Safar Biryani,https://www.swiggy.com/dapi/menu/pl?restaurantId=639476,hyderabad,JUBLI HILL ALCAZAR,"Biryani, Hyderabadi, Kebabs, North Indian, barbeque",3.7,820,1,0,₹500 for two
681556,LeanCrust Pizza- ThinCrust Experts,https://www.swiggy.com/dapi/menu/pl?restaurantId=681556,hyderabad,Mehdipatnam,"Pizzas, Italian, Desserts",4.5,1.5K+,1,0,₹300 for two
124170,Starbucks Coffee,https://www.swiggy.com/dapi/menu/pl?restaurantId=124170,hyderabad,Jubilee Hills,"Beverages, Cafe, Snacks, Desserts, Bakery, Ice Cream",4.4,6.3K+,1,0,₹400 for two
7004,Almond House,https://www.swiggy.com/dapi/menu/pl?restaurantId=7004,hyderabad,Jubilee Hills,"Sweets, Desserts, Snacks, Beverages",4.7,14K+,1,0,₹500 for two
362655,Paradise Biryani,https://www.swiggy.com/dapi/menu/pl?restaurantId=362655,hyderabad,Jubilee Hills,"Biryani, Kebabs, North Indian, Hyderabadi",4.1,7.2K+,1,0,₹400 for two
681306,GLOBO Ice Creams Of The World,https://www.swiggy.com/dapi/menu/pl?restaurantId=681306,hyderabad,Mehdipatnam,"Ice Cream, Desserts, Bakery",4.5,168,1,0,₹150 for two
740466,Hola Pasta - Fresh Gourmet Pasta,https://www.swiggy.com/dapi/menu/pl?restaurantId=740466,hyderabad,Mehdipatnam,"Pastas, Italian, Desserts, Beverages",4.1,205,1,0,₹250 for two
340856,Pizza Hut,https://www.swiggy.com/dapi/menu/pl?restaurantId=340856,hyderabad,Tolichowki,Pizzas,4.4,8.1K+,1,0,₹350 for two
1111967,Mealy - Your Everyday Meal,https://www.swiggy.com/dapi/menu/pl?restaurantId=1111967,hyderabad,Banjarahills,"North Indian, Beverages, Street Food",4.2,35,1,0,₹200 for two
690583,Theobroma,https://www.swiggy.com/dapi/menu/pl?restaurantId=690583,hyderabad,Film Nagar,Desserts,4.4,1.8K+,1,0,₹400 for two
93740,Maharaja Chat and Foods,https://www.swiggy.com/dapi/menu/pl?restaurantId=93740,hyderabad,Madhapur,Fast Food,4.4,17K+,1,0,₹200 for two
353915,Bakewell Cake House,https://www.swiggy.com/dapi/menu/pl?restaurantId=353915,hyderabad,Tolichowki,"Bakery, Pizzas, Cakes, Cakes & Pastries, Burgers",4.6,21K+,1,0,₹100 for two
1037718,Biryani Souq,https://www.swiggy.com/dapi/menu/pl?restaurantId=1037718,hyderabad,Jubilee Hills,"Biryani, Hyderabadi, Kebabs, North Indian, Tandoor, Starters",4.2,3.2K+,1,0,₹600 for two
519468,Samosa Party,https://www.swiggy.com/dapi/menu/pl?restaurantId=519468,hyderabad,Manikonda,"Fast Food, Snacks, Beverages, Chaat, North Indian, Street Food, Sweets, Desserts, Punjabi, Bakery",4.2,4.8K+,1,0,₹150 for two
9966,New Minerva Sweets,https://www.swiggy.com/dapi/menu/pl?restaurantId=9966,hyderabad,Tolichowki,"Sweets, Chaat, Desserts, Beverages, Snacks, Fast Food",4.6,37K+,1,0,₹250 for two
377795,Pizza Hut,https://www.swiggy.com/dapi/menu/pl?restaurantId=377795,hyderabad,Jubilee Hills,Pizzas,4.5,6.4K+,1,0,₹350 for two
228215,Cafe Niloufer Premium Lounge,https://www.swiggy.com/dapi/menu/pl?restaurantId=228215,hyderabad,Banjara Hills,"Bakery, Beverages, Snacks, Desserts",4.7,53K+,1,0,₹200 for two
345356,45th Avenue by Karachi Bakery,https://www.swiggy.com/dapi/menu/pl?restaurantId=345356,hyderabad,Jubilee Hills,"Desserts, Bakery, European, Lebanese, Asian, American",4.5,9.6K+,1,0,₹700 for two
7004,Almond House,https://www.swiggy.com/dapi/menu/pl?restaurantId=7004,hyderabad,Jubilee Hills,"Sweets, Desserts, Snacks, Beverages",4.7,14K+,1,0,₹500 for two
247464,Concu,https://www.swiggy.com/dapi/menu/pl?restaurantId=247464,hyderabad,Film Nagar,"Cafe, Desserts, Beverages",4.7,2.6K+,1,0,₹750 for two
11698,Burger King,https://www.swiggy.com/dapi/menu/pl?restaurantId=11698,hyderabad,Madhapur,"Burgers, American",4.3,21K+,1,0,₹350 for two
317833,Broadway,https://www.swiggy.com/dapi/menu/pl?restaurantId=317833,hyderabad,Jubilee Hills,"Italian, Indian, Chinese",4.4,5.3K+,1,0,₹800 for two
436045,Bakingo,https://www.swiggy.com/dapi/menu/pl?restaurantId=436045,hyderabad,Tolichowki,Bakery,4.6,8.9K+,1,0,₹300 for two
690583,Theobroma,https://www.swiggy.com/dapi/menu/pl?restaurantId=690583,hyderabad,Film Nagar,Desserts,4.4,1.8K+,1,0,₹400 for two
307200,Cravery,https://www.swiggy.com/dapi/menu/pl?restaurantId=307200,hyderabad,Jubilee Hills,"Italian, American, European, Desserts, Cafe",4.5,2.6K+,1,0,₹700 for two
19303,Van Lavino,https://www.swiggy.com/dapi/menu/pl?restaurantId=19303,hyderabad,Jubilee Hills,"Desserts, European, American",4.6,11K+,1,0,₹800 for two
622359,Labonel Fine Baking,https://www.swiggy.com/dapi/menu/pl?restaurantId=622359,hyderabad,Jubilee Hills,"Desserts, Bakery",4.8,443,1,0,₹1200 for two
35796,Mandi @36,https://www.swiggy.com/dapi/menu/pl?restaurantId=35796,hyderabad,Jubilee Hills,"Arabian, Tandoor, Biryani",4.3,9.8K+,1,0,₹1000 for two
3549,Keshav Reddy Sweets,https://www.swiggy.com/dapi/menu/pl?restaurantId=3549,hyderabad,Banjara Hills,"Sweets, Bakery, Fast Food, pizza, Cakes, Burger, rolls, Street Food",4.5,29K+,1,0,₹150 for two
96124,Euphoria,https://www.swiggy.com/dapi/menu/pl?restaurantId=96124,hyderabad,Banjara Hills,"Desserts, Bakery",4.6,1.9K+,1,0,₹600 for two
643320,Magnolia Bakery,https://www.swiggy.com/dapi/menu/pl?restaurantId=643320,hyderabad,Jubilee Hills,"Bakery, Desserts",4.6,8.2K+,1,0,₹500 for two
124170,Starbucks Coffee,https://www.swiggy.com/dapi/menu/pl?restaurantId=124170,hyderabad,Jubilee Hills,"Beverages, Cafe, Snacks, Desserts, Bakery, Ice Cream",4.4,6.3K+,1,0,₹400 for two
34029,Vellanki Foods,https://www.swiggy.com/dapi/menu/pl?restaurantId=34029,hyderabad,Madhapur,"Sweets, Desserts",4.7,37K+,1,0,₹600 for two
459237,AnTeRa Kitchen And Bar,https://www.swiggy.com/dapi/menu/pl?restaurantId=459237,hyderabad,Jubilee Hills,"Indian, Biryani, Chinese",4.3,10K+,1,0,₹900 for two
355749,Grameen Kulfi,https://www.swiggy.com/dapi/menu/pl?restaurantId=355749,hyderabad,Siddhi Vinayak Nagar,"Ice Cream, Desserts",4.6,962,1,0,₹120 for two
377795,Pizza Hut,https://www.swiggy.com/dapi/menu/pl?restaurantId=377795,hyderabad,Jubilee Hills,Pizzas,4.5,6.4K+,1,0,₹350 for two
1111967,Mealy - Your Everyday Meal,https://www.swiggy.com/dapi/menu/pl?restaurantId=1111967,hyderabad,Banjarahills,"North Indian, Beverages, Street Food",4.2,35,1,0,₹200 for two
738510,Naani'S Pure Veg,https://www.swiggy.com/dapi/menu/pl?restaurantId=738510,hyderabad,Jubilee Hills,"Beverages, South Indian, Chinese",4.5,11K+,1,0,₹200 for two
436045,Bakingo,https://www.swiggy.com/dapi/menu/pl?restaurantId=436045,hyderabad,Tolichowki,Bakery,4.6,8.9K+,1,0,₹300 for two
353915,Bakewell Cake House,https://www.swiggy.com/dapi/menu/pl?restaurantId=353915,hyderabad,Tolichowki,"Bakery, Pizzas, Cakes, Cakes & Pastries, Burgers",4.6,21K+,1,0,₹100 for two
137704,Shadab,https://www.swiggy.com/dapi/menu/pl?restaurantId=137704,hyderabad,Banjara Hills,"North Indian, Chinese, Biryani",4.2,4.2K+,1,0,₹300 for two
228215,Cafe Niloufer Premium Lounge,https://www.swiggy.com/dapi/menu/pl?restaurantId=228215,hyderabad,Banjara Hills,"Bakery, Beverages, Snacks, Desserts",4.7,53K+,1,0,₹200 for two
93740,Maharaja Chat and Foods,https://www.swiggy.com/dapi/menu/pl?restaurantId=93740,hyderabad,Madhapur,Fast Food,4.4,17K+,1,0,₹200 for two
377795,Pizza Hut,https://www.swiggy.com/dapi/menu/pl?restaurantId=377795,hyderabad,Jubilee Hills,Pizzas,4.5,6.4K+,1,0,₹350 for two
345356,45th Avenue by Karachi Bakery,https://www.swiggy.com/dapi/menu/pl?restaurantId=345356,hyderabad,Jubilee Hills,"Desserts, Bakery, European, Lebanese, Asian, American",4.5,9.6K+,1,0,₹700 for two
7004,Almond House,https://www.swiggy.com/dapi/menu/pl?restaurantId=7004,hyderabad,Jubilee Hills,"Sweets, Desserts, Snacks, Beverages",4.7,14K+,1,0,₹500 for two
247464,Concu,https://www.swiggy.com/dapi/menu/pl?restaurantId=247464,hyderabad,Film Nagar,"Cafe, Desserts, Beverages",4.7,2.6K+,1,0,₹750 for two
11698,Burger King,https://www.swiggy.com/dapi/menu/pl?restaurantId=11698,hyderabad,Madhapur,"Burgers, American",4.3,21K+,1,0,₹350 for two
317833,Broadway,https://www.swiggy.com/dapi/menu/pl?restaurantId=317833,hyderabad,Jubilee Hills,"Italian, Indian, Chinese",4.4,5.3K+,1,0,₹800 for two
436045,Bakingo,https://www.swiggy.com/dapi/menu/pl?restaurantId=436045,hyderabad,Tolichowki,Bakery,4.6,8.9K+,1,0,₹300 for two
690583,Theobroma,https://www.swiggy.com/dapi/menu/pl?restaurantId=690583,hyderabad,Film Nagar,Desserts,4.4,1.8K+,1,0,₹400 for two
307200,Cravery,https://www.swiggy.com/dapi/menu/pl?restaurantId=307200,hyderabad,Jubilee Hills,"Italian, American, European, Desserts, Cafe",4.5,2.6K+,1,0,₹700 for two
19303,Van Lavino,https://www.swiggy.com/dapi/menu/pl?restaurantId=19303,hyderabad,Jubilee Hills,"Desserts, European, American",4.6,11K+,1,0,₹800 for two
622359,Labonel Fine Baking,https://www.swiggy.com/dapi/menu/pl?restaurantId=622359,hyderabad,Jubilee Hills,"Desserts, Bakery",4.8,443,1,0,₹1200 for two
1123,Ci Gusta!,https://www.swiggy.com/dapi/menu/pl?restaurantId=1123,hyderabad,Madhapur,"Italian, Desserts, Continental",4.5,9.8K+,1,0,₹700 for two
35796,Mandi @36,https://www.swiggy.com/dapi/menu/pl?restaurantId=35796,hyderabad,Jubilee Hills,"Arabian, Tandoor, Biryani",4.3,9.8K+,1,0,₹1000 for two
3549,Keshav Reddy Sweets,https://www.swiggy.com/dapi/menu/pl?restaurantId=3549,hyderabad,Banjara Hills,"Sweets, Bakery, Fast Food, pizza, Cakes, Burger, rolls, Street Food",4.5,29K+,1,0,₹150 for two
96124,Euphoria,https://www.swiggy.com/dapi/menu/pl?restaurantId=96124,hyderabad,Banjara Hills,"Desserts, Bakery",4.6,1.9K+,1,0,₹600 for two
643320,Magnolia Bakery,https://www.swiggy.com/dapi/menu/pl?restaurantId=643320,hyderabad,Jubilee Hills,"Bakery, Desserts",4.6,8.2K+,1,0,₹500 for two
124170,Starbucks Coffee,https://www.swiggy.com/dapi/menu/pl?restaurantId=124170,hyderabad,Jubilee Hills,"Beverages, Cafe, Snacks, Desserts, Bakery, Ice Cream",4.4,6.3K+,1,0,₹400 for two
34029,Vellanki Foods,https://www.swiggy.com/dapi/menu/pl?restaurantId=34029,hyderabad,Madhapur,"Sweets, Desserts",4.7,37K+,1,0,₹600 for two
459237,AnTeRa Kitchen And Bar,https://www.swiggy.com/dapi/menu/pl?restaurantId=459237,hyderabad,Jubilee Hills,"Indian, Biryani, Chinese",4.3,10K+,1,0,₹900 for two
355749,Grameen Kulfi,https://www.swiggy.com/dapi/menu/pl?restaurantId=355749,hyderabad,Siddhi Vinayak Nagar,"Ice Cream, Desserts",4.6,962,1,0,₹120 for two
377795,Pizza Hut,https://www.swiggy.com/dapi/menu/pl?restaurantId=377795,hyderabad,Jubilee Hills,Pizzas,4.5,6.4K+,1,0,₹350 for two
1111967,Mealy - Your Everyday Meal,https://www.swiggy.com/dapi/menu/pl?restaurantId=1111967,hyderabad,Banjarahills,"North Indian, Beverages, Street Food",4.2,35,1,0,₹200 for two
738510,Naani'S Pure Veg,https://www.swiggy.com/dapi/menu/pl?restaurantId=738510,hyderabad,Jubilee Hills,"Beverages, South Indian, Chinese",4.5,11K+,1,0,₹200 for two
436045,Bakingo,https://www.swiggy.com/dapi/menu/pl?restaurantId=436045,hyderabad,Tolichowki,Bakery,4.6,8.9K+,1,0,₹300 for two
353915,Bakewell Cake House,https://www.swiggy.com/dapi/menu/pl?restaurantId=353915,hyderabad,Tolichowki,"Bakery, Pizzas, Cakes, Cakes & Pastries, Burgers",4.6,21K+,1,0,₹100 for two
137704,Shadab,https://www.swiggy.com/dapi/menu/pl?restaurantId=137704,hyderabad,Banjara Hills,"North Indian, Chinese, Biryani",4.2,4.2K+,1,0,₹300 for two
93740,Maharaja Chat and Foods,https://www.swiggy.com/dapi/menu/pl?restaurantId=93740,hyderabad,Madhapur,Fast Food,4.4,17K+,1,0,₹200 for two
1046983,Sheer Khurma House,https://www.swiggy.com/dapi/menu/pl?restaurantId=1046983,hyderabad,Jubilee Hills,"Beverages, Snacks",4.2,28,1,0,₹250 for two
10492,Pizza Hut,https://www.swiggy.com/dapi/menu/pl?restaurantId=10492,hyderabad,Madhapur,Pizzas,4,30K+,1,0,₹350 for two
278208,Theobroma,https://www.swiggy.com/dapi/menu/pl?restaurantId=278208,hyderabad,Madhapur,"Bakery, Desserts",4.4,4.4K+,1,0,₹400 for two
65665,Roast,https://www.swiggy.com/dapi/menu/pl?restaurantId=65665,hyderabad,Hitech City,"Cafe, Desserts, Coffee",4.5,5.3K+,1,0,₹850 for two
504595,Wow! Momo,https://www.swiggy.com/dapi/menu/pl?restaurantId=504595,hyderabad,Madhapur,"Momos, Chinese, fastfood, Asian, Beverages",4.2,2.8K+,1,0,₹300 for two
34633,Srikanya,https://www.swiggy.com/dapi/menu/pl?restaurantId=34633,hyderabad,Kondapur,"Biryani, Andhra, South Indian",4.3,116K+,1,0,₹400 for two
23695,McDonald's,https://www.swiggy.com/dapi/menu/pl?restaurantId=23695,hyderabad,Madhapur,"Burgers, Beverages, Cafe, Desserts",4.3,102K+,1,0,₹400 for two
756533,KFC,https://www.swiggy.com/dapi/menu/pl?restaurantId=756533,hyderabad,Hitech City,"Burgers, Fast Food, Rolls & Wraps",4.2,8.3K+,1,0,₹400 for two
1123,Ci Gusta!,https://www.swiggy.com/dapi/menu/pl?restaurantId=1123,hyderabad,Madhapur,"Italian, Desserts, Continental",4.5,9.8K+,1,0,₹700 for two
238119,"Faasos - Wraps, Rolls & Shawarma",https://www.swiggy.com/dapi/menu/pl?restaurantId=238119,hyderabad,Madhapur,"Kebabs, Fast Food, Snacks, American, Healthy Food, Desserts, Beverages",3.8,7.2K+,1,0,₹200 for two
96124,Euphoria,https://www.swiggy.com/dapi/menu/pl?restaurantId=96124,hyderabad,Banjara Hills,"Desserts, Bakery",4.6,1.9K+,1,0,₹600 for two
22960,Flying Spaghetti Monster,https://www.swiggy.com/dapi/menu/pl?restaurantId=22960,hyderabad,Jubilee Hills,"Italian, Pizzas, Pastas, Desserts, Beverages",4.4,6.4K+,1,0,₹1200 for two
35796,Mandi @36,https://www.swiggy.com/dapi/menu/pl?restaurantId=35796,hyderabad,Jubilee Hills,"Arabian, Tandoor, Biryani",4.3,9.8K+,1,0,₹1000 for two
34029,Vellanki Foods,https://www.swiggy.com/dapi/menu/pl?restaurantId=34029,hyderabad,Madhapur,"Sweets, Desserts",4.7,37K+,1,0,₹600 for two
3046,Keshav Reddy Sweets,https://www.swiggy.com/dapi/menu/pl?restaurantId=3046,hyderabad,Madhapur,"Sweets, Bakery, Fast Food, pizza, Cakes, Burger, rolls, Street Food",4.5,45K+,1,0,₹150 for two
639476,Dum Safar Biryani,https://www.swiggy.com/dapi/menu/pl?restaurantId=639476,hyderabad,JUBLI HILL ALCAZAR,"Biryani, Hyderabadi, Kebabs, North Indian, barbeque",3.7,820,1,0,₹500 for two
679988,Chaayos Chai+Snacks=Relax,https://www.swiggy.com/dapi/menu/pl?restaurantId=679988,hyderabad,Raheja Mindspace,"Bakery, Beverages, Chaat, Desserts, Home Food, Italian, Maharashtrian, Snacks, Street Food, Sweets",4.5,2.4K+,1,0,₹250 for two
124166,Starbucks Coffee,https://www.swiggy.com/dapi/menu/pl?restaurantId=124166,hyderabad,Hitech City,"Beverages, Cafe, Snacks, Desserts, Bakery, Ice Cream",4.5,4.9K+,1,0,₹400 for two
1205,Blue Fox,https://www.swiggy.com/dapi/menu/pl?restaurantId=1205,hyderabad,Hitech City,"Chinese, Andhra",4.2,12K+,1,0,₹1000 for two
1128,Paradise Biryani,https://www.swiggy.com/dapi/menu/pl?restaurantId=1128,hyderabad,Hitech City,"Biryani, Kebabs, North Indian, Hyderabadi, Rolls & Wraps",4.2,151K+,1,0,₹400 for two
75855,Concu,https://www.swiggy.com/dapi/menu/pl?restaurantId=75855,hyderabad,Jubilee Hills,"Cafe, Desserts, Beverages",4.6,7.1K+,1,0,₹750 for two
10492,Pizza Hut,https://www.swiggy.com/dapi/menu/pl?restaurantId=10492,hyderabad,Madhapur,Pizzas,4,30K+,1,0,₹350 for two
1111966,Mealy - Your Everyday Meal,https://www.swiggy.com/dapi/menu/pl?restaurantId=1111966,hyderabad,Kukatpally,"North Indian, Beverages, Street Food",3.7,11,1,0,₹200 for two
936820,Rajahmundry Srinivasa Mixture Point,https://www.swiggy.com/dapi/menu/pl?restaurantId=936820,hyderabad,Madhapur,"Chaat, Snacks, Beverages, Fast Food, Street Food, Juices, Andhra",4.4,3.0K+,1,0,₹200 for two
93740,Maharaja Chat and Foods,https://www.swiggy.com/dapi/menu/pl?restaurantId=93740,hyderabad,Madhapur,Fast Food,4.4,17K+,1,0,₹200 for two
1050485,Scuzi,https://www.swiggy.com/dapi/menu/pl?restaurantId=1050485,hyderabad,Jubilee Hills,"European, Pizzas, Continental, Burgers, Desserts",4.4,5.2K+,1,0,₹1450 for two
278208,Theobroma,https://www.swiggy.com/dapi/menu/pl?restaurantId=278208,hyderabad,Madhapur,"Bakery, Desserts",4.4,4.4K+,1,0,₹400 for two
633033,Naintara ( By Sri Navtara Bhelpuri ),https://www.swiggy.com/dapi/menu/pl?restaurantId=633033,hyderabad,Madhapur,"Chaat, North Indian, Pizzas, Beverages, Fast Food, Chinese, Snacks",4.4,8.9K+,1,0,₹250 for two
1334447,California Burrito,https://www.swiggy.com/dapi/menu/pl?restaurantId=1334447,hyderabad,Jubilee Hills,"American, Continental, Mexican, Beverages, Grill, Salads, Healthy Food, Keto, Fast Food",4.7,14,1,0,₹250 for two
10492,Pizza Hut,https://www.swiggy.com/dapi/menu/pl?restaurantId=10492,hyderabad,Madhapur,Pizzas,4,30K+,1,0,₹350 for two
278208,Theobroma,https://www.swiggy.com/dapi/menu/pl?restaurantId=278208,hyderabad,Madhapur,"Bakery, Desserts",4.4,4.4K+,1,0,₹400 for two
65665,Roast,https://www.swiggy.com/dapi/menu/pl?restaurantId=65665,hyderabad,Hitech City,"Cafe, Desserts, Coffee",4.5,5.3K+,1,0,₹850 for two
504595,Wow! Momo,https://www.swiggy.com/dapi/menu/pl?restaurantId=504595,hyderabad,Madhapur,"Momos, Chinese, fastfood, Asian, Beverages",4.2,2.8K+,1,0,₹300 for two
34633,Srikanya,https://www.swiggy.com/dapi/menu/pl?restaurantId=34633,hyderabad,Kondapur,"Biryani, Andhra, South Indian",4.3,116K+,1,0,₹400 for two
23695,McDonald's,https://www.swiggy.com/dapi/menu/pl?restaurantId=23695,hyderabad,Madhapur,"Burgers, Beverages, Cafe, Desserts",4.3,102K+,1,0,₹400 for two
756533,KFC,https://www.swiggy.com/dapi/menu/pl?restaurantId=756533,hyderabad,Hitech City,"Burgers, Fast Food, Rolls & Wraps",4.2,8.3K+,1,0,₹400 for two
1123,Ci Gusta!,https://www.swiggy.com/dapi/menu/pl?restaurantId=1123,hyderabad,Madhapur,"Italian, Desserts, Continental",4.5,9.8K+,1,0,₹700 for two
238119,"Faasos - Wraps, Rolls & Shawarma",https://www.swiggy.com/dapi/menu/pl?restaurantId=238119,hyderabad,Madhapur,"Kebabs, Fast Food, Snacks, American, Healthy Food, Desserts, Beverages",3.8,7.2K+,1,0,₹200 for two
96124,Euphoria,https://www.swiggy.com/dapi/menu/pl?restaurantId=96124,hyderabad,Banjara Hills,"Desserts, Bakery",4.6,1.9K+,1,0,₹600 for two
22960,Flying Spaghetti Monster,https://www.swiggy.com/dapi/menu/pl?restaurantId=22960,hyderabad,Jubilee Hills,"Italian, Pizzas, Pastas, Desserts, Beverages",4.4,6.4K+,1,0,₹1200 for two
35796,Mandi @36,https://www.swiggy.com/dapi/menu/pl?restaurantId=35796,hyderabad,Jubilee Hills,"Arabian, Tandoor, Biryani",4.3,9.8K+,1,0,₹1000 for two
34029,Vellanki Foods,https://www.swiggy.com/dapi/menu/pl?restaurantId=34029,hyderabad,Madhapur,"Sweets, Desserts",4.7,37K+,1,0,₹600 for two
3046,Keshav Reddy Sweets,https://www.swiggy.com/dapi/menu/pl?restaurantId=3046,hyderabad,Madhapur,"Sweets, Bakery, Fast Food, pizza, Cakes, Burger, rolls, Street Food",4.5,45K+,1,0,₹150 for two
639476,Dum Safar Biryani,https://www.swiggy.com/dapi/menu/pl?restaurantId=639476,hyderabad,JUBLI HILL ALCAZAR,"Biryani, Hyderabadi, Kebabs, North Indian, barbeque",3.7,820,1,0,₹500 for two
679988,Chaayos Chai+Snacks=Relax,https://www.swiggy.com/dapi/menu/pl?restaurantId=679988,hyderabad,Raheja Mindspace,"Bakery, Beverages, Chaat, Desserts, Home Food, Italian, Maharashtrian, Snacks, Street Food, Sweets",4.5,2.4K+,1,0,₹250 for two
124166,Starbucks Coffee,https://www.swiggy.com/dapi/menu/pl?restaurantId=124166,hyderabad,Hitech City,"Beverages, Cafe, Snacks, Desserts, Bakery, Ice Cream",4.5,4.9K+,1,0,₹400 for two
1205,Blue Fox,https://www.swiggy.com/dapi/menu/pl?restaurantId=1205,hyderabad,Hitech City,"Chinese, Andhra",4.2,12K+,1,0,₹1000 for two
1128,Paradise Biryani,https://www.swiggy.com/dapi/menu/pl?restaurantId=1128,hyderabad,Hitech City,"Biryani, Kebabs, North Indian, Hyderabadi, Rolls & Wraps",4.2,151K+,1,0,₹400 for two
75855,Concu,https://www.swiggy.com/dapi/menu/pl?restaurantId=75855,hyderabad,Jubilee Hills,"Cafe, Desserts, Beverages",4.6,7.1K+,1,0,₹750 for two
10492,Pizza Hut,https://www.swiggy.com/dapi/menu/pl?restaurantId=10492,hyderabad,Madhapur,Pizzas,4,30K+,1,0,₹350 for two
1111966,Mealy - Your Everyday Meal,https://www.swiggy.com/dapi/menu/pl?restaurantId=1111966,hyderabad,Kukatpally,"North Indian, Beverages, Street Food",3.7,11,1,0,₹200 for two
936820,Rajahmundry Srinivasa Mixture Point,https://www.swiggy.com/dapi/menu/pl?restaurantId=936820,hyderabad,Madhapur,"Chaat, Snacks, Beverages, Fast Food, Street Food, Juices, Andhra",4.4,3.0K+,1,0,₹200 for two
93740,Maharaja Chat and Foods,https://www.swiggy.com/dapi/menu/pl?restaurantId=93740,hyderabad,Madhapur,Fast Food,4.4,17K+,1,0,₹200 for two
1050485,Scuzi,https://www.swiggy.com/dapi/menu/pl?restaurantId=1050485,hyderabad,Jubilee Hills,"European, Pizzas, Continental, Burgers, Desserts",4.4,5.2K+,1,0,₹1450 for two
278208,Theobroma,https://www.swiggy.com/dapi/menu/pl?restaurantId=278208,hyderabad,Madhapur,"Bakery, Desserts",4.4,4.4K+,1,0,₹400 for two
633033,Naintara ( By Sri Navtara Bhelpuri ),https://www.swiggy.com/dapi/menu/pl?restaurantId=633033,hyderabad,Madhapur,"Chaat, North Indian, Pizzas, Beverages, Fast Food, Chinese, Snacks",4.4,8.9K+,1,0,₹250 for two
1334447,California Burrito,https://www.swiggy.com/dapi/menu/pl?restaurantId=1334447,hyderabad,Jubilee Hills,"American, Continental, Mexican, Beverages, Grill, Salads, Healthy Food, Keto, Fast Food",4.7,14,1,0,₹250 for two
437301,Pizza Hut,https://www.swiggy.com/dapi/menu/pl?restaurantId=437301,hyderabad,Himayath Nagar,Pizzas,4.5,4.3K+,1,0,₹350 for two
368036,Theobroma,https://www.swiggy.com/dapi/menu/pl?restaurantId=368036,hyderabad,Shivaji Nagar,Desserts,4.6,9.8K+,1,0,₹400 for two
53796,Jaggu Mithai,https://www.swiggy.com/dapi/menu/pl?restaurantId=53796,hyderabad,General Bazar,"Desserts, Biryani, Chaat, Sweets",4.5,55K+,1,0,₹250 for two
8786,Subway,https://www.swiggy.com/dapi/menu/pl?restaurantId=8786,hyderabad,SD Road Rezimental Bazar,"sandwich, Salads, wrap, Healthy Food",4.4,16K+,1,0,₹350 for two
665515,Starbucks Coffee,https://www.swiggy.com/dapi/menu/pl?restaurantId=665515,hyderabad,Karkhana,"Beverages, Cafe, Snacks, Desserts, Bakery, Ice Cream",4.3,1.3K+,1,0,₹400 for two
482701,Concu,https://www.swiggy.com/dapi/menu/pl?restaurantId=482701,hyderabad,Maredpally,"Cafe, Desserts, Beverages",4.6,2.8K+,1,0,₹750 for two
9020,Agra Sweets Banjara,https://www.swiggy.com/dapi/menu/pl?restaurantId=9020,hyderabad,East Nehru Nagar,"Sweets, Desserts, Chaat, Snacks, Beverages",4.5,41K+,1,0,₹250 for two
209311,Almond House,https://www.swiggy.com/dapi/menu/pl?restaurantId=209311,hyderabad,Secunderabad,"Sweets, Desserts, Snacks, Beverages",4.7,10K+,1,0,₹500 for two
693213,KFC,https://www.swiggy.com/dapi/menu/pl?restaurantId=693213,hyderabad,Secunderabad,"Burgers, Fast Food, Rolls & Wraps",4.2,3.5K+,1,0,₹400 for two
23710,McDonald's,https://www.swiggy.com/dapi/menu/pl?restaurantId=23710,hyderabad,SD Road,"Burgers, Beverages, Cafe, Desserts",4.4,63K+,1,0,₹400 for two
183789,Bakingo,https://www.swiggy.com/dapi/menu/pl?restaurantId=183789,hyderabad,Rasool pura,"Bakery, Desserts, Beverages, Snacks",4.7,12K+,1,0,₹300 for two
2770,Flavours of Taj Mahal Hotel,https://www.swiggy.com/dapi/menu/pl?restaurantId=2770,hyderabad,Kalasiguda,"South Indian, North Indian, Biryani, Snacks",4.6,57K+,1,0,₹400 for two
251589,Euphoria,https://www.swiggy.com/dapi/menu/pl?restaurantId=251589,hyderabad,Kharkhana & Trimulgherry,"Desserts, Bakery",4.6,703,1,0,₹600 for two
3916,Grill 9,https://www.swiggy.com/dapi/menu/pl?restaurantId=3916,hyderabad,Kharkhana & Trimulgherry,"Biryani, Chinese, Kebabs, Arabian, Lebanese",4.3,200K+,1,0,₹400 for two
2305,Paradise Biryani,https://www.swiggy.com/dapi/menu/pl?restaurantId=2305,hyderabad,Ramgopalpet,"Biryani, Kebabs, Hyderabadi, Rolls & Wraps",4.5,194K+,1,0,₹400 for two
681598,LeanCrust Pizza- ThinCrust Experts,https://www.swiggy.com/dapi/menu/pl?restaurantId=681598,hyderabad,SINDHI COLONY,"Pizzas, Italian, Desserts",4.5,895,1,0,₹300 for two
62510,Ohri's Cake Nation,https://www.swiggy.com/dapi/menu/pl?restaurantId=62510,hyderabad,SD Road,"Bakery, Desserts, Beverages",4.3,16K+,1,0,₹450 for two
395222,McDonald's Gourmet Burger Collection,https://www.swiggy.com/dapi/menu/pl?restaurantId=395222,hyderabad,Begumpet,"Burgers, Beverages, Cafe, Desserts",4.2,416,1,0,₹600 for two
608720,Wow! Chicken By Wow! Momo,https://www.swiggy.com/dapi/menu/pl?restaurantId=608720,hyderabad,Nallakunta & Vidyanagar,"Burger, Biryani, American, fastfood",3.8,2.2K+,1,0,₹300 for two
28775,Domino's Pizza,https://www.swiggy.com/dapi/menu/pl?restaurantId=28775,hyderabad,Shivaji Nagar,"Pizzas, Italian, Pastas, Desserts",4.3,29K+,1,0,₹400 for two
183789,Bakingo,https://www.swiggy.com/dapi/menu/pl?restaurantId=183789,hyderabad,Rasool pura,"Bakery, Desserts, Beverages, Snacks",4.7,12K+,1,0,₹300 for two
368036,Theobroma,https://www.swiggy.com/dapi/menu/pl?restaurantId=368036,hyderabad,Shivaji Nagar,Desserts,4.6,9.8K+,1,0,₹400 for two
36928,Balaji Dhaba Marredpally,https://www.swiggy.com/dapi/menu/pl?restaurantId=36928,hyderabad,Marredpally,"North Indian, Chinese, Italian, pizza, Pasta, Fast Food, Beverages",4.4,49K+,1,0,₹249 for two
53796,Jaggu Mithai,https://www.swiggy.com/dapi/menu/pl?restaurantId=53796,hyderabad,General Bazar,"Desserts, Biryani, Chaat, Sweets",4.5,55K+,1,0,₹250 for two
491623,Blue Sea,https://www.swiggy.com/dapi/menu/pl?restaurantId=491623,hyderabad,Secunderabad,"Indian, Snacks",4.5,4.9K+,1,0,₹150 for two
22958,Alpha Hotel,https://www.swiggy.com/dapi/menu/pl?restaurantId=22958,hyderabad,Secunderabad,"Biryani, North Indian, Mughlai, Chinese, Desserts, Haleem",4,59K+,1,0,₹250 for two
608718,Wow! Momo,https://www.swiggy.com/dapi/menu/pl?restaurantId=608718,hyderabad,East Maredpally,"Momos, Chinese, fastfood, Asian, Beverages",4.4,2.4K+,1,0,₹300 for two
44934,The Belgian Waffle Co.,https://www.swiggy.com/dapi/menu/pl?restaurantId=44934,hyderabad,Begumpet,"Waffle, Desserts, Ice Cream, Beverages",4.6,12K+,1,0,₹200 for two
437301,Pizza Hut,https://www.swiggy.com/dapi/menu/pl?restaurantId=437301,hyderabad,Himayath Nagar,Pizzas,4.5,4.3K+,1,0,₹350 for two
368036,Theobroma,https://www.swiggy.com/dapi/menu/pl?restaurantId=368036,hyderabad,Shivaji Nagar,Desserts,4.6,9.8K+,1,0,₹400 for two
53796,Jaggu Mithai,https://www.swiggy.com/dapi/menu/pl?restaurantId=53796,hyderabad,General Bazar,"Desserts, Biryani, Chaat, Sweets",4.5,55K+,1,0,₹250 for two
8786,Subway,https://www.swiggy.com/dapi/menu/pl?restaurantId=8786,hyderabad,SD Road Rezimental Bazar,"sandwich, Salads, wrap, Healthy Food",4.4,16K+,1,0,₹350 for two
665515,Starbucks Coffee,https://www.swiggy.com/dapi/menu/pl?restaurantId=665515,hyderabad,Karkhana,"Beverages, Cafe, Snacks, Desserts, Bakery, Ice Cream",4.3,1.3K+,1,0,₹400 for two
482701,Concu,https://www.swiggy.com/dapi/menu/pl?restaurantId=482701,hyderabad,Maredpally,"Cafe, Desserts, Beverages",4.6,2.8K+,1,0,₹750 for two
9020,Agra Sweets Banjara,https://www.swiggy.com/dapi/menu/pl?restaurantId=9020,hyderabad,East Nehru Nagar,"Sweets, Desserts, Chaat, Snacks, Beverages",4.5,41K+,1,0,₹250 for two
209311,Almond House,https://www.swiggy.com/dapi/menu/pl?restaurantId=209311,hyderabad,Secunderabad,"Sweets, Desserts, Snacks, Beverages",4.7,10K+,1,0,₹500 for two
693213,KFC,https://www.swiggy.com/dapi/menu/pl?restaurantId=693213,hyderabad,Secunderabad,"Burgers, Fast Food, Rolls & Wraps",4.2,3.5K+,1,0,₹400 for two
23710,McDonald's,https://www.swiggy.com/dapi/menu/pl?restaurantId=23710,hyderabad,SD Road,"Burgers, Beverages, Cafe, Desserts",4.4,63K+,1,0,₹400 for two
183789,Bakingo,https://www.swiggy.com/dapi/menu/pl?restaurantId=183789,hyderabad,Rasool pura,"Bakery, Desserts, Beverages, Snacks",4.7,12K+,1,0,₹300 for two
2770,Flavours of Taj Mahal Hotel,https://www.swiggy.com/dapi/menu/pl?restaurantId=2770,hyderabad,Kalasiguda,"South Indian, North Indian, Biryani, Snacks",4.6,57K+,1,0,₹400 for two
251589,Euphoria,https://www.swiggy.com/dapi/menu/pl?restaurantId=251589,hyderabad,Kharkhana & Trimulgherry,"Desserts, Bakery",4.6,703,1,0,₹600 for two
3916,Grill 9,https://www.swiggy.com/dapi/menu/pl?restaurantId=3916,hyderabad,Kharkhana & Trimulgherry,"Biryani, Chinese, Kebabs, Arabian, Lebanese",4.3,200K+,1,0,₹400 for two
2348,Blue Fox,https://www.swiggy.com/dapi/menu/pl?restaurantId=2348,hyderabad,SD Road,"Biryani, Chinese, Tandoor",4.4,42K+,1,0,₹800 for two
2305,Paradise Biryani,https://www.swiggy.com/dapi/menu/pl?restaurantId=2305,hyderabad,Ramgopalpet,"Biryani, Kebabs, Hyderabadi, Rolls & Wraps",4.5,194K+,1,0,₹400 for two
681598,LeanCrust Pizza- ThinCrust Experts,https://www.swiggy.com/dapi/menu/pl?restaurantId=681598,hyderabad,SINDHI COLONY,"Pizzas, Italian, Desserts",4.5,895,1,0,₹300 for two
62510,Ohri's Cake Nation,https://www.swiggy.com/dapi/menu/pl?restaurantId=62510,hyderabad,SD Road,"Bakery, Desserts, Beverages",4.3,16K+,1,0,₹450 for two
395222,McDonald's Gourmet Burger Collection,https://www.swiggy.com/dapi/menu/pl?restaurantId=395222,hyderabad,Begumpet,"Burgers, Beverages, Cafe, Desserts",4.2,416,1,0,₹600 for two
608720,Wow! Chicken By Wow! Momo,https://www.swiggy.com/dapi/menu/pl?restaurantId=608720,hyderabad,Nallakunta & Vidyanagar,"Burger, Biryani, American, fastfood",3.8,2.2K+,1,0,₹300 for two
183789,Bakingo,https://www.swiggy.com/dapi/menu/pl?restaurantId=183789,hyderabad,Rasool pura,"Bakery, Desserts, Beverages, Snacks",4.7,12K+,1,0,₹300 for two
368036,Theobroma,https://www.swiggy.com/dapi/menu/pl?restaurantId=368036,hyderabad,Shivaji Nagar,Desserts,4.6,9.8K+,1,0,₹400 for two
36928,Balaji Dhaba Marredpally,https://www.swiggy.com/dapi/menu/pl?restaurantId=36928,hyderabad,Marredpally,"North Indian, Chinese, Italian, pizza, Pasta, Fast Food, Beverages",4.4,49K+,1,0,₹249 for two
53796,Jaggu Mithai,https://www.swiggy.com/dapi/menu/pl?restaurantId=53796,hyderabad,General Bazar,"Desserts, Biryani, Chaat, Sweets",4.5,55K+,1,0,₹250 for two
491623,Blue Sea,https://www.swiggy.com/dapi/menu/pl?restaurantId=491623,hyderabad,Secunderabad,"Indian, Snacks",4.5,4.9K+,1,0,₹150 for two
22958,Alpha Hotel,https://www.swiggy.com/dapi/menu/pl?restaurantId=22958,hyderabad,Secunderabad,"Biryani, North Indian, Mughlai, Chinese, Desserts, Haleem",4,59K+,1,0,₹250 for two
608718,Wow! Momo,https://www.swiggy.com/dapi/menu/pl?restaurantId=608718,hyderabad,East Maredpally,"Momos, Chinese, fastfood, Asian, Beverages",4.4,2.4K+,1,0,₹300 for two
44934,The Belgian Waffle Co.,https://www.swiggy.com/dapi/menu/pl?restaurantId=44934,hyderabad,Begumpet,"Waffle, Desserts, Ice Cream, Beverages",4.6,12K+,1,0,₹200 for two
52760,Pizza Hut,https://www.swiggy.com/dapi/menu/pl?restaurantId=52760,hyderabad,Panjagutta,Pizzas,4.3,4.6K+,1,0,₹350 for two
368036,Theobroma,https://www.swiggy.com/dapi/menu/pl?restaurantId=368036,hyderabad,Shivaji Nagar,Desserts,4.6,9.8K+,1,0,₹400 for two
16571,Subway,https://www.swiggy.com/dapi/menu/pl?restaurantId=16571,hyderabad,SP Road,"sandwich, Salads, wrap, Healthy Food",4.2,15K+,1,0,₹350 for two
608718,Wow! Momo,https://www.swiggy.com/dapi/menu/pl?restaurantId=608718,hyderabad,East Maredpally,"Momos, Chinese, fastfood, Asian, Beverages",4.4,2.4K+,1,0,₹300 for two
510039,Starbucks Coffee,https://www.swiggy.com/dapi/menu/pl?restaurantId=510039,hyderabad,Prakash Nagar,"Beverages, Cafe, Snacks, Desserts, Bakery, Ice Cream",4.4,1.3K+,1,0,₹400 for two
491475,Chinese Wok,https://www.swiggy.com/dapi/menu/pl?restaurantId=491475,hyderabad,Gachibowli,"Chinese, Asian, Tibetan, Desserts",4.1,4.7K+,1,0,₹250 for two
268615,Almond House,https://www.swiggy.com/dapi/menu/pl?restaurantId=268615,hyderabad,Secunderabad,"Sweets, Desserts, Snacks, Beverages",4.7,3.2K+,1,0,₹500 for two
698238,KFC,https://www.swiggy.com/dapi/menu/pl?restaurantId=698238,hyderabad,Secunderabad,"Burgers, Fast Food, Rolls & Wraps",4.2,3.4K+,1,0,₹400 for two
53796,Jaggu Mithai,https://www.swiggy.com/dapi/menu/pl?restaurantId=53796,hyderabad,General Bazar,"Desserts, Biryani, Chaat, Sweets",4.5,55K+,1,0,₹250 for two
92485,"Faasos - Wraps, Rolls & Shawarma",https://www.swiggy.com/dapi/menu/pl?restaurantId=92485,hyderabad,Karkhana,"Kebabs, Fast Food, Snacks, American, Healthy Food, Desserts, Beverages",4.1,11K+,1,0,₹200 for two
183789,Bakingo,https://www.swiggy.com/dapi/menu/pl?restaurantId=183789,hyderabad,Rasool pura,"Bakery, Desserts, Beverages, Snacks",4.7,12K+,1,0,₹300 for two
2770,Flavours of Taj Mahal Hotel,https://www.swiggy.com/dapi/menu/pl?restaurantId=2770,hyderabad,Kalasiguda,"South Indian, North Indian, Biryani, Snacks",4.6,57K+,1,0,₹400 for two
233234,Concu,https://www.swiggy.com/dapi/menu/pl?restaurantId=233234,hyderabad,Begumpet,"Cafe, Desserts, Beverages",4.6,3.3K+,1,0,₹750 for two
9020,Agra Sweets Banjara,https://www.swiggy.com/dapi/menu/pl?restaurantId=9020,hyderabad,East Nehru Nagar,"Sweets, Desserts, Chaat, Snacks, Beverages",4.5,41K+,1,0,₹250 for two
7411,Paradise Biryani,https://www.swiggy.com/dapi/menu/pl?restaurantId=7411,hyderabad,Begumpet,"Biryani, Kebabs, North Indian, Hyderabadi",4.2,112K+,1,0,₹400 for two
681598,LeanCrust Pizza- ThinCrust Experts,https://www.swiggy.com/dapi/menu/pl?restaurantId=681598,hyderabad,SINDHI COLONY,"Pizzas, Italian, Desserts",4.5,895,1,0,₹300 for two
456702,Krispy Kreme - Doughnuts & Coffee,https://www.swiggy.com/dapi/menu/pl?restaurantId=456702,hyderabad,SD Road,"Desserts, Cafe, Bakery, Coffee, Beverages, Snacks",4.3,2.4K+,1,0,₹170 for two
692212,BOOM - Sub Style Sandwiches,https://www.swiggy.com/dapi/menu/pl?restaurantId=692212,hyderabad,SINDHI COLONY,"Snacks, Indian, Desserts",4.1,277,1,0,₹250 for two
482474,Mealful Rolls - India's Biggest Rolls,https://www.swiggy.com/dapi/menu/pl?restaurantId=482474,hyderabad,SINDHI COLONY,"Fast Food, Snacks, North Indian, Desserts",4.4,378,1,0,₹250 for two
616259,"Bhatti Chicken - Grilled, NOT Fried!",https://www.swiggy.com/dapi/menu/pl?restaurantId=616259,hyderabad,SINDHI COLONY,"North Indian, Snacks, Fast Food, Tandoor",4.7,197,1,0,₹250 for two
1111967,Mealy - Your Everyday Meal,https://www.swiggy.com/dapi/menu/pl?restaurantId=1111967,hyderabad,Banjarahills,"North Indian, Beverages, Street Food",4.2,35,1,0,₹200 for two
137704,Shadab,https://www.swiggy.com/dapi/menu/pl?restaurantId=137704,hyderabad,Banjara Hills,"North Indian, Chinese, Biryani",4.2,4.2K+,1,0,₹300 for two
368036,Theobroma,https://www.swiggy.com/dapi/menu/pl?restaurantId=368036,hyderabad,Shivaji Nagar,Desserts,4.6,9.8K+,1,0,₹400 for two
16571,Subway,https://www.swiggy.com/dapi/menu/pl?restaurantId=16571,hyderabad,SP Road,"sandwich, Salads, wrap, Healthy Food",4.2,15K+,1,0,₹350 for two
608718,Wow! Momo,https://www.swiggy.com/dapi/menu/pl?restaurantId=608718,hyderabad,East Maredpally,"Momos, Chinese, fastfood, Asian, Beverages",4.4,2.4K+,1,0,₹300 for two
36928,Balaji Dhaba Marredpally,https://www.swiggy.com/dapi/menu/pl?restaurantId=36928,hyderabad,Marredpally,"North Indian, Chinese, Italian, pizza, Pasta, Fast Food, Beverages",4.4,49K+,1,0,₹249 for two
22958,Alpha Hotel,https://www.swiggy.com/dapi/menu/pl?restaurantId=22958,hyderabad,Secunderabad,"Biryani, North Indian, Mughlai, Chinese, Desserts, Haleem",4,59K+,1,0,₹250 for two
1081794,Samosa Party,https://www.swiggy.com/dapi/menu/pl?restaurantId=1081794,hyderabad,Nallakunta & Vidyanagar,"Fast Food, Snacks, Beverages, Chaat, North Indian, Street Food, Sweets, Desserts, Punjabi, Bakery",4.1,338,1,0,₹150 for two
52760,Pizza Hut,https://www.swiggy.com/dapi/menu/pl?restaurantId=52760,hyderabad,Panjagutta,Pizzas,4.3,4.6K+,1,0,₹350 for two
368036,Theobroma,https://www.swiggy.com/dapi/menu/pl?restaurantId=368036,hyderabad,Shivaji Nagar,Desserts,4.6,9.8K+,1,0,₹400 for two
16571,Subway,https://www.swiggy.com/dapi/menu/pl?restaurantId=16571,hyderabad,SP Road,"sandwich, Salads, wrap, Healthy Food",4.2,15K+,1,0,₹350 for two
608718,Wow! Momo,https://www.swiggy.com/dapi/menu/pl?restaurantId=608718,hyderabad,East Maredpally,"Momos, Chinese, fastfood, Asian, Beverages",4.4,2.4K+,1,0,₹300 for two
510039,Starbucks Coffee,https://www.swiggy.com/dapi/menu/pl?restaurantId=510039,hyderabad,Prakash Nagar,"Beverages, Cafe, Snacks, Desserts, Bakery, Ice Cream",4.4,1.3K+,1,0,₹400 for two
491475,Chinese Wok,https://www.swiggy.com/dapi/menu/pl?restaurantId=491475,hyderabad,Gachibowli,"Chinese, Asian, Tibetan, Desserts",4.1,4.7K+,1,0,₹250 for two
268615,Almond House,https://www.swiggy.com/dapi/menu/pl?restaurantId=268615,hyderabad,Secunderabad,"Sweets, Desserts, Snacks, Beverages",4.7,3.2K+,1,0,₹500 for two
698238,KFC,https://www.swiggy.com/dapi/menu/pl?restaurantId=698238,hyderabad,Secunderabad,"Burgers, Fast Food, Rolls & Wraps",4.2,3.4K+,1,0,₹400 for two
53796,Jaggu Mithai,https://www.swiggy.com/dapi/menu/pl?restaurantId=53796,hyderabad,General Bazar,"Desserts, Biryani, Chaat, Sweets",4.5,55K+,1,0,₹250 for two
92485,"Faasos - Wraps, Rolls & Shawarma",https://www.swiggy.com/dapi/menu/pl?restaurantId=92485,hyderabad,Karkhana,"Kebabs, Fast Food, Snacks, American, Healthy Food, Desserts, Beverages",4.1,11K+,1,0,₹200 for two
183789,Bakingo,https://www.swiggy.com/dapi/menu/pl?restaurantId=183789,hyderabad,Rasool pura,"Bakery, Desserts, Beverages, Snacks",4.7,12K+,1,0,₹300 for two
2770,Flavours of Taj Mahal Hotel,https://www.swiggy.com/dapi/menu/pl?restaurantId=2770,hyderabad,Kalasiguda,"South Indian, North Indian, Biryani, Snacks",4.6,57K+,1,0,₹400 for two
233234,Concu,https://www.swiggy.com/dapi/menu/pl?restaurantId=233234,hyderabad,Begumpet,"Cafe, Desserts, Beverages",4.6,3.3K+,1,0,₹750 for two
9020,Agra Sweets Banjara,https://www.swiggy.com/dapi/menu/pl?restaurantId=9020,hyderabad,East Nehru Nagar,"Sweets, Desserts, Chaat, Snacks, Beverages",4.5,41K+,1,0,₹250 for two
7411,Paradise Biryani,https://www.swiggy.com/dapi/menu/pl?restaurantId=7411,hyderabad,Begumpet,"Biryani, Kebabs, North Indian, Hyderabadi",4.2,112K+,1,0,₹400 for two
681598,LeanCrust Pizza- ThinCrust Experts,https://www.swiggy.com/dapi/menu/pl?restaurantId=681598,hyderabad,SINDHI COLONY,"Pizzas, Italian, Desserts",4.5,895,1,0,₹300 for two
456702,Krispy Kreme - Doughnuts & Coffee,https://www.swiggy.com/dapi/menu/pl?restaurantId=456702,hyderabad,SD Road,"Desserts, Cafe, Bakery, Coffee, Beverages, Snacks",4.3,2.4K+,1,0,₹170 for two
692212,BOOM - Sub Style Sandwiches,https://www.swiggy.com/dapi/menu/pl?restaurantId=692212,hyderabad,SINDHI COLONY,"Snacks, Indian, Desserts",4.1,277,1,0,₹250 for two
482474,Mealful Rolls - India's Biggest Rolls,https://www.swiggy.com/dapi/menu/pl?restaurantId=482474,hyderabad,SINDHI COLONY,"Fast Food, Snacks, North Indian, Desserts",4.4,378,1,0,₹250 for two
616259,"Bhatti Chicken - Grilled, NOT Fried!",https://www.swiggy.com/dapi/menu/pl?restaurantId=616259,hyderabad,SINDHI COLONY,"North Indian, Snacks, Fast Food, Tandoor",4.7,197,1,0,₹250 for two
1111967,Mealy - Your Everyday Meal,https://www.swiggy.com/dapi/menu/pl?restaurantId=1111967,hyderabad,Banjarahills,"North Indian, Beverages, Street Food",4.2,35,1,0,₹200 for two
137704,Shadab,https://www.swiggy.com/dapi/menu/pl?restaurantId=137704,hyderabad,Banjara Hills,"North Indian, Chinese, Biryani",4.2,4.2K+,1,0,₹300 for two
368036,Theobroma,https://www.swiggy.com/dapi/menu/pl?restaurantId=368036,hyderabad,Shivaji Nagar,Desserts,4.6,9.8K+,1,0,₹400 for two
16571,Subway,https://www.swiggy.com/dapi/menu/pl?restaurantId=16571,hyderabad,SP Road,"sandwich, Salads, wrap, Healthy Food",4.2,15K+,1,0,₹350 for two
608718,Wow! Momo,https://www.swiggy.com/dapi/menu/pl?restaurantId=608718,hyderabad,East Maredpally,"Momos, Chinese, fastfood, Asian, Beverages",4.4,2.4K+,1,0,₹300 for two
36928,Balaji Dhaba Marredpally,https://www.swiggy.com/dapi/menu/pl?restaurantId=36928,hyderabad,Marredpally,"North Indian, Chinese, Italian, pizza, Pasta, Fast Food, Beverages",4.4,49K+,1,0,₹249 for two
22958,Alpha Hotel,https://www.swiggy.com/dapi/menu/pl?restaurantId=22958,hyderabad,Secunderabad,"Biryani, North Indian, Mughlai, Chinese, Desserts, Haleem",4,59K+,1,0,₹250 for two
1081794,Samosa Party,https://www.swiggy.com/dapi/menu/pl?restaurantId=1081794,hyderabad,Nallakunta & Vidyanagar,"Fast Food, Snacks, Beverages, Chaat, North Indian, Street Food, Sweets, Desserts, Punjabi, Bakery",4.1,338,1,0,₹150 for two
11094,Pizza Hut,https://www.swiggy.com/dapi/menu/pl?restaurantId=11094,hyderabad,Gachibowli,Pizzas,4.3,17K+,1,0,₹350 for two
345899,Theobroma,https://www.swiggy.com/dapi/menu/pl?restaurantId=345899,hyderabad,Vinayak Nagar,Desserts,4.4,12K+,1,0,₹400 for two
674540,Bakingo,https://www.swiggy.com/dapi/menu/pl?restaurantId=674540,hyderabad,Gachibowli,Bakery,4.7,7.6K+,1,0,₹499 for two
73350,Agra Sweets Banjara,https://www.swiggy.com/dapi/menu/pl?restaurantId=73350,hyderabad,Gachibowli,"Sweets, Desserts, Chaat, Snacks, Beverages",4.3,21K+,1,0,₹250 for two
12156,Subway,https://www.swiggy.com/dapi/menu/pl?restaurantId=12156,hyderabad,Gachibowli,"sandwich, Salads, wrap, Healthy Food",4,26K+,1,0,₹350 for two
565288,Wendy's Burgers,https://www.swiggy.com/dapi/menu/pl?restaurantId=565288,hyderabad,Gachibowli,"Burgers, American, Fast Food, Snacks",4.3,4.5K+,1,0,₹200 for two
634470,Chaayos Chai+Snacks=Relax,https://www.swiggy.com/dapi/menu/pl?restaurantId=634470,hyderabad,Gachibowli,"Bakery, Beverages, Chaat, Desserts, Home Food, Italian, Maharashtrian, Snacks, Street Food, Sweets",4.6,5.6K+,1,0,₹250 for two
34633,Srikanya,https://www.swiggy.com/dapi/menu/pl?restaurantId=34633,hyderabad,Kondapur,"Biryani, Andhra, South Indian",4.3,116K+,1,0,₹400 for two
17100,KFC,https://www.swiggy.com/dapi/menu/pl?restaurantId=17100,hyderabad,Gachibowli,"Burgers, Fast Food, Rolls & Wraps",4,47K+,1,0,₹400 for two
256893,McDonald's,https://www.swiggy.com/dapi/menu/pl?restaurantId=256893,hyderabad,Forest Dept Colony,"Burgers, Beverages, Cafe, Desserts",4.3,29K+,1,0,₹400 for two
259986,Wow! Momo,https://www.swiggy.com/dapi/menu/pl?restaurantId=259986,hyderabad,Gachibowli,"Momos, Chinese, fastfood, Asian, Beverages",4.2,5.8K+,1,0,₹300 for two
227481,Haiku,https://www.swiggy.com/dapi/menu/pl?restaurantId=227481,hyderabad,Gachibowli,"Pan-Asian, Sushi, Chinese, Japanese, Burmese, Salads, Beverages, Thai, Indonesian, Malaysian",4.4,4.1K+,1,0,₹900 for two
622364,Labonel Fine Baking,https://www.swiggy.com/dapi/menu/pl?restaurantId=622364,hyderabad,Gachibowli,"Bakery, Desserts",4.8,607,1,0,₹1200 for two
779181,45th Avenue by Karachi Bakery,https://www.swiggy.com/dapi/menu/pl?restaurantId=779181,hyderabad,Gachibowli 45th Avenue ,"Bakery, Italian",4.5,4.1K+,1,0,₹499 for two
433991,Kadir Nurman - Bonafide Shawarma,https://www.swiggy.com/dapi/menu/pl?restaurantId=433991,hyderabad,Gachibowli,"Arabian, Lebanese, European",4.5,8.0K+,1,0,₹500 for two
694141,Mandi @36,https://www.swiggy.com/dapi/menu/pl?restaurantId=694141,hyderabad,Gachibowli,"Arabian, Tandoor",4.3,2.1K+,1,0,₹1000 for two
56169,Kodi Kura Chitti Gaare,https://www.swiggy.com/dapi/menu/pl?restaurantId=56169,hyderabad,Gachibowli,"Biryani, Andhra, Chinese, South Indian",4.3,46K+,1,0,₹750 for two
244361,Starbucks Coffee,https://www.swiggy.com/dapi/menu/pl?restaurantId=244361,hyderabad,Gachibowli,"Beverages, Cafe, Snacks, Desserts, Bakery, Ice Cream",4.4,7.5K+,1,0,₹400 for two
3551,Keshav Reddy Sweets,https://www.swiggy.com/dapi/menu/pl?restaurantId=3551,hyderabad,Gachibowli,"Sweets, Bakery, fastfood, pizza, Cakes, Burger, rolls, Street Food",4.5,49K+,1,0,₹150 for two
794531,AnTeRa Kitchen and Bar,https://www.swiggy.com/dapi/menu/pl?restaurantId=794531,hyderabad,Gachibowli,"Chinese, Tandoor, Indian, Beverages",4.3,6.7K+,1,0,₹650 for two
11094,Pizza Hut,https://www.swiggy.com/dapi/menu/pl?restaurantId=11094,hyderabad,Gachibowli,Pizzas,4.3,17K+,1,0,₹350 for two
1138455,Mealy - Your Everyday Meal,https://www.swiggy.com/dapi/menu/pl?restaurantId=1138455,hyderabad,Gachibowli,"Street Food, North Indian, Beverages",3.7,3,1,0,₹200 for two
345121,The Nawaabs Restaurant,https://www.swiggy.com/dapi/menu/pl?restaurantId=345121,hyderabad,Gachibowli,"North Indian, Chinese, Biryani",4.2,42K+,1,0,₹400 for two
674540,Bakingo,https://www.swiggy.com/dapi/menu/pl?restaurantId=674540,hyderabad,Gachibowli,Bakery,4.7,7.6K+,1,0,₹499 for two
345899,Theobroma,https://www.swiggy.com/dapi/menu/pl?restaurantId=345899,hyderabad,Vinayak Nagar,Desserts,4.4,12K+,1,0,₹400 for two
1226213,California Burrito,https://www.swiggy.com/dapi/menu/pl?restaurantId=1226213,hyderabad,Nanakramguda,"Mexican, American, Salads, Continental, Keto, Healthy Food, Beverages, Snacks, Desserts, Fast Food",4.7,1.8K+,1,0,₹250 for two
1189354,Naani'S Pure Veg,https://www.swiggy.com/dapi/menu/pl?restaurantId=1189354,hyderabad,Gachibowli,South Indian,4.4,1.2K+,1,0,₹500 for two
804893,Ediths Baking,https://www.swiggy.com/dapi/menu/pl?restaurantId=804893,hyderabad,Gachibowli,Bakery,4.6,1.0K+,1,0,₹500 for two
11094,Pizza Hut,https://www.swiggy.com/dapi/menu/pl?restaurantId=11094,hyderabad,Gachibowli,Pizzas,4.3,17K+,1,0,₹350 for two
345899,Theobroma,https://www.swiggy.com/dapi/menu/pl?restaurantId=345899,hyderabad,Vinayak Nagar,Desserts,4.4,12K+,1,0,₹400 for two
674540,Bakingo,https://www.swiggy.com/dapi/menu/pl?restaurantId=674540,hyderabad,Gachibowli,Bakery,4.7,7.6K+,1,0,₹499 for two
73350,Agra Sweets Banjara,https://www.swiggy.com/dapi/menu/pl?restaurantId=73350,hyderabad,Gachibowli,"Sweets, Desserts, Chaat, Snacks, Beverages",4.3,21K+,1,0,₹250 for two
12156,Subway,https://www.swiggy.com/dapi/menu/pl?restaurantId=12156,hyderabad,Gachibowli,"sandwich, Salads, wrap, Healthy Food",4,26K+,1,0,₹350 for two
565288,Wendy's Burgers,https://www.swiggy.com/dapi/menu/pl?restaurantId=565288,hyderabad,Gachibowli,"Burgers, American, Fast Food, Snacks",4.3,4.5K+,1,0,₹200 for two
634470,Chaayos Chai+Snacks=Relax,https://www.swiggy.com/dapi/menu/pl?restaurantId=634470,hyderabad,Gachibowli,"Bakery, Beverages, Chaat, Desserts, Home Food, Italian, Maharashtrian, Snacks, Street Food, Sweets",4.6,5.6K+,1,0,₹250 for two
34633,Srikanya,https://www.swiggy.com/dapi/menu/pl?restaurantId=34633,hyderabad,Kondapur,"Biryani, Andhra, South Indian",4.3,116K+,1,0,₹400 for two
256893,McDonald's,https://www.swiggy.com/dapi/menu/pl?restaurantId=256893,hyderabad,Forest Dept Colony,"Burgers, Beverages, Cafe, Desserts",4.3,29K+,1,0,₹400 for two
17100,KFC,https://www.swiggy.com/dapi/menu/pl?restaurantId=17100,hyderabad,Gachibowli,"Burgers, Fast Food, Rolls & Wraps",4,47K+,1,0,₹400 for two
259986,Wow! Momo,https://www.swiggy.com/dapi/menu/pl?restaurantId=259986,hyderabad,Gachibowli,"Momos, Chinese, fastfood, Asian, Beverages",4.2,5.8K+,1,0,₹300 for two
227481,Haiku,https://www.swiggy.com/dapi/menu/pl?restaurantId=227481,hyderabad,Gachibowli,"Pan-Asian, Sushi, Chinese, Japanese, Burmese, Salads, Beverages, Thai, Indonesian, Malaysian",4.4,4.1K+,1,0,₹900 for two
622364,Labonel Fine Baking,https://www.swiggy.com/dapi/menu/pl?restaurantId=622364,hyderabad,Gachibowli,"Bakery, Desserts",4.8,607,1,0,₹1200 for two
779181,45th Avenue by Karachi Bakery,https://www.swiggy.com/dapi/menu/pl?restaurantId=779181,hyderabad,Gachibowli 45th Avenue ,"Bakery, Italian",4.5,4.1K+,1,0,₹499 for two
433991,Kadir Nurman - Bonafide Shawarma,https://www.swiggy.com/dapi/menu/pl?restaurantId=433991,hyderabad,Gachibowli,"Arabian, Lebanese, European",4.5,8.0K+,1,0,₹500 for two
694141,Mandi @36,https://www.swiggy.com/dapi/menu/pl?restaurantId=694141,hyderabad,Gachibowli,"Arabian, Tandoor",4.3,2.1K+,1,0,₹1000 for two
56169,Kodi Kura Chitti Gaare,https://www.swiggy.com/dapi/menu/pl?restaurantId=56169,hyderabad,Gachibowli,"Biryani, Andhra, Chinese, South Indian",4.3,46K+,1,0,₹750 for two
244361,Starbucks Coffee,https://www.swiggy.com/dapi/menu/pl?restaurantId=244361,hyderabad,Gachibowli,"Beverages, Cafe, Snacks, Desserts, Bakery, Ice Cream",4.4,7.5K+,1,0,₹400 for two
3551,Keshav Reddy Sweets,https://www.swiggy.com/dapi/menu/pl?restaurantId=3551,hyderabad,Gachibowli,"Sweets, Bakery, fastfood, pizza, Cakes, Burger, rolls, Street Food",4.5,49K+,1,0,₹150 for two
794531,AnTeRa Kitchen and Bar,https://www.swiggy.com/dapi/menu/pl?restaurantId=794531,hyderabad,Gachibowli,"Chinese, Tandoor, Indian, Beverages",4.3,6.7K+,1,0,₹650 for two
11094,Pizza Hut,https://www.swiggy.com/dapi/menu/pl?restaurantId=11094,hyderabad,Gachibowli,Pizzas,4.3,17K+,1,0,₹350 for two
1138455,Mealy - Your Everyday Meal,https://www.swiggy.com/dapi/menu/pl?restaurantId=1138455,hyderabad,Gachibowli,"Street Food, North Indian, Beverages",3.7,3,1,0,₹200 for two
345121,The Nawaabs Restaurant,https://www.swiggy.com/dapi/menu/pl?restaurantId=345121,hyderabad,Gachibowli,"North Indian, Chinese, Biryani",4.2,42K+,1,0,₹400 for two
674540,Bakingo,https://www.swiggy.com/dapi/menu/pl?restaurantId=674540,hyderabad,Gachibowli,Bakery,4.7,7.6K+,1,0,₹499 for two
345899,Theobroma,https://www.swiggy.com/dapi/menu/pl?restaurantId=345899,hyderabad,Vinayak Nagar,Desserts,4.4,12K+,1,0,₹400 for two
1226213,California Burrito,https://www.swiggy.com/dapi/menu/pl?restaurantId=1226213,hyderabad,Nanakramguda,"Mexican, American, Salads, Continental, Keto, Healthy Food, Beverages, Snacks, Desserts, Fast Food",4.7,1.8K+,1,0,₹250 for two
1189354,Naani'S Pure Veg,https://www.swiggy.com/dapi/menu/pl?restaurantId=1189354,hyderabad,Gachibowli,South Indian,4.4,1.2K+,1,0,₹500 for two
804893,Ediths Baking,https://www.swiggy.com/dapi/menu/pl?restaurantId=804893,hyderabad,Gachibowli,Bakery,4.6,1.0K+,1,0,₹500 for two
148964,Pizza Hut,https://www.swiggy.com/dapi/menu/pl?restaurantId=148964,hyderabad,L B Nagar,Pizzas,4.1,13K+,1,0,₹350 for two
699662,Theobroma,https://www.swiggy.com/dapi/menu/pl?restaurantId=699662,hyderabad,Uppal,Desserts,4.6,3.5K+,1,0,₹400 for two
753910,Wow! Momo,https://www.swiggy.com/dapi/menu/pl?restaurantId=753910,hyderabad,UPPAL MANDAL,"Momos, Chinese, fastfood, Asian, Beverages",4.2,1.0K+,1,0,₹300 for two
495452,Chinese Wok,https://www.swiggy.com/dapi/menu/pl?restaurantId=495452,hyderabad,Saroor Nagar West,"Chinese, Asian, Tibetan, Desserts",4,4.4K+,1,0,₹250 for two
707698,KFC,https://www.swiggy.com/dapi/menu/pl?restaurantId=707698,hyderabad,Sahara Estate Gate 2,"Burgers, Fast Food, Rolls & Wraps",4.1,4.4K+,1,0,₹400 for two
42145,Burger King,https://www.swiggy.com/dapi/menu/pl?restaurantId=42145,hyderabad,L B Nagar,"Burgers, American",4.2,64K+,1,0,₹350 for two
32844,McDonald's,https://www.swiggy.com/dapi/menu/pl?restaurantId=32844,hyderabad,Vanasthalipuram,"Burgers, Beverages, Cafe, Desserts",4.3,48K+,1,0,₹400 for two
43794,Hotel Shubham Palace - Dhanturi Group of Hotels,https://www.swiggy.com/dapi/menu/pl?restaurantId=43794,hyderabad,Karmanghat,"Biryani, Chinese, South Indian, North Indian, Tandoor",4.3,34K+,1,0,₹300 for two
726147,Bakingo,https://www.swiggy.com/dapi/menu/pl?restaurantId=726147,hyderabad,Saroornagar,"Bakery, Desserts, Beverages, Snacks",4.6,13K+,1,0,₹299 for two
104667,"Faasos - Wraps, Rolls & Shawarma",https://www.swiggy.com/dapi/menu/pl?restaurantId=104667,hyderabad,Nagolu Enclave,"Kebabs, Fast Food, Snacks, American, Healthy Food, Desserts, Beverages",4,7.9K+,1,0,₹200 for two
4252,Hotel Sitara Grand - Dhanturi Group of hotels,https://www.swiggy.com/dapi/menu/pl?restaurantId=4252,hyderabad,Chandrapuri Colony,"Biryani, Chinese, South Indian, North Indian, Tandoor",4.2,30K+,1,0,₹300 for two
681576,LeanCrust Pizza- ThinCrust Experts,https://www.swiggy.com/dapi/menu/pl?restaurantId=681576,hyderabad,Vanashthalipuram,"Pizzas, Italian, Desserts",4.6,2.5K+,1,0,₹300 for two
460324,Paradise Biryani,https://www.swiggy.com/dapi/menu/pl?restaurantId=460324,hyderabad,Vanasthalipuram,"Biryani, Kebabs, Hyderabadi",4,7.5K+,1,0,₹500 for two
2533,Agra Sweets Banjara,https://www.swiggy.com/dapi/menu/pl?restaurantId=2533,hyderabad,Kharmanghat,"Sweets, Desserts, Chaat, Snacks, Beverages",4.3,24K+,1,0,₹250 for two
60843,Hotel Swagath Grand - Dhanturi Group of Hotels,https://www.swiggy.com/dapi/menu/pl?restaurantId=60843,hyderabad,Meerpet,"Biryani, Chinese, South Indian, Tandoor",4.3,33K+,1,0,₹300 for two
681327,GLOBO Ice Creams Of The World,https://www.swiggy.com/dapi/menu/pl?restaurantId=681327,hyderabad,Vanashthalipuram,"Ice Cream, Desserts, Bakery",4.7,439,1,0,₹150 for two
639489,Dum Safar Biryani,https://www.swiggy.com/dapi/menu/pl?restaurantId=639489,hyderabad,KOTHAPET,"Biryani, Hyderabadi, Kebabs, North Indian, barbeque",3.8,713,1,0,₹500 for two
355757,Grameen Kulfi,https://www.swiggy.com/dapi/menu/pl?restaurantId=355757,hyderabad,Kothapet,"Ice Cream, Desserts",4.7,2.1K+,1,0,₹120 for two
437268,Mealful Rolls - India's Biggest Rolls,https://www.swiggy.com/dapi/menu/pl?restaurantId=437268,hyderabad,Vanasthalipuram,"Fast Food, Snacks, North Indian, Desserts",4.6,622,1,0,₹250 for two
740486,Hola Pasta - Fresh Gourmet Pasta,https://www.swiggy.com/dapi/menu/pl?restaurantId=740486,hyderabad,Vanashthalipuram,"Pastas, Italian, Desserts, Beverages",4.4,281,1,0,₹250 for two
148964,Pizza Hut,https://www.swiggy.com/dapi/menu/pl?restaurantId=148964,hyderabad,L B Nagar,Pizzas,4.1,13K+,1,0,₹350 for two
699662,Theobroma,https://www.swiggy.com/dapi/menu/pl?restaurantId=699662,hyderabad,Uppal,Desserts,4.6,3.5K+,1,0,₹400 for two
726147,Bakingo,https://www.swiggy.com/dapi/menu/pl?restaurantId=726147,hyderabad,Saroornagar,"Bakery, Desserts, Beverages, Snacks",4.6,13K+,1,0,₹299 for two
756786,Sheer Khurma House,https://www.swiggy.com/dapi/menu/pl?restaurantId=756786,hyderabad,Kothapet & Dilsukhnagar,"Biryani, Desserts, Chinese",4.2,862,1,0,₹300 for two
672272,Vajra Indo-Chinese Fooderia,https://www.swiggy.com/dapi/menu/pl?restaurantId=672272,hyderabad,Kothapet & Dilsukhnagar,"Chinese, Fast Food, pizza, Arabian, Beverages",4.2,2.4K+,1,0,₹400 for two
1125890,The Belgian Waffle Co.,https://www.swiggy.com/dapi/menu/pl?restaurantId=1125890,hyderabad,CHAMPAPET,"Waffle, Desserts, Ice Cream, Beverages",4.6,484,1,0,₹200 for two
1157788,Wow! Momo,https://www.swiggy.com/dapi/menu/pl?restaurantId=1157788,hyderabad,LB Nagar Metro Station,"Momos, Chinese, fastfood, Asian, Beverages",4.3,243,1,0,₹300 for two
900981,Samosa Party,https://www.swiggy.com/dapi/menu/pl?restaurantId=900981,hyderabad,Kothapet & Dilsukhnagar,"Fast Food, Snacks, Beverages, Chaat, North Indian, Street Food, Sweets, Desserts, Punjabi, Bakery",4.1,1.0K+,1,0,₹150 for two
148964,Pizza Hut,https://www.swiggy.com/dapi/menu/pl?restaurantId=148964,hyderabad,L B Nagar,Pizzas,4.1,13K+,1,0,₹350 for two
699662,Theobroma,https://www.swiggy.com/dapi/menu/pl?restaurantId=699662,hyderabad,Uppal,Desserts,4.6,3.5K+,1,0,₹400 for two
753910,Wow! Momo,https://www.swiggy.com/dapi/menu/pl?restaurantId=753910,hyderabad,UPPAL MANDAL,"Momos, Chinese, fastfood, Asian, Beverages",4.2,1.0K+,1,0,₹300 for two
495452,Chinese Wok,https://www.swiggy.com/dapi/menu/pl?restaurantId=495452,hyderabad,Saroor Nagar West,"Chinese, Asian, Tibetan, Desserts",4,4.4K+,1,0,₹250 for two
707698,KFC,https://www.swiggy.com/dapi/menu/pl?restaurantId=707698,hyderabad,Sahara Estate Gate 2,"Burgers, Fast Food, Rolls & Wraps",4.1,4.4K+,1,0,₹400 for two
42145,Burger King,https://www.swiggy.com/dapi/menu/pl?restaurantId=42145,hyderabad,L B Nagar,"Burgers, American",4.2,64K+,1,0,₹350 for two
32844,McDonald's,https://www.swiggy.com/dapi/menu/pl?restaurantId=32844,hyderabad,Vanasthalipuram,"Burgers, Beverages, Cafe, Desserts",4.3,48K+,1,0,₹400 for two
43794,Hotel Shubham Palace - Dhanturi Group of Hotels,https://www.swiggy.com/dapi/menu/pl?restaurantId=43794,hyderabad,Karmanghat,"Biryani, Chinese, South Indian, North Indian, Tandoor",4.3,34K+,1,0,₹300 for two
726147,Bakingo,https://www.swiggy.com/dapi/menu/pl?restaurantId=726147,hyderabad,Saroornagar,"Bakery, Desserts, Beverages, Snacks",4.6,13K+,1,0,₹299 for two
104667,"Faasos - Wraps, Rolls & Shawarma",https://www.swiggy.com/dapi/menu/pl?restaurantId=104667,hyderabad,Nagolu Enclave,"Kebabs, Fast Food, Snacks, American, Healthy Food, Desserts, Beverages",4,7.9K+,1,0,₹200 for two
4252,Hotel Sitara Grand - Dhanturi Group of hotels,https://www.swiggy.com/dapi/menu/pl?restaurantId=4252,hyderabad,Chandrapuri Colony,"Biryani, Chinese, South Indian, North Indian, Tandoor",4.2,30K+,1,0,₹300 for two
681576,LeanCrust Pizza- ThinCrust Experts,https://www.swiggy.com/dapi/menu/pl?restaurantId=681576,hyderabad,Vanashthalipuram,"Pizzas, Italian, Desserts",4.6,2.5K+,1,0,₹300 for two
460324,Paradise Biryani,https://www.swiggy.com/dapi/menu/pl?restaurantId=460324,hyderabad,Vanasthalipuram,"Biryani, Kebabs, Hyderabadi",4,7.5K+,1,0,₹500 for two
2533,Agra Sweets Banjara,https://www.swiggy.com/dapi/menu/pl?restaurantId=2533,hyderabad,Kharmanghat,"Sweets, Desserts, Chaat, Snacks, Beverages",4.3,24K+,1,0,₹250 for two
60843,Hotel Swagath Grand - Dhanturi Group of Hotels,https://www.swiggy.com/dapi/menu/pl?restaurantId=60843,hyderabad,Meerpet,"Biryani, Chinese, South Indian, Tandoor",4.3,33K+,1,0,₹300 for two
681327,GLOBO Ice Creams Of The World,https://www.swiggy.com/dapi/menu/pl?restaurantId=681327,hyderabad,Vanashthalipuram,"Ice Cream, Desserts, Bakery",4.7,439,1,0,₹150 for two
639489,Dum Safar Biryani,https://www.swiggy.com/dapi/menu/pl?restaurantId=639489,hyderabad,KOTHAPET,"Biryani, Hyderabadi, Kebabs, North Indian, barbeque",3.8,713,1,0,₹500 for two
355757,Grameen Kulfi,https://www.swiggy.com/dapi/menu/pl?restaurantId=355757,hyderabad,Kothapet,"Ice Cream, Desserts",4.7,2.1K+,1,0,₹120 for two
437268,Mealful Rolls - India's Biggest Rolls,https://www.swiggy.com/dapi/menu/pl?restaurantId=437268,hyderabad,Vanasthalipuram,"Fast Food, Snacks, North Indian, Desserts",4.6,622,1,0,₹250 for two
740486,Hola Pasta - Fresh Gourmet Pasta,https://www.swiggy.com/dapi/menu/pl?restaurantId=740486,hyderabad,Vanashthalipuram,"Pastas, Italian, Desserts, Beverages",4.4,281,1,0,₹250 for two
148964,Pizza Hut,https://www.swiggy.com/dapi/menu/pl?restaurantId=148964,hyderabad,L B Nagar,Pizzas,4.1,13K+,1,0,₹350 for two
699662,Theobroma,https://www.swiggy.com/dapi/menu/pl?restaurantId=699662,hyderabad,Uppal,Desserts,4.6,3.5K+,1,0,₹400 for two
726147,Bakingo,https://www.swiggy.com/dapi/menu/pl?restaurantId=726147,hyderabad,Saroornagar,"Bakery, Desserts, Beverages, Snacks",4.6,13K+,1,0,₹299 for two
756786,Sheer Khurma House,https://www.swiggy.com/dapi/menu/pl?restaurantId=756786,hyderabad,Kothapet & Dilsukhnagar,"Biryani, Desserts, Chinese",4.2,862,1,0,₹300 for two
672272,Vajra Indo-Chinese Fooderia,https://www.swiggy.com/dapi/menu/pl?restaurantId=672272,hyderabad,Kothapet & Dilsukhnagar,"Chinese, Fast Food, pizza, Arabian, Beverages",4.2,2.4K+,1,0,₹400 for two
1125890,The Belgian Waffle Co.,https://www.swiggy.com/dapi/menu/pl?restaurantId=1125890,hyderabad,CHAMPAPET,"Waffle, Desserts, Ice Cream, Beverages",4.6,484,1,0,₹200 for two
1157788,Wow! Momo,https://www.swiggy.com/dapi/menu/pl?restaurantId=1157788,hyderabad,LB Nagar Metro Station,"Momos, Chinese, fastfood, Asian, Beverages",4.3,243,1,0,₹300 for two
900981,Samosa Party,https://www.swiggy.com/dapi/menu/pl?restaurantId=900981,hyderabad,Kothapet & Dilsukhnagar,"Fast Food, Snacks, Beverages, Chaat, North Indian, Street Food, Sweets, Desserts, Punjabi, Bakery",4.1,1.0K+,1,0,₹150 for two
24506,Domino's Pizza,https://www.swiggy.com/dapi/menu/pl?restaurantId=24506,mumbai,Andheri East,"Pizzas, Italian, Pastas, Desserts",4.1,13K+,1,0,₹400 for two
868354,LeanCrust Pizza- ThinCrust Experts,https://www.swiggy.com/dapi/menu/pl?restaurantId=868354,mumbai,Andheri East,"Pizzas, Italian, Desserts",4.2,152,1,0,₹300 for two
868352,BOOM - Sub Style Sandwiches,https://www.swiggy.com/dapi/menu/pl?restaurantId=868352,mumbai,Andheri East,"Snacks, Indian, Desserts",4.5,76,1,0,₹250 for two
868350,"Bhatti Chicken - Grilled, NOT Fried!",https://www.swiggy.com/dapi/menu/pl?restaurantId=868350,mumbai,Andheri East,"Snacks, Fast Food, Tandoor",4.3,34,1,0,₹250 for two
868356,Hola Pasta - Fresh Gourmet Pasta,https://www.swiggy.com/dapi/menu/pl?restaurantId=868356,mumbai,Andheri East,"Pastas, Italian, Desserts, Beverages",3.8,44,1,0,₹250 for two
868347,Mealful Rolls - India's Biggest Rolls,https://www.swiggy.com/dapi/menu/pl?restaurantId=868347,mumbai,Andheri East,"Fast Food, Snacks, Desserts",4.3,95,1,0,₹250 for two
324351,Tossin Pizza,https://www.swiggy.com/dapi/menu/pl?restaurantId=324351,mumbai,Andheri West,"Pizzas, Italian, Beverages, Desserts",4.4,3.1K+,1,0,₹600 for two
868346,Itminaan Matka Biryani - Slow Cooked,https://www.swiggy.com/dapi/menu/pl?restaurantId=868346,mumbai,Andheri East,"Biryani, Mughlai",4.4,74,1,0,₹250 for two
18303,Oven Story Pizza,https://www.swiggy.com/dapi/menu/pl?restaurantId=18303,mumbai,Andheri East,"Pizzas, Pastas, Italian, Desserts, Beverages",4.3,5.6K+,1,0,₹400 for two
868351,"WeFit - Protein Bowls, Salads & Sandwiches",https://www.swiggy.com/dapi/menu/pl?restaurantId=868351,mumbai,Andheri East,"Healthy Food, Salads, Keto, Snacks",4.6,262,1,0,₹250 for two
868345,BOX8 - Desi Meals,https://www.swiggy.com/dapi/menu/pl?restaurantId=868345,mumbai,Andheri East,"Biryani, Thalis, Home Food",4.6,810,1,0,₹200 for two
868355,MOJO Pizza - 2X Toppings,https://www.swiggy.com/dapi/menu/pl?restaurantId=868355,mumbai,Andheri East,"Pizzas, Italian, Fast Food, Desserts",4.4,509,1,0,₹250 for two
868357,Daily Kitchen - Everyday Homely Meals,https://www.swiggy.com/dapi/menu/pl?restaurantId=868357,mumbai,Andheri East,"Home Food, Indian, Thalis",4.6,162,1,0,₹250 for two
868349,ZAZA Mughal Biryani,https://www.swiggy.com/dapi/menu/pl?restaurantId=868349,mumbai,Andheri East,"Biryani, Awadhi",4.2,195,1,0,₹250 for two
868348,NH1 Bowls - Highway To North,https://www.swiggy.com/dapi/menu/pl?restaurantId=868348,mumbai,Andheri East,"Punjabi, Home Food",4.4,282,1,0,₹250 for two
24506,Domino's Pizza,https://www.swiggy.com/dapi/menu/pl?restaurantId=24506,mumbai,Andheri East,"Pizzas, Italian, Pastas, Desserts",4.1,13K+,1,0,₹400 for two
868354,LeanCrust Pizza- ThinCrust Experts,https://www.swiggy.com/dapi/menu/pl?restaurantId=868354,mumbai,Andheri East,"Pizzas, Italian, Desserts",4.2,152,1,0,₹300 for two
1155663,GharSe - Homestyle & Healthy Tiffins,https://www.swiggy.com/dapi/menu/pl?restaurantId=1155663,mumbai,Andheri East,"Biryani, Thalis, Home Food",4.3,62,1,0,₹200 for two
1152110,Zulu's Pizza - Fresh Fanatics,https://www.swiggy.com/dapi/menu/pl?restaurantId=1152110,mumbai,Andheri East,"Pizzas, Italian, Fast Food, Desserts, Beverages",4,62,1,0,₹200 for two
1201377,1881 Dum House: Lucknow's Legacy,https://www.swiggy.com/dapi/menu/pl?restaurantId=1201377,mumbai,Andheri East,"North Indian, Biryani, Awadhi",4.4,72,1,0,₹200 for two
868352,BOOM - Sub Style Sandwiches,https://www.swiggy.com/dapi/menu/pl?restaurantId=868352,mumbai,Andheri East,"Snacks, Indian, Desserts",4.5,76,1,0,₹250 for two
868350,"Bhatti Chicken - Grilled, NOT Fried!",https://www.swiggy.com/dapi/menu/pl?restaurantId=868350,mumbai,Andheri East,"Snacks, Fast Food, Tandoor",4.3,34,1,0,₹250 for two
868356,Hola Pasta - Fresh Gourmet Pasta,https://www.swiggy.com/dapi/menu/pl?restaurantId=868356,mumbai,Andheri East,"Pastas, Italian, Desserts, Beverages",3.8,44,1,0,₹250 for two
24506,Domino's Pizza,https://www.swiggy.com/dapi/menu/pl?restaurantId=24506,mumbai,Andheri East,"Pizzas, Italian, Pastas, Desserts",4.1,13K+,1,0,₹400 for two
868354,LeanCrust Pizza- ThinCrust Experts,https://www.swiggy.com/dapi/menu/pl?restaurantId=868354,mumbai,Andheri East,"Pizzas, Italian, Desserts",4.2,152,1,0,₹300 for two
868352,BOOM - Sub Style Sandwiches,https://www.swiggy.com/dapi/menu/pl?restaurantId=868352,mumbai,Andheri East,"Snacks, Indian, Desserts",4.5,76,1,0,₹250 for two
868350,"Bhatti Chicken - Grilled, NOT Fried!",https://www.swiggy.com/dapi/menu/pl?restaurantId=868350,mumbai,Andheri East,"Snacks, Fast Food, Tandoor",4.3,34,1,0,₹250 for two
868356,Hola Pasta - Fresh Gourmet Pasta,https://www.swiggy.com/dapi/menu/pl?restaurantId=868356,mumbai,Andheri East,"Pastas, Italian, Desserts, Beverages",3.8,44,1,0,₹250 for two
868347,Mealful Rolls - India's Biggest Rolls,https://www.swiggy.com/dapi/menu/pl?restaurantId=868347,mumbai,Andheri East,"Fast Food, Snacks, Desserts",4.3,95,1,0,₹250 for two
324351,Tossin Pizza,https://www.swiggy.com/dapi/menu/pl?restaurantId=324351,mumbai,Andheri West,"Pizzas, Italian, Beverages, Desserts",4.4,3.1K+,1,0,₹600 for two
868346,Itminaan Matka Biryani - Slow Cooked,https://www.swiggy.com/dapi/menu/pl?restaurantId=868346,mumbai,Andheri East,"Biryani, Mughlai",4.4,74,1,0,₹250 for two
18303,Oven Story Pizza,https://www.swiggy.com/dapi/menu/pl?restaurantId=18303,mumbai,Andheri East,"Pizzas, Pastas, Italian, Desserts, Beverages",4.3,5.6K+,1,0,₹400 for two
868351,"WeFit - Protein Bowls, Salads & Sandwiches",https://www.swiggy.com/dapi/menu/pl?restaurantId=868351,mumbai,Andheri East,"Healthy Food, Salads, Keto, Snacks",4.6,262,1,0,₹250 for two
868345,BOX8 - Desi Meals,https://www.swiggy.com/dapi/menu/pl?restaurantId=868345,mumbai,Andheri East,"Biryani, Thalis, Home Food",4.6,810,1,0,₹200 for two
868355,MOJO Pizza - 2X Toppings,https://www.swiggy.com/dapi/menu/pl?restaurantId=868355,mumbai,Andheri East,"Pizzas, Italian, Fast Food, Desserts",4.4,509,1,0,₹250 for two
868357,Daily Kitchen - Everyday Homely Meals,https://www.swiggy.com/dapi/menu/pl?restaurantId=868357,mumbai,Andheri East,"Home Food, Indian, Thalis",4.6,162,1,0,₹250 for two
868349,ZAZA Mughal Biryani,https://www.swiggy.com/dapi/menu/pl?restaurantId=868349,mumbai,Andheri East,"Biryani, Awadhi",4.2,195,1,0,₹250 for two
868348,NH1 Bowls - Highway To North,https://www.swiggy.com/dapi/menu/pl?restaurantId=868348,mumbai,Andheri East,"Punjabi, Home Food",4.4,282,1,0,₹250 for two
24506,Domino's Pizza,https://www.swiggy.com/dapi/menu/pl?restaurantId=24506,mumbai,Andheri East,"Pizzas, Italian, Pastas, Desserts",4.1,13K+,1,0,₹400 for two
868354,LeanCrust Pizza- ThinCrust Experts,https://www.swiggy.com/dapi/menu/pl?restaurantId=868354,mumbai,Andheri East,"Pizzas, Italian, Desserts",4.2,152,1,0,₹300 for two
1155663,GharSe - Homestyle & Healthy Tiffins,https://www.swiggy.com/dapi/menu/pl?restaurantId=1155663,mumbai,Andheri East,"Biryani, Thalis, Home Food",4.3,62,1,0,₹200 for two
1152110,Zulu's Pizza - Fresh Fanatics,https://www.swiggy.com/dapi/menu/pl?restaurantId=1152110,mumbai,Andheri East,"Pizzas, Italian, Fast Food, Desserts, Beverages",4,62,1,0,₹200 for two
1201377,1881 Dum House: Lucknow's Legacy,https://www.swiggy.com/dapi/menu/pl?restaurantId=1201377,mumbai,Andheri East,"North Indian, Biryani, Awadhi",4.4,72,1,0,₹200 for two
868352,BOOM - Sub Style Sandwiches,https://www.swiggy.com/dapi/menu/pl?restaurantId=868352,mumbai,Andheri East,"Snacks, Indian, Desserts",4.5,76,1,0,₹250 for two
868350,"Bhatti Chicken - Grilled, NOT Fried!",https://www.swiggy.com/dapi/menu/pl?restaurantId=868350,mumbai,Andheri East,"Snacks, Fast Food, Tandoor",4.3,34,1,0,₹250 for two
868356,Hola Pasta - Fresh Gourmet Pasta,https://www.swiggy.com/dapi/menu/pl?restaurantId=868356,mumbai,Andheri East,"Pastas, Italian, Desserts, Beverages",3.8,44,1,0,₹250 for two
643144,Pizza Hut,https://www.swiggy.com/dapi/menu/pl?restaurantId=643144,mumbai,Mahim West,Pizzas,4.2,1.9K+,1,0,₹350 for two
23756,McDonald's,https://www.swiggy.com/dapi/menu/pl?restaurantId=23756,mumbai,"Kadamba Kudpi House,V.P Road","Burgers, Beverages, Cafe, Desserts",4.5,49K+,1,0,₹400 for two
656188,Burger King,https://www.swiggy.com/dapi/menu/pl?restaurantId=656188,mumbai,Bandra west,"Burgers, American",4.1,4.9K+,1,0,₹350 for two
24525,Domino's Pizza,https://www.swiggy.com/dapi/menu/pl?restaurantId=24525,mumbai,Khar West,"Pizzas, Italian, Pastas, Desserts",4.2,17K+,1,0,₹400 for two
650940,Mer Konfekt,https://www.swiggy.com/dapi/menu/pl?restaurantId=650940,mumbai,Bandra West,Bakery,4.8,817,1,0,₹300 for two
204959,Royce' Chocolate,https://www.swiggy.com/dapi/menu/pl?restaurantId=204959,mumbai,Bandra West,Desserts,4.9,1.4K+,1,0,₹750 for two
844425,Mag St. Bread Co,https://www.swiggy.com/dapi/menu/pl?restaurantId=844425,mumbai,Bandra West,"Bakery, Desserts",4.6,420,1,0,₹800 for two
489610,Blue Tokai Coffee Roasters,https://www.swiggy.com/dapi/menu/pl?restaurantId=489610,mumbai,Khar West,"Cafe, Coffee, Beverages",4.7,3.1K+,1,0,₹600 for two
378292,Theobroma,https://www.swiggy.com/dapi/menu/pl?restaurantId=378292,mumbai,Pali Hill,"Bakery, Desserts",4.7,11K+,1,0,₹400 for two
133422,Maiz Mexican Kitchen,https://www.swiggy.com/dapi/menu/pl?restaurantId=133422,mumbai,Khar,Mexican,4.7,7.8K+,1,0,₹600 for two
340371,1441 Pizzeria,https://www.swiggy.com/dapi/menu/pl?restaurantId=340371,mumbai,Pali Hill,"Italian, Pizzas, Pastas",4.3,3.2K+,1,0,₹500 for two
746101,Bombay Sweet Shop,https://www.swiggy.com/dapi/menu/pl?restaurantId=746101,mumbai,Darvesh Royale,"Sweets, Desserts, Snacks",4.7,2.3K+,1,0,₹700 for two
337609,Nino Burgers,https://www.swiggy.com/dapi/menu/pl?restaurantId=337609,mumbai,Bandra West,"Burgers, Fast Food, American",4.3,4.6K+,1,0,₹500 for two
9178,Sweet Bengal,https://www.swiggy.com/dapi/menu/pl?restaurantId=9178,mumbai,Bandra West,"Sweets, Indian, Snacks, Desserts",4.8,9.6K+,1,0,₹150 for two
27180,Le 15 Patisserie,https://www.swiggy.com/dapi/menu/pl?restaurantId=27180,mumbai,Bandra West,"Desserts, Bakery, Cakes & Pastries",4.8,7.4K+,1,0,₹700 for two
35349,Bina's Fresh Batch Ice Cream,https://www.swiggy.com/dapi/menu/pl?restaurantId=35349,mumbai,Bandra West,"Desserts, Ice Cream",4.5,574,1,0,₹1000 for two
338324,"Faasos - Wraps, Rolls & Shawarma",https://www.swiggy.com/dapi/menu/pl?restaurantId=338324,mumbai,Patkar Blocks,"Kebabs, Fast Food, Snacks, American, Healthy Food, Desserts, Beverages",4.3,3.4K+,1,0,₹200 for two
170435,Good Flippin' Burgers,https://www.swiggy.com/dapi/menu/pl?restaurantId=170435,mumbai,Bandra West,"Burgers, American, Fast Food, Beverages",4.6,10K+,1,0,₹600 for two
819551,LeanCrust Pizza- ThinCrust Experts,https://www.swiggy.com/dapi/menu/pl?restaurantId=819551,mumbai,Bandra,"Pizzas, Italian, Desserts",4.6,424,1,0,₹300 for two
375589,Gourmet Ice Cream Cakes by Baskin Robbins,https://www.swiggy.com/dapi/menu/pl?restaurantId=375589,mumbai,Mahim Dadar,"Ice Cream Cakes, Desserts, Ice Cream, Bakery",4.8,65,1,0,₹250 for two
643144,Pizza Hut,https://www.swiggy.com/dapi/menu/pl?restaurantId=643144,mumbai,Mahim West,Pizzas,4.2,1.9K+,1,0,₹350 for two
816077,Cremure,https://www.swiggy.com/dapi/menu/pl?restaurantId=816077,mumbai,Bandra West,"Bakery, Desserts, Waffle, Beverages",4.6,3.5K+,1,0,₹400 for two
23756,McDonald's,https://www.swiggy.com/dapi/menu/pl?restaurantId=23756,mumbai,"Kadamba Kudpi House,V.P Road","Burgers, Beverages, Cafe, Desserts",4.5,49K+,1,0,₹400 for two
656188,Burger King,https://www.swiggy.com/dapi/menu/pl?restaurantId=656188,mumbai,Bandra west,"Burgers, American",4.1,4.9K+,1,0,₹350 for two
24525,Domino's Pizza,https://www.swiggy.com/dapi/menu/pl?restaurantId=24525,mumbai,Khar West,"Pizzas, Italian, Pastas, Desserts",4.2,17K+,1,0,₹400 for two
436640,Guru Kripa Pani Puri Bandra,https://www.swiggy.com/dapi/menu/pl?restaurantId=436640,mumbai,Bandra West,"Snacks, Indian, Sweets, Chaat",4.5,8.4K+,1,0,₹100 for two
650940,Mer Konfekt,https://www.swiggy.com/dapi/menu/pl?restaurantId=650940,mumbai,Bandra West,Bakery,4.8,817,1,0,₹300 for two
793516,Breadsmith by Food Square,https://www.swiggy.com/dapi/menu/pl?restaurantId=793516,mumbai,Bandra West,"Bakery, Mexican, Desserts, Coffee, Juices",4.6,451,1,0,₹600 for two
643144,Pizza Hut,https://www.swiggy.com/dapi/menu/pl?restaurantId=643144,mumbai,Mahim West,Pizzas,4.2,1.9K+,1,0,₹350 for two
23756,McDonald's,https://www.swiggy.com/dapi/menu/pl?restaurantId=23756,mumbai,"Kadamba Kudpi House,V.P Road","Burgers, Beverages, Cafe, Desserts",4.5,49K+,1,0,₹400 for two
656188,Burger King,https://www.swiggy.com/dapi/menu/pl?restaurantId=656188,mumbai,Bandra west,"Burgers, American",4.1,4.9K+,1,0,₹350 for two
24525,Domino's Pizza,https://www.swiggy.com/dapi/menu/pl?restaurantId=24525,mumbai,Khar West,"Pizzas, Italian, Pastas, Desserts",4.2,17K+,1,0,₹400 for two
650940,Mer Konfekt,https://www.swiggy.com/dapi/menu/pl?restaurantId=650940,mumbai,Bandra West,Bakery,4.8,817,1,0,₹300 for two
204959,Royce' Chocolate,https://www.swiggy.com/dapi/menu/pl?restaurantId=204959,mumbai,Bandra West,Desserts,4.9,1.4K+,1,0,₹750 for two
844425,Mag St. Bread Co,https://www.swiggy.com/dapi/menu/pl?restaurantId=844425,mumbai,Bandra West,"Bakery, Desserts",4.6,420,1,0,₹800 for two
489610,Blue Tokai Coffee Roasters,https://www.swiggy.com/dapi/menu/pl?restaurantId=489610,mumbai,Khar West,"Cafe, Coffee, Beverages",4.7,3.1K+,1,0,₹600 for two
378292,Theobroma,https://www.swiggy.com/dapi/menu/pl?restaurantId=378292,mumbai,Pali Hill,"Bakery, Desserts",4.7,11K+,1,0,₹400 for two
133422,Maiz Mexican Kitchen,https://www.swiggy.com/dapi/menu/pl?restaurantId=133422,mumbai,Khar,Mexican,4.7,7.8K+,1,0,₹600 for two
340371,1441 Pizzeria,https://www.swiggy.com/dapi/menu/pl?restaurantId=340371,mumbai,Pali Hill,"Italian, Pizzas, Pastas",4.3,3.2K+,1,0,₹500 for two
746101,Bombay Sweet Shop,https://www.swiggy.com/dapi/menu/pl?restaurantId=746101,mumbai,Darvesh Royale,"Sweets, Desserts, Snacks",4.7,2.3K+,1,0,₹700 for two
337609,Nino Burgers,https://www.swiggy.com/dapi/menu/pl?restaurantId=337609,mumbai,Bandra West,"Burgers, Fast Food, American",4.3,4.6K+,1,0,₹500 for two
9178,Sweet Bengal,https://www.swiggy.com/dapi/menu/pl?restaurantId=9178,mumbai,Bandra West,"Sweets, Indian, Snacks, Desserts",4.8,9.6K+,1,0,₹150 for two
27180,Le 15 Patisserie,https://www.swiggy.com/dapi/menu/pl?restaurantId=27180,mumbai,Bandra West,"Desserts, Bakery, Cakes & Pastries",4.8,7.4K+,1,0,₹700 for two
35349,Bina's Fresh Batch Ice Cream,https://www.swiggy.com/dapi/menu/pl?restaurantId=35349,mumbai,Bandra West,"Desserts, Ice Cream",4.5,574,1,0,₹1000 for two
338324,"Faasos - Wraps, Rolls & Shawarma",https://www.swiggy.com/dapi/menu/pl?restaurantId=338324,mumbai,Patkar Blocks,"Kebabs, Fast Food, Snacks, American, Healthy Food, Desserts, Beverages",4.3,3.4K+,1,0,₹200 for two
170435,Good Flippin' Burgers,https://www.swiggy.com/dapi/menu/pl?restaurantId=170435,mumbai,Bandra West,"Burgers, American, Fast Food, Beverages",4.6,10K+,1,0,₹600 for two
819551,LeanCrust Pizza- ThinCrust Experts,https://www.swiggy.com/dapi/menu/pl?restaurantId=819551,mumbai,Bandra,"Pizzas, Italian, Desserts",4.6,424,1,0,₹300 for two
375589,Gourmet Ice Cream Cakes by Baskin Robbins,https://www.swiggy.com/dapi/menu/pl?restaurantId=375589,mumbai,Mahim Dadar,"Ice Cream Cakes, Desserts, Ice Cream, Bakery",4.8,65,1,0,₹250 for two
643144,Pizza Hut,https://www.swiggy.com/dapi/menu/pl?restaurantId=643144,mumbai,Mahim West,Pizzas,4.2,1.9K+,1,0,₹350 for two
816077,Cremure,https://www.swiggy.com/dapi/menu/pl?restaurantId=816077,mumbai,Bandra West,"Bakery, Desserts, Waffle, Beverages",4.6,3.5K+,1,0,₹400 for two
23756,McDonald's,https://www.swiggy.com/dapi/menu/pl?restaurantId=23756,mumbai,"Kadamba Kudpi House,V.P Road","Burgers, Beverages, Cafe, Desserts",4.5,49K+,1,0,₹400 for two
656188,Burger King,https://www.swiggy.com/dapi/menu/pl?restaurantId=656188,mumbai,Bandra west,"Burgers, American",4.1,4.9K+,1,0,₹350 for two
24525,Domino's Pizza,https://www.swiggy.com/dapi/menu/pl?restaurantId=24525,mumbai,Khar West,"Pizzas, Italian, Pastas, Desserts",4.2,17K+,1,0,₹400 for two
436640,Guru Kripa Pani Puri Bandra,https://www.swiggy.com/dapi/menu/pl?restaurantId=436640,mumbai,Bandra West,"Snacks, Indian, Sweets, Chaat",4.5,8.4K+,1,0,₹100 for two
650940,Mer Konfekt,https://www.swiggy.com/dapi/menu/pl?restaurantId=650940,mumbai,Bandra West,Bakery,4.8,817,1,0,₹300 for two
793516,Breadsmith by Food Square,https://www.swiggy.com/dapi/menu/pl?restaurantId=793516,mumbai,Bandra West,"Bakery, Mexican, Desserts, Coffee, Juices",4.6,451,1,0,₹600 for two
39676,Pizza Hut,https://www.swiggy.com/dapi/menu/pl?restaurantId=39676,mumbai,Powai,Pastas,4.2,18K+,1,0,₹400 for two
668678,McDonald's,https://www.swiggy.com/dapi/menu/pl?restaurantId=668678,mumbai,Saki Vihar Powai,"Burgers, Beverages, Cafe, Desserts",4.5,6.6K+,1,0,₹400 for two
7012,KFC,https://www.swiggy.com/dapi/menu/pl?restaurantId=7012,mumbai,Powai,"Burgers, Fast Food, Rolls & Wraps",4.3,35K+,1,0,₹400 for two
794904,Bina's Fresh Batch Ice Cream,https://www.swiggy.com/dapi/menu/pl?restaurantId=794904,mumbai,Powai,"Ice Cream, Desserts",4.6,202,1,0,₹800 for two
462162,Joshh - Indian Street Eats,https://www.swiggy.com/dapi/menu/pl?restaurantId=462162,mumbai,Powai,"Indian, North Indian, South Indian, Thalis, Ice Cream, Snacks, Street Food, Chaat, Desserts",4.4,6.1K+,1,0,₹200 for two
730411,Jimis Burger,https://www.swiggy.com/dapi/menu/pl?restaurantId=730411,mumbai,Powai,"Burgers, Fast Food, Beverages",4.6,3.0K+,1,0,₹600 for two
621758,Bombay Sweet Shop,https://www.swiggy.com/dapi/menu/pl?restaurantId=621758,mumbai,Powai,"Sweets, Desserts, Snacks",4.6,1.1K+,1,0,₹700 for two
399206,1441 Pizzeria,https://www.swiggy.com/dapi/menu/pl?restaurantId=399206,mumbai,Powai,"Italian, Pizzas, Pastas",4.4,3.7K+,1,0,₹500 for two
693079,Theobroma,https://www.swiggy.com/dapi/menu/pl?restaurantId=693079,mumbai,Powai,Desserts,4.6,5.2K+,1,0,₹400 for two
578577,Bakingo-Cakes & Desserts,https://www.swiggy.com/dapi/menu/pl?restaurantId=578577,mumbai,IIT main gate Powai,"Bakery, Desserts, Beverages, Snacks",4.6,3.3K+,1,0,₹299 for two
254571,Wow! Momo,https://www.swiggy.com/dapi/menu/pl?restaurantId=254571,mumbai,Chandivali,"Momos, Chinese, fastfood, Asian, Beverages",4.2,4.8K+,1,0,₹300 for two
382234,Good Flippin' Burgers,https://www.swiggy.com/dapi/menu/pl?restaurantId=382234,mumbai,Powai,"Burgers, American, Fast Food, Beverages",4.5,4.4K+,1,0,₹600 for two
11224,Thambbi,https://www.swiggy.com/dapi/menu/pl?restaurantId=11224,mumbai,Powai,"South Indian, Punjabi, Snacks, Thalis",4.6,28K+,1,0,₹400 for two
681223,GLOBO Ice Creams Of The World,https://www.swiggy.com/dapi/menu/pl?restaurantId=681223,mumbai,Powai,"Ice Cream, Desserts, Bakery",3,23,1,0,₹150 for two
31860,Subway,https://www.swiggy.com/dapi/menu/pl?restaurantId=31860,mumbai,Powai,"sandwich, Salads, wrap, Healthy Food",4.5,31K+,1,0,₹350 for two
679169,Suchali's Artisan Bakehouse,https://www.swiggy.com/dapi/menu/pl?restaurantId=679169,mumbai,Powai,"Bakery, Desserts, Beverages",4.7,836,1,0,₹600 for two
564691,Sweet County Cake Shop,https://www.swiggy.com/dapi/menu/pl?restaurantId=564691,mumbai,Powai,"Desserts, Bakery, Snacks",4.6,1.2K+,1,0,₹500 for two
323509,Chinese Wok,https://www.swiggy.com/dapi/menu/pl?restaurantId=323509,mumbai,Powai,"Chinese, Asian, Tibetan, Desserts",4.3,8.5K+,1,0,₹300 for two
668680,McDonald's Gourmet Burger Collection,https://www.swiggy.com/dapi/menu/pl?restaurantId=668680,mumbai,Saki Vihar Powai,"Burgers, Beverages, Cafe, Desserts",4.8,101,1,0,₹400 for two
812556,Cheesecake & Co.,https://www.swiggy.com/dapi/menu/pl?restaurantId=812556,mumbai,Powai,"Bakery, Desserts",4.6,781,1,0,₹300 for two
39676,Pizza Hut,https://www.swiggy.com/dapi/menu/pl?restaurantId=39676,mumbai,Powai,Pastas,4.2,18K+,1,0,₹400 for two
1068306,Domino's Pizza,https://www.swiggy.com/dapi/menu/pl?restaurantId=1068306,mumbai,GODREJ URBAN PARK,"Pizzas, Italian, Pastas, Desserts",4.1,538,1,0,₹400 for two
668678,McDonald's,https://www.swiggy.com/dapi/menu/pl?restaurantId=668678,mumbai,Saki Vihar Powai,"Burgers, Beverages, Cafe, Desserts",4.5,6.6K+,1,0,₹400 for two
7012,KFC,https://www.swiggy.com/dapi/menu/pl?restaurantId=7012,mumbai,Powai,"Burgers, Fast Food, Rolls & Wraps",4.3,35K+,1,0,₹400 for two
323972,SNS Mexican Shack,https://www.swiggy.com/dapi/menu/pl?restaurantId=323972,mumbai,Adi Sankaracharya Marg,"Mexican, Salads, Burgers, Tex-Mex, Beverages, Fast Food",4.7,1.3K+,1,0,₹500 for two
325145,Smokin Curries,https://www.swiggy.com/dapi/menu/pl?restaurantId=325145,mumbai,Powai,"Biryani, Indian, Kebabs, Tandoor, Fast Food, Desserts, Beverages",4.5,4.3K+,1,0,₹400 for two
392233,Rasobongo,https://www.swiggy.com/dapi/menu/pl?restaurantId=392233,mumbai,Powai,"Bengali, Sweets, Snacks",4.6,5.5K+,1,0,₹150 for two
941143,Cookie Cartel,https://www.swiggy.com/dapi/menu/pl?restaurantId=941143,mumbai,Powai,"Desserts, Bakery",4.8,31,1,0,₹349 for two
39676,Pizza Hut,https://www.swiggy.com/dapi/menu/pl?restaurantId=39676,mumbai,Powai,Pastas,4.2,18K+,1,0,₹400 for two
668678,McDonald's,https://www.swiggy.com/dapi/menu/pl?restaurantId=668678,mumbai,Saki Vihar Powai,"Burgers, Beverages, Cafe, Desserts",4.5,6.6K+,1,0,₹400 for two
7012,KFC,https://www.swiggy.com/dapi/menu/pl?restaurantId=7012,mumbai,Powai,"Burgers, Fast Food, Rolls & Wraps",4.3,35K+,1,0,₹400 for two
794904,Bina's Fresh Batch Ice Cream,https://www.swiggy.com/dapi/menu/pl?restaurantId=794904,mumbai,Powai,"Ice Cream, Desserts",4.6,202,1,0,₹800 for two
462162,Joshh - Indian Street Eats,https://www.swiggy.com/dapi/menu/pl?restaurantId=462162,mumbai,Powai,"Indian, North Indian, South Indian, Thalis, Ice Cream, Snacks, Street Food, Chaat, Desserts",4.4,6.1K+,1,0,₹200 for two
730411,Jimis Burger,https://www.swiggy.com/dapi/menu/pl?restaurantId=730411,mumbai,Powai,"Burgers, Fast Food, Beverages",4.6,3.0K+,1,0,₹600 for two
621758,Bombay Sweet Shop,https://www.swiggy.com/dapi/menu/pl?restaurantId=621758,mumbai,Powai,"Sweets, Desserts, Snacks",4.6,1.1K+,1,0,₹700 for two
399206,1441 Pizzeria,https://www.swiggy.com/dapi/menu/pl?restaurantId=399206,mumbai,Powai,"Italian, Pizzas, Pastas",4.4,3.7K+,1,0,₹500 for two
693079,Theobroma,https://www.swiggy.com/dapi/menu/pl?restaurantId=693079,mumbai,Powai,Desserts,4.6,5.2K+,1,0,₹400 for two
578577,Bakingo-Cakes & Desserts,https://www.swiggy.com/dapi/menu/pl?restaurantId=578577,mumbai,IIT main gate Powai,"Bakery, Desserts, Beverages, Snacks",4.6,3.3K+,1,0,₹299 for two
254571,Wow! Momo,https://www.swiggy.com/dapi/menu/pl?restaurantId=254571,mumbai,Chandivali,"Momos, Chinese, fastfood, Asian, Beverages",4.2,4.8K+,1,0,₹300 for two
382234,Good Flippin' Burgers,https://www.swiggy.com/dapi/menu/pl?restaurantId=382234,mumbai,Powai,"Burgers, American, Fast Food, Beverages",4.5,4.4K+,1,0,₹600 for two
11224,Thambbi,https://www.swiggy.com/dapi/menu/pl?restaurantId=11224,mumbai,Powai,"South Indian, Punjabi, Snacks, Thalis",4.6,28K+,1,0,₹400 for two
681223,GLOBO Ice Creams Of The World,https://www.swiggy.com/dapi/menu/pl?restaurantId=681223,mumbai,Powai,"Ice Cream, Desserts, Bakery",3,23,1,0,₹150 for two
31860,Subway,https://www.swiggy.com/dapi/menu/pl?restaurantId=31860,mumbai,Powai,"sandwich, Salads, wrap, Healthy Food",4.5,31K+,1,0,₹350 for two
679169,Suchali's Artisan Bakehouse,https://www.swiggy.com/dapi/menu/pl?restaurantId=679169,mumbai,Powai,"Bakery, Desserts, Beverages",4.7,836,1,0,₹600 for two
564691,Sweet County Cake Shop,https://www.swiggy.com/dapi/menu/pl?restaurantId=564691,mumbai,Powai,"Desserts, Bakery, Snacks",4.6,1.2K+,1,0,₹500 for two
323509,Chinese Wok,https://www.swiggy.com/dapi/menu/pl?restaurantId=323509,mumbai,Powai,"Chinese, Asian, Tibetan, Desserts",4.3,8.5K+,1,0,₹300 for two
668680,McDonald's Gourmet Burger Collection,https://www.swiggy.com/dapi/menu/pl?restaurantId=668680,mumbai,Saki Vihar Powai,"Burgers, Beverages, Cafe, Desserts",4.8,101,1,0,₹400 for two
812556,Cheesecake & Co.,https://www.swiggy.com/dapi/menu/pl?restaurantId=812556,mumbai,Powai,"Bakery, Desserts",4.6,781,1,0,₹300 for two
39676,Pizza Hut,https://www.swiggy.com/dapi/menu/pl?restaurantId=39676,mumbai,Powai,Pastas,4.2,18K+,1,0,₹400 for two
1068306,Domino's Pizza,https://www.swiggy.com/dapi/menu/pl?restaurantId=1068306,mumbai,GODREJ URBAN PARK,"Pizzas, Italian, Pastas, Desserts",4.1,538,1,0,₹400 for two
668678,McDonald's,https://www.swiggy.com/dapi/menu/pl?restaurantId=668678,mumbai,Saki Vihar Powai,"Burgers, Beverages, Cafe, Desserts",4.5,6.6K+,1,0,₹400 for two
7012,KFC,https://www.swiggy.com/dapi/menu/pl?restaurantId=7012,mumbai,Powai,"Burgers, Fast Food, Rolls & Wraps",4.3,35K+,1,0,₹400 for two
323972,SNS Mexican Shack,https://www.swiggy.com/dapi/menu/pl?restaurantId=323972,mumbai,Adi Sankaracharya Marg,"Mexican, Salads, Burgers, Tex-Mex, Beverages, Fast Food",4.7,1.3K+,1,0,₹500 for two
325145,Smokin Curries,https://www.swiggy.com/dapi/menu/pl?restaurantId=325145,mumbai,Powai,"Biryani, Indian, Kebabs, Tandoor, Fast Food, Desserts, Beverages",4.5,4.3K+,1,0,₹400 for two
392233,Rasobongo,https://www.swiggy.com/dapi/menu/pl?restaurantId=392233,mumbai,Powai,"Bengali, Sweets, Snacks",4.6,5.5K+,1,0,₹150 for two
941143,Cookie Cartel,https://www.swiggy.com/dapi/menu/pl?restaurantId=941143,mumbai,Powai,"Desserts, Bakery",4.8,31,1,0,₹349 for two
63217,Pizza Hut,https://www.swiggy.com/dapi/menu/pl?restaurantId=63217,mumbai,Malad West,Pizzas,4.2,12K+,1,0,₹300 for two
23729,McDonald's,https://www.swiggy.com/dapi/menu/pl?restaurantId=23729,mumbai,Malad West,"Burgers, Beverages, Cafe, Desserts",4.4,33K+,1,0,₹400 for two
24632,Burger King,https://www.swiggy.com/dapi/menu/pl?restaurantId=24632,mumbai,Malad West,"Burgers, American",4.1,19K+,1,0,₹350 for two
24477,Domino's Pizza,https://www.swiggy.com/dapi/menu/pl?restaurantId=24477,mumbai,Malad Kan West,"Pizzas, Italian, Pastas, Desserts",4.3,11K+,1,0,₹400 for two
10773,Pishu's - Drink Your Fruit,https://www.swiggy.com/dapi/menu/pl?restaurantId=10773,mumbai,Malad West,"Juices, Beverages, Healthy Food",4.5,18K+,1,0,₹550 for two
6379,Greens Restaurant,https://www.swiggy.com/dapi/menu/pl?restaurantId=6379,mumbai,Malad West,"Chinese, South Indian",4.6,128K+,1,0,₹500 for two
689625,Bina's Fresh Batch Ice Cream,https://www.swiggy.com/dapi/menu/pl?restaurantId=689625,mumbai,Malad Kan West,"Desserts, Ice Cream",4.5,251,1,0,₹600 for two
351108,Grameen Kulfi,https://www.swiggy.com/dapi/menu/pl?restaurantId=351108,mumbai,Malad West,"Ice Cream, Desserts",4.7,1.5K+,1,0,₹120 for two
673365,Bombay Sweet Shop,https://www.swiggy.com/dapi/menu/pl?restaurantId=673365,mumbai,Malad West,"Sweets, Desserts, Snacks",4.7,1.0K+,1,0,₹700 for two
334050,Theobroma,https://www.swiggy.com/dapi/menu/pl?restaurantId=334050,mumbai,Malad West,"Bakery, Desserts",4.5,9.9K+,1,0,₹400 for two
6982,Jumboking Burgers,https://www.swiggy.com/dapi/menu/pl?restaurantId=6982,mumbai,Malad West,"American, Mexican, Fast Food, Snacks, Beverages",4.3,8.2K+,1,0,₹200 for two
25638,Barista Coffee,https://www.swiggy.com/dapi/menu/pl?restaurantId=25638,mumbai,Malad West,"Beverages, Snacks, Desserts",3.4,1.4K+,1,0,₹350 for two
9161,Sweet Bengal,https://www.swiggy.com/dapi/menu/pl?restaurantId=9161,mumbai,Malad West,"Sweets, Indian, Snacks, Desserts",4.7,7.9K+,1,0,₹150 for two
681483,LeanCrust Pizza- ThinCrust Experts,https://www.swiggy.com/dapi/menu/pl?restaurantId=681483,mumbai,Malad West,"Pizzas, Italian, Desserts",4.5,367,1,0,₹300 for two
251620,Green Cravings,https://www.swiggy.com/dapi/menu/pl?restaurantId=251620,mumbai,CHINCHOLI BUNDER,"Healthy Food, Grill",3.5,1.7K+,1,0,₹250 for two
32904,The Belgian Waffle Co.,https://www.swiggy.com/dapi/menu/pl?restaurantId=32904,mumbai,Malad West,"Waffle, Desserts, Ice Cream, Beverages",4.2,12K+,1,0,₹200 for two
95091,GetAWay-Ice Creams & Desserts,https://www.swiggy.com/dapi/menu/pl?restaurantId=95091,mumbai,PRATIK PLAZA,"Ice Cream, Desserts, Healthy Food",4.5,776,1,0,₹200 for two
332613,Charcoal Eats - Biryani & Beyond,https://www.swiggy.com/dapi/menu/pl?restaurantId=332613,mumbai,Malad West,"Biryani, Kebabs, North Indian, Mughlai",4.3,5.3K+,1,0,₹499 for two
576011,Go Zero Ice Creams & Desserts,https://www.swiggy.com/dapi/menu/pl?restaurantId=576011,mumbai,Malad,"Ice Cream, Desserts, Healthy Food",4.7,557,1,0,₹150 for two
611611,Madno - House of Sundaes and Waffles,https://www.swiggy.com/dapi/menu/pl?restaurantId=611611,mumbai,Malad,"Ice Cream, Desserts, Waffle",4.2,217,1,0,₹250 for two
63217,Pizza Hut,https://www.swiggy.com/dapi/menu/pl?restaurantId=63217,mumbai,Malad West,Pizzas,4.2,12K+,1,0,₹300 for two
24632,Burger King,https://www.swiggy.com/dapi/menu/pl?restaurantId=24632,mumbai,Malad West,"Burgers, American",4.1,19K+,1,0,₹350 for two
23729,McDonald's,https://www.swiggy.com/dapi/menu/pl?restaurantId=23729,mumbai,Malad West,"Burgers, Beverages, Cafe, Desserts",4.4,33K+,1,0,₹400 for two
24477,Domino's Pizza,https://www.swiggy.com/dapi/menu/pl?restaurantId=24477,mumbai,Malad Kan West,"Pizzas, Italian, Pastas, Desserts",4.3,11K+,1,0,₹400 for two
586792,Cremure,https://www.swiggy.com/dapi/menu/pl?restaurantId=586792,mumbai,Malad West,"Bakery, Desserts, Waffle, Beverages",4.6,13K+,1,0,₹200 for two
10773,Pishu's - Drink Your Fruit,https://www.swiggy.com/dapi/menu/pl?restaurantId=10773,mumbai,Malad West,"Juices, Beverages, Healthy Food",4.5,18K+,1,0,₹550 for two
1312858,Sandwizzaa- Mumbai's Best Sandwich,https://www.swiggy.com/dapi/menu/pl?restaurantId=1312858,mumbai,Malad Kan West,"Beverages, Fast Food, Cafe",4.6,161,1,0,₹499 for two
548411,Smokin Curries,https://www.swiggy.com/dapi/menu/pl?restaurantId=548411,mumbai,Malad Kan West,"Biryani, Indian, Tandoor, Kebabs, Fast Food, Desserts, Beverages",4.4,2.8K+,1,0,₹500 for two
63217,Pizza Hut,https://www.swiggy.com/dapi/menu/pl?restaurantId=63217,mumbai,Malad West,Pizzas,4.2,12K+,1,0,₹300 for two
23729,McDonald's,https://www.swiggy.com/dapi/menu/pl?restaurantId=23729,mumbai,Malad West,"Burgers, Beverages, Cafe, Desserts",4.4,33K+,1,0,₹400 for two
24632,Burger King,https://www.swiggy.com/dapi/menu/pl?restaurantId=24632,mumbai,Malad West,"Burgers, American",4.1,19K+,1,0,₹350 for two
24477,Domino's Pizza,https://www.swiggy.com/dapi/menu/pl?restaurantId=24477,mumbai,Malad Kan West,"Pizzas, Italian, Pastas, Desserts",4.3,11K+,1,0,₹400 for two
10773,Pishu's - Drink Your Fruit,https://www.swiggy.com/dapi/menu/pl?restaurantId=10773,mumbai,Malad West,"Juices, Beverages, Healthy Food",4.5,18K+,1,0,₹550 for two
6379,Greens Restaurant,https://www.swiggy.com/dapi/menu/pl?restaurantId=6379,mumbai,Malad West,"Chinese, South Indian",4.6,128K+,1,0,₹500 for two
689625,Bina's Fresh Batch Ice Cream,https://www.swiggy.com/dapi/menu/pl?restaurantId=689625,mumbai,Malad Kan West,"Desserts, Ice Cream",4.5,251,1,0,₹600 for two
351108,Grameen Kulfi,https://www.swiggy.com/dapi/menu/pl?restaurantId=351108,mumbai,Malad West,"Ice Cream, Desserts",4.7,1.5K+,1,0,₹120 for two
673365,Bombay Sweet Shop,https://www.swiggy.com/dapi/menu/pl?restaurantId=673365,mumbai,Malad West,"Sweets, Desserts, Snacks",4.7,1.0K+,1,0,₹700 for two
334050,Theobroma,https://www.swiggy.com/dapi/menu/pl?restaurantId=334050,mumbai,Malad West,"Bakery, Desserts",4.5,9.9K+,1,0,₹400 for two
6982,Jumboking Burgers,https://www.swiggy.com/dapi/menu/pl?restaurantId=6982,mumbai,Malad West,"American, Mexican, Fast Food, Snacks, Beverages",4.3,8.2K+,1,0,₹200 for two
25638,Barista Coffee,https://www.swiggy.com/dapi/menu/pl?restaurantId=25638,mumbai,Malad West,"Beverages, Snacks, Desserts",3.4,1.4K+,1,0,₹350 for two
9161,Sweet Bengal,https://www.swiggy.com/dapi/menu/pl?restaurantId=9161,mumbai,Malad West,"Sweets, Indian, Snacks, Desserts",4.7,7.9K+,1,0,₹150 for two
681483,LeanCrust Pizza- ThinCrust Experts,https://www.swiggy.com/dapi/menu/pl?restaurantId=681483,mumbai,Malad West,"Pizzas, Italian, Desserts",4.5,367,1,0,₹300 for two
251620,Green Cravings,https://www.swiggy.com/dapi/menu/pl?restaurantId=251620,mumbai,CHINCHOLI BUNDER,"Healthy Food, Grill",3.5,1.7K+,1,0,₹250 for two
32904,The Belgian Waffle Co.,https://www.swiggy.com/dapi/menu/pl?restaurantId=32904,mumbai,Malad West,"Waffle, Desserts, Ice Cream, Beverages",4.2,12K+,1,0,₹200 for two
95091,GetAWay-Ice Creams & Desserts,https://www.swiggy.com/dapi/menu/pl?restaurantId=95091,mumbai,PRATIK PLAZA,"Ice Cream, Desserts, Healthy Food",4.5,776,1,0,₹200 for two
332613,Charcoal Eats - Biryani & Beyond,https://www.swiggy.com/dapi/menu/pl?restaurantId=332613,mumbai,Malad West,"Biryani, Kebabs, North Indian, Mughlai",4.3,5.3K+,1,0,₹499 for two
576011,Go Zero Ice Creams & Desserts,https://www.swiggy.com/dapi/menu/pl?restaurantId=576011,mumbai,Malad,"Ice Cream, Desserts, Healthy Food",4.7,557,1,0,₹150 for two
611611,Madno - House of Sundaes and Waffles,https://www.swiggy.com/dapi/menu/pl?restaurantId=611611,mumbai,Malad,"Ice Cream, Desserts, Waffle",4.2,217,1,0,₹250 for two
63217,Pizza Hut,https://www.swiggy.com/dapi/menu/pl?restaurantId=63217,mumbai,Malad West,Pizzas,4.2,12K+,1,0,₹300 for two
24632,Burger King,https://www.swiggy.com/dapi/menu/pl?restaurantId=24632,mumbai,Malad West,"Burgers, American",4.1,19K+,1,0,₹350 for two
23729,McDonald's,https://www.swiggy.com/dapi/menu/pl?restaurantId=23729,mumbai,Malad West,"Burgers, Beverages, Cafe, Desserts",4.4,33K+,1,0,₹400 for two
24477,Domino's Pizza,https://www.swiggy.com/dapi/menu/pl?restaurantId=24477,mumbai,Malad Kan West,"Pizzas, Italian, Pastas, Desserts",4.3,11K+,1,0,₹400 for two
586792,Cremure,https://www.swiggy.com/dapi/menu/pl?restaurantId=586792,mumbai,Malad West,"Bakery, Desserts, Waffle, Beverages",4.6,13K+,1,0,₹200 for two
10773,Pishu's - Drink Your Fruit,https://www.swiggy.com/dapi/menu/pl?restaurantId=10773,mumbai,Malad West,"Juices, Beverages, Healthy Food",4.5,18K+,1,0,₹550 for two
1312858,Sandwizzaa- Mumbai's Best Sandwich,https://www.swiggy.com/dapi/menu/pl?restaurantId=1312858,mumbai,Malad Kan West,"Beverages, Fast Food, Cafe",4.6,161,1,0,₹499 for two
6379,Greens Restaurant,https://www.swiggy.com/dapi/menu/pl?restaurantId=6379,mumbai,Malad West,"Chinese, South Indian",4.6,128K+,1,0,₹500 for two
611682,Pizza Hut,https://www.swiggy.com/dapi/menu/pl?restaurantId=611682,mumbai,Borivali,Pizzas,4.4,1.8K+,1,0,₹350 for two
23665,McDonald's,https://www.swiggy.com/dapi/menu/pl?restaurantId=23665,mumbai,Borivali West,"Burgers, Beverages, Cafe, Desserts",4.4,43K+,1,0,₹400 for two
508472,KFC,https://www.swiggy.com/dapi/menu/pl?restaurantId=508472,mumbai,Borivali West,"Burgers, Fast Food, Rolls & Wraps",4.3,6.4K+,1,0,₹400 for two
233325,Burger King,https://www.swiggy.com/dapi/menu/pl?restaurantId=233325,mumbai,Borivali West,"Burgers, American",4.3,19K+,1,0,₹350 for two
24521,Domino's Pizza,https://www.swiggy.com/dapi/menu/pl?restaurantId=24521,mumbai,Borivali West,"Pizzas, Italian, Pastas, Desserts",4.3,8.5K+,1,0,₹400 for two
386214,Purshottam Kandoi Haribhai Damodar Mithaiwala,https://www.swiggy.com/dapi/menu/pl?restaurantId=386214,mumbai,Borivali,"Desserts, Sweets, Snacks, Street Food",4.6,4.7K+,1,0,₹300 for two
70697,Theobroma,https://www.swiggy.com/dapi/menu/pl?restaurantId=70697,mumbai,Borivali West,"Bakery, Desserts",4.6,14K+,1,0,₹400 for two
698075,La Pino'z Pizza,https://www.swiggy.com/dapi/menu/pl?restaurantId=698075,mumbai,"Shimpoli,Borivali west","Pizzas, Italian, Pastas, Mexican, Desserts, Beverages, Snacks, Combos, Fast Food",4.2,1.7K+,1,0,₹400 for two
564702,Sweet County Cake Shop,https://www.swiggy.com/dapi/menu/pl?restaurantId=564702,mumbai,Borivali West,"Bakery, Cakes & Pastries, Desserts, Cakes",4.5,938,1,0,₹500 for two
737990,Blue Tokai Coffee Roasters,https://www.swiggy.com/dapi/menu/pl?restaurantId=737990,mumbai,Borivali,"Cafe, Coffee, Beverages",4.6,482,1,0,₹600 for two
555018,Good Flippin' Burgers,https://www.swiggy.com/dapi/menu/pl?restaurantId=555018,mumbai,Borivali West,"Burgers, American, Fast Food, Beverages",4.6,3.3K+,1,0,₹600 for two
600668,Bakingo-Cakes & Desserts,https://www.swiggy.com/dapi/menu/pl?restaurantId=600668,mumbai,Kandivali West,"Bakery, Desserts, Beverages, Snacks",4.6,3.2K+,1,0,₹299 for two
31848,The Belgian Waffle Co.,https://www.swiggy.com/dapi/menu/pl?restaurantId=31848,mumbai,Borivali West,"Waffle, Desserts, Ice Cream, Beverages",4.6,10K+,1,0,₹200 for two
823424,Suchali's Artisan Bakehouse,https://www.swiggy.com/dapi/menu/pl?restaurantId=823424,mumbai,Borivali,"Bakery, Desserts, Beverages",4.5,220,1,0,₹600 for two
332609,Charcoal Eats - Biryani & Beyond,https://www.swiggy.com/dapi/menu/pl?restaurantId=332609,mumbai,NEHRU GARDEN,"Biryani, Kebabs, North Indian, Mughlai",4.3,4.7K+,1,0,₹499 for two
66916,Nothing But Chicken,https://www.swiggy.com/dapi/menu/pl?restaurantId=66916,mumbai,Borivali West,"Salads, Biryani, Kebabs, Fast Food, Healthy Food",4.6,6.0K+,1,0,₹400 for two
818845,Barista Coffee,https://www.swiggy.com/dapi/menu/pl?restaurantId=818845,mumbai,Borivali,"Beverages, Snacks, Desserts",4.2,274,1,0,₹350 for two
375620,Gourmet Ice Cream Cakes by Baskin Robbins,https://www.swiggy.com/dapi/menu/pl?restaurantId=375620,mumbai,Borivali,"Ice Cream Cakes, Desserts, Ice Cream, Bakery",4.6,13,1,0,₹250 for two
12352,Jumboking Burgers,https://www.swiggy.com/dapi/menu/pl?restaurantId=12352,mumbai,Borivali West,"American, Mexican, Fast Food, Snacks, Beverages",4.3,9.4K+,1,0,₹200 for two
395001,Chinese Wok,https://www.swiggy.com/dapi/menu/pl?restaurantId=395001,mumbai,Borivali West,"Chinese, Asian, Tibetan, Desserts",4.3,6.3K+,1,0,₹250 for two
611682,Pizza Hut,https://www.swiggy.com/dapi/menu/pl?restaurantId=611682,mumbai,Borivali,Pizzas,4.4,1.8K+,1,0,₹350 for two
23665,McDonald's,https://www.swiggy.com/dapi/menu/pl?restaurantId=23665,mumbai,Borivali West,"Burgers, Beverages, Cafe, Desserts",4.4,43K+,1,0,₹400 for two
508472,KFC,https://www.swiggy.com/dapi/menu/pl?restaurantId=508472,mumbai,Borivali West,"Burgers, Fast Food, Rolls & Wraps",4.3,6.4K+,1,0,₹400 for two
233325,Burger King,https://www.swiggy.com/dapi/menu/pl?restaurantId=233325,mumbai,Borivali West,"Burgers, American",4.3,19K+,1,0,₹350 for two
24521,Domino's Pizza,https://www.swiggy.com/dapi/menu/pl?restaurantId=24521,mumbai,Borivali West,"Pizzas, Italian, Pastas, Desserts",4.3,8.5K+,1,0,₹400 for two
70697,Theobroma,https://www.swiggy.com/dapi/menu/pl?restaurantId=70697,mumbai,Borivali West,"Bakery, Desserts",4.6,14K+,1,0,₹400 for two
42429,Subway,https://www.swiggy.com/dapi/menu/pl?restaurantId=42429,mumbai,Borivali West,"sandwich, Salads, wrap, Healthy Food",4.3,23K+,1,0,₹350 for two
159039,Gupta Bhelpuri And Sandwich Corner,https://www.swiggy.com/dapi/menu/pl?restaurantId=159039,mumbai,Borivali West,Fast Food,4.3,8.4K+,1,0,₹200 for two
611682,Pizza Hut,https://www.swiggy.com/dapi/menu/pl?restaurantId=611682,mumbai,Borivali,Pizzas,4.4,1.8K+,1,0,₹350 for two
23665,McDonald's,https://www.swiggy.com/dapi/menu/pl?restaurantId=23665,mumbai,Borivali West,"Burgers, Beverages, Cafe, Desserts",4.4,43K+,1,0,₹400 for two
508472,KFC,https://www.swiggy.com/dapi/menu/pl?restaurantId=508472,mumbai,Borivali West,"Burgers, Fast Food, Rolls & Wraps",4.3,6.4K+,1,0,₹400 for two
233325,Burger King,https://www.swiggy.com/dapi/menu/pl?restaurantId=233325,mumbai,Borivali West,"Burgers, American",4.3,19K+,1,0,₹350 for two
24521,Domino's Pizza,https://www.swiggy.com/dapi/menu/pl?restaurantId=24521,mumbai,Borivali West,"Pizzas, Italian, Pastas, Desserts",4.3,8.5K+,1,0,₹400 for two
386214,Purshottam Kandoi Haribhai Damodar Mithaiwala,https://www.swiggy.com/dapi/menu/pl?restaurantId=386214,mumbai,Borivali,"Desserts, Sweets, Snacks, Street Food",4.6,4.7K+,1,0,₹300 for two
70697,Theobroma,https://www.swiggy.com/dapi/menu/pl?restaurantId=70697,mumbai,Borivali West,"Bakery, Desserts",4.6,14K+,1,0,₹400 for two
698075,La Pino'z Pizza,https://www.swiggy.com/dapi/menu/pl?restaurantId=698075,mumbai,"Shimpoli,Borivali west","Pizzas, Italian, Pastas, Mexican, Desserts, Beverages, Snacks, Combos, Fast Food",4.2,1.7K+,1,0,₹400 for two
564702,Sweet County Cake Shop,https://www.swiggy.com/dapi/menu/pl?restaurantId=564702,mumbai,Borivali West,"Bakery, Cakes & Pastries, Desserts, Cakes",4.5,938,1,0,₹500 for two
737990,Blue Tokai Coffee Roasters,https://www.swiggy.com/dapi/menu/pl?restaurantId=737990,mumbai,Borivali,"Cafe, Coffee, Beverages",4.6,482,1,0,₹600 for two
555018,Good Flippin' Burgers,https://www.swiggy.com/dapi/menu/pl?restaurantId=555018,mumbai,Borivali West,"Burgers, American, Fast Food, Beverages",4.6,3.3K+,1,0,₹600 for two
31848,The Belgian Waffle Co.,https://www.swiggy.com/dapi/menu/pl?restaurantId=31848,mumbai,Borivali West,"Waffle, Desserts, Ice Cream, Beverages",4.6,10K+,1,0,₹200 for two
332609,Charcoal Eats - Biryani & Beyond,https://www.swiggy.com/dapi/menu/pl?restaurantId=332609,mumbai,NEHRU GARDEN,"Biryani, Kebabs, North Indian, Mughlai",4.3,4.7K+,1,0,₹499 for two
66916,Nothing But Chicken,https://www.swiggy.com/dapi/menu/pl?restaurantId=66916,mumbai,Borivali West,"Salads, Biryani, Kebabs, Fast Food, Healthy Food",4.6,6.0K+,1,0,₹400 for two
818845,Barista Coffee,https://www.swiggy.com/dapi/menu/pl?restaurantId=818845,mumbai,Borivali,"Beverages, Snacks, Desserts",4.2,274,1,0,₹350 for two
239227,Delights by INOX,https://www.swiggy.com/dapi/menu/pl?restaurantId=239227,mumbai,Kandivali West,Snacks,3.8,80,1,0,₹400 for two
12352,Jumboking Burgers,https://www.swiggy.com/dapi/menu/pl?restaurantId=12352,mumbai,Borivali West,"American, Mexican, Fast Food, Snacks, Beverages",4.3,9.4K+,1,0,₹200 for two
395001,Chinese Wok,https://www.swiggy.com/dapi/menu/pl?restaurantId=395001,mumbai,Borivali West,"Chinese, Asian, Tibetan, Desserts",4.3,6.3K+,1,0,₹250 for two
618264,Starbucks Coffee,https://www.swiggy.com/dapi/menu/pl?restaurantId=618264,mumbai,Borivali West,"Beverages, Cafe, Snacks, Desserts, Bakery, Ice Cream",4.7,562,1,0,₹400 for two
35548,Sweet Bengal,https://www.swiggy.com/dapi/menu/pl?restaurantId=35548,mumbai,Borivali,"Sweets, Indian, Snacks, Desserts",4.7,5.9K+,1,0,₹150 for two
611682,Pizza Hut,https://www.swiggy.com/dapi/menu/pl?restaurantId=611682,mumbai,Borivali,Pizzas,4.4,1.8K+,1,0,₹350 for two
23665,McDonald's,https://www.swiggy.com/dapi/menu/pl?restaurantId=23665,mumbai,Borivali West,"Burgers, Beverages, Cafe, Desserts",4.4,43K+,1,0,₹400 for two
508472,KFC,https://www.swiggy.com/dapi/menu/pl?restaurantId=508472,mumbai,Borivali West,"Burgers, Fast Food, Rolls & Wraps",4.3,6.4K+,1,0,₹400 for two
233325,Burger King,https://www.swiggy.com/dapi/menu/pl?restaurantId=233325,mumbai,Borivali West,"Burgers, American",4.3,19K+,1,0,₹350 for two
24521,Domino's Pizza,https://www.swiggy.com/dapi/menu/pl?restaurantId=24521,mumbai,Borivali West,"Pizzas, Italian, Pastas, Desserts",4.3,8.5K+,1,0,₹400 for two
70697,Theobroma,https://www.swiggy.com/dapi/menu/pl?restaurantId=70697,mumbai,Borivali West,"Bakery, Desserts",4.6,14K+,1,0,₹400 for two
42429,Subway,https://www.swiggy.com/dapi/menu/pl?restaurantId=42429,mumbai,Borivali West,"sandwich, Salads, wrap, Healthy Food",4.3,23K+,1,0,₹350 for two
159039,Gupta Bhelpuri And Sandwich Corner,https://www.swiggy.com/dapi/menu/pl?restaurantId=159039,mumbai,Borivali West,Fast Food,4.3,8.4K+,1,0,₹200 for two
804700,KFC,https://www.swiggy.com/dapi/menu/pl?restaurantId=804700,mumbai,Thane West,"Burgers, Fast Food, Rolls & Wraps",4.3,4.1K+,1,0,₹400 for two
23743,McDonald's,https://www.swiggy.com/dapi/menu/pl?restaurantId=23743,mumbai,Thane,"Burgers, Beverages, Cafe, Desserts",4.6,12K+,1,0,₹400 for two
221810,Burger King,https://www.swiggy.com/dapi/menu/pl?restaurantId=221810,mumbai,Thane West,"Burgers, American",4.4,44K+,1,0,₹350 for two
363799,Shiv Sagar Veg Restaurant,https://www.swiggy.com/dapi/menu/pl?restaurantId=363799,mumbai,Thane West,"South Indian, Indian, Chinese, Continental, Beverages, Mexican, Desserts, Chaat, Italian, North Indian",4.6,4.1K+,1,0,₹500 for two
578579,Bakingo-Cakes & Desserts,https://www.swiggy.com/dapi/menu/pl?restaurantId=578579,mumbai,Uthalsar,"Bakery, Desserts, Beverages, Snacks",4.6,5.0K+,1,0,₹299 for two
634143,Subway,https://www.swiggy.com/dapi/menu/pl?restaurantId=634143,mumbai,Thane,"sandwich, Salads, wrap, Healthy Food",4.2,4.9K+,1,0,₹350 for two
743390,Bombay Sweet Shop,https://www.swiggy.com/dapi/menu/pl?restaurantId=743390,mumbai,Thane,"Sweets, Desserts, Snacks",4.7,696,1,0,₹700 for two
777191, Cream Centre - Vegetarian Legacy Since 1958,https://www.swiggy.com/dapi/menu/pl?restaurantId=777191,mumbai,Majiwada,"North Indian, Chinese, Italian, Street Food, Pizza, Pasta, Oriental, Beverages",4.4,540,1,0,₹1200 for two
325027,Theobroma,https://www.swiggy.com/dapi/menu/pl?restaurantId=325027,mumbai,Thane West,"Bakery, Beverages, Desserts",4.5,2.9K+,1,0,₹400 for two
605103,Wow! Momo,https://www.swiggy.com/dapi/menu/pl?restaurantId=605103,mumbai,New Harvard Garden Co-operative Housing Society Lt,"Momos, Chinese, fastfood, Asian, Beverages",4.3,1.7K+,1,0,₹300 for two
380341,Prashant Corner,https://www.swiggy.com/dapi/menu/pl?restaurantId=380341,mumbai,Thane,"Street Food, Chaat, Snacks, Desserts, Sweets, Beverages",4.7,16K+,1,0,₹400 for two
534270,Good Flippin' Burgers,https://www.swiggy.com/dapi/menu/pl?restaurantId=534270,mumbai,Thane West,"Burgers, American, Fast Food, Beverages",4.6,5.3K+,1,0,₹600 for two
799055,Starbucks Coffee,https://www.swiggy.com/dapi/menu/pl?restaurantId=799055,mumbai,R Mall,"Beverages, Cafe, Snacks, Desserts, Bakery, Ice Cream",4.5,412,1,0,₹400 for two
355894,Chaayos Chai+Snacks=Relax,https://www.swiggy.com/dapi/menu/pl?restaurantId=355894,mumbai,THANE WEST,"Bakery, Beverages, Chaat, Desserts, Home Food, Italian, Maharashtrian, Snacks, Street Food, Sweets",4.4,3.5K+,1,0,₹250 for two
328883,Charcoal Eats - Biryani & Beyond,https://www.swiggy.com/dapi/menu/pl?restaurantId=328883,mumbai,Sandozbaugh,"Biryani, Kebabs, North Indian, Mughlai",4.1,6.7K+,1,0,₹499 for two
446782,Gourmet Ice Cream Cakes by Baskin Robbins,https://www.swiggy.com/dapi/menu/pl?restaurantId=446782,mumbai,Thane,"Ice Cream Cakes, Desserts, Ice Cream, Bakery",4.8,34,1,0,₹200 for two
710826,The Belgian Waffle Co.,https://www.swiggy.com/dapi/menu/pl?restaurantId=710826,mumbai,THANE KAPURBAWDI JUNTION,"Waffle, Desserts, Ice Cream",4.4,3.7K+,1,0,₹200 for two
395180,McDonald's Gourmet Burger Collection,https://www.swiggy.com/dapi/menu/pl?restaurantId=395180,mumbai,Thane West,"Burgers, Beverages, Cafe, Desserts",4.6,405,1,0,₹600 for two
681496,LeanCrust Pizza- ThinCrust Experts,https://www.swiggy.com/dapi/menu/pl?restaurantId=681496,mumbai,Thane West,"Pizzas, Italian, Desserts",4.7,484,1,0,₹300 for two
17490,"Faasos - Wraps, Rolls & Shawarma",https://www.swiggy.com/dapi/menu/pl?restaurantId=17490,mumbai,Thane West,"Kebabs, Fast Food, Snacks, American, Healthy Food, Desserts, Beverages",4.2,13K+,1,0,₹200 for two
804700,KFC,https://www.swiggy.com/dapi/menu/pl?restaurantId=804700,mumbai,Thane West,"Burgers, Fast Food, Rolls & Wraps",4.3,4.1K+,1,0,₹400 for two
23743,McDonald's,https://www.swiggy.com/dapi/menu/pl?restaurantId=23743,mumbai,Thane,"Burgers, Beverages, Cafe, Desserts",4.6,12K+,1,0,₹400 for two
221810,Burger King,https://www.swiggy.com/dapi/menu/pl?restaurantId=221810,mumbai,Thane West,"Burgers, American",4.4,44K+,1,0,₹350 for two
399951,Deshmukh Fast Food,https://www.swiggy.com/dapi/menu/pl?restaurantId=399951,mumbai,Manpada,"Snacks, Maharashtrian, Street Food, Fast Food",4.4,3.9K+,1,0,₹150 for two
357420,Gupta's Corner,https://www.swiggy.com/dapi/menu/pl?restaurantId=357420,mumbai,Thane West,"Chaat, Snacks",4.7,2.9K+,1,0,₹100 for two
1221566,ITC Aashirvaad Soul Creations,https://www.swiggy.com/dapi/menu/pl?restaurantId=1221566,mumbai,Thane,"Indian, pure veg, Healthy Food, Home Food, South Indian, North Indian, Sweets",4.3,444,1,0,₹500 for two
635352,Tip Top Mithaiwala,https://www.swiggy.com/dapi/menu/pl?restaurantId=635352,mumbai,Thane,"Sweets, Bakery, Snacks",4.5,1.1K+,1,0,₹400 for two
960424,Bikaner Sweets & Namkeen,https://www.swiggy.com/dapi/menu/pl?restaurantId=960424,mumbai,Thane,Sweets,4.1,461,1,0,₹300 for two
804700,KFC,https://www.swiggy.com/dapi/menu/pl?restaurantId=804700,mumbai,Thane West,"Burgers, Fast Food, Rolls & Wraps",4.3,4.1K+,1,0,₹400 for two
23743,McDonald's,https://www.swiggy.com/dapi/menu/pl?restaurantId=23743,mumbai,Thane,"Burgers, Beverages, Cafe, Desserts",4.6,12K+,1,0,₹400 for two
221810,Burger King,https://www.swiggy.com/dapi/menu/pl?restaurantId=221810,mumbai,Thane West,"Burgers, American",4.4,44K+,1,0,₹350 for two
578579,Bakingo-Cakes & Desserts,https://www.swiggy.com/dapi/menu/pl?restaurantId=578579,mumbai,Uthalsar,"Bakery, Desserts, Beverages, Snacks",4.6,5.0K+,1,0,₹299 for two
634143,Subway,https://www.swiggy.com/dapi/menu/pl?restaurantId=634143,mumbai,Thane,"sandwich, Salads, wrap, Healthy Food",4.2,4.9K+,1,0,₹350 for two
743390,Bombay Sweet Shop,https://www.swiggy.com/dapi/menu/pl?restaurantId=743390,mumbai,Thane,"Sweets, Desserts, Snacks",4.7,696,1,0,₹700 for two
777191, Cream Centre - Vegetarian Legacy Since 1958,https://www.swiggy.com/dapi/menu/pl?restaurantId=777191,mumbai,Majiwada,"North Indian, Chinese, Italian, Street Food, Pizza, Pasta, Oriental, Beverages",4.4,540,1,0,₹1200 for two
325027,Theobroma,https://www.swiggy.com/dapi/menu/pl?restaurantId=325027,mumbai,Thane West,"Bakery, Beverages, Desserts",4.5,2.9K+,1,0,₹400 for two
605103,Wow! Momo,https://www.swiggy.com/dapi/menu/pl?restaurantId=605103,mumbai,New Harvard Garden Co-operative Housing Society Lt,"Momos, Chinese, fastfood, Asian, Beverages",4.3,1.7K+,1,0,₹300 for two
380341,Prashant Corner,https://www.swiggy.com/dapi/menu/pl?restaurantId=380341,mumbai,Thane,"Street Food, Chaat, Snacks, Desserts, Sweets, Beverages",4.7,16K+,1,0,₹400 for two
534270,Good Flippin' Burgers,https://www.swiggy.com/dapi/menu/pl?restaurantId=534270,mumbai,Thane West,"Burgers, American, Fast Food, Beverages",4.6,5.3K+,1,0,₹600 for two
799055,Starbucks Coffee,https://www.swiggy.com/dapi/menu/pl?restaurantId=799055,mumbai,R Mall,"Beverages, Cafe, Snacks, Desserts, Bakery, Ice Cream",4.5,412,1,0,₹400 for two
355894,Chaayos Chai+Snacks=Relax,https://www.swiggy.com/dapi/menu/pl?restaurantId=355894,mumbai,THANE WEST,"Bakery, Beverages, Chaat, Desserts, Home Food, Italian, Maharashtrian, Snacks, Street Food, Sweets",4.4,3.5K+,1,0,₹250 for two
328883,Charcoal Eats - Biryani & Beyond,https://www.swiggy.com/dapi/menu/pl?restaurantId=328883,mumbai,Sandozbaugh,"Biryani, Kebabs, North Indian, Mughlai",4.1,6.7K+,1,0,₹499 for two
446782,Gourmet Ice Cream Cakes by Baskin Robbins,https://www.swiggy.com/dapi/menu/pl?restaurantId=446782,mumbai,Thane,"Ice Cream Cakes, Desserts, Ice Cream, Bakery",4.8,34,1,0,₹200 for two
710826,The Belgian Waffle Co.,https://www.swiggy.com/dapi/menu/pl?restaurantId=710826,mumbai,THANE KAPURBAWDI JUNTION,"Waffle, Desserts, Ice Cream",4.4,3.7K+,1,0,₹200 for two
395180,McDonald's Gourmet Burger Collection,https://www.swiggy.com/dapi/menu/pl?restaurantId=395180,mumbai,Thane West,"Burgers, Beverages, Cafe, Desserts",4.6,405,1,0,₹600 for two
681496,LeanCrust Pizza- ThinCrust Experts,https://www.swiggy.com/dapi/menu/pl?restaurantId=681496,mumbai,Thane West,"Pizzas, Italian, Desserts",4.7,484,1,0,₹300 for two
17490,"Faasos - Wraps, Rolls & Shawarma",https://www.swiggy.com/dapi/menu/pl?restaurantId=17490,mumbai,Thane West,"Kebabs, Fast Food, Snacks, American, Healthy Food, Desserts, Beverages",4.2,13K+,1,0,₹200 for two
374748,NOTO Ice Cream and Desserts,https://www.swiggy.com/dapi/menu/pl?restaurantId=374748,mumbai,Thane Hiranandani Estate,"Ice Cream, Desserts, Healthy Food",4.7,1.5K+,1,0,₹300 for two
804700,KFC,https://www.swiggy.com/dapi/menu/pl?restaurantId=804700,mumbai,Thane West,"Burgers, Fast Food, Rolls & Wraps",4.3,4.1K+,1,0,₹400 for two
23743,McDonald's,https://www.swiggy.com/dapi/menu/pl?restaurantId=23743,mumbai,Thane,"Burgers, Beverages, Cafe, Desserts",4.6,12K+,1,0,₹400 for two
221810,Burger King,https://www.swiggy.com/dapi/menu/pl?restaurantId=221810,mumbai,Thane West,"Burgers, American",4.4,44K+,1,0,₹350 for two
399951,Deshmukh Fast Food,https://www.swiggy.com/dapi/menu/pl?restaurantId=399951,mumbai,Manpada,"Snacks, Maharashtrian, Street Food, Fast Food",4.4,3.9K+,1,0,₹150 for two
357420,Gupta's Corner,https://www.swiggy.com/dapi/menu/pl?restaurantId=357420,mumbai,Thane West,"Chaat, Snacks",4.7,2.9K+,1,0,₹100 for two
1221566,ITC Aashirvaad Soul Creations,https://www.swiggy.com/dapi/menu/pl?restaurantId=1221566,mumbai,Thane,"Indian, pure veg, Healthy Food, Home Food, South Indian, North Indian, Sweets",4.3,444,1,0,₹500 for two
635352,Tip Top Mithaiwala,https://www.swiggy.com/dapi/menu/pl?restaurantId=635352,mumbai,Thane,"Sweets, Bakery, Snacks",4.5,1.1K+,1,0,₹400 for two
960424,Bikaner Sweets & Namkeen,https://www.swiggy.com/dapi/menu/pl?restaurantId=960424,mumbai,Thane,Sweets,4.1,461,1,0,₹300 for two
23947,Pizza Hut,https://www.swiggy.com/dapi/menu/pl?restaurantId=23947,mumbai,Kopar Khairane,Pizzas,4.1,9.4K+,1,0,₹350 for two
655021,Burger King,https://www.swiggy.com/dapi/menu/pl?restaurantId=655021,mumbai,Vashi,"Burgers, American",4.3,6.4K+,1,0,₹350 for two
68532,McDonald's,https://www.swiggy.com/dapi/menu/pl?restaurantId=68532,mumbai,Vashi,"Burgers, Beverages, Cafe, Desserts",4.6,27K+,1,0,₹400 for two
29212,Domino's Pizza,https://www.swiggy.com/dapi/menu/pl?restaurantId=29212,mumbai,Vashi,"Pizzas, Italian, Pastas, Desserts",4.5,19K+,1,0,₹400 for two
25563,Subway,https://www.swiggy.com/dapi/menu/pl?restaurantId=25563,mumbai,Vashi,"sandwich, Salads, wrap, Healthy Food",4.3,15K+,1,0,₹350 for two
137365,Theobroma,https://www.swiggy.com/dapi/menu/pl?restaurantId=137365,mumbai,Vashi,"Bakery, Desserts",4.6,11K+,1,0,₹400 for two
578581,Bakingo-Cakes & Desserts,https://www.swiggy.com/dapi/menu/pl?restaurantId=578581,mumbai,Sector 30A,"Bakery, Desserts, Beverages, Snacks",4.7,4.6K+,1,0,₹299 for two
580637,Good Flippin' Burgers,https://www.swiggy.com/dapi/menu/pl?restaurantId=580637,mumbai,Vashi,"Burgers, American, Fast Food, Beverages",4.6,3.9K+,1,0,₹600 for two
759230,Wow! Momo,https://www.swiggy.com/dapi/menu/pl?restaurantId=759230,mumbai,Sector29,"Momos, Chinese, fastfood, Asian, Beverages",4.3,1.0K+,1,0,₹300 for two
701568,Ovenfresh Cakes And Desserts,https://www.swiggy.com/dapi/menu/pl?restaurantId=701568,mumbai,Satra Plaza,"Bakery, Desserts, Beverages, Ice Cream, Sweets, Juices, Bengali, Pizzas",4.6,234,1,0,₹200 for two
818027,Cheesecake & Co.,https://www.swiggy.com/dapi/menu/pl?restaurantId=818027,mumbai,Vashi,"Bakery, Desserts",4.6,730,1,0,₹300 for two
681633,LeanCrust Pizza- ThinCrust Experts,https://www.swiggy.com/dapi/menu/pl?restaurantId=681633,mumbai,Vashi,"Pizzas, Italian, Desserts",4.5,560,1,0,₹300 for two
68079,Nothing But Chicken,https://www.swiggy.com/dapi/menu/pl?restaurantId=68079,mumbai,Vashi,"Salads, Biryani, Kebabs, Fast Food, Healthy Food",4.5,10K+,1,0,₹400 for two
45908,Sweet Bengal,https://www.swiggy.com/dapi/menu/pl?restaurantId=45908,mumbai,Vashi,"Sweets, Indian, Snacks, Desserts",4.8,10K+,1,0,₹150 for two
351117,Grameen Kulfi,https://www.swiggy.com/dapi/menu/pl?restaurantId=351117,mumbai,Vashi,"Ice Cream, Desserts",4.8,1.7K+,1,0,₹120 for two
608447,GetAWay-Ice Creams & Desserts,https://www.swiggy.com/dapi/menu/pl?restaurantId=608447,mumbai,Vashi,"Ice Cream, Desserts, Healthy Food",4.4,370,1,0,₹200 for two
577561,Mealful Rolls - India's Biggest Rolls,https://www.swiggy.com/dapi/menu/pl?restaurantId=577561,mumbai,Karampura,"Fast Food, Snacks, North Indian, Desserts",4.1,176,1,0,₹250 for two
328876,Charcoal Eats - Biryani & Beyond,https://www.swiggy.com/dapi/menu/pl?restaurantId=328876,mumbai,APMC Market,"Biryani, Kebabs, North Indian, Mughlai",4.3,4.7K+,1,0,₹499 for two
692247,BOOM - Sub Style Sandwiches,https://www.swiggy.com/dapi/menu/pl?restaurantId=692247,mumbai,Vashi,"Snacks, Indian, Desserts",4.5,198,1,0,₹250 for two
740551,Hola Pasta - Fresh Gourmet Pasta,https://www.swiggy.com/dapi/menu/pl?restaurantId=740551,mumbai,Vashi,"Pastas, Italian, Desserts, Beverages",4.3,102,1,0,₹250 for two
23947,Pizza Hut,https://www.swiggy.com/dapi/menu/pl?restaurantId=23947,mumbai,Kopar Khairane,Pizzas,4.1,9.4K+,1,0,₹350 for two
655021,Burger King,https://www.swiggy.com/dapi/menu/pl?restaurantId=655021,mumbai,Vashi,"Burgers, American",4.3,6.4K+,1,0,₹350 for two
68532,McDonald's,https://www.swiggy.com/dapi/menu/pl?restaurantId=68532,mumbai,Vashi,"Burgers, Beverages, Cafe, Desserts",4.6,27K+,1,0,₹400 for two
29212,Domino's Pizza,https://www.swiggy.com/dapi/menu/pl?restaurantId=29212,mumbai,Vashi,"Pizzas, Italian, Pastas, Desserts",4.5,19K+,1,0,₹400 for two
1061779,KFC,https://www.swiggy.com/dapi/menu/pl?restaurantId=1061779,mumbai,Plutonium Business Park,"Burgers, Fast Food, Rolls & Wraps",4.1,84,1,0,₹400 for two
25563,Subway,https://www.swiggy.com/dapi/menu/pl?restaurantId=25563,mumbai,Vashi,"sandwich, Salads, wrap, Healthy Food",4.3,15K+,1,0,₹350 for two
1135098,Madhuban Sweets,https://www.swiggy.com/dapi/menu/pl?restaurantId=1135098,mumbai,Vashi,"Desserts, Beverages, Juices, Sweets, Snacks",4.4,225,1,0,₹999 for two
1149315,La Cherie Cheesecake,https://www.swiggy.com/dapi/menu/pl?restaurantId=1149315,mumbai,Vashi,Desserts,4.6,26,1,0,₹450 for two
23947,Pizza Hut,https://www.swiggy.com/dapi/menu/pl?restaurantId=23947,mumbai,Kopar Khairane,Pizzas,4.1,9.4K+,1,0,₹350 for two
655021,Burger King,https://www.swiggy.com/dapi/menu/pl?restaurantId=655021,mumbai,Vashi,"Burgers, American",4.3,6.4K+,1,0,₹350 for two
68532,McDonald's,https://www.swiggy.com/dapi/menu/pl?restaurantId=68532,mumbai,Vashi,"Burgers, Beverages, Cafe, Desserts",4.6,27K+,1,0,₹400 for two
29212,Domino's Pizza,https://www.swiggy.com/dapi/menu/pl?restaurantId=29212,mumbai,Vashi,"Pizzas, Italian, Pastas, Desserts",4.5,19K+,1,0,₹400 for two
25563,Subway,https://www.swiggy.com/dapi/menu/pl?restaurantId=25563,mumbai,Vashi,"sandwich, Salads, wrap, Healthy Food",4.3,15K+,1,0,₹350 for two
137365,Theobroma,https://www.swiggy.com/dapi/menu/pl?restaurantId=137365,mumbai,Vashi,"Bakery, Desserts",4.6,11K+,1,0,₹400 for two
578581,Bakingo-Cakes & Desserts,https://www.swiggy.com/dapi/menu/pl?restaurantId=578581,mumbai,Sector 30A,"Bakery, Desserts, Beverages, Snacks",4.7,4.6K+,1,0,₹299 for two
580637,Good Flippin' Burgers,https://www.swiggy.com/dapi/menu/pl?restaurantId=580637,mumbai,Vashi,"Burgers, American, Fast Food, Beverages",4.6,3.9K+,1,0,₹600 for two
759230,Wow! Momo,https://www.swiggy.com/dapi/menu/pl?restaurantId=759230,mumbai,Sector29,"Momos, Chinese, fastfood, Asian, Beverages",4.3,1.0K+,1,0,₹300 for two
485026,"The Dessert Heaven - Pastry, Brownie and Cakes",https://www.swiggy.com/dapi/menu/pl?restaurantId=485026,mumbai,Satra Plaza,"Bakery, Desserts, Sweets, Ice Cream",4.6,687,1,0,₹200 for two
701568,Ovenfresh Cakes And Desserts,https://www.swiggy.com/dapi/menu/pl?restaurantId=701568,mumbai,Satra Plaza,"Bakery, Desserts, Beverages, Ice Cream, Sweets, Juices, Bengali, Pizzas",4.6,234,1,0,₹200 for two
818027,Cheesecake & Co.,https://www.swiggy.com/dapi/menu/pl?restaurantId=818027,mumbai,Vashi,"Bakery, Desserts",4.6,730,1,0,₹300 for two
681633,LeanCrust Pizza- ThinCrust Experts,https://www.swiggy.com/dapi/menu/pl?restaurantId=681633,mumbai,Vashi,"Pizzas, Italian, Desserts",4.5,560,1,0,₹300 for two
68079,Nothing But Chicken,https://www.swiggy.com/dapi/menu/pl?restaurantId=68079,mumbai,Vashi,"Salads, Biryani, Kebabs, Fast Food, Healthy Food",4.5,10K+,1,0,₹400 for two
45908,Sweet Bengal,https://www.swiggy.com/dapi/menu/pl?restaurantId=45908,mumbai,Vashi,"Sweets, Indian, Snacks, Desserts",4.8,10K+,1,0,₹150 for two
351117,Grameen Kulfi,https://www.swiggy.com/dapi/menu/pl?restaurantId=351117,mumbai,Vashi,"Ice Cream, Desserts",4.8,1.7K+,1,0,₹120 for two
608447,GetAWay-Ice Creams & Desserts,https://www.swiggy.com/dapi/menu/pl?restaurantId=608447,mumbai,Vashi,"Ice Cream, Desserts, Healthy Food",4.4,370,1,0,₹200 for two
577561,Mealful Rolls - India's Biggest Rolls,https://www.swiggy.com/dapi/menu/pl?restaurantId=577561,mumbai,Karampura,"Fast Food, Snacks, North Indian, Desserts",4.1,176,1,0,₹250 for two
328876,Charcoal Eats - Biryani & Beyond,https://www.swiggy.com/dapi/menu/pl?restaurantId=328876,mumbai,APMC Market,"Biryani, Kebabs, North Indian, Mughlai",4.3,4.7K+,1,0,₹499 for two
692247,BOOM - Sub Style Sandwiches,https://www.swiggy.com/dapi/menu/pl?restaurantId=692247,mumbai,Vashi,"Snacks, Indian, Desserts",4.5,198,1,0,₹250 for two
23947,Pizza Hut,https://www.swiggy.com/dapi/menu/pl?restaurantId=23947,mumbai,Kopar Khairane,Pizzas,4.1,9.4K+,1,0,₹350 for two
655021,Burger King,https://www.swiggy.com/dapi/menu/pl?restaurantId=655021,mumbai,Vashi,"Burgers, American",4.3,6.4K+,1,0,₹350 for two
68532,McDonald's,https://www.swiggy.com/dapi/menu/pl?restaurantId=68532,mumbai,Vashi,"Burgers, Beverages, Cafe, Desserts",4.6,27K+,1,0,₹400 for two
29212,Domino's Pizza,https://www.swiggy.com/dapi/menu/pl?restaurantId=29212,mumbai,Vashi,"Pizzas, Italian, Pastas, Desserts",4.5,19K+,1,0,₹400 for two
1061779,KFC,https://www.swiggy.com/dapi/menu/pl?restaurantId=1061779,mumbai,Plutonium Business Park,"Burgers, Fast Food, Rolls & Wraps",4.1,84,1,0,₹400 for two
25563,Subway,https://www.swiggy.com/dapi/menu/pl?restaurantId=25563,mumbai,Vashi,"sandwich, Salads, wrap, Healthy Food",4.3,15K+,1,0,₹350 for two
1135098,Madhuban Sweets,https://www.swiggy.com/dapi/menu/pl?restaurantId=1135098,mumbai,Vashi,"Desserts, Beverages, Juices, Sweets, Snacks",4.4,225,1,0,₹999 for two
1149315,La Cherie Cheesecake,https://www.swiggy.com/dapi/menu/pl?restaurantId=1149315,mumbai,Vashi,Desserts,4.6,26,1,0,₹450 for two
421565,"Pizza Hut | Kohinoor Sqaure Dadar, Mumbai",https://www.swiggy.com/dapi/menu/pl?restaurantId=421565,mumbai,Dadar West,Pizzas,4.2,6.2K+,1,0,₹350 for two
23715,McDonald's,https://www.swiggy.com/dapi/menu/pl?restaurantId=23715,mumbai,Dadar West,"Burgers, Beverages, Cafe, Desserts",4.5,62K+,1,0,₹400 for two
8249,Burger King,https://www.swiggy.com/dapi/menu/pl?restaurantId=8249,mumbai,Mahim,"Burgers, American",4.2,79K+,1,0,₹350 for two
317762,Domino's Pizza,https://www.swiggy.com/dapi/menu/pl?restaurantId=317762,mumbai,Matunga West,"Pizzas, Italian, Pastas, Desserts",4.4,3.7K+,1,0,₹400 for two
681492,LeanCrust Pizza- ThinCrust Experts,https://www.swiggy.com/dapi/menu/pl?restaurantId=681492,mumbai,Prabhadevi,"Pizzas, Italian, Desserts",4.4,329,1,0,₹300 for two
775579,Sweet County Cake Shop,https://www.swiggy.com/dapi/menu/pl?restaurantId=775579,mumbai,Matunga East,Bakery,4.5,907,1,0,₹500 for two
137366,Theobroma,https://www.swiggy.com/dapi/menu/pl?restaurantId=137366,mumbai,Matunga East,"Bakery, Desserts",4.7,11K+,1,0,₹400 for two
639006,Wow! Momo,https://www.swiggy.com/dapi/menu/pl?restaurantId=639006,mumbai,Crystal Tower,"Momos, Chinese, fastfood, Asian, Beverages",4.2,1.5K+,1,0,₹300 for two
782433,ROYCE' Chocolate,https://www.swiggy.com/dapi/menu/pl?restaurantId=782433,mumbai,BAZAR PRABHADEVI,Desserts,4.8,191,1,0,₹750 for two
274876,Mealful Rolls - India's Biggest Rolls,https://www.swiggy.com/dapi/menu/pl?restaurantId=274876,mumbai,Sayani Road,"Fast Food, Snacks, North Indian, Desserts",4.5,700,1,0,₹250 for two
692110,BOOM - Sub Style Sandwiches,https://www.swiggy.com/dapi/menu/pl?restaurantId=692110,mumbai,Prabhadevi,"Snacks, Indian, Desserts",4.2,244,1,0,₹250 for two
616138,"Bhatti Chicken - Grilled, NOT Fried!",https://www.swiggy.com/dapi/menu/pl?restaurantId=616138,mumbai,Prabhadevi,"North Indian, Snacks, Fast Food, Tandoor",4.6,98,1,0,₹250 for two
42278,Jumboking Burgers,https://www.swiggy.com/dapi/menu/pl?restaurantId=42278,mumbai,Dadar,"American, Mexican, Fast Food, Snacks, Beverages",4.5,2.2K+,1,0,₹200 for two
740405,Hola Pasta - Fresh Gourmet Pasta,https://www.swiggy.com/dapi/menu/pl?restaurantId=740405,mumbai,Prabhadevi,"Pastas, Italian, Desserts, Beverages",4.1,175,1,0,₹250 for two
681243,GLOBO Ice Creams Of The World,https://www.swiggy.com/dapi/menu/pl?restaurantId=681243,mumbai,Prabhadevi,"Ice Cream, Desserts, Bakery",4.8,51,1,0,₹150 for two
475120,Starbucks Coffee,https://www.swiggy.com/dapi/menu/pl?restaurantId=475120,mumbai,Matunga East,"Beverages, Cafe, Snacks, Desserts, Bakery, Ice Cream",4.7,1.5K+,1,0,₹400 for two
23955,"Faasos - Wraps, Rolls & Shawarma",https://www.swiggy.com/dapi/menu/pl?restaurantId=23955,mumbai,Parel,"Kebabs, Fast Food, Snacks, American, Healthy Food, Desserts, Beverages",4.3,19K+,1,0,₹200 for two
177739,Grandmama's Cafe,https://www.swiggy.com/dapi/menu/pl?restaurantId=177739,mumbai,Dadar East,"Pastas, Pizzas, Cafe, Desserts, Beverages, Italian",4.3,3.6K+,1,0,₹800 for two
9173,Sweet Bengal,https://www.swiggy.com/dapi/menu/pl?restaurantId=9173,mumbai,Mahim,"Sweets, Indian, Snacks, Desserts",4.8,12K+,1,0,₹150 for two
574924,Veg Darbar by Behrouz Biryani,https://www.swiggy.com/dapi/menu/pl?restaurantId=574924,mumbai,Dadar East,"Biryani, North Indian, Kebabs, Mughlai, Beverages, Desserts",4.4,62,1,0,₹700 for two
421565,"Pizza Hut | Kohinoor Sqaure Dadar, Mumbai",https://www.swiggy.com/dapi/menu/pl?restaurantId=421565,mumbai,Dadar West,Pizzas,4.2,6.2K+,1,0,₹350 for two
8249,Burger King,https://www.swiggy.com/dapi/menu/pl?restaurantId=8249,mumbai,Mahim,"Burgers, American",4.2,79K+,1,0,₹350 for two
23715,McDonald's,https://www.swiggy.com/dapi/menu/pl?restaurantId=23715,mumbai,Dadar West,"Burgers, Beverages, Cafe, Desserts",4.5,62K+,1,0,₹400 for two
317762,Domino's Pizza,https://www.swiggy.com/dapi/menu/pl?restaurantId=317762,mumbai,Matunga West,"Pizzas, Italian, Pastas, Desserts",4.4,3.7K+,1,0,₹400 for two
109895,New Pankaj,https://www.swiggy.com/dapi/menu/pl?restaurantId=109895,mumbai,MATUNGA,"Chaat, Snacks, Beverages, Pizzas, Desserts, Street Food, Fast Food",4.6,12K+,1,0,₹300 for two
652640,Ekadashi Upahargruha,https://www.swiggy.com/dapi/menu/pl?restaurantId=652640,mumbai,Mahim Dadar,"Snacks, Beverages, Biryani",4.7,8.3K+,1,0,₹200 for two
26826,Matunga Dabeli,https://www.swiggy.com/dapi/menu/pl?restaurantId=26826,mumbai,LAKHAMSI NAPPU ROAD,Snacks,4.5,16K+,1,0,₹100 for two
966277,Brijwasi Kashinath Chhotalal,https://www.swiggy.com/dapi/menu/pl?restaurantId=966277,mumbai,Matunga Wadala,"Lucknowi, Desserts, Chaat, Beverages, Sweets",4.1,119,1,0,₹300 for two
421565,"Pizza Hut | Kohinoor Sqaure Dadar, Mumbai",https://www.swiggy.com/dapi/menu/pl?restaurantId=421565,mumbai,Dadar West,Pizzas,4.2,6.2K+,1,0,₹350 for two
23715,McDonald's,https://www.swiggy.com/dapi/menu/pl?restaurantId=23715,mumbai,Dadar West,"Burgers, Beverages, Cafe, Desserts",4.5,62K+,1,0,₹400 for two
8249,Burger King,https://www.swiggy.com/dapi/menu/pl?restaurantId=8249,mumbai,Mahim,"Burgers, American",4.2,79K+,1,0,₹350 for two
317762,Domino's Pizza,https://www.swiggy.com/dapi/menu/pl?restaurantId=317762,mumbai,Matunga West,"Pizzas, Italian, Pastas, Desserts",4.4,3.7K+,1,0,₹400 for two
681492,LeanCrust Pizza- ThinCrust Experts,https://www.swiggy.com/dapi/menu/pl?restaurantId=681492,mumbai,Prabhadevi,"Pizzas, Italian, Desserts",4.4,329,1,0,₹300 for two
775579,Sweet County Cake Shop,https://www.swiggy.com/dapi/menu/pl?restaurantId=775579,mumbai,Matunga East,Bakery,4.5,907,1,0,₹500 for two
137366,Theobroma,https://www.swiggy.com/dapi/menu/pl?restaurantId=137366,mumbai,Matunga East,"Bakery, Desserts",4.7,11K+,1,0,₹400 for two
639006,Wow! Momo,https://www.swiggy.com/dapi/menu/pl?restaurantId=639006,mumbai,Crystal Tower,"Momos, Chinese, fastfood, Asian, Beverages",4.2,1.5K+,1,0,₹300 for two
782433,ROYCE' Chocolate,https://www.swiggy.com/dapi/menu/pl?restaurantId=782433,mumbai,BAZAR PRABHADEVI,Desserts,4.8,191,1,0,₹750 for two
274876,Mealful Rolls - India's Biggest Rolls,https://www.swiggy.com/dapi/menu/pl?restaurantId=274876,mumbai,Sayani Road,"Fast Food, Snacks, North Indian, Desserts",4.5,700,1,0,₹250 for two
692110,BOOM - Sub Style Sandwiches,https://www.swiggy.com/dapi/menu/pl?restaurantId=692110,mumbai,Prabhadevi,"Snacks, Indian, Desserts",4.2,244,1,0,₹250 for two
616138,"Bhatti Chicken - Grilled, NOT Fried!",https://www.swiggy.com/dapi/menu/pl?restaurantId=616138,mumbai,Prabhadevi,"North Indian, Snacks, Fast Food, Tandoor",4.6,98,1,0,₹250 for two
42278,Jumboking Burgers,https://www.swiggy.com/dapi/menu/pl?restaurantId=42278,mumbai,Dadar,"American, Mexican, Fast Food, Snacks, Beverages",4.5,2.2K+,1,0,₹200 for two
740405,Hola Pasta - Fresh Gourmet Pasta,https://www.swiggy.com/dapi/menu/pl?restaurantId=740405,mumbai,Prabhadevi,"Pastas, Italian, Desserts, Beverages",4.1,175,1,0,₹250 for two
681243,GLOBO Ice Creams Of The World,https://www.swiggy.com/dapi/menu/pl?restaurantId=681243,mumbai,Prabhadevi,"Ice Cream, Desserts, Bakery",4.8,51,1,0,₹150 for two
475120,Starbucks Coffee,https://www.swiggy.com/dapi/menu/pl?restaurantId=475120,mumbai,Matunga East,"Beverages, Cafe, Snacks, Desserts, Bakery, Ice Cream",4.7,1.5K+,1,0,₹400 for two
23955,"Faasos - Wraps, Rolls & Shawarma",https://www.swiggy.com/dapi/menu/pl?restaurantId=23955,mumbai,Parel,"Kebabs, Fast Food, Snacks, American, Healthy Food, Desserts, Beverages",4.3,19K+,1,0,₹200 for two
177739,Grandmama's Cafe,https://www.swiggy.com/dapi/menu/pl?restaurantId=177739,mumbai,Dadar East,"Pastas, Pizzas, Cafe, Desserts, Beverages, Italian",4.3,3.6K+,1,0,₹800 for two
9173,Sweet Bengal,https://www.swiggy.com/dapi/menu/pl?restaurantId=9173,mumbai,Mahim,"Sweets, Indian, Snacks, Desserts",4.8,12K+,1,0,₹150 for two
574924,Veg Darbar by Behrouz Biryani,https://www.swiggy.com/dapi/menu/pl?restaurantId=574924,mumbai,Dadar East,"Biryani, North Indian, Kebabs, Mughlai, Beverages, Desserts",4.4,62,1,0,₹700 for two
421565,"Pizza Hut | Kohinoor Sqaure Dadar, Mumbai",https://www.swiggy.com/dapi/menu/pl?restaurantId=421565,mumbai,Dadar West,Pizzas,4.2,6.2K+,1,0,₹350 for two
8249,Burger King,https://www.swiggy.com/dapi/menu/pl?restaurantId=8249,mumbai,Mahim,"Burgers, American",4.2,79K+,1,0,₹350 for two
23715,McDonald's,https://www.swiggy.com/dapi/menu/pl?restaurantId=23715,mumbai,Dadar West,"Burgers, Beverages, Cafe, Desserts",4.5,62K+,1,0,₹400 for two
317762,Domino's Pizza,https://www.swiggy.com/dapi/menu/pl?restaurantId=317762,mumbai,Matunga West,"Pizzas, Italian, Pastas, Desserts",4.4,3.7K+,1,0,₹400 for two
109895,New Pankaj,https://www.swiggy.com/dapi/menu/pl?restaurantId=109895,mumbai,MATUNGA,"Chaat, Snacks, Beverages, Pizzas, Desserts, Street Food, Fast Food",4.6,12K+,1,0,₹300 for two
652640,Ekadashi Upahargruha,https://www.swiggy.com/dapi/menu/pl?restaurantId=652640,mumbai,Mahim Dadar,"Snacks, Beverages, Biryani",4.7,8.3K+,1,0,₹200 for two
26826,Matunga Dabeli,https://www.swiggy.com/dapi/menu/pl?restaurantId=26826,mumbai,LAKHAMSI NAPPU ROAD,Snacks,4.5,16K+,1,0,₹100 for two
966277,Brijwasi Kashinath Chhotalal,https://www.swiggy.com/dapi/menu/pl?restaurantId=966277,mumbai,Matunga Wadala,"Lucknowi, Desserts, Chaat, Beverages, Sweets",4.1,119,1,0,₹300 for two
16865,Pizza Hut,https://www.swiggy.com/dapi/menu/pl?restaurantId=16865,delhi,Janpath,Pizzas,4.4,5.6K+,1,0,₹350 for two
253982,McDonald's,https://www.swiggy.com/dapi/menu/pl?restaurantId=253982,delhi,Connaught Place,"American, Fast Food, Beverages",4.6,4.5K+,1,0,₹400 for two
26719,KFC,https://www.swiggy.com/dapi/menu/pl?restaurantId=26719,delhi,Connaught Place,"Burgers, Fast Food, Rolls & Wraps",4.5,11K+,1,0,₹400 for two
611110,Domino's Pizza,https://www.swiggy.com/dapi/menu/pl?restaurantId=611110,delhi,Connaught Place,"Pizzas, Italian, Pastas, Desserts",4.5,1.6K+,1,0,₹400 for two
8614,Burger King,https://www.swiggy.com/dapi/menu/pl?restaurantId=8614,delhi,Connaught Place,"Burgers, American",4.4,45K+,1,0,₹350 for two
659837,Bakingo,https://www.swiggy.com/dapi/menu/pl?restaurantId=659837,delhi,Karol Bagh,"Bakery, Desserts, Beverages, Snacks",4.6,13K+,1,0,₹299 for two
58217,Theobroma,https://www.swiggy.com/dapi/menu/pl?restaurantId=58217,delhi,Connaught Place,"Bakery, Desserts",4.6,14K+,1,0,₹400 for two
96094,Wow! Momo,https://www.swiggy.com/dapi/menu/pl?restaurantId=96094,delhi,R.K Ashram Marg Metro Station,"Momos, Chinese, fastfood, Asian, Beverages",4.1,1.7K+,1,0,₹300 for two
21383,Subway,https://www.swiggy.com/dapi/menu/pl?restaurantId=21383,delhi,P Block Connaught Place,"sandwich, Salads, wrap, Healthy Food",4.3,6.8K+,1,0,₹350 for two
8628,Burger Singh(Big Punjabi Burgers),https://www.swiggy.com/dapi/menu/pl?restaurantId=8628,delhi,Connaught Place,"Snacks, Fast Food, Indian, American, Beverages, Desserts, Mughlai, Biryani",4.3,15K+,1,0,₹300 for two
69455,Starbucks Coffee,https://www.swiggy.com/dapi/menu/pl?restaurantId=69455,delhi,Connaught Place,"Beverages, Cafe, Snacks, Desserts, Bakery, Ice Cream",4.6,3.2K+,1,0,₹400 for two
40414,Bikanervala,https://www.swiggy.com/dapi/menu/pl?restaurantId=40414,delhi,Connaught Place,"North Indian, Snacks, Chaat, Sweets",4.4,18K+,1,0,₹300 for two
753312,The Belgian Waffle Co.,https://www.swiggy.com/dapi/menu/pl?restaurantId=753312,delhi,Connaught Place,"Waffle, Desserts, Ice Cream",4.7,1.3K+,1,0,₹200 for two
25823,"Faasos - Wraps, Rolls & Shawarma",https://www.swiggy.com/dapi/menu/pl?restaurantId=25823,delhi,Connaught Place,"Kebabs, Fast Food, Snacks, American, Healthy Food, Desserts, Beverages",4.3,18K+,1,0,₹200 for two
10477,Chaayos Chai+Snacks=Relax,https://www.swiggy.com/dapi/menu/pl?restaurantId=10477,delhi,Connaught Place,"Bakery, Beverages, Chaat, Desserts, Home Food, Italian, Maharashtrian, Snacks, Street Food, Sweets",4.7,10K+,1,0,₹250 for two
169244,Taco Bell,https://www.swiggy.com/dapi/menu/pl?restaurantId=169244,delhi,Connaught Place,"Mexican, Fast Food, Snacks",4.6,9.5K+,1,0,₹300 for two
669014,Bheemeshwara - A South Indian Delicacy,https://www.swiggy.com/dapi/menu/pl?restaurantId=669014,delhi,Connaught Place,"South Indian,  Biryani,  Andhra",4.4,4.3K+,1,0,₹350 for two
20297,Giani,https://www.swiggy.com/dapi/menu/pl?restaurantId=20297,delhi,Gole Market,Ice Cream,4.2,5.8K+,1,0,₹300 for two
279866,Ghar ka Khana by EatFit,https://www.swiggy.com/dapi/menu/pl?restaurantId=279866,delhi,GOLE MARKET,"North Indian, Home Food, Healthy Food, Indian, Punjabi, South Indian, Rajasthani, Maharashtrian, Snacks, Desserts",4.1,3.2K+,1,0,₹250 for two
378311,Blue Tokai Coffee Roasters,https://www.swiggy.com/dapi/menu/pl?restaurantId=378311,delhi,Connaught Place,"Cafe, Coffee, Beverages",4.7,1.6K+,1,0,₹600 for two
16865,Pizza Hut,https://www.swiggy.com/dapi/menu/pl?restaurantId=16865,delhi,Janpath,Pizzas,4.4,5.6K+,1,0,₹350 for two
1302118,Mealy - Your Everyday Meal,https://www.swiggy.com/dapi/menu/pl?restaurantId=1302118,delhi,Karol Bagh,"Beverages, Street Food, North Indian",4.3,10,1,0,₹200 for two
253982,McDonald's,https://www.swiggy.com/dapi/menu/pl?restaurantId=253982,delhi,Connaught Place,"American, Fast Food, Beverages",4.6,4.5K+,1,0,₹400 for two
26719,KFC,https://www.swiggy.com/dapi/menu/pl?restaurantId=26719,delhi,Connaught Place,"Burgers, Fast Food, Rolls & Wraps",4.5,11K+,1,0,₹400 for two
611110,Domino's Pizza,https://www.swiggy.com/dapi/menu/pl?restaurantId=611110,delhi,Connaught Place,"Pizzas, Italian, Pastas, Desserts",4.5,1.6K+,1,0,₹400 for two
1150282,Burger King,https://www.swiggy.com/dapi/menu/pl?restaurantId=1150282,delhi,"Mezzanine Floor, Janpat","Burgers, American",4.6,487,1,0,₹350 for two
23260,Bangla Sweet House,https://www.swiggy.com/dapi/menu/pl?restaurantId=23260,delhi,Gole Market,"Sweets, indian snacks, North Indian, Indian, South Indian, Chinese, Snacks, Fast Food",4.5,13K+,1,0,₹150 for two
58217,Theobroma,https://www.swiggy.com/dapi/menu/pl?restaurantId=58217,delhi,Connaught Place,"Bakery, Desserts",4.6,14K+,1,0,₹400 for two
16865,Pizza Hut,https://www.swiggy.com/dapi/menu/pl?restaurantId=16865,delhi,Janpath,Pizzas,4.4,5.6K+,1,0,₹350 for two
253982,McDonald's,https://www.swiggy.com/dapi/menu/pl?restaurantId=253982,delhi,Connaught Place,"American, Fast Food, Beverages",4.6,4.5K+,1,0,₹400 for two
26719,KFC,https://www.swiggy.com/dapi/menu/pl?restaurantId=26719,delhi,Connaught Place,"Burgers, Fast Food, Rolls & Wraps",4.5,11K+,1,0,₹400 for two
611110,Domino's Pizza,https://www.swiggy.com/dapi/menu/pl?restaurantId=611110,delhi,Connaught Place,"Pizzas, Italian, Pastas, Desserts",4.5,1.6K+,1,0,₹400 for two
8614,Burger King,https://www.swiggy.com/dapi/menu/pl?restaurantId=8614,delhi,Connaught Place,"Burgers, American",4.4,45K+,1,0,₹350 for two
659837,Bakingo,https://www.swiggy.com/dapi/menu/pl?restaurantId=659837,delhi,Karol Bagh,"Bakery, Desserts, Beverages, Snacks",4.6,13K+,1,0,₹299 for two
58217,Theobroma,https://www.swiggy.com/dapi/menu/pl?restaurantId=58217,delhi,Connaught Place,"Bakery, Desserts",4.6,14K+,1,0,₹400 for two
21383,Subway,https://www.swiggy.com/dapi/menu/pl?restaurantId=21383,delhi,P Block Connaught Place,"sandwich, Salads, wrap, Healthy Food",4.3,6.8K+,1,0,₹350 for two
96094,Wow! Momo,https://www.swiggy.com/dapi/menu/pl?restaurantId=96094,delhi,R.K Ashram Marg Metro Station,"Momos, Chinese, fastfood, Asian, Beverages",4.1,1.7K+,1,0,₹300 for two
8628,Burger Singh(Big Punjabi Burgers),https://www.swiggy.com/dapi/menu/pl?restaurantId=8628,delhi,Connaught Place,"Snacks, Fast Food, Indian, American, Beverages, Desserts, Mughlai, Biryani",4.3,15K+,1,0,₹300 for two
69455,Starbucks Coffee,https://www.swiggy.com/dapi/menu/pl?restaurantId=69455,delhi,Connaught Place,"Beverages, Cafe, Snacks, Desserts, Bakery, Ice Cream",4.6,3.2K+,1,0,₹400 for two
40414,Bikanervala,https://www.swiggy.com/dapi/menu/pl?restaurantId=40414,delhi,Connaught Place,"North Indian, Snacks, Chaat, Sweets",4.4,18K+,1,0,₹300 for two
753312,The Belgian Waffle Co.,https://www.swiggy.com/dapi/menu/pl?restaurantId=753312,delhi,Connaught Place,"Waffle, Desserts, Ice Cream",4.7,1.3K+,1,0,₹200 for two
25823,"Faasos - Wraps, Rolls & Shawarma",https://www.swiggy.com/dapi/menu/pl?restaurantId=25823,delhi,Connaught Place,"Kebabs, Fast Food, Snacks, American, Healthy Food, Desserts, Beverages",4.3,18K+,1,0,₹200 for two
10477,Chaayos Chai+Snacks=Relax,https://www.swiggy.com/dapi/menu/pl?restaurantId=10477,delhi,Connaught Place,"Bakery, Beverages, Chaat, Desserts, Home Food, Italian, Maharashtrian, Snacks, Street Food, Sweets",4.7,10K+,1,0,₹250 for two
169244,Taco Bell,https://www.swiggy.com/dapi/menu/pl?restaurantId=169244,delhi,Connaught Place,"Mexican, Fast Food, Snacks",4.6,9.5K+,1,0,₹300 for two
669014,Bheemeshwara - A South Indian Delicacy,https://www.swiggy.com/dapi/menu/pl?restaurantId=669014,delhi,Connaught Place,"South Indian,  Biryani,  Andhra",4.4,4.3K+,1,0,₹350 for two
20297,Giani,https://www.swiggy.com/dapi/menu/pl?restaurantId=20297,delhi,Gole Market,Ice Cream,4.2,5.8K+,1,0,₹300 for two
279866,Ghar ka Khana by EatFit,https://www.swiggy.com/dapi/menu/pl?restaurantId=279866,delhi,GOLE MARKET,"North Indian, Home Food, Healthy Food, Indian, Punjabi, South Indian, Rajasthani, Maharashtrian, Snacks, Desserts",4.1,3.2K+,1,0,₹250 for two
378311,Blue Tokai Coffee Roasters,https://www.swiggy.com/dapi/menu/pl?restaurantId=378311,delhi,Connaught Place,"Cafe, Coffee, Beverages",4.7,1.6K+,1,0,₹600 for two
16865,Pizza Hut,https://www.swiggy.com/dapi/menu/pl?restaurantId=16865,delhi,Janpath,Pizzas,4.4,5.6K+,1,0,₹350 for two
1302118,Mealy - Your Everyday Meal,https://www.swiggy.com/dapi/menu/pl?restaurantId=1302118,delhi,Karol Bagh,"Beverages, Street Food, North Indian",4.3,10,1,0,₹200 for two
253982,McDonald's,https://www.swiggy.com/dapi/menu/pl?restaurantId=253982,delhi,Connaught Place,"American, Fast Food, Beverages",4.6,4.5K+,1,0,₹400 for two
26719,KFC,https://www.swiggy.com/dapi/menu/pl?restaurantId=26719,delhi,Connaught Place,"Burgers, Fast Food, Rolls & Wraps",4.5,11K+,1,0,₹400 for two
611110,Domino's Pizza,https://www.swiggy.com/dapi/menu/pl?restaurantId=611110,delhi,Connaught Place,"Pizzas, Italian, Pastas, Desserts",4.5,1.6K+,1,0,₹400 for two
1150282,Burger King,https://www.swiggy.com/dapi/menu/pl?restaurantId=1150282,delhi,"Mezzanine Floor, Janpat","Burgers, American",4.6,487,1,0,₹350 for two
23260,Bangla Sweet House,https://www.swiggy.com/dapi/menu/pl?restaurantId=23260,delhi,Gole Market,"Sweets, indian snacks, North Indian, Indian, South Indian, Chinese, Snacks, Fast Food",4.5,13K+,1,0,₹150 for two
58217,Theobroma,https://www.swiggy.com/dapi/menu/pl?restaurantId=58217,delhi,Connaught Place,"Bakery, Desserts",4.6,14K+,1,0,₹400 for two
11106,"Pizza Hut | Jail Road, Delhi",https://www.swiggy.com/dapi/menu/pl?restaurantId=11106,delhi,Jail Road,Pizzas,4.4,10K+,1,0,₹350 for two
254117,McDonald's,https://www.swiggy.com/dapi/menu/pl?restaurantId=254117,delhi,Tilak Nagar,"American, Fast Food, Beverages",4.6,33K+,1,0,₹400 for two
94938,Burger King,https://www.swiggy.com/dapi/menu/pl?restaurantId=94938,delhi,Rajouri Garden,American,4.5,6.6K+,1,0,₹350 for two
752532,KFC,https://www.swiggy.com/dapi/menu/pl?restaurantId=752532,delhi,Rajouri Garden,"Burgers, Fast Food, Rolls & Wraps",4.5,4.1K+,1,0,₹400 for two
25451,Domino's Pizza,https://www.swiggy.com/dapi/menu/pl?restaurantId=25451,delhi,Subhash Nagar,"Pizzas, Italian, Pastas, Desserts",4.6,13K+,1,0,₹400 for two
317668,Theobroma,https://www.swiggy.com/dapi/menu/pl?restaurantId=317668,delhi,Rajouri Garden,"Bakery, Desserts",4.6,7.0K+,1,0,₹400 for two
55272,La Pino'z Pizza,https://www.swiggy.com/dapi/menu/pl?restaurantId=55272,delhi,Rajouri Garden,"Pizzas, Pastas, Italian, Desserts, Beverages",4.3,23K+,1,0,₹300 for two
16440,Subway,https://www.swiggy.com/dapi/menu/pl?restaurantId=16440,delhi,Pacific Mall,"sandwich, Salads, wrap, Healthy Food",4.4,3.4K+,1,0,₹350 for two
302061,Wow! Momo,https://www.swiggy.com/dapi/menu/pl?restaurantId=302061,delhi,Pacific Mall,"Momos, Chinese, fastfood, Asian, Beverages",4.1,1.5K+,1,0,₹300 for two
585614,The Belgian Waffle Co.,https://www.swiggy.com/dapi/menu/pl?restaurantId=585614,delhi,Paschim Vihar,"Waffle, Desserts, Ice Cream",4.6,2.0K+,1,0,₹200 for two
350077,Bakingo,https://www.swiggy.com/dapi/menu/pl?restaurantId=350077,delhi,Tagore Garden,"Bakery, Desserts, Beverages, Snacks",4.7,13K+,1,0,₹300 for two
71561,IKK Panjab,https://www.swiggy.com/dapi/menu/pl?restaurantId=71561,delhi,Rajouri Garden,Indian,4.5,2.8K+,1,0,₹1000 for two
353789,Ghar ka Khana by EatFit,https://www.swiggy.com/dapi/menu/pl?restaurantId=353789,delhi,Uttam Nagar,"North Indian, Home Food, Healthy Food, Indian, Punjabi, South Indian, Rajasthani, Maharashtrian, Snacks, Desserts",4.2,1.9K+,1,0,₹250 for two
104565,Starbucks Coffee,https://www.swiggy.com/dapi/menu/pl?restaurantId=104565,delhi,Tilak Nagar,"Beverages, Cafe, Snacks, Desserts, Bakery, Ice Cream",4.4,2.4K+,1,0,₹400 for two
20779,Chaayos Chai+Snacks=Relax,https://www.swiggy.com/dapi/menu/pl?restaurantId=20779,delhi,Tagore Garden,"Beverages, Chaat, Snacks, Bakery, Street Food, healthy, Home Food, Maharashtrian, Italian, Desserts",4.6,5.7K+,1,0,₹250 for two
40416,Bikanervala,https://www.swiggy.com/dapi/menu/pl?restaurantId=40416,delhi,Punjabi Bagh,"Snacks, Chaat, Sweets",4.6,28K+,1,0,₹300 for two
545333,Chinese Wok,https://www.swiggy.com/dapi/menu/pl?restaurantId=545333,delhi,Rajouri Garden,"Chinese, Asian, Tibetan, Desserts",4.3,3.3K+,1,0,₹250 for two
346473,Burgerama,https://www.swiggy.com/dapi/menu/pl?restaurantId=346473,delhi,Rajouri Garden,American,4.4,3.9K+,1,0,₹600 for two
769726,Layla's Shawarma & Middle Eastern Kitchen,https://www.swiggy.com/dapi/menu/pl?restaurantId=769726,delhi,Punjabi Bagh,"Middle Eastern, Lebanese, rolls",4.6,2.0K+,1,0,₹900 for two
336054,Wendy's Burgers,https://www.swiggy.com/dapi/menu/pl?restaurantId=336054,delhi,Rajouri Garden,"Burgers, American, Fast Food, Snacks",4.3,4.8K+,1,0,₹200 for two
11106,"Pizza Hut | Jail Road, Delhi",https://www.swiggy.com/dapi/menu/pl?restaurantId=11106,delhi,Jail Road,Pizzas,4.4,10K+,1,0,₹350 for two
923434,KFC,https://www.swiggy.com/dapi/menu/pl?restaurantId=923434,delhi,Tilak Nagar,"Burgers, Fast Food, Rolls & Wraps",4.6,2.2K+,1,0,₹400 for two
254117,McDonald's,https://www.swiggy.com/dapi/menu/pl?restaurantId=254117,delhi,Tilak Nagar,"American, Fast Food, Beverages",4.6,33K+,1,0,₹400 for two
94938,Burger King,https://www.swiggy.com/dapi/menu/pl?restaurantId=94938,delhi,Rajouri Garden,American,4.5,6.6K+,1,0,₹350 for two
25451,Domino's Pizza,https://www.swiggy.com/dapi/menu/pl?restaurantId=25451,delhi,Subhash Nagar,"Pizzas, Italian, Pastas, Desserts",4.6,13K+,1,0,₹400 for two
489921,Mishtanam By Aggarwal Sweets,https://www.swiggy.com/dapi/menu/pl?restaurantId=489921,delhi,Tilak Nagar,"Sweets, Snacks",4.6,7.0K+,1,0,₹200 for two
39206,Monga Sweets,https://www.swiggy.com/dapi/menu/pl?restaurantId=39206,delhi,Janakpuri,"Sweets, Desserts",4.7,14K+,1,0,₹250 for two
317668,Theobroma,https://www.swiggy.com/dapi/menu/pl?restaurantId=317668,delhi,Rajouri Garden,"Bakery, Desserts",4.6,7.0K+,1,0,₹400 for two
11106,"Pizza Hut | Jail Road, Delhi",https://www.swiggy.com/dapi/menu/pl?restaurantId=11106,delhi,Jail Road,Pizzas,4.4,10K+,1,0,₹350 for two
254117,McDonald's,https://www.swiggy.com/dapi/menu/pl?restaurantId=254117,delhi,Tilak Nagar,"American, Fast Food, Beverages",4.6,33K+,1,0,₹400 for two
94938,Burger King,https://www.swiggy.com/dapi/menu/pl?restaurantId=94938,delhi,Rajouri Garden,American,4.5,6.6K+,1,0,₹350 for two
752532,KFC,https://www.swiggy.com/dapi/menu/pl?restaurantId=752532,delhi,Rajouri Garden,"Burgers, Fast Food, Rolls & Wraps",4.5,4.1K+,1,0,₹400 for two
25451,Domino's Pizza,https://www.swiggy.com/dapi/menu/pl?restaurantId=25451,delhi,Subhash Nagar,"Pizzas, Italian, Pastas, Desserts",4.6,13K+,1,0,₹400 for two
317668,Theobroma,https://www.swiggy.com/dapi/menu/pl?restaurantId=317668,delhi,Rajouri Garden,"Bakery, Desserts",4.6,7.0K+,1,0,₹400 for two
55272,La Pino'z Pizza,https://www.swiggy.com/dapi/menu/pl?restaurantId=55272,delhi,Rajouri Garden,"Pizzas, Pastas, Italian, Desserts, Beverages",4.3,23K+,1,0,₹300 for two
16440,Subway,https://www.swiggy.com/dapi/menu/pl?restaurantId=16440,delhi,Pacific Mall,"sandwich, Salads, wrap, Healthy Food",4.4,3.4K+,1,0,₹350 for two
302061,Wow! Momo,https://www.swiggy.com/dapi/menu/pl?restaurantId=302061,delhi,Pacific Mall,"Momos, Chinese, fastfood, Asian, Beverages",4.1,1.5K+,1,0,₹300 for two
585614,The Belgian Waffle Co.,https://www.swiggy.com/dapi/menu/pl?restaurantId=585614,delhi,Paschim Vihar,"Waffle, Desserts, Ice Cream",4.6,2.0K+,1,0,₹200 for two
350077,Bakingo,https://www.swiggy.com/dapi/menu/pl?restaurantId=350077,delhi,Tagore Garden,"Bakery, Desserts, Beverages, Snacks",4.7,13K+,1,0,₹300 for two
71561,IKK Panjab,https://www.swiggy.com/dapi/menu/pl?restaurantId=71561,delhi,Rajouri Garden,Indian,4.5,2.8K+,1,0,₹1000 for two
353789,Ghar ka Khana by EatFit,https://www.swiggy.com/dapi/menu/pl?restaurantId=353789,delhi,Uttam Nagar,"North Indian, Home Food, Healthy Food, Indian, Punjabi, South Indian, Rajasthani, Maharashtrian, Snacks, Desserts",4.2,1.9K+,1,0,₹250 for two
104565,Starbucks Coffee,https://www.swiggy.com/dapi/menu/pl?restaurantId=104565,delhi,Tilak Nagar,"Beverages, Cafe, Snacks, Desserts, Bakery, Ice Cream",4.4,2.4K+,1,0,₹400 for two
20779,Chaayos Chai+Snacks=Relax,https://www.swiggy.com/dapi/menu/pl?restaurantId=20779,delhi,Tagore Garden,"Beverages, Chaat, Snacks, Bakery, Street Food, healthy, Home Food, Maharashtrian, Italian, Desserts",4.6,5.7K+,1,0,₹250 for two
40416,Bikanervala,https://www.swiggy.com/dapi/menu/pl?restaurantId=40416,delhi,Punjabi Bagh,"Snacks, Chaat, Sweets",4.6,28K+,1,0,₹300 for two
545333,Chinese Wok,https://www.swiggy.com/dapi/menu/pl?restaurantId=545333,delhi,Rajouri Garden,"Chinese, Asian, Tibetan, Desserts",4.3,3.3K+,1,0,₹250 for two
346473,Burgerama,https://www.swiggy.com/dapi/menu/pl?restaurantId=346473,delhi,Rajouri Garden,American,4.4,3.9K+,1,0,₹600 for two
769726,Layla's Shawarma & Middle Eastern Kitchen,https://www.swiggy.com/dapi/menu/pl?restaurantId=769726,delhi,Punjabi Bagh,"Middle Eastern, Lebanese, rolls",4.6,2.0K+,1,0,₹900 for two
336054,Wendy's Burgers,https://www.swiggy.com/dapi/menu/pl?restaurantId=336054,delhi,Rajouri Garden,"Burgers, American, Fast Food, Snacks",4.3,4.8K+,1,0,₹200 for two
11106,"Pizza Hut | Jail Road, Delhi",https://www.swiggy.com/dapi/menu/pl?restaurantId=11106,delhi,Jail Road,Pizzas,4.4,10K+,1,0,₹350 for two
923434,KFC,https://www.swiggy.com/dapi/menu/pl?restaurantId=923434,delhi,Tilak Nagar,"Burgers, Fast Food, Rolls & Wraps",4.6,2.2K+,1,0,₹400 for two
254117,McDonald's,https://www.swiggy.com/dapi/menu/pl?restaurantId=254117,delhi,Tilak Nagar,"American, Fast Food, Beverages",4.6,33K+,1,0,₹400 for two
94938,Burger King,https://www.swiggy.com/dapi/menu/pl?restaurantId=94938,delhi,Rajouri Garden,American,4.5,6.6K+,1,0,₹350 for two
25451,Domino's Pizza,https://www.swiggy.com/dapi/menu/pl?restaurantId=25451,delhi,Subhash Nagar,"Pizzas, Italian, Pastas, Desserts",4.6,13K+,1,0,₹400 for two
489921,Mishtanam By Aggarwal Sweets,https://www.swiggy.com/dapi/menu/pl?restaurantId=489921,delhi,Tilak Nagar,"Sweets, Snacks",4.6,7.0K+,1,0,₹200 for two
39206,Monga Sweets,https://www.swiggy.com/dapi/menu/pl?restaurantId=39206,delhi,Janakpuri,"Sweets, Desserts",4.7,14K+,1,0,₹250 for two
317668,Theobroma,https://www.swiggy.com/dapi/menu/pl?restaurantId=317668,delhi,Rajouri Garden,"Bakery, Desserts",4.6,7.0K+,1,0,₹400 for two
11642,Pizza Hut,https://www.swiggy.com/dapi/menu/pl?restaurantId=11642,delhi,Saket,Pizzas,4.3,13K+,1,0,₹350 for two
31371,KFC,https://www.swiggy.com/dapi/menu/pl?restaurantId=31371,delhi,Saket,"Burgers, Fast Food, Rolls & Wraps",4.3,23K+,1,0,₹500 for two
14248,Burger King,https://www.swiggy.com/dapi/menu/pl?restaurantId=14248,delhi,Saket,"Burgers, American",4.4,83K+,1,0,₹350 for two
253711,McDonald's,https://www.swiggy.com/dapi/menu/pl?restaurantId=253711,delhi,Saket,"American, Fast Food, Beverages",4.5,37K+,1,0,₹400 for two
24146,Domino's Pizza,https://www.swiggy.com/dapi/menu/pl?restaurantId=24146,delhi,Saket,"Pizzas, Italian, Pastas, Desserts",4.3,17K+,1,0,₹400 for two
265572,Theobroma,https://www.swiggy.com/dapi/menu/pl?restaurantId=265572,delhi,Malviya Nagar,"Bakery, Desserts",4.7,4.9K+,1,0,₹400 for two
20918,Bakingo,https://www.swiggy.com/dapi/menu/pl?restaurantId=20918,delhi,Shahpur Jat,"Bakery, Desserts, Beverages, Snacks",4.6,26K+,1,0,₹300 for two
411035,La Pino'z Pizza,https://www.swiggy.com/dapi/menu/pl?restaurantId=411035,delhi,Malviya Nagar,"Pizzas, Pastas, Italian, Desserts, Beverages",4.1,11K+,1,0,₹300 for two
725575,Subway,https://www.swiggy.com/dapi/menu/pl?restaurantId=725575,delhi,PVR Saket,"sandwich, Salads, wrap, Healthy Food",4.5,3.4K+,1,0,₹350 for two
435688,The Belgian Waffle Co.,https://www.swiggy.com/dapi/menu/pl?restaurantId=435688,delhi,Saket,"Waffle, Desserts, Ice Cream",4.6,3.0K+,1,0,₹200 for two
82909,Wow! Momo,https://www.swiggy.com/dapi/menu/pl?restaurantId=82909,delhi,Saket,"Momos, Chinese, fastfood, Asian, Beverages",4.3,3.4K+,1,0,₹300 for two
64795,Mahabelly-Coastal South Indian Co.,https://www.swiggy.com/dapi/menu/pl?restaurantId=64795,delhi,Chattarpur,"South Indian, Kerala, Biryani, Chettinad, Seafood",4.6,7.6K+,1,0,₹800 for two
237038,Chaayos Chai+Snacks=Relax,https://www.swiggy.com/dapi/menu/pl?restaurantId=237038,delhi,Saket,"Beverages, Chaat, Snacks, Bakery, Street Food, healthy, Home Food, Maharashtrian, Italian, Desserts",4.6,6.8K+,1,0,₹250 for two
104567,Starbucks Coffee,https://www.swiggy.com/dapi/menu/pl?restaurantId=104567,delhi,Saket,"Beverages, Cafe, Snacks, Desserts, Bakery, Ice Cream",4.3,2.3K+,1,0,₹400 for two
1790,Flavors Of Chennai,https://www.swiggy.com/dapi/menu/pl?restaurantId=1790,delhi,Malviya Nagar,"South Indian, Snacks, Beverages, Desserts, Thalis",4.5,33K+,1,0,₹400 for two
806186,"Harajuku Bakehouse - Cakes, Desserts and Boba Tea",https://www.swiggy.com/dapi/menu/pl?restaurantId=806186,delhi,Malviya Nagar,"Bakery, Desserts, Bubble Tea",4.4,285,1,0,₹800 for two
337863,Call Chotu - Your Everyday Food Genie,https://www.swiggy.com/dapi/menu/pl?restaurantId=337863,delhi,Sainik Farms,"North Indian, Chinese, Street Food, Momos, Thai, Kebabs, Mughlai, Maharashtrian",4.2,9.5K+,1,0,₹300 for two
768470,Wendy's Burgers,https://www.swiggy.com/dapi/menu/pl?restaurantId=768470,delhi,Malviya Nagar,"Burgers, American, Fast Food, Snacks",4.3,3.3K+,1,0,₹400 for two
15845,"Faasos - Wraps, Rolls & Shawarma",https://www.swiggy.com/dapi/menu/pl?restaurantId=15845,delhi,Malviya Nagar,"Kebabs, Fast Food, Snacks, American, Healthy Food, Desserts, Beverages",4.3,22K+,1,0,₹200 for two
93710,Bhookemon,https://www.swiggy.com/dapi/menu/pl?restaurantId=93710,delhi,Saket,"North Indian, Chinese, Italian",4.4,12K+,1,0,₹600 for two
11642,Pizza Hut,https://www.swiggy.com/dapi/menu/pl?restaurantId=11642,delhi,Saket,Pizzas,4.3,13K+,1,0,₹350 for two
1247277,Mealy - Your Everyday Meal,https://www.swiggy.com/dapi/menu/pl?restaurantId=1247277,delhi,Malviya Nagar,"Desserts, Beverages, North Indian",4.1,123,1,0,₹200 for two
31371,KFC,https://www.swiggy.com/dapi/menu/pl?restaurantId=31371,delhi,Saket,"Burgers, Fast Food, Rolls & Wraps",4.3,23K+,1,0,₹500 for two
14248,Burger King,https://www.swiggy.com/dapi/menu/pl?restaurantId=14248,delhi,Saket,"Burgers, American",4.4,83K+,1,0,₹350 for two
253711,McDonald's,https://www.swiggy.com/dapi/menu/pl?restaurantId=253711,delhi,Saket,"American, Fast Food, Beverages",4.5,37K+,1,0,₹400 for two
24146,Domino's Pizza,https://www.swiggy.com/dapi/menu/pl?restaurantId=24146,delhi,Saket,"Pizzas, Italian, Pastas, Desserts",4.3,17K+,1,0,₹400 for two
37438,Theobroma,https://www.swiggy.com/dapi/menu/pl?restaurantId=37438,delhi,Saket,"Bakery, Desserts",4.6,6.9K+,1,0,₹400 for two
1221492,Bakingo,https://www.swiggy.com/dapi/menu/pl?restaurantId=1221492,delhi,Saidulajab,"Bakery, Desserts, Beverages, Snacks",4.7,741,1,0,₹299 for two
11642,Pizza Hut,https://www.swiggy.com/dapi/menu/pl?restaurantId=11642,delhi,Saket,Pizzas,4.3,13K+,1,0,₹350 for two
31371,KFC,https://www.swiggy.com/dapi/menu/pl?restaurantId=31371,delhi,Saket,"Burgers, Fast Food, Rolls & Wraps",4.3,23K+,1,0,₹500 for two
14248,Burger King,https://www.swiggy.com/dapi/menu/pl?restaurantId=14248,delhi,Saket,"Burgers, American",4.4,83K+,1,0,₹350 for two
253711,McDonald's,https://www.swiggy.com/dapi/menu/pl?restaurantId=253711,delhi,Saket,"American, Fast Food, Beverages",4.5,37K+,1,0,₹400 for two
24146,Domino's Pizza,https://www.swiggy.com/dapi/menu/pl?restaurantId=24146,delhi,Saket,"Pizzas, Italian, Pastas, Desserts",4.3,17K+,1,0,₹400 for two
265572,Theobroma,https://www.swiggy.com/dapi/menu/pl?restaurantId=265572,delhi,Malviya Nagar,"Bakery, Desserts",4.7,4.9K+,1,0,₹400 for two
20918,Bakingo,https://www.swiggy.com/dapi/menu/pl?restaurantId=20918,delhi,Shahpur Jat,"Bakery, Desserts, Beverages, Snacks",4.6,26K+,1,0,₹300 for two
435688,The Belgian Waffle Co.,https://www.swiggy.com/dapi/menu/pl?restaurantId=435688,delhi,Saket,"Waffle, Desserts, Ice Cream",4.6,3.0K+,1,0,₹200 for two
411035,La Pino'z Pizza,https://www.swiggy.com/dapi/menu/pl?restaurantId=411035,delhi,Malviya Nagar,"Pizzas, Pastas, Italian, Desserts, Beverages",4.1,11K+,1,0,₹300 for two
725575,Subway,https://www.swiggy.com/dapi/menu/pl?restaurantId=725575,delhi,PVR Saket,"sandwich, Salads, wrap, Healthy Food",4.5,3.4K+,1,0,₹350 for two
82909,Wow! Momo,https://www.swiggy.com/dapi/menu/pl?restaurantId=82909,delhi,Saket,"Momos, Chinese, fastfood, Asian, Beverages",4.3,3.4K+,1,0,₹300 for two
64795,Mahabelly-Coastal South Indian Co.,https://www.swiggy.com/dapi/menu/pl?restaurantId=64795,delhi,Chattarpur,"South Indian, Kerala, Biryani, Chettinad, Seafood",4.6,7.6K+,1,0,₹800 for two
237038,Chaayos Chai+Snacks=Relax,https://www.swiggy.com/dapi/menu/pl?restaurantId=237038,delhi,Saket,"Beverages, Chaat, Snacks, Bakery, Street Food, healthy, Home Food, Maharashtrian, Italian, Desserts",4.6,6.8K+,1,0,₹250 for two
104567,Starbucks Coffee,https://www.swiggy.com/dapi/menu/pl?restaurantId=104567,delhi,Saket,"Beverages, Cafe, Snacks, Desserts, Bakery, Ice Cream",4.3,2.3K+,1,0,₹400 for two
1790,Flavors Of Chennai,https://www.swiggy.com/dapi/menu/pl?restaurantId=1790,delhi,Malviya Nagar,"South Indian, Snacks, Beverages, Desserts, Thalis",4.5,33K+,1,0,₹400 for two
806186,"Harajuku Bakehouse - Cakes, Desserts and Boba Tea",https://www.swiggy.com/dapi/menu/pl?restaurantId=806186,delhi,Malviya Nagar,"Bakery, Desserts, Bubble Tea",4.4,285,1,0,₹800 for two
337863,Call Chotu - Your Everyday Food Genie,https://www.swiggy.com/dapi/menu/pl?restaurantId=337863,delhi,Sainik Farms,"North Indian, Chinese, Street Food, Momos, Thai, Kebabs, Mughlai, Maharashtrian",4.2,9.5K+,1,0,₹300 for two
15845,"Faasos - Wraps, Rolls & Shawarma",https://www.swiggy.com/dapi/menu/pl?restaurantId=15845,delhi,Malviya Nagar,"Kebabs, Fast Food, Snacks, American, Healthy Food, Desserts, Beverages",4.3,22K+,1,0,₹200 for two
93710,Bhookemon,https://www.swiggy.com/dapi/menu/pl?restaurantId=93710,delhi,Saket,"North Indian, Chinese, Italian",4.4,12K+,1,0,₹600 for two
483245,Ghar ka Khana by EatFit,https://www.swiggy.com/dapi/menu/pl?restaurantId=483245,delhi,Lado Sarai,"North Indian, Home Food, Healthy Food, Indian, Punjabi, South Indian, Rajasthani, Maharashtrian, Snacks, Desserts",4.2,2.5K+,1,0,₹250 for two
11642,Pizza Hut,https://www.swiggy.com/dapi/menu/pl?restaurantId=11642,delhi,Saket,Pizzas,4.3,13K+,1,0,₹350 for two
1247277,Mealy - Your Everyday Meal,https://www.swiggy.com/dapi/menu/pl?restaurantId=1247277,delhi,Malviya Nagar,"Desserts, Beverages, North Indian",4.1,123,1,0,₹200 for two
31371,KFC,https://www.swiggy.com/dapi/menu/pl?restaurantId=31371,delhi,Saket,"Burgers, Fast Food, Rolls & Wraps",4.3,23K+,1,0,₹500 for two
14248,Burger King,https://www.swiggy.com/dapi/menu/pl?restaurantId=14248,delhi,Saket,"Burgers, American",4.4,83K+,1,0,₹350 for two
253711,McDonald's,https://www.swiggy.com/dapi/menu/pl?restaurantId=253711,delhi,Saket,"American, Fast Food, Beverages",4.5,37K+,1,0,₹400 for two
24146,Domino's Pizza,https://www.swiggy.com/dapi/menu/pl?restaurantId=24146,delhi,Saket,"Pizzas, Italian, Pastas, Desserts",4.3,17K+,1,0,₹400 for two
37438,Theobroma,https://www.swiggy.com/dapi/menu/pl?restaurantId=37438,delhi,Saket,"Bakery, Desserts",4.6,6.9K+,1,0,₹400 for two
1221492,Bakingo,https://www.swiggy.com/dapi/menu/pl?restaurantId=1221492,delhi,Saidulajab,"Bakery, Desserts, Beverages, Snacks",4.7,741,1,0,₹299 for two
53770,Pizza Hut,https://www.swiggy.com/dapi/menu/pl?restaurantId=53770,delhi,Lajpat Nagar - 2,Pizzas,4.4,9.5K+,1,0,₹350 for two
253724,McDonald's,https://www.swiggy.com/dapi/menu/pl?restaurantId=253724,delhi,Lajpat Nagar,"American, Fast Food, Beverages",4.6,10K+,1,0,₹400 for two
26718,KFC,https://www.swiggy.com/dapi/menu/pl?restaurantId=26718,delhi,Lajpat Nagar - 2,"Burgers, Fast Food, Rolls & Wraps",4.4,18K+,1,0,₹400 for two
24178,Domino's Pizza,https://www.swiggy.com/dapi/menu/pl?restaurantId=24178,delhi,Lajpat Nagar 2,"Pizzas, Italian, Pastas, Desserts",4.5,15K+,1,0,₹400 for two
807782,Burger King,https://www.swiggy.com/dapi/menu/pl?restaurantId=807782,delhi,Lajpat Nagar2,"Burgers, American",4.4,7.8K+,1,0,₹350 for two
265783,Theobroma,https://www.swiggy.com/dapi/menu/pl?restaurantId=265783,delhi,New Friends Colony,"Bakery, Desserts",4.6,6.2K+,1,0,₹400 for two
465399,Bakingo,https://www.swiggy.com/dapi/menu/pl?restaurantId=465399,delhi,New Friends Colony,"Bakery, Desserts, Beverages, Snacks",4.6,7.7K+,1,0,₹300 for two
314808,Wow! Momo,https://www.swiggy.com/dapi/menu/pl?restaurantId=314808,delhi,Nehru Place,"Momos, Chinese, fastfood, Asian, Beverages",4.3,2.5K+,1,0,₹300 for two
353992,La Pino'z Pizza,https://www.swiggy.com/dapi/menu/pl?restaurantId=353992,delhi,New Friends Colony,"Pizzas, Pastas, Italian, Fast Food",4.1,14K+,1,0,₹300 for two
250900,Subway,https://www.swiggy.com/dapi/menu/pl?restaurantId=250900,delhi,Amar Colony,"sandwich, Salads, wrap, Healthy Food",4.3,5.9K+,1,0,₹350 for two
263199,The Belgian Waffle Co.,https://www.swiggy.com/dapi/menu/pl?restaurantId=263199,delhi,Lala Lajpat Rai Marg,"Waffle, Desserts, Ice Cream",4.6,5.0K+,1,0,₹200 for two
408965,Crusty Culture- Artisan Pizzas,https://www.swiggy.com/dapi/menu/pl?restaurantId=408965,delhi,Greater Kailash - 1,"Pizzas, Italian, Pastas, Salads, sandwich",4.6,2.9K+,1,0,₹550 for two
339083,Layla's Shawarma & Middle Eastern Kitchen,https://www.swiggy.com/dapi/menu/pl?restaurantId=339083,delhi,Greater Kailash - 1,"Middle Eastern, Lebanese, rolls",4.6,8.2K+,1,0,₹900 for two
20781,Chaayos Chai+Snacks=Relax,https://www.swiggy.com/dapi/menu/pl?restaurantId=20781,delhi,Nehru Place,"Beverages, Chaat, Snacks, Bakery, Street Food, healthy, Home Food, Maharashtrian, Italian, Desserts",4.7,14K+,1,0,₹250 for two
398737,Taco Bell,https://www.swiggy.com/dapi/menu/pl?restaurantId=398737,delhi,Lajpat Nagar - 2,"Mexican, Fast Food, Snacks",4.5,8.8K+,1,0,₹300 for two
69456,Starbucks Coffee,https://www.swiggy.com/dapi/menu/pl?restaurantId=69456,delhi,Nehru Place,"Beverages, Cafe, Snacks, Desserts, Bakery, Ice Cream",4.6,2.6K+,1,0,₹400 for two
342562,Burger Singh(Big Punjabi Burgers),https://www.swiggy.com/dapi/menu/pl?restaurantId=342562,delhi,New Friends Colony,"Snacks, Indian, American, Beverages, Desserts",4.5,6.5K+,1,0,₹300 for two
198428,Haldiram's,https://www.swiggy.com/dapi/menu/pl?restaurantId=198428,delhi,Lajpat Nagar - 3,"Sweets, South Indian, North Indian, Desserts, Snacks",4.5,16K+,1,0,₹450 for two
655878,Chinese Wok,https://www.swiggy.com/dapi/menu/pl?restaurantId=655878,delhi,Amar Colony,"Chinese, Asian, Tibetan, Desserts",4.3,5.6K+,1,0,₹250 for two
771981,Cultured Burgers - By Crusty Culture,https://www.swiggy.com/dapi/menu/pl?restaurantId=771981,delhi,Greater Kailash 2,"Fast Food, Burgers, sandwich",4.5,719,1,0,₹400 for two
53770,Pizza Hut,https://www.swiggy.com/dapi/menu/pl?restaurantId=53770,delhi,Lajpat Nagar - 2,Pizzas,4.4,9.5K+,1,0,₹350 for two
697444,Mealy - Your Everyday Meal,https://www.swiggy.com/dapi/menu/pl?restaurantId=697444,delhi,Greater Kailash 2,"Beverages, Street Food",4.5,5.6K+,1,0,₹400 for two
253724,McDonald's,https://www.swiggy.com/dapi/menu/pl?restaurantId=253724,delhi,Lajpat Nagar,"American, Fast Food, Beverages",4.6,10K+,1,0,₹400 for two
26718,KFC,https://www.swiggy.com/dapi/menu/pl?restaurantId=26718,delhi,Lajpat Nagar - 2,"Burgers, Fast Food, Rolls & Wraps",4.4,18K+,1,0,₹400 for two
807782,Burger King,https://www.swiggy.com/dapi/menu/pl?restaurantId=807782,delhi,Lajpat Nagar2,"Burgers, American",4.4,7.8K+,1,0,₹350 for two
24178,Domino's Pizza,https://www.swiggy.com/dapi/menu/pl?restaurantId=24178,delhi,Lajpat Nagar 2,"Pizzas, Italian, Pastas, Desserts",4.5,15K+,1,0,₹400 for two
265783,Theobroma,https://www.swiggy.com/dapi/menu/pl?restaurantId=265783,delhi,New Friends Colony,"Bakery, Desserts",4.6,6.2K+,1,0,₹400 for two
465399,Bakingo,https://www.swiggy.com/dapi/menu/pl?restaurantId=465399,delhi,New Friends Colony,"Bakery, Desserts, Beverages, Snacks",4.6,7.7K+,1,0,₹300 for two
53770,Pizza Hut,https://www.swiggy.com/dapi/menu/pl?restaurantId=53770,delhi,Lajpat Nagar - 2,Pizzas,4.4,9.5K+,1,0,₹350 for two
253724,McDonald's,https://www.swiggy.com/dapi/menu/pl?restaurantId=253724,delhi,Lajpat Nagar,"American, Fast Food, Beverages",4.6,10K+,1,0,₹400 for two
26718,KFC,https://www.swiggy.com/dapi/menu/pl?restaurantId=26718,delhi,Lajpat Nagar - 2,"Burgers, Fast Food, Rolls & Wraps",4.4,18K+,1,0,₹400 for two
807782,Burger King,https://www.swiggy.com/dapi/menu/pl?restaurantId=807782,delhi,Lajpat Nagar2,"Burgers, American",4.4,7.8K+,1,0,₹350 for two
24178,Domino's Pizza,https://www.swiggy.com/dapi/menu/pl?restaurantId=24178,delhi,Lajpat Nagar 2,"Pizzas, Italian, Pastas, Desserts",4.5,15K+,1,0,₹400 for two
265783,Theobroma,https://www.swiggy.com/dapi/menu/pl?restaurantId=265783,delhi,New Friends Colony,"Bakery, Desserts",4.6,6.2K+,1,0,₹400 for two
465399,Bakingo,https://www.swiggy.com/dapi/menu/pl?restaurantId=465399,delhi,New Friends Colony,"Bakery, Desserts, Beverages, Snacks",4.6,7.7K+,1,0,₹300 for two
314808,Wow! Momo,https://www.swiggy.com/dapi/menu/pl?restaurantId=314808,delhi,Nehru Place,"Momos, Chinese, fastfood, Asian, Beverages",4.3,2.5K+,1,0,₹300 for two
353992,La Pino'z Pizza,https://www.swiggy.com/dapi/menu/pl?restaurantId=353992,delhi,New Friends Colony,"Pizzas, Pastas, Italian, Fast Food",4.1,14K+,1,0,₹300 for two
250900,Subway,https://www.swiggy.com/dapi/menu/pl?restaurantId=250900,delhi,Amar Colony,"sandwich, Salads, wrap, Healthy Food",4.3,5.9K+,1,0,₹350 for two
263199,The Belgian Waffle Co.,https://www.swiggy.com/dapi/menu/pl?restaurantId=263199,delhi,Lala Lajpat Rai Marg,"Waffle, Desserts, Ice Cream",4.6,5.0K+,1,0,₹200 for two
408965,Crusty Culture- Artisan Pizzas,https://www.swiggy.com/dapi/menu/pl?restaurantId=408965,delhi,Greater Kailash - 1,"Pizzas, Italian, Pastas, Salads, sandwich",4.6,2.9K+,1,0,₹550 for two
339083,Layla's Shawarma & Middle Eastern Kitchen,https://www.swiggy.com/dapi/menu/pl?restaurantId=339083,delhi,Greater Kailash - 1,"Middle Eastern, Lebanese, rolls",4.6,8.2K+,1,0,₹900 for two
20781,Chaayos Chai+Snacks=Relax,https://www.swiggy.com/dapi/menu/pl?restaurantId=20781,delhi,Nehru Place,"Beverages, Chaat, Snacks, Bakery, Street Food, healthy, Home Food, Maharashtrian, Italian, Desserts",4.7,14K+,1,0,₹250 for two
398737,Taco Bell,https://www.swiggy.com/dapi/menu/pl?restaurantId=398737,delhi,Lajpat Nagar - 2,"Mexican, Fast Food, Snacks",4.5,8.8K+,1,0,₹300 for two
69456,Starbucks Coffee,https://www.swiggy.com/dapi/menu/pl?restaurantId=69456,delhi,Nehru Place,"Beverages, Cafe, Snacks, Desserts, Bakery, Ice Cream",4.6,2.6K+,1,0,₹400 for two
342562,Burger Singh(Big Punjabi Burgers),https://www.swiggy.com/dapi/menu/pl?restaurantId=342562,delhi,New Friends Colony,"Snacks, Indian, American, Beverages, Desserts",4.5,6.5K+,1,0,₹300 for two
351483,Wendy's Burgers,https://www.swiggy.com/dapi/menu/pl?restaurantId=351483,delhi,Defence Colony,"Burgers, American, Fast Food, Snacks",4.3,6.9K+,1,0,₹400 for two
198428,Haldiram's,https://www.swiggy.com/dapi/menu/pl?restaurantId=198428,delhi,Lajpat Nagar - 3,"Sweets, South Indian, North Indian, Desserts, Snacks",4.5,16K+,1,0,₹450 for two
655878,Chinese Wok,https://www.swiggy.com/dapi/menu/pl?restaurantId=655878,delhi,Amar Colony,"Chinese, Asian, Tibetan, Desserts",4.3,5.6K+,1,0,₹250 for two
53770,Pizza Hut,https://www.swiggy.com/dapi/menu/pl?restaurantId=53770,delhi,Lajpat Nagar - 2,Pizzas,4.4,9.5K+,1,0,₹350 for two
697444,Mealy - Your Everyday Meal,https://www.swiggy.com/dapi/menu/pl?restaurantId=697444,delhi,Greater Kailash 2,"Beverages, Street Food",4.5,5.6K+,1,0,₹400 for two
253724,McDonald's,https://www.swiggy.com/dapi/menu/pl?restaurantId=253724,delhi,Lajpat Nagar,"American, Fast Food, Beverages",4.6,10K+,1,0,₹400 for two
807782,Burger King,https://www.swiggy.com/dapi/menu/pl?restaurantId=807782,delhi,Lajpat Nagar2,"Burgers, American",4.4,7.8K+,1,0,₹350 for two
26718,KFC,https://www.swiggy.com/dapi/menu/pl?restaurantId=26718,delhi,Lajpat Nagar - 2,"Burgers, Fast Food, Rolls & Wraps",4.4,18K+,1,0,₹400 for two
24178,Domino's Pizza,https://www.swiggy.com/dapi/menu/pl?restaurantId=24178,delhi,Lajpat Nagar 2,"Pizzas, Italian, Pastas, Desserts",4.5,15K+,1,0,₹400 for two
265783,Theobroma,https://www.swiggy.com/dapi/menu/pl?restaurantId=265783,delhi,New Friends Colony,"Bakery, Desserts",4.6,6.2K+,1,0,₹400 for two
465399,Bakingo,https://www.swiggy.com/dapi/menu/pl?restaurantId=465399,delhi,New Friends Colony,"Bakery, Desserts, Beverages, Snacks",4.6,7.7K+,1,0,₹300 for two
435678,Pizza Hut,https://www.swiggy.com/dapi/menu/pl?restaurantId=435678,delhi,Karol Bagh,Pizzas,4.4,7.4K+,1,0,₹350 for two
254131,McDonald's,https://www.swiggy.com/dapi/menu/pl?restaurantId=254131,delhi,Paharganj,"American, Fast Food, Beverages",4.5,13K+,1,0,₹400 for two
185160,KFC,https://www.swiggy.com/dapi/menu/pl?restaurantId=185160,delhi,Paharganj,"Burgers, Fast Food, Rolls & Wraps",4.3,9.4K+,1,0,₹400 for two
32127,Burger King,https://www.swiggy.com/dapi/menu/pl?restaurantId=32127,delhi,Karol Bagh,"Burgers, American",4.4,66K+,1,0,₹350 for two
58217,Theobroma,https://www.swiggy.com/dapi/menu/pl?restaurantId=58217,delhi,Connaught Place,"Bakery, Desserts",4.6,14K+,1,0,₹400 for two
20055,Subway,https://www.swiggy.com/dapi/menu/pl?restaurantId=20055,delhi,East Patel Nagar,"sandwich, Salads, wrap, Healthy Food",4.4,18K+,1,0,₹350 for two
753312,The Belgian Waffle Co.,https://www.swiggy.com/dapi/menu/pl?restaurantId=753312,delhi,Connaught Place,"Waffle, Desserts, Ice Cream",4.7,1.3K+,1,0,₹200 for two
96094,Wow! Momo,https://www.swiggy.com/dapi/menu/pl?restaurantId=96094,delhi,R.K Ashram Marg Metro Station,"Momos, Chinese, fastfood, Asian, Beverages",4.1,1.7K+,1,0,₹300 for two
626148,La Pino'z Pizza,https://www.swiggy.com/dapi/menu/pl?restaurantId=626148,delhi,Karol Bagh,"Pizzas, Pastas, Italian, Desserts, Beverages",4.2,12K+,1,0,₹400 for two
79296,"Faasos - Wraps, Rolls & Shawarma",https://www.swiggy.com/dapi/menu/pl?restaurantId=79296,delhi,Rajendra Place,"Kebabs, Fast Food, Snacks, American, Healthy Food, Desserts, Beverages",4.2,15K+,1,0,₹200 for two
279869,Ghar ka Khana by EatFit,https://www.swiggy.com/dapi/menu/pl?restaurantId=279869,delhi,Rajendra Place,"North Indian, Home Food, Healthy Food, Indian, Punjabi, South Indian, Rajasthani, Maharashtrian, Snacks, Desserts",4.2,4.9K+,1,0,₹250 for two
628870,Starbucks Coffee,https://www.swiggy.com/dapi/menu/pl?restaurantId=628870,delhi,Karol Bagh,"Beverages, Cafe, Snacks, Desserts, Bakery, Ice Cream",4.5,1.1K+,1,0,₹400 for two
8628,Burger Singh(Big Punjabi Burgers),https://www.swiggy.com/dapi/menu/pl?restaurantId=8628,delhi,Connaught Place,"Snacks, Fast Food, Indian, American, Beverages, Desserts, Mughlai, Biryani",4.3,15K+,1,0,₹300 for two
169244,Taco Bell,https://www.swiggy.com/dapi/menu/pl?restaurantId=169244,delhi,Connaught Place,"Mexican, Fast Food, Snacks",4.6,9.5K+,1,0,₹300 for two
90566,Chaayos Chai+Snacks=Relax,https://www.swiggy.com/dapi/menu/pl?restaurantId=90566,delhi,Connaught Place,"Beverages, Chaat, Snacks, Bakery, Street Food, healthy, Home Food, Maharashtrian, Italian, Desserts",4.7,9.2K+,1,0,₹250 for two
336057,Wendy's Burgers,https://www.swiggy.com/dapi/menu/pl?restaurantId=336057,delhi,Rajendra Place,"Burgers, American, Fast Food, Snacks",4.2,3.4K+,1,0,₹200 for two
422811,Dashi - Dimsum & Sushi Bar,https://www.swiggy.com/dapi/menu/pl?restaurantId=422811,delhi,Rajinder Nagar,Japanese,4.6,1.5K+,1,0,₹1000 for two
659837,Bakingo,https://www.swiggy.com/dapi/menu/pl?restaurantId=659837,delhi,Karol Bagh,"Bakery, Desserts, Beverages, Snacks",4.6,13K+,1,0,₹299 for two
142020,Haldiram's,https://www.swiggy.com/dapi/menu/pl?restaurantId=142020,delhi,Pusa Road,"Sweets, South Indian, North Indian, Desserts, Snacks",4.5,12K+,1,0,₹450 for two
355348,Grameen Kulfi,https://www.swiggy.com/dapi/menu/pl?restaurantId=355348,delhi,Karol Bagh,"Ice Cream, Desserts",4.8,851,1,0,₹120 for two
709678,Pizza Hut,https://www.swiggy.com/dapi/menu/pl?restaurantId=709678,delhi,Paharganj,Pizzas,4.3,1.4K+,1,0,₹350 for two
1302118,Mealy - Your Everyday Meal,https://www.swiggy.com/dapi/menu/pl?restaurantId=1302118,delhi,Karol Bagh,"Beverages, Street Food, North Indian",4.3,10,1,0,₹200 for two
254131,McDonald's,https://www.swiggy.com/dapi/menu/pl?restaurantId=254131,delhi,Paharganj,"American, Fast Food, Beverages",4.5,13K+,1,0,₹400 for two
185160,KFC,https://www.swiggy.com/dapi/menu/pl?restaurantId=185160,delhi,Paharganj,"Burgers, Fast Food, Rolls & Wraps",4.3,9.4K+,1,0,₹400 for two
32127,Burger King,https://www.swiggy.com/dapi/menu/pl?restaurantId=32127,delhi,Karol Bagh,"Burgers, American",4.4,66K+,1,0,₹350 for two
1296320,Domino's Pizza,https://www.swiggy.com/dapi/menu/pl?restaurantId=1296320,delhi,Karol Bagh,"Pizzas, Italian, Pastas, Desserts",4.5,88,1,0,₹400 for two
58217,Theobroma,https://www.swiggy.com/dapi/menu/pl?restaurantId=58217,delhi,Connaught Place,"Bakery, Desserts",4.6,14K+,1,0,₹400 for two
914078,California Burrito,https://www.swiggy.com/dapi/menu/pl?restaurantId=914078,delhi,GTB Nagar,"American, Salads",4.6,3.2K+,1,0,₹250 for two
857161,LeanCrust Pizza- ThinCrust Experts,https://www.swiggy.com/dapi/menu/pl?restaurantId=857161,delhi,KAROL BAGH,"Pizzas, Italian, Desserts",4.5,328,1,0,₹300 for two
857154,Mealful Rolls - India's Biggest Rolls,https://www.swiggy.com/dapi/menu/pl?restaurantId=857154,delhi,KAROL BAGH,"Fast Food, Snacks, Desserts",4,141,1,0,₹250 for two
857163,Hola Pasta - Fresh Gourmet Pasta,https://www.swiggy.com/dapi/menu/pl?restaurantId=857163,delhi,KAROL BAGH,"Pastas, Italian, Desserts, Beverages",3.8,90,1,0,₹250 for two
857159,BOOM - Sub Style Sandwiches,https://www.swiggy.com/dapi/menu/pl?restaurantId=857159,delhi,KAROL BAGH,"Snacks, Indian, Desserts",4.4,144,1,0,₹250 for two
857157,"Bhatti Chicken - Grilled, NOT Fried!",https://www.swiggy.com/dapi/menu/pl?restaurantId=857157,delhi,KAROL BAGH,"Snacks, Fast Food, Tandoor",4.6,79,1,0,₹250 for two
857160,GLOBO Ice Creams Of The World,https://www.swiggy.com/dapi/menu/pl?restaurantId=857160,delhi,KAROL BAGH,"Ice Cream, Desserts, Bakery",4.7,22,1,0,₹150 for two
857153,Itminaan Matka Biryani - Slow Cooked,https://www.swiggy.com/dapi/menu/pl?restaurantId=857153,delhi,KAROL BAGH,"Biryani, Mughlai",4.6,147,1,0,₹250 for two
25392,Oven Story Pizza,https://www.swiggy.com/dapi/menu/pl?restaurantId=25392,delhi,DDA Market,"Pizzas, Pastas, Italian, Desserts, Beverages",4.1,7.4K+,1,0,₹400 for two
857162,MOJO Pizza - 2X Toppings,https://www.swiggy.com/dapi/menu/pl?restaurantId=857162,delhi,KAROL BAGH,"Pizzas, Italian, Fast Food, Desserts",4.3,496,1,0,₹250 for two
857152,BOX8 - Desi Meals,https://www.swiggy.com/dapi/menu/pl?restaurantId=857152,delhi,KAROL BAGH,"Biryani, Thalis, Home Food",4.5,1.7K+,1,0,₹200 for two
857158,"WeFit - Protein Bowls, Salads & Sandwiches",https://www.swiggy.com/dapi/menu/pl?restaurantId=857158,delhi,KAROL BAGH,"Healthy Food, Salads, Keto, Snacks",4.6,572,1,0,₹250 for two
857155,NH1 Bowls - Highway To North,https://www.swiggy.com/dapi/menu/pl?restaurantId=857155,delhi,KAROL BAGH,"Punjabi, Home Food",4.5,750,1,0,₹250 for two
857156,ZAZA Mughal Biryani,https://www.swiggy.com/dapi/menu/pl?restaurantId=857156,delhi,KAROL BAGH,"Biryani, Awadhi",4.6,731,1,0,₹250 for two
857167,Daily Kitchen - Everyday Homely Meals,https://www.swiggy.com/dapi/menu/pl?restaurantId=857167,delhi,KAROL BAGH,"Home Food, Indian, Thalis",4.4,796,1,0,₹250 for two
1296320,Domino's Pizza,https://www.swiggy.com/dapi/menu/pl?restaurantId=1296320,delhi,Karol Bagh,"Pizzas, Italian, Pastas, Desserts",4.5,88,1,0,₹400 for two
857161,LeanCrust Pizza- ThinCrust Experts,https://www.swiggy.com/dapi/menu/pl?restaurantId=857161,delhi,KAROL BAGH,"Pizzas, Italian, Desserts",4.5,328,1,0,₹300 for two
967969,Tossin Pizza,https://www.swiggy.com/dapi/menu/pl?restaurantId=967969,delhi,East Patel Nagar,Pizzas,4.6,879,1,0,₹800 for two
857154,Mealful Rolls - India's Biggest Rolls,https://www.swiggy.com/dapi/menu/pl?restaurantId=857154,delhi,KAROL BAGH,"Fast Food, Snacks, Desserts",4,141,1,0,₹250 for two
857163,Hola Pasta - Fresh Gourmet Pasta,https://www.swiggy.com/dapi/menu/pl?restaurantId=857163,delhi,KAROL BAGH,"Pastas, Italian, Desserts, Beverages",3.8,90,1,0,₹250 for two
857159,BOOM - Sub Style Sandwiches,https://www.swiggy.com/dapi/menu/pl?restaurantId=857159,delhi,KAROL BAGH,"Snacks, Indian, Desserts",4.4,144,1,0,₹250 for two
1152105,Zulu's Pizza - Fresh Fanatics,https://www.swiggy.com/dapi/menu/pl?restaurantId=1152105,delhi,KAROL BAGH,"Pizzas, Italian, Fast Food, Desserts, Beverages",4.6,215,1,0,₹200 for two
857157,"Bhatti Chicken - Grilled, NOT Fried!",https://www.swiggy.com/dapi/menu/pl?restaurantId=857157,delhi,KAROL BAGH,"Snacks, Fast Food, Tandoor",4.6,79,1,0,₹250 for two
722373,Pizza Hut,https://www.swiggy.com/dapi/menu/pl?restaurantId=722373,delhi,Janakpuri,Pizzas,4.4,2.9K+,1,0,₹350 for two
253721,McDonald's,https://www.swiggy.com/dapi/menu/pl?restaurantId=253721,delhi,Janakpuri,"American, Fast Food, Beverages",4.5,25K+,1,0,₹400 for two
648815,Burger King,https://www.swiggy.com/dapi/menu/pl?restaurantId=648815,delhi,Uttam Nagar,"Burgers, American",4.4,11K+,1,0,₹350 for two
26720,KFC,https://www.swiggy.com/dapi/menu/pl?restaurantId=26720,delhi,Janakpuri,"Burgers, Fast Food, Rolls & Wraps",4.4,18K+,1,0,₹400 for two
841150,The Belgian Waffle Co.,https://www.swiggy.com/dapi/menu/pl?restaurantId=841150,delhi,Janakpuri,"Waffle, Desserts, Ice Cream",4.6,1.5K+,1,0,₹200 for two
585696,La Pino'z Pizza,https://www.swiggy.com/dapi/menu/pl?restaurantId=585696,delhi,Janakpuri,"Pizzas, Pastas, Italian, Desserts, Beverages",4.2,7.2K+,1,0,₹300 for two
11044,Subway,https://www.swiggy.com/dapi/menu/pl?restaurantId=11044,delhi,Janakpuri,"sandwich, Salads, wrap, Healthy Food",4.2,16K+,1,0,₹350 for two
15502,Wow! Momo,https://www.swiggy.com/dapi/menu/pl?restaurantId=15502,delhi,Janakpuri,"Momos, Chinese, fastfood, Asian, Beverages",4.1,11K+,1,0,₹300 for two
5252,Om Sweets & Snacks,https://www.swiggy.com/dapi/menu/pl?restaurantId=5252,delhi,Jail Road,"Sweets, South Indian, Chinese, Snacks, Desserts",4.6,97K+,1,0,₹500 for two
331201,Chaayos Chai+Snacks=Relax,https://www.swiggy.com/dapi/menu/pl?restaurantId=331201,delhi,Janakpuri,"Beverages, Chaat, Snacks, Bakery, Street Food, healthy, Home Food, Maharashtrian, Italian, Desserts",4.5,8.5K+,1,0,₹250 for two
767777,Bakingo,https://www.swiggy.com/dapi/menu/pl?restaurantId=767777,delhi,JANAKPURI,"Bakery, Desserts, Beverages, Snacks",4.7,4.7K+,1,0,₹300 for two
228324,NutrioBox,https://www.swiggy.com/dapi/menu/pl?restaurantId=228324,delhi,Janakpuri,"Healthy Food, Salads, Continental",4.5,7.2K+,1,0,₹500 for two
304009,House of Chow,https://www.swiggy.com/dapi/menu/pl?restaurantId=304009,delhi,Janakpuri,"Chinese, Asian",4.2,2.6K+,1,0,₹300 for two
587240,Chinese Wok,https://www.swiggy.com/dapi/menu/pl?restaurantId=587240,delhi,Janakpuri,"Chinese, Asian, Tibetan, Desserts",4.1,4.6K+,1,0,₹250 for two
12557,Wendy's Burgers,https://www.swiggy.com/dapi/menu/pl?restaurantId=12557,delhi,Janakpuri,"Burgers, American, Fast Food, Snacks",4.2,9.3K+,1,0,₹400 for two
337439,Theobroma,https://www.swiggy.com/dapi/menu/pl?restaurantId=337439,delhi,Janakpuri,"Bakery, Desserts",4.6,8.1K+,1,0,₹400 for two
219496,Bikanervala,https://www.swiggy.com/dapi/menu/pl?restaurantId=219496,delhi,Janakpuri,"Chinese, North Indian, South Indian, Desserts, Snacks",4.3,14K+,1,0,₹300 for two
15854,"Faasos - Wraps, Rolls & Shawarma",https://www.swiggy.com/dapi/menu/pl?restaurantId=15854,delhi,Janakpuri,"Kebabs, Fast Food, Snacks, American, Healthy Food, Desserts, Beverages",4.3,20K+,1,0,₹200 for two
558087,Taco Bell,https://www.swiggy.com/dapi/menu/pl?restaurantId=558087,delhi,Janakpuri,"Mexican, Fast Food, Snacks",4.4,5.1K+,1,0,₹300 for two
857843,Hong's Kitchen - Hearty! Tasty! Chinese!,https://www.swiggy.com/dapi/menu/pl?restaurantId=857843,delhi,UTTAM NAGAR,"Chinese, Asian, Tibetan",4.3,1.6K+,1,0,₹250 for two
722373,Pizza Hut,https://www.swiggy.com/dapi/menu/pl?restaurantId=722373,delhi,Janakpuri,Pizzas,4.4,2.9K+,1,0,₹350 for two
8016,Burger King,https://www.swiggy.com/dapi/menu/pl?restaurantId=8016,delhi,Janakpuri,"Burgers, American",4.5,62K+,1,0,₹350 for two
957183,McDonald's,https://www.swiggy.com/dapi/menu/pl?restaurantId=957183,delhi,Main Najafgarh Road,"American, Fast Food, Beverages",4.5,4.4K+,1,0,₹400 for two
26720,KFC,https://www.swiggy.com/dapi/menu/pl?restaurantId=26720,delhi,Janakpuri,"Burgers, Fast Food, Rolls & Wraps",4.4,18K+,1,0,₹400 for two
1074029,Domino's Pizza,https://www.swiggy.com/dapi/menu/pl?restaurantId=1074029,delhi,JANAKPURI,"Pizzas, Italian, Pastas, Desserts",4.6,586,1,0,₹400 for two
534652,Bangla Sweet House,https://www.swiggy.com/dapi/menu/pl?restaurantId=534652,delhi,Janakpuri,"Sweets, Street Food, Snacks",4.4,3.7K+,1,0,₹150 for two
702077,California Burrito,https://www.swiggy.com/dapi/menu/pl?restaurantId=702077,delhi,Janakpuri,"Mexican, American, Salads, Continental, Keto, Healthy Food, Beverages, Snacks, Desserts, Fast Food",4.7,6.1K+,1,0,₹250 for two
1162242,Kali Ghata,https://www.swiggy.com/dapi/menu/pl?restaurantId=1162242,delhi,Janakpuri,"Indian, North Indian, Chinese",4.4,1.0K+,1,0,₹400 for two
722373,Pizza Hut,https://www.swiggy.com/dapi/menu/pl?restaurantId=722373,delhi,Janakpuri,Pizzas,4.4,2.9K+,1,0,₹350 for two
253721,McDonald's,https://www.swiggy.com/dapi/menu/pl?restaurantId=253721,delhi,Janakpuri,"American, Fast Food, Beverages",4.5,25K+,1,0,₹400 for two
648815,Burger King,https://www.swiggy.com/dapi/menu/pl?restaurantId=648815,delhi,Uttam Nagar,"Burgers, American",4.4,11K+,1,0,₹350 for two
26720,KFC,https://www.swiggy.com/dapi/menu/pl?restaurantId=26720,delhi,Janakpuri,"Burgers, Fast Food, Rolls & Wraps",4.4,18K+,1,0,₹400 for two
841150,The Belgian Waffle Co.,https://www.swiggy.com/dapi/menu/pl?restaurantId=841150,delhi,Janakpuri,"Waffle, Desserts, Ice Cream",4.6,1.5K+,1,0,₹200 for two
585696,La Pino'z Pizza,https://www.swiggy.com/dapi/menu/pl?restaurantId=585696,delhi,Janakpuri,"Pizzas, Pastas, Italian, Desserts, Beverages",4.2,7.2K+,1,0,₹300 for two
11044,Subway,https://www.swiggy.com/dapi/menu/pl?restaurantId=11044,delhi,Janakpuri,"sandwich, Salads, wrap, Healthy Food",4.2,16K+,1,0,₹350 for two
15502,Wow! Momo,https://www.swiggy.com/dapi/menu/pl?restaurantId=15502,delhi,Janakpuri,"Momos, Chinese, fastfood, Asian, Beverages",4.1,11K+,1,0,₹300 for two
5252,Om Sweets & Snacks,https://www.swiggy.com/dapi/menu/pl?restaurantId=5252,delhi,Jail Road,"Sweets, South Indian, Chinese, Snacks, Desserts",4.6,97K+,1,0,₹500 for two
331201,Chaayos Chai+Snacks=Relax,https://www.swiggy.com/dapi/menu/pl?restaurantId=331201,delhi,Janakpuri,"Beverages, Chaat, Snacks, Bakery, Street Food, healthy, Home Food, Maharashtrian, Italian, Desserts",4.5,8.5K+,1,0,₹250 for two
767777,Bakingo,https://www.swiggy.com/dapi/menu/pl?restaurantId=767777,delhi,JANAKPURI,"Bakery, Desserts, Beverages, Snacks",4.7,4.7K+,1,0,₹300 for two
228324,NutrioBox,https://www.swiggy.com/dapi/menu/pl?restaurantId=228324,delhi,Janakpuri,"Healthy Food, Salads, Continental",4.5,7.2K+,1,0,₹500 for two
304009,House of Chow,https://www.swiggy.com/dapi/menu/pl?restaurantId=304009,delhi,Janakpuri,"Chinese, Asian",4.2,2.6K+,1,0,₹300 for two
587240,Chinese Wok,https://www.swiggy.com/dapi/menu/pl?restaurantId=587240,delhi,Janakpuri,"Chinese, Asian, Tibetan, Desserts",4.1,4.6K+,1,0,₹250 for two
12557,Wendy's Burgers,https://www.swiggy.com/dapi/menu/pl?restaurantId=12557,delhi,Janakpuri,"Burgers, American, Fast Food, Snacks",4.2,9.3K+,1,0,₹400 for two
337439,Theobroma,https://www.swiggy.com/dapi/menu/pl?restaurantId=337439,delhi,Janakpuri,"Bakery, Desserts",4.6,8.1K+,1,0,₹400 for two
219496,Bikanervala,https://www.swiggy.com/dapi/menu/pl?restaurantId=219496,delhi,Janakpuri,"Chinese, North Indian, South Indian, Desserts, Snacks",4.3,14K+,1,0,₹300 for two
15854,"Faasos - Wraps, Rolls & Shawarma",https://www.swiggy.com/dapi/menu/pl?restaurantId=15854,delhi,Janakpuri,"Kebabs, Fast Food, Snacks, American, Healthy Food, Desserts, Beverages",4.3,20K+,1,0,₹200 for two
558087,Taco Bell,https://www.swiggy.com/dapi/menu/pl?restaurantId=558087,delhi,Janakpuri,"Mexican, Fast Food, Snacks",4.4,5.1K+,1,0,₹300 for two
857843,Hong's Kitchen - Hearty! Tasty! Chinese!,https://www.swiggy.com/dapi/menu/pl?restaurantId=857843,delhi,UTTAM NAGAR,"Chinese, Asian, Tibetan",4.3,1.6K+,1,0,₹250 for two
722373,Pizza Hut,https://www.swiggy.com/dapi/menu/pl?restaurantId=722373,delhi,Janakpuri,Pizzas,4.4,2.9K+,1,0,₹350 for two
8016,Burger King,https://www.swiggy.com/dapi/menu/pl?restaurantId=8016,delhi,Janakpuri,"Burgers, American",4.5,62K+,1,0,₹350 for two
957183,McDonald's,https://www.swiggy.com/dapi/menu/pl?restaurantId=957183,delhi,Main Najafgarh Road,"American, Fast Food, Beverages",4.5,4.4K+,1,0,₹400 for two
26720,KFC,https://www.swiggy.com/dapi/menu/pl?restaurantId=26720,delhi,Janakpuri,"Burgers, Fast Food, Rolls & Wraps",4.4,18K+,1,0,₹400 for two
1074029,Domino's Pizza,https://www.swiggy.com/dapi/menu/pl?restaurantId=1074029,delhi,JANAKPURI,"Pizzas, Italian, Pastas, Desserts",4.6,586,1,0,₹400 for two
534652,Bangla Sweet House,https://www.swiggy.com/dapi/menu/pl?restaurantId=534652,delhi,Janakpuri,"Sweets, Street Food, Snacks",4.4,3.7K+,1,0,₹150 for two
702077,California Burrito,https://www.swiggy.com/dapi/menu/pl?restaurantId=702077,delhi,Janakpuri,"Mexican, American, Salads, Continental, Keto, Healthy Food, Beverages, Snacks, Desserts, Fast Food",4.7,6.1K+,1,0,₹250 for two
1162242,Kali Ghata,https://www.swiggy.com/dapi/menu/pl?restaurantId=1162242,delhi,Janakpuri,"Indian, North Indian, Chinese",4.4,1.0K+,1,0,₹400 for two
55473,Pizza Hut,https://www.swiggy.com/dapi/menu/pl?restaurantId=55473,delhi,Rohini,Pizzas,4.2,8.8K+,1,0,₹350 for two
254192,McDonald's,https://www.swiggy.com/dapi/menu/pl?restaurantId=254192,delhi,Rohini,"American, Fast Food, Beverages",4.5,28K+,1,0,₹400 for two
27025,KFC,https://www.swiggy.com/dapi/menu/pl?restaurantId=27025,delhi,Rohini,"Burgers, Fast Food, Rolls & Wraps",4.5,15K+,1,0,₹400 for two
10208,Burger King,https://www.swiggy.com/dapi/menu/pl?restaurantId=10208,delhi,Rohini,"Burgers, American",4.4,65K+,1,0,₹350 for two
24162,Domino's Pizza,https://www.swiggy.com/dapi/menu/pl?restaurantId=24162,delhi,Rohini,"Pizzas, Italian, Pastas, Desserts",4.7,19K+,1,0,₹400 for two
444780,Theobroma,https://www.swiggy.com/dapi/menu/pl?restaurantId=444780,delhi,Rohini,"Bakery, Desserts",4.6,5.2K+,1,0,₹400 for two
614570,Subway,https://www.swiggy.com/dapi/menu/pl?restaurantId=614570,delhi,Rohini,"sandwich, Salads, wrap, Healthy Food",4.2,2.7K+,1,0,₹350 for two
850492,The Belgian Waffle Co.,https://www.swiggy.com/dapi/menu/pl?restaurantId=850492,delhi,Unity Mall,"Waffle, Desserts, Ice Cream, Beverages",4.5,1.4K+,1,0,₹200 for two
15846,"Faasos - Wraps, Rolls & Shawarma",https://www.swiggy.com/dapi/menu/pl?restaurantId=15846,delhi,Rohini,"Kebabs, Fast Food, Snacks, American, Healthy Food, Desserts, Beverages",4.4,16K+,1,0,₹200 for two
341033,Bakingo,https://www.swiggy.com/dapi/menu/pl?restaurantId=341033,delhi,Rohini,"Bakery, Desserts, Beverages, Snacks",4.6,8.7K+,1,0,₹300 for two
225317,La Pino'z Pizza,https://www.swiggy.com/dapi/menu/pl?restaurantId=225317,delhi,Rohini,"Pizzas, Pastas, Italian, Fast Food",4.3,19K+,1,0,₹300 for two
603438,Chinese Wok,https://www.swiggy.com/dapi/menu/pl?restaurantId=603438,delhi,Rohini,"Chinese, Asian, Tibetan, Desserts",4.2,3.0K+,1,0,₹250 for two
555307,Chaayos Chai+Snacks=Relax,https://www.swiggy.com/dapi/menu/pl?restaurantId=555307,delhi,Rohini,"Beverages, Chaat, Snacks, Bakery, Street Food, healthy, Home Food, Maharashtrian, Italian, Desserts",4.6,5.1K+,1,0,₹250 for two
336053,Wendy's Burgers,https://www.swiggy.com/dapi/menu/pl?restaurantId=336053,delhi,Pushpanjali,"Burgers, American, Fast Food, Snacks",4.3,8.5K+,1,0,₹200 for two
862073,Starbucks Coffee,https://www.swiggy.com/dapi/menu/pl?restaurantId=862073,delhi,Rohini,"Beverages, Cafe, Snacks, Desserts, Bakery, Ice Cream",4.7,681,1,0,₹400 for two
15680,Wow! Momo,https://www.swiggy.com/dapi/menu/pl?restaurantId=15680,delhi,Prashant Vihar,"Momos, Chinese, fastfood, Asian, Beverages",4.3,11K+,1,0,₹300 for two
40524,Bikanervala,https://www.swiggy.com/dapi/menu/pl?restaurantId=40524,delhi,Rohini,"North Indian, Snacks, Chaat, Sweets",4.4,32K+,1,0,₹300 for two
279863,Ghar ka Khana by EatFit,https://www.swiggy.com/dapi/menu/pl?restaurantId=279863,delhi,Rohini,"North Indian, Home Food, Healthy Food, Indian, Punjabi, South Indian, Rajasthani, Maharashtrian, Snacks, Desserts",4.2,3.8K+,1,0,₹250 for two
168043,Burger Singh(Big Punjabi Burgers),https://www.swiggy.com/dapi/menu/pl?restaurantId=168043,delhi,Rohini,"American, Fast Food, Snacks",4.3,14K+,1,0,₹300 for two
193493,Haldiram's,https://www.swiggy.com/dapi/menu/pl?restaurantId=193493,delhi,Rohini,"Sweets, South Indian, North Indian, Desserts, Snacks",4.5,10K+,1,0,₹450 for two
55473,Pizza Hut,https://www.swiggy.com/dapi/menu/pl?restaurantId=55473,delhi,Rohini,Pizzas,4.2,8.8K+,1,0,₹350 for two
27025,KFC,https://www.swiggy.com/dapi/menu/pl?restaurantId=27025,delhi,Rohini,"Burgers, Fast Food, Rolls & Wraps",4.5,15K+,1,0,₹400 for two
10208,Burger King,https://www.swiggy.com/dapi/menu/pl?restaurantId=10208,delhi,Rohini,"Burgers, American",4.4,65K+,1,0,₹350 for two
254192,McDonald's,https://www.swiggy.com/dapi/menu/pl?restaurantId=254192,delhi,Rohini,"American, Fast Food, Beverages",4.5,28K+,1,0,₹400 for two
24162,Domino's Pizza,https://www.swiggy.com/dapi/menu/pl?restaurantId=24162,delhi,Rohini,"Pizzas, Italian, Pastas, Desserts",4.7,19K+,1,0,₹400 for two
10324,Jaiveer Naan & Chaap,https://www.swiggy.com/dapi/menu/pl?restaurantId=10324,delhi,Rohini,"Snacks, Punjabi",4.4,32K+,1,0,₹500 for two
444780,Theobroma,https://www.swiggy.com/dapi/menu/pl?restaurantId=444780,delhi,Rohini,"Bakery, Desserts",4.6,5.2K+,1,0,₹400 for two
780417,California Burrito,https://www.swiggy.com/dapi/menu/pl?restaurantId=780417,delhi,Rohini,"Mexican, American, Salads, Continental, Keto, Healthy Food, Beverages, Snacks, Desserts, Fast Food",4.7,6.1K+,1,0,₹250 for two
55473,Pizza Hut,https://www.swiggy.com/dapi/menu/pl?restaurantId=55473,delhi,Rohini,Pizzas,4.2,8.8K+,1,0,₹350 for two
254192,McDonald's,https://www.swiggy.com/dapi/menu/pl?restaurantId=254192,delhi,Rohini,"American, Fast Food, Beverages",4.5,28K+,1,0,₹400 for two
27025,KFC,https://www.swiggy.com/dapi/menu/pl?restaurantId=27025,delhi,Rohini,"Burgers, Fast Food, Rolls & Wraps",4.5,15K+,1,0,₹400 for two
10208,Burger King,https://www.swiggy.com/dapi/menu/pl?restaurantId=10208,delhi,Rohini,"Burgers, American",4.4,65K+,1,0,₹350 for two
24162,Domino's Pizza,https://www.swiggy.com/dapi/menu/pl?restaurantId=24162,delhi,Rohini,"Pizzas, Italian, Pastas, Desserts",4.7,19K+,1,0,₹400 for two
444780,Theobroma,https://www.swiggy.com/dapi/menu/pl?restaurantId=444780,delhi,Rohini,"Bakery, Desserts",4.6,5.2K+,1,0,₹400 for two
341033,Bakingo,https://www.swiggy.com/dapi/menu/pl?restaurantId=341033,delhi,Rohini,"Bakery, Desserts, Beverages, Snacks",4.6,8.7K+,1,0,₹300 for two
614570,Subway,https://www.swiggy.com/dapi/menu/pl?restaurantId=614570,delhi,Rohini,"sandwich, Salads, wrap, Healthy Food",4.2,2.7K+,1,0,₹350 for two
850492,The Belgian Waffle Co.,https://www.swiggy.com/dapi/menu/pl?restaurantId=850492,delhi,Unity Mall,"Waffle, Desserts, Ice Cream, Beverages",4.5,1.4K+,1,0,₹200 for two
15846,"Faasos - Wraps, Rolls & Shawarma",https://www.swiggy.com/dapi/menu/pl?restaurantId=15846,delhi,Rohini,"Kebabs, Fast Food, Snacks, American, Healthy Food, Desserts, Beverages",4.4,16K+,1,0,₹200 for two
225317,La Pino'z Pizza,https://www.swiggy.com/dapi/menu/pl?restaurantId=225317,delhi,Rohini,"Pizzas, Pastas, Italian, Fast Food",4.3,19K+,1,0,₹300 for two
603438,Chinese Wok,https://www.swiggy.com/dapi/menu/pl?restaurantId=603438,delhi,Rohini,"Chinese, Asian, Tibetan, Desserts",4.2,3.0K+,1,0,₹250 for two
555307,Chaayos Chai+Snacks=Relax,https://www.swiggy.com/dapi/menu/pl?restaurantId=555307,delhi,Rohini,"Beverages, Chaat, Snacks, Bakery, Street Food, healthy, Home Food, Maharashtrian, Italian, Desserts",4.6,5.1K+,1,0,₹250 for two
336053,Wendy's Burgers,https://www.swiggy.com/dapi/menu/pl?restaurantId=336053,delhi,Pushpanjali,"Burgers, American, Fast Food, Snacks",4.3,8.5K+,1,0,₹200 for two
862073,Starbucks Coffee,https://www.swiggy.com/dapi/menu/pl?restaurantId=862073,delhi,Rohini,"Beverages, Cafe, Snacks, Desserts, Bakery, Ice Cream",4.7,681,1,0,₹400 for two
15680,Wow! Momo,https://www.swiggy.com/dapi/menu/pl?restaurantId=15680,delhi,Prashant Vihar,"Momos, Chinese, fastfood, Asian, Beverages",4.3,11K+,1,0,₹300 for two
40524,Bikanervala,https://www.swiggy.com/dapi/menu/pl?restaurantId=40524,delhi,Rohini,"North Indian, Snacks, Chaat, Sweets",4.4,32K+,1,0,₹300 for two
279863,Ghar ka Khana by EatFit,https://www.swiggy.com/dapi/menu/pl?restaurantId=279863,delhi,Rohini,"North Indian, Home Food, Healthy Food, Indian, Punjabi, South Indian, Rajasthani, Maharashtrian, Snacks, Desserts",4.2,3.8K+,1,0,₹250 for two
168043,Burger Singh(Big Punjabi Burgers),https://www.swiggy.com/dapi/menu/pl?restaurantId=168043,delhi,Rohini,"American, Fast Food, Snacks",4.3,14K+,1,0,₹300 for two
193493,Haldiram's,https://www.swiggy.com/dapi/menu/pl?restaurantId=193493,delhi,Rohini,"Sweets, South Indian, North Indian, Desserts, Snacks",4.5,10K+,1,0,₹450 for two
55473,Pizza Hut,https://www.swiggy.com/dapi/menu/pl?restaurantId=55473,delhi,Rohini,Pizzas,4.2,8.8K+,1,0,₹350 for two
27025,KFC,https://www.swiggy.com/dapi/menu/pl?restaurantId=27025,delhi,Rohini,"Burgers, Fast Food, Rolls & Wraps",4.5,15K+,1,0,₹400 for two
10208,Burger King,https://www.swiggy.com/dapi/menu/pl?restaurantId=10208,delhi,Rohini,"Burgers, American",4.4,65K+,1,0,₹350 for two
254192,McDonald's,https://www.swiggy.com/dapi/menu/pl?restaurantId=254192,delhi,Rohini,"American, Fast Food, Beverages",4.5,28K+,1,0,₹400 for two
24162,Domino's Pizza,https://www.swiggy.com/dapi/menu/pl?restaurantId=24162,delhi,Rohini,"Pizzas, Italian, Pastas, Desserts",4.7,19K+,1,0,₹400 for two
10324,Jaiveer Naan & Chaap,https://www.swiggy.com/dapi/menu/pl?restaurantId=10324,delhi,Rohini,"Snacks, Punjabi",4.4,32K+,1,0,₹500 for two
444780,Theobroma,https://www.swiggy.com/dapi/menu/pl?restaurantId=444780,delhi,Rohini,"Bakery, Desserts",4.6,5.2K+,1,0,₹400 for two
341033,Bakingo,https://www.swiggy.com/dapi/menu/pl?restaurantId=341033,delhi,Rohini,"Bakery, Desserts, Beverages, Snacks",4.6,8.7K+,1,0,₹300 for two
442418,Pizza Hut,https://www.swiggy.com/dapi/menu/pl?restaurantId=442418,delhi,Mayur Vihar,Pizzas,4.2,2.3K+,1,0,₹350 for two
253726,McDonald's,https://www.swiggy.com/dapi/menu/pl?restaurantId=253726,delhi,Sector 16,"American, Fast Food, Beverages",4.4,20K+,1,0,₹400 for two
223412,Burger King,https://www.swiggy.com/dapi/menu/pl?restaurantId=223412,delhi,Gautam Buddha Nagar,"Burgers, American",4.3,30K+,1,0,₹350 for two
89844,KFC,https://www.swiggy.com/dapi/menu/pl?restaurantId=89844,delhi,Vasundhara Enclave,"Burgers, Fast Food, Rolls & Wraps",4.3,12K+,1,0,₹400 for two
24205,Domino's Pizza,https://www.swiggy.com/dapi/menu/pl?restaurantId=24205,delhi,Sector 8,"Pizzas, Italian, Pastas, Desserts",4.5,12K+,1,0,₹400 for two
798794,Bakingo,https://www.swiggy.com/dapi/menu/pl?restaurantId=798794,delhi,MAYUR VIHAR,"Bakery, Desserts, Beverages, Snacks",4.6,3.5K+,1,0,₹299 for two
10710,Subway,https://www.swiggy.com/dapi/menu/pl?restaurantId=10710,delhi,Mayur Vihar,"sandwich, Salads, wrap, Healthy Food",4.4,25K+,1,0,₹350 for two
751396,The Belgian Waffle Co.,https://www.swiggy.com/dapi/menu/pl?restaurantId=751396,delhi,PATPARGANJ,"Waffle, Desserts, Ice Cream",4.7,1.3K+,1,0,₹200 for two
410710,Wow! Momo,https://www.swiggy.com/dapi/menu/pl?restaurantId=410710,delhi,Mayur Vihar,"Momos, Chinese, fastfood, Asian, Beverages",4.2,1.8K+,1,0,₹300 for two
637739,La Pino'z Pizza,https://www.swiggy.com/dapi/menu/pl?restaurantId=637739,delhi,Mayur Vihar Phase 1,"Pizzas, Pastas, Italian, Desserts, Beverages",3.9,4.4K+,1,0,₹400 for two
815934,"Harajuku Bakehouse - Cakes, Desserts and Boba Tea",https://www.swiggy.com/dapi/menu/pl?restaurantId=815934,delhi,Sector 18,"Bakery, Desserts, Bubble Tea",4.6,505,1,0,₹800 for two
828372,Theobroma,https://www.swiggy.com/dapi/menu/pl?restaurantId=828372,delhi,Mayur Vihar Phase - 1,"Bakery, Desserts, Beverages",4.6,1.3K+,1,0,₹300 for two
34338,"Faasos - Wraps, Rolls & Shawarma",https://www.swiggy.com/dapi/menu/pl?restaurantId=34338,delhi,Mayur Vihar Phase 3,"Kebabs, Fast Food, Snacks, American, Healthy Food, Desserts, Beverages",4.2,16K+,1,0,₹200 for two
54813,Chaayos Chai+Snacks=Relax,https://www.swiggy.com/dapi/menu/pl?restaurantId=54813,delhi,Sector 16,"Bakery, Beverages, Chaat, Desserts, Home Food, Italian, Maharashtrian, Snacks, Street Food, Sweets",4.6,2.5K+,1,0,₹250 for two
636890,Chinese Wok,https://www.swiggy.com/dapi/menu/pl?restaurantId=636890,delhi,Mayur Vihar,"Chinese, Asian, Tibetan, Desserts",4.3,2.9K+,1,0,₹250 for two
606385,Starbucks Coffee,https://www.swiggy.com/dapi/menu/pl?restaurantId=606385,delhi,Sector 16B,"Beverages, Cafe, Snacks, Desserts, Bakery, Ice Cream",4.6,693,1,0,₹400 for two
538610,Ghar ka Khana by EatFit,https://www.swiggy.com/dapi/menu/pl?restaurantId=538610,delhi,Patparganj,"North Indian, Home Food, Healthy Food, Indian, Punjabi, South Indian, Rajasthani, Maharashtrian, Snacks, Desserts",4.1,1.4K+,1,0,₹250 for two
497367,Miso - The Asian Kitchen,https://www.swiggy.com/dapi/menu/pl?restaurantId=497367,delhi,Sector 10,"Asian, Japanese, Thai",4.5,934,1,0,₹600 for two
82120,Blue Tokai Coffee Roasters,https://www.swiggy.com/dapi/menu/pl?restaurantId=82120,delhi,Udhyog Marg,"Cafe, Coffee, Beverages",4.7,2.8K+,1,0,₹600 for two
336060,Wendy's Burgers,https://www.swiggy.com/dapi/menu/pl?restaurantId=336060,delhi,Sector 2,"Burgers, American, Fast Food, Snacks",4.1,5.8K+,1,0,₹200 for two
442418,Pizza Hut,https://www.swiggy.com/dapi/menu/pl?restaurantId=442418,delhi,Mayur Vihar,Pizzas,4.2,2.3K+,1,0,₹350 for two
1009450,Burger King,https://www.swiggy.com/dapi/menu/pl?restaurantId=1009450,delhi,Vihar Phase-1,"Burgers, American",4.3,3.4K+,1,0,₹350 for two
1247248,McDonald's,https://www.swiggy.com/dapi/menu/pl?restaurantId=1247248,delhi,MAYUR VIHAR II,"American, Fast Food, Beverages",4.6,435,1,0,₹400 for two
1100855,KFC,https://www.swiggy.com/dapi/menu/pl?restaurantId=1100855,delhi,Chand Cinema,"Burgers, Fast Food, Rolls & Wraps",4.3,651,1,0,₹400 for two
24205,Domino's Pizza,https://www.swiggy.com/dapi/menu/pl?restaurantId=24205,delhi,Sector 8,"Pizzas, Italian, Pastas, Desserts",4.5,12K+,1,0,₹400 for two
798794,Bakingo,https://www.swiggy.com/dapi/menu/pl?restaurantId=798794,delhi,MAYUR VIHAR,"Bakery, Desserts, Beverages, Snacks",4.6,3.5K+,1,0,₹299 for two
1014776,California Burrito,https://www.swiggy.com/dapi/menu/pl?restaurantId=1014776,delhi,Mayur Vihar,"Mexican, American, Salads, Continental, Keto, Healthy Food, Beverages, Snacks, Desserts, Fast Food",4.7,2.5K+,1,0,₹250 for two
1222270,Subway,https://www.swiggy.com/dapi/menu/pl?restaurantId=1222270,delhi,Vasundhara Enclave,"sandwich, Salads, wrap, Healthy Food",4.2,153,1,0,₹350 for two
442418,Pizza Hut,https://www.swiggy.com/dapi/menu/pl?restaurantId=442418,delhi,Mayur Vihar,Pizzas,4.2,2.3K+,1,0,₹350 for two
253726,McDonald's,https://www.swiggy.com/dapi/menu/pl?restaurantId=253726,delhi,Sector 16,"American, Fast Food, Beverages",4.4,20K+,1,0,₹400 for two
223412,Burger King,https://www.swiggy.com/dapi/menu/pl?restaurantId=223412,delhi,Gautam Buddha Nagar,"Burgers, American",4.3,30K+,1,0,₹350 for two
89844,KFC,https://www.swiggy.com/dapi/menu/pl?restaurantId=89844,delhi,Vasundhara Enclave,"Burgers, Fast Food, Rolls & Wraps",4.3,12K+,1,0,₹400 for two
24205,Domino's Pizza,https://www.swiggy.com/dapi/menu/pl?restaurantId=24205,delhi,Sector 8,"Pizzas, Italian, Pastas, Desserts",4.5,12K+,1,0,₹400 for two
798794,Bakingo,https://www.swiggy.com/dapi/menu/pl?restaurantId=798794,delhi,MAYUR VIHAR,"Bakery, Desserts, Beverages, Snacks",4.6,3.5K+,1,0,₹299 for two
10710,Subway,https://www.swiggy.com/dapi/menu/pl?restaurantId=10710,delhi,Mayur Vihar,"sandwich, Salads, wrap, Healthy Food",4.4,25K+,1,0,₹350 for two
751396,The Belgian Waffle Co.,https://www.swiggy.com/dapi/menu/pl?restaurantId=751396,delhi,PATPARGANJ,"Waffle, Desserts, Ice Cream",4.7,1.3K+,1,0,₹200 for two
410710,Wow! Momo,https://www.swiggy.com/dapi/menu/pl?restaurantId=410710,delhi,Mayur Vihar,"Momos, Chinese, fastfood, Asian, Beverages",4.2,1.8K+,1,0,₹300 for two
637739,La Pino'z Pizza,https://www.swiggy.com/dapi/menu/pl?restaurantId=637739,delhi,Mayur Vihar Phase 1,"Pizzas, Pastas, Italian, Desserts, Beverages",3.9,4.4K+,1,0,₹400 for two
815934,"Harajuku Bakehouse - Cakes, Desserts and Boba Tea",https://www.swiggy.com/dapi/menu/pl?restaurantId=815934,delhi,Sector 18,"Bakery, Desserts, Bubble Tea",4.6,505,1,0,₹800 for two
828372,Theobroma,https://www.swiggy.com/dapi/menu/pl?restaurantId=828372,delhi,Mayur Vihar Phase - 1,"Bakery, Desserts, Beverages",4.6,1.3K+,1,0,₹300 for two
34338,"Faasos - Wraps, Rolls & Shawarma",https://www.swiggy.com/dapi/menu/pl?restaurantId=34338,delhi,Mayur Vihar Phase 3,"Kebabs, Fast Food, Snacks, American, Healthy Food, Desserts, Beverages",4.2,16K+,1,0,₹200 for two
54813,Chaayos Chai+Snacks=Relax,https://www.swiggy.com/dapi/menu/pl?restaurantId=54813,delhi,Sector 16,"Bakery, Beverages, Chaat, Desserts, Home Food, Italian, Maharashtrian, Snacks, Street Food, Sweets",4.6,2.5K+,1,0,₹250 for two
636890,Chinese Wok,https://www.swiggy.com/dapi/menu/pl?restaurantId=636890,delhi,Mayur Vihar,"Chinese, Asian, Tibetan, Desserts",4.3,2.9K+,1,0,₹250 for two
606385,Starbucks Coffee,https://www.swiggy.com/dapi/menu/pl?restaurantId=606385,delhi,Sector 16B,"Beverages, Cafe, Snacks, Desserts, Bakery, Ice Cream",4.6,693,1,0,₹400 for two
538610,Ghar ka Khana by EatFit,https://www.swiggy.com/dapi/menu/pl?restaurantId=538610,delhi,Patparganj,"North Indian, Home Food, Healthy Food, Indian, Punjabi, South Indian, Rajasthani, Maharashtrian, Snacks, Desserts",4.1,1.4K+,1,0,₹250 for two
497367,Miso - The Asian Kitchen,https://www.swiggy.com/dapi/menu/pl?restaurantId=497367,delhi,Sector 10,"Asian, Japanese, Thai",4.5,934,1,0,₹600 for two
82120,Blue Tokai Coffee Roasters,https://www.swiggy.com/dapi/menu/pl?restaurantId=82120,delhi,Udhyog Marg,"Cafe, Coffee, Beverages",4.7,2.8K+,1,0,₹600 for two
336060,Wendy's Burgers,https://www.swiggy.com/dapi/menu/pl?restaurantId=336060,delhi,Sector 2,"Burgers, American, Fast Food, Snacks",4.1,5.8K+,1,0,₹200 for two
442418,Pizza Hut,https://www.swiggy.com/dapi/menu/pl?restaurantId=442418,delhi,Mayur Vihar,Pizzas,4.2,2.3K+,1,0,₹350 for two
1009450,Burger King,https://www.swiggy.com/dapi/menu/pl?restaurantId=1009450,delhi,Vihar Phase-1,"Burgers, American",4.3,3.4K+,1,0,₹350 for two
1247248,McDonald's,https://www.swiggy.com/dapi/menu/pl?restaurantId=1247248,delhi,MAYUR VIHAR II,"American, Fast Food, Beverages",4.6,435,1,0,₹400 for two
1100855,KFC,https://www.swiggy.com/dapi/menu/pl?restaurantId=1100855,delhi,Chand Cinema,"Burgers, Fast Food, Rolls & Wraps",4.3,651,1,0,₹400 for two
24205,Domino's Pizza,https://www.swiggy.com/dapi/menu/pl?restaurantId=24205,delhi,Sector 8,"Pizzas, Italian, Pastas, Desserts",4.5,12K+,1,0,₹400 for two
798794,Bakingo,https://www.swiggy.com/dapi/menu/pl?restaurantId=798794,delhi,MAYUR VIHAR,"Bakery, Desserts, Beverages, Snacks",4.6,3.5K+,1,0,₹299 for two
1014776,California Burrito,https://www.swiggy.com/dapi/menu/pl?restaurantId=1014776,delhi,Mayur Vihar,"Mexican, American, Salads, Continental, Keto, Healthy Food, Beverages, Snacks, Desserts, Fast Food",4.7,2.5K+,1,0,₹250 for two
1222270,Subway,https://www.swiggy.com/dapi/menu/pl?restaurantId=1222270,delhi,Vasundhara Enclave,"sandwich, Salads, wrap, Healthy Food",4.2,153,1,0,₹350 for two
631172,Pizza Hut,https://www.swiggy.com/dapi/menu/pl?restaurantId=631172,kochi,Palarivattom,Pizzas,4.5,5.5K+,1,0,₹350 for two
93523,KFC,https://www.swiggy.com/dapi/menu/pl?restaurantId=93523,kochi,Edappally,"Burgers, Fast Food, Rolls & Wraps",4.5,13K+,1,0,₹400 for two
303978,McDonald's,https://www.swiggy.com/dapi/menu/pl?restaurantId=303978,kochi,Edappally,"Burgers, Beverages, Cafe, Desserts",4.6,4.2K+,1,0,₹500 for two
53373,The Voyager,https://www.swiggy.com/dapi/menu/pl?restaurantId=53373,kochi,Kakkanad,"Continental, Italian, Desserts, Beverages, Pastas",4.7,14K+,1,0,₹500 for two
53400,Domino's Pizza,https://www.swiggy.com/dapi/menu/pl?restaurantId=53400,kochi,Palarivattom,"Pizzas, Italian, Pastas, Desserts",4.6,17K+,1,0,₹400 for two
56658,Subway,https://www.swiggy.com/dapi/menu/pl?restaurantId=56658,kochi,Kakkanad,"sandwich, Salads, wrap, Healthy Food",4.5,22K+,1,0,₹350 for two
610555,Starbucks Coffee,https://www.swiggy.com/dapi/menu/pl?restaurantId=610555,kochi,Vennala,"Beverages, Cafe, Snacks, Desserts, Bakery, Ice Cream",4.5,955,1,0,₹400 for two
52506,Burger Spot,https://www.swiggy.com/dapi/menu/pl?restaurantId=52506,kochi,Kakkanad,"Burgers, sandwich, Continental, Beverages, Juices",4.6,17K+,1,0,₹300 for two
494560,"Faasos - Wraps, Rolls & Shawarma",https://www.swiggy.com/dapi/menu/pl?restaurantId=494560,kochi,Edappally,"Kebabs, Fast Food, Snacks, American, Healthy Food, Desserts, Beverages",4.3,3.4K+,1,0,₹200 for two
51795,Aryaas,https://www.swiggy.com/dapi/menu/pl?restaurantId=51795,kochi,Kakkanad,"South Indian, North Indian, Chinese, Ice Cream",4.7,63K+,1,0,₹200 for two
52597,Pandhal Cake Shop,https://www.swiggy.com/dapi/menu/pl?restaurantId=52597,kochi,Edapally,Bakery,4.6,1.6K+,1,0,₹150 for two
387728,Grameen Kulfi,https://www.swiggy.com/dapi/menu/pl?restaurantId=387728,kochi,Edappally,"Ice Cream, Desserts",4.8,794,1,0,₹120 for two
546759,Gourmet Ice Cream Cakes by Baskin Robbins,https://www.swiggy.com/dapi/menu/pl?restaurantId=546759,kochi,Kakkanad,"Ice Cream Cakes, Desserts, Ice Cream, Bakery",4.9,74,1,0,₹200 for two
315519,Amma's Pastries,https://www.swiggy.com/dapi/menu/pl?restaurantId=315519,kochi,Kakkanad,"Desserts, Bakery",4.4,1.7K+,1,0,₹500 for two
763910,Chinese Wok,https://www.swiggy.com/dapi/menu/pl?restaurantId=763910,kochi,Vazakala,"Chinese, Asian, Tibetan, Desserts",4.3,5.4K+,1,0,₹250 for two
395264,McDonald's Gourmet Burger Collection,https://www.swiggy.com/dapi/menu/pl?restaurantId=395264,kochi,Edappally,"Burgers, Beverages, Cafe, Desserts",4.7,759,1,0,₹600 for two
763912,The Momo Co.,https://www.swiggy.com/dapi/menu/pl?restaurantId=763912,kochi,Vazakala,"Chinese, Asian, Tibetan, Desserts",4.1,328,1,0,₹250 for two
60008,Alakapuri,https://www.swiggy.com/dapi/menu/pl?restaurantId=60008,kochi,Kakkanad,"South Indian, Kerala",4.7,250K+,1,0,₹300 for two
494564,LunchBox - Meals and Thalis,https://www.swiggy.com/dapi/menu/pl?restaurantId=494564,kochi,Edappally,"Thalis, North Indian, Biryani",4.4,4.0K+,1,0,₹200 for two
289517,"Dindigul Thalappakatti - Since 1957
",https://www.swiggy.com/dapi/menu/pl?restaurantId=289517,kochi,Thrikkakara,Indian,4.5,9.1K+,1,0,₹600 for two
631172,Pizza Hut,https://www.swiggy.com/dapi/menu/pl?restaurantId=631172,kochi,Palarivattom,Pizzas,4.5,5.5K+,1,0,₹350 for two
1275374,Club Shawaya,https://www.swiggy.com/dapi/menu/pl?restaurantId=1275374,kochi,Kakkanad,Arabian,4.2,2.5K+,1,0,₹400 for two
53370,Just Tiffins,https://www.swiggy.com/dapi/menu/pl?restaurantId=53370,kochi,Kakkanad,North Indian,4.7,31K+,1,0,₹250 for two
303978,McDonald's,https://www.swiggy.com/dapi/menu/pl?restaurantId=303978,kochi,Edappally,"Burgers, Beverages, Cafe, Desserts",4.6,4.2K+,1,0,₹500 for two
93523,KFC,https://www.swiggy.com/dapi/menu/pl?restaurantId=93523,kochi,Edappally,"Burgers, Fast Food, Rolls & Wraps",4.5,13K+,1,0,₹400 for two
920988,Burger King,https://www.swiggy.com/dapi/menu/pl?restaurantId=920988,kochi,Kakkanad,"Burgers, American",4.5,5.3K+,1,0,₹200 for two
926466,Sukrutham Catering & Restaurant,https://www.swiggy.com/dapi/menu/pl?restaurantId=926466,kochi,Kakkanad,"Kerala, South Indian, South American, Snacks",4.6,6.4K+,1,0,₹300 for two
53373,The Voyager,https://www.swiggy.com/dapi/menu/pl?restaurantId=53373,kochi,Kakkanad,"Continental, Italian, Desserts, Beverages, Pastas",4.7,14K+,1,0,₹500 for two
631172,Pizza Hut,https://www.swiggy.com/dapi/menu/pl?restaurantId=631172,kochi,Palarivattom,Pizzas,4.5,5.5K+,1,0,₹350 for two
93523,KFC,https://www.swiggy.com/dapi/menu/pl?restaurantId=93523,kochi,Edappally,"Burgers, Fast Food, Rolls & Wraps",4.5,13K+,1,0,₹400 for two
303978,McDonald's,https://www.swiggy.com/dapi/menu/pl?restaurantId=303978,kochi,Edappally,"Burgers, Beverages, Cafe, Desserts",4.6,4.2K+,1,0,₹500 for two
53373,The Voyager,https://www.swiggy.com/dapi/menu/pl?restaurantId=53373,kochi,Kakkanad,"Continental, Italian, Desserts, Beverages, Pastas",4.7,14K+,1,0,₹500 for two
53400,Domino's Pizza,https://www.swiggy.com/dapi/menu/pl?restaurantId=53400,kochi,Palarivattom,"Pizzas, Italian, Pastas, Desserts",4.6,17K+,1,0,₹400 for two
56658,Subway,https://www.swiggy.com/dapi/menu/pl?restaurantId=56658,kochi,Kakkanad,"sandwich, Salads, wrap, Healthy Food",4.5,22K+,1,0,₹350 for two
610555,Starbucks Coffee,https://www.swiggy.com/dapi/menu/pl?restaurantId=610555,kochi,Vennala,"Beverages, Cafe, Snacks, Desserts, Bakery, Ice Cream",4.5,955,1,0,₹400 for two
52506,Burger Spot,https://www.swiggy.com/dapi/menu/pl?restaurantId=52506,kochi,Kakkanad,"Burgers, sandwich, Continental, Beverages, Juices",4.6,17K+,1,0,₹300 for two
494560,"Faasos - Wraps, Rolls & Shawarma",https://www.swiggy.com/dapi/menu/pl?restaurantId=494560,kochi,Edappally,"Kebabs, Fast Food, Snacks, American, Healthy Food, Desserts, Beverages",4.3,3.4K+,1,0,₹200 for two
51795,Aryaas,https://www.swiggy.com/dapi/menu/pl?restaurantId=51795,kochi,Kakkanad,"South Indian, North Indian, Chinese, Ice Cream",4.7,63K+,1,0,₹200 for two
52597,Pandhal Cake Shop,https://www.swiggy.com/dapi/menu/pl?restaurantId=52597,kochi,Edapally,Bakery,4.6,1.6K+,1,0,₹150 for two
801481,Makhani Darbar,https://www.swiggy.com/dapi/menu/pl?restaurantId=801481,kochi,Puthupalli,"Kebabs, Mughlai, Beverages, Desserts",4.2,197,1,0,₹500 for two
387728,Grameen Kulfi,https://www.swiggy.com/dapi/menu/pl?restaurantId=387728,kochi,Edappally,"Ice Cream, Desserts",4.8,794,1,0,₹120 for two
546759,Gourmet Ice Cream Cakes by Baskin Robbins,https://www.swiggy.com/dapi/menu/pl?restaurantId=546759,kochi,Kakkanad,"Ice Cream Cakes, Desserts, Ice Cream, Bakery",4.9,74,1,0,₹200 for two
315519,Amma's Pastries,https://www.swiggy.com/dapi/menu/pl?restaurantId=315519,kochi,Kakkanad,"Desserts, Bakery",4.4,1.7K+,1,0,₹500 for two
763910,Chinese Wok,https://www.swiggy.com/dapi/menu/pl?restaurantId=763910,kochi,Vazakala,"Chinese, Asian, Tibetan, Desserts",4.3,5.4K+,1,0,₹250 for two
395264,McDonald's Gourmet Burger Collection,https://www.swiggy.com/dapi/menu/pl?restaurantId=395264,kochi,Edappally,"Burgers, Beverages, Cafe, Desserts",4.7,759,1,0,₹600 for two
763912,The Momo Co.,https://www.swiggy.com/dapi/menu/pl?restaurantId=763912,kochi,Vazakala,"Chinese, Asian, Tibetan, Desserts",4.1,328,1,0,₹250 for two
60008,Alakapuri,https://www.swiggy.com/dapi/menu/pl?restaurantId=60008,kochi,Kakkanad,"South Indian, Kerala",4.7,250K+,1,0,₹300 for two
494564,LunchBox - Meals and Thalis,https://www.swiggy.com/dapi/menu/pl?restaurantId=494564,kochi,Edappally,"Thalis, North Indian, Biryani",4.4,4.0K+,1,0,₹200 for two
631172,Pizza Hut,https://www.swiggy.com/dapi/menu/pl?restaurantId=631172,kochi,Palarivattom,Pizzas,4.5,5.5K+,1,0,₹350 for two
1275374,Club Shawaya,https://www.swiggy.com/dapi/menu/pl?restaurantId=1275374,kochi,Kakkanad,Arabian,4.2,2.5K+,1,0,₹400 for two
53370,Just Tiffins,https://www.swiggy.com/dapi/menu/pl?restaurantId=53370,kochi,Kakkanad,North Indian,4.7,31K+,1,0,₹250 for two
303978,McDonald's,https://www.swiggy.com/dapi/menu/pl?restaurantId=303978,kochi,Edappally,"Burgers, Beverages, Cafe, Desserts",4.6,4.2K+,1,0,₹500 for two
93523,KFC,https://www.swiggy.com/dapi/menu/pl?restaurantId=93523,kochi,Edappally,"Burgers, Fast Food, Rolls & Wraps",4.5,13K+,1,0,₹400 for two
920988,Burger King,https://www.swiggy.com/dapi/menu/pl?restaurantId=920988,kochi,Kakkanad,"Burgers, American",4.5,5.3K+,1,0,₹200 for two
926466,Sukrutham Catering & Restaurant,https://www.swiggy.com/dapi/menu/pl?restaurantId=926466,kochi,Kakkanad,"Kerala, South Indian, South American, Snacks",4.6,6.4K+,1,0,₹300 for two
53373,The Voyager,https://www.swiggy.com/dapi/menu/pl?restaurantId=53373,kochi,Kakkanad,"Continental, Italian, Desserts, Beverages, Pastas",4.7,14K+,1,0,₹500 for two
52758,Pizza Hut,https://www.swiggy.com/dapi/menu/pl?restaurantId=52758,kochi,Edappally,Pizzas,4.5,10K+,1,0,₹350 for two
62068,Subway,https://www.swiggy.com/dapi/menu/pl?restaurantId=62068,kochi,Lulu Mall,"sandwich, Salads, wrap, Healthy Food",4.2,3.9K+,1,0,₹350 for two
326482,Starbucks Coffee,https://www.swiggy.com/dapi/menu/pl?restaurantId=326482,kochi,Edappally,"Beverages, Cafe, Snacks, Desserts, Bakery, Ice Cream",4.5,1.7K+,1,0,₹400 for two
93523,KFC,https://www.swiggy.com/dapi/menu/pl?restaurantId=93523,kochi,Edappally,"Burgers, Fast Food, Rolls & Wraps",4.5,13K+,1,0,₹400 for two
51814,Burger Spot,https://www.swiggy.com/dapi/menu/pl?restaurantId=51814,kochi,Edappally,"Burgers, sandwich, Continental, Beverages, Juices",4.6,7.6K+,1,0,₹300 for two
62248,Gokul Oottupura,https://www.swiggy.com/dapi/menu/pl?restaurantId=62248,kochi,EDAPPALLY.P.O,"South Indian, North Indian, Snacks, Thalis",4.6,36K+,1,0,₹200 for two
559779,Wow! Chicken By Wow! Momo,https://www.swiggy.com/dapi/menu/pl?restaurantId=559779,kochi,Edappally,"Burger, Biryani, American, fastfood",4,2.9K+,1,0,₹300 for two
52594,Pandhal Cake Shop,https://www.swiggy.com/dapi/menu/pl?restaurantId=52594,kochi,Edappally,Bakery,4.6,3.3K+,1,0,₹200 for two
369384,Gourmet Ice Cream Cakes by Baskin Robbins,https://www.swiggy.com/dapi/menu/pl?restaurantId=369384,kochi,Palarivattom,"Desserts, Ice Cream, Bakery",4.8,362,1,0,₹300 for two
387728,Grameen Kulfi,https://www.swiggy.com/dapi/menu/pl?restaurantId=387728,kochi,Edappally,"Ice Cream, Desserts",4.8,794,1,0,₹120 for two
763910,Chinese Wok,https://www.swiggy.com/dapi/menu/pl?restaurantId=763910,kochi,Vazakala,"Chinese, Asian, Tibetan, Desserts",4.3,5.4K+,1,0,₹250 for two
303978,McDonald's,https://www.swiggy.com/dapi/menu/pl?restaurantId=303978,kochi,Edappally,"Burgers, Beverages, Cafe, Desserts",4.6,4.2K+,1,0,₹500 for two
53402,Domino's Pizza,https://www.swiggy.com/dapi/menu/pl?restaurantId=53402,kochi,Edappally,"Pizzas, Italian, Pastas, Desserts",4.4,14K+,1,0,₹400 for two
53354,Burger King,https://www.swiggy.com/dapi/menu/pl?restaurantId=53354,kochi,Edappally,"Burgers, American",4.6,29K+,1,0,₹350 for two
51795,Aryaas,https://www.swiggy.com/dapi/menu/pl?restaurantId=51795,kochi,Kakkanad,"South Indian, North Indian, Chinese, Ice Cream",4.7,63K+,1,0,₹200 for two
566534,Faasos' Signature Wraps & Rolls,https://www.swiggy.com/dapi/menu/pl?restaurantId=566534,kochi,Edappally,"Fast Food, Snacks, North Indian, Desserts, Beverages",4.2,377,1,0,₹350 for two
575273,Veg Darbar by Behrouz Biryani,https://www.swiggy.com/dapi/menu/pl?restaurantId=575273,kochi,Edappally,"Biryani, North Indian, Kebabs, Mughlai, Lucknowi, Hyderabadi, Desserts, Beverages",3.9,149,1,0,₹700 for two
494567,Veg Meals By LunchBox,https://www.swiggy.com/dapi/menu/pl?restaurantId=494567,kochi,Edappally,"Biryani, North Indian, Desserts, Beverages",4.4,495,1,0,₹200 for two
801481,Makhani Darbar,https://www.swiggy.com/dapi/menu/pl?restaurantId=801481,kochi,Puthupalli,"Kebabs, Mughlai, Beverages, Desserts",4.2,197,1,0,₹500 for two
395264,McDonald's Gourmet Burger Collection,https://www.swiggy.com/dapi/menu/pl?restaurantId=395264,kochi,Edappally,"Burgers, Beverages, Cafe, Desserts",4.7,759,1,0,₹600 for two
52758,Pizza Hut,https://www.swiggy.com/dapi/menu/pl?restaurantId=52758,kochi,Edappally,Pizzas,4.5,10K+,1,0,₹350 for two
65617,Paragon Restaurant,https://www.swiggy.com/dapi/menu/pl?restaurantId=65617,kochi,Edappally,"South Indian, Kerala, Biryani",4.7,38K+,1,0,₹499 for two
614833,Flamin' Hot Chicken,https://www.swiggy.com/dapi/menu/pl?restaurantId=614833,kochi,Edappally,"Burgers, Fast Food, Beverages",4.5,2.0K+,1,0,₹200 for two
53370,Just Tiffins,https://www.swiggy.com/dapi/menu/pl?restaurantId=53370,kochi,Kakkanad,North Indian,4.7,31K+,1,0,₹250 for two
926466,Sukrutham Catering & Restaurant,https://www.swiggy.com/dapi/menu/pl?restaurantId=926466,kochi,Kakkanad,"Kerala, South Indian, South American, Snacks",4.6,6.4K+,1,0,₹300 for two
878691,Kubaba,https://www.swiggy.com/dapi/menu/pl?restaurantId=878691,kochi,Edappally,"Arabian, Beverages",4.5,6.8K+,1,0,₹450 for two
294029,Thrupthy Foods,https://www.swiggy.com/dapi/menu/pl?restaurantId=294029,kochi,Edappally,"South Indian, Chinese, Kerala",4.5,5.4K+,1,0,₹200 for two
93523,KFC,https://www.swiggy.com/dapi/menu/pl?restaurantId=93523,kochi,Edappally,"Burgers, Fast Food, Rolls & Wraps",4.5,13K+,1,0,₹400 for two
52758,Pizza Hut,https://www.swiggy.com/dapi/menu/pl?restaurantId=52758,kochi,Edappally,Pizzas,4.5,10K+,1,0,₹350 for two
62068,Subway,https://www.swiggy.com/dapi/menu/pl?restaurantId=62068,kochi,Lulu Mall,"sandwich, Salads, wrap, Healthy Food",4.2,3.9K+,1,0,₹350 for two
326482,Starbucks Coffee,https://www.swiggy.com/dapi/menu/pl?restaurantId=326482,kochi,Edappally,"Beverages, Cafe, Snacks, Desserts, Bakery, Ice Cream",4.5,1.7K+,1,0,₹400 for two
93523,KFC,https://www.swiggy.com/dapi/menu/pl?restaurantId=93523,kochi,Edappally,"Burgers, Fast Food, Rolls & Wraps",4.5,13K+,1,0,₹400 for two
62248,Gokul Oottupura,https://www.swiggy.com/dapi/menu/pl?restaurantId=62248,kochi,EDAPPALLY.P.O,"South Indian, North Indian, Snacks, Thalis",4.6,36K+,1,0,₹200 for two
559779,Wow! Chicken By Wow! Momo,https://www.swiggy.com/dapi/menu/pl?restaurantId=559779,kochi,Edappally,"Burger, Biryani, American, fastfood",4,2.9K+,1,0,₹300 for two
52594,Pandhal Cake Shop,https://www.swiggy.com/dapi/menu/pl?restaurantId=52594,kochi,Edappally,Bakery,4.6,3.3K+,1,0,₹200 for two
369384,Gourmet Ice Cream Cakes by Baskin Robbins,https://www.swiggy.com/dapi/menu/pl?restaurantId=369384,kochi,Palarivattom,"Desserts, Ice Cream, Bakery",4.8,362,1,0,₹300 for two
51814,Burger Spot,https://www.swiggy.com/dapi/menu/pl?restaurantId=51814,kochi,Edappally,"Burgers, sandwich, Continental, Beverages, Juices",4.6,7.6K+,1,0,₹300 for two
387728,Grameen Kulfi,https://www.swiggy.com/dapi/menu/pl?restaurantId=387728,kochi,Edappally,"Ice Cream, Desserts",4.8,794,1,0,₹120 for two
763910,Chinese Wok,https://www.swiggy.com/dapi/menu/pl?restaurantId=763910,kochi,Vazakala,"Chinese, Asian, Tibetan, Desserts",4.3,5.4K+,1,0,₹250 for two
303978,McDonald's,https://www.swiggy.com/dapi/menu/pl?restaurantId=303978,kochi,Edappally,"Burgers, Beverages, Cafe, Desserts",4.6,4.2K+,1,0,₹500 for two
53402,Domino's Pizza,https://www.swiggy.com/dapi/menu/pl?restaurantId=53402,kochi,Edappally,"Pizzas, Italian, Pastas, Desserts",4.4,14K+,1,0,₹400 for two
53354,Burger King,https://www.swiggy.com/dapi/menu/pl?restaurantId=53354,kochi,Edappally,"Burgers, American",4.6,29K+,1,0,₹350 for two
51795,Aryaas,https://www.swiggy.com/dapi/menu/pl?restaurantId=51795,kochi,Kakkanad,"South Indian, North Indian, Chinese, Ice Cream",4.7,63K+,1,0,₹200 for two
566534,Faasos' Signature Wraps & Rolls,https://www.swiggy.com/dapi/menu/pl?restaurantId=566534,kochi,Edappally,"Fast Food, Snacks, North Indian, Desserts, Beverages",4.2,377,1,0,₹350 for two
575273,Veg Darbar by Behrouz Biryani,https://www.swiggy.com/dapi/menu/pl?restaurantId=575273,kochi,Edappally,"Biryani, North Indian, Kebabs, Mughlai, Lucknowi, Hyderabadi, Desserts, Beverages",3.9,149,1,0,₹700 for two
494567,Veg Meals By LunchBox,https://www.swiggy.com/dapi/menu/pl?restaurantId=494567,kochi,Edappally,"Biryani, North Indian, Desserts, Beverages",4.4,495,1,0,₹200 for two
801481,Makhani Darbar,https://www.swiggy.com/dapi/menu/pl?restaurantId=801481,kochi,Puthupalli,"Kebabs, Mughlai, Beverages, Desserts",4.2,197,1,0,₹500 for two
395264,McDonald's Gourmet Burger Collection,https://www.swiggy.com/dapi/menu/pl?restaurantId=395264,kochi,Edappally,"Burgers, Beverages, Cafe, Desserts",4.7,759,1,0,₹600 for two
52758,Pizza Hut,https://www.swiggy.com/dapi/menu/pl?restaurantId=52758,kochi,Edappally,Pizzas,4.5,10K+,1,0,₹350 for two
65617,Paragon Restaurant,https://www.swiggy.com/dapi/menu/pl?restaurantId=65617,kochi,Edappally,"South Indian, Kerala, Biryani",4.7,38K+,1,0,₹499 for two
53370,Just Tiffins,https://www.swiggy.com/dapi/menu/pl?restaurantId=53370,kochi,Kakkanad,North Indian,4.7,31K+,1,0,₹250 for two
926466,Sukrutham Catering & Restaurant,https://www.swiggy.com/dapi/menu/pl?restaurantId=926466,kochi,Kakkanad,"Kerala, South Indian, South American, Snacks",4.6,6.4K+,1,0,₹300 for two
878691,Kubaba,https://www.swiggy.com/dapi/menu/pl?restaurantId=878691,kochi,Edappally,"Arabian, Beverages",4.5,6.8K+,1,0,₹450 for two
294029,Thrupthy Foods,https://www.swiggy.com/dapi/menu/pl?restaurantId=294029,kochi,Edappally,"South Indian, Chinese, Kerala",4.5,5.4K+,1,0,₹200 for two
93523,KFC,https://www.swiggy.com/dapi/menu/pl?restaurantId=93523,kochi,Edappally,"Burgers, Fast Food, Rolls & Wraps",4.5,13K+,1,0,₹400 for two
121761,Hotel Sree Aryaas,https://www.swiggy.com/dapi/menu/pl?restaurantId=121761,kochi,"HMT Junction, Kalamassery","South Indian, Chinese, Indian, Beverages, North Indian, Tea",4.5,26K+,1,0,₹200 for two
631172,Pizza Hut,https://www.swiggy.com/dapi/menu/pl?restaurantId=631172,kochi,Palarivattom,Pizzas,4.5,5.5K+,1,0,₹350 for two
303978,McDonald's,https://www.swiggy.com/dapi/menu/pl?restaurantId=303978,kochi,Edappally,"Burgers, Beverages, Cafe, Desserts",4.6,4.2K+,1,0,₹500 for two
93523,KFC,https://www.swiggy.com/dapi/menu/pl?restaurantId=93523,kochi,Edappally,"Burgers, Fast Food, Rolls & Wraps",4.5,13K+,1,0,₹400 for two
62068,Subway,https://www.swiggy.com/dapi/menu/pl?restaurantId=62068,kochi,Lulu Mall,"sandwich, Salads, wrap, Healthy Food",4.2,3.9K+,1,0,₹350 for two
53373,The Voyager,https://www.swiggy.com/dapi/menu/pl?restaurantId=53373,kochi,Kakkanad,"Continental, Italian, Desserts, Beverages, Pastas",4.7,14K+,1,0,₹500 for two
53400,Domino's Pizza,https://www.swiggy.com/dapi/menu/pl?restaurantId=53400,kochi,Palarivattom,"Pizzas, Italian, Pastas, Desserts",4.6,17K+,1,0,₹400 for two
481663,Beyondburg Inc,https://www.swiggy.com/dapi/menu/pl?restaurantId=481663,kochi,Palarivattom,"Burgers, Fast Food, American, Beverages",4.7,3.3K+,1,0,₹300 for two
62248,Gokul Oottupura,https://www.swiggy.com/dapi/menu/pl?restaurantId=62248,kochi,EDAPPALLY.P.O,"South Indian, North Indian, Snacks, Thalis",4.6,36K+,1,0,₹200 for two
51814,Burger Spot,https://www.swiggy.com/dapi/menu/pl?restaurantId=51814,kochi,Edappally,"Burgers, sandwich, Continental, Beverages, Juices",4.6,7.6K+,1,0,₹300 for two
387728,Grameen Kulfi,https://www.swiggy.com/dapi/menu/pl?restaurantId=387728,kochi,Edappally,"Ice Cream, Desserts",4.8,794,1,0,₹120 for two
52594,Pandhal Cake Shop,https://www.swiggy.com/dapi/menu/pl?restaurantId=52594,kochi,Edappally,Bakery,4.6,3.3K+,1,0,₹200 for two
801481,Makhani Darbar,https://www.swiggy.com/dapi/menu/pl?restaurantId=801481,kochi,Puthupalli,"Kebabs, Mughlai, Beverages, Desserts",4.2,197,1,0,₹500 for two
575273,Veg Darbar by Behrouz Biryani,https://www.swiggy.com/dapi/menu/pl?restaurantId=575273,kochi,Edappally,"Biryani, North Indian, Kebabs, Mughlai, Lucknowi, Hyderabadi, Desserts, Beverages",3.9,149,1,0,₹700 for two
494567,Veg Meals By LunchBox,https://www.swiggy.com/dapi/menu/pl?restaurantId=494567,kochi,Edappally,"Biryani, North Indian, Desserts, Beverages",4.4,495,1,0,₹200 for two
369384,Gourmet Ice Cream Cakes by Baskin Robbins,https://www.swiggy.com/dapi/menu/pl?restaurantId=369384,kochi,Palarivattom,"Desserts, Ice Cream, Bakery",4.8,362,1,0,₹300 for two
763912,The Momo Co.,https://www.swiggy.com/dapi/menu/pl?restaurantId=763912,kochi,Vazakala,"Chinese, Asian, Tibetan, Desserts",4.1,328,1,0,₹250 for two
326482,Starbucks Coffee,https://www.swiggy.com/dapi/menu/pl?restaurantId=326482,kochi,Edappally,"Beverages, Cafe, Snacks, Desserts, Bakery, Ice Cream",4.5,1.7K+,1,0,₹400 for two
315519,Amma's Pastries,https://www.swiggy.com/dapi/menu/pl?restaurantId=315519,kochi,Kakkanad,"Desserts, Bakery",4.4,1.7K+,1,0,₹500 for two
763910,Chinese Wok,https://www.swiggy.com/dapi/menu/pl?restaurantId=763910,kochi,Vazakala,"Chinese, Asian, Tibetan, Desserts",4.3,5.4K+,1,0,₹250 for two
51795,Aryaas,https://www.swiggy.com/dapi/menu/pl?restaurantId=51795,kochi,Kakkanad,"South Indian, North Indian, Chinese, Ice Cream",4.7,63K+,1,0,₹200 for two
303978,McDonald's,https://www.swiggy.com/dapi/menu/pl?restaurantId=303978,kochi,Edappally,"Burgers, Beverages, Cafe, Desserts",4.6,4.2K+,1,0,₹500 for two
93523,KFC,https://www.swiggy.com/dapi/menu/pl?restaurantId=93523,kochi,Edappally,"Burgers, Fast Food, Rolls & Wraps",4.5,13K+,1,0,₹400 for two
53370,Just Tiffins,https://www.swiggy.com/dapi/menu/pl?restaurantId=53370,kochi,Kakkanad,North Indian,4.7,31K+,1,0,₹250 for two
346349,Paragon Salkara Xpress,https://www.swiggy.com/dapi/menu/pl?restaurantId=346349,kochi,Vyttila,"Kerala, Grill, Biryani, Chinese, Juices, Beverages",4.7,24K+,1,0,₹400 for two
926466,Sukrutham Catering & Restaurant,https://www.swiggy.com/dapi/menu/pl?restaurantId=926466,kochi,Kakkanad,"Kerala, South Indian, South American, Snacks",4.6,6.4K+,1,0,₹300 for two
967513,Nala Taste,https://www.swiggy.com/dapi/menu/pl?restaurantId=967513,kochi,Vennala,Kerala,4.4,1.1K+,1,0,₹700 for two
52596,Seetaphal Fresh Juices & Tasty Bites,https://www.swiggy.com/dapi/menu/pl?restaurantId=52596,kochi,Edappally,Beverages,4.4,7.8K+,1,0,₹200 for two
325484,Shawarma Daddy,https://www.swiggy.com/dapi/menu/pl?restaurantId=325484,kochi,Edappally,"shawarma, Arabian, Rolls & Wraps, rolls, Barbecue, Beverages",4.5,24K+,1,0,₹300 for two
631172,Pizza Hut,https://www.swiggy.com/dapi/menu/pl?restaurantId=631172,kochi,Palarivattom,Pizzas,4.5,5.5K+,1,0,₹350 for two
303978,McDonald's,https://www.swiggy.com/dapi/menu/pl?restaurantId=303978,kochi,Edappally,"Burgers, Beverages, Cafe, Desserts",4.6,4.2K+,1,0,₹500 for two
93523,KFC,https://www.swiggy.com/dapi/menu/pl?restaurantId=93523,kochi,Edappally,"Burgers, Fast Food, Rolls & Wraps",4.5,13K+,1,0,₹400 for two
53372,Zaatar Arabic Restaurant,https://www.swiggy.com/dapi/menu/pl?restaurantId=53372,kochi,Palarivattom,"Arabian, North Indian, Chinese, Kerala",4.3,6.1K+,1,0,₹350 for two
62068,Subway,https://www.swiggy.com/dapi/menu/pl?restaurantId=62068,kochi,Lulu Mall,"sandwich, Salads, wrap, Healthy Food",4.2,3.9K+,1,0,₹350 for two
53373,The Voyager,https://www.swiggy.com/dapi/menu/pl?restaurantId=53373,kochi,Kakkanad,"Continental, Italian, Desserts, Beverages, Pastas",4.7,14K+,1,0,₹500 for two
53400,Domino's Pizza,https://www.swiggy.com/dapi/menu/pl?restaurantId=53400,kochi,Palarivattom,"Pizzas, Italian, Pastas, Desserts",4.6,17K+,1,0,₹400 for two
481663,Beyondburg Inc,https://www.swiggy.com/dapi/menu/pl?restaurantId=481663,kochi,Palarivattom,"Burgers, Fast Food, American, Beverages",4.7,3.3K+,1,0,₹300 for two
62248,Gokul Oottupura,https://www.swiggy.com/dapi/menu/pl?restaurantId=62248,kochi,EDAPPALLY.P.O,"South Indian, North Indian, Snacks, Thalis",4.6,36K+,1,0,₹200 for two
51814,Burger Spot,https://www.swiggy.com/dapi/menu/pl?restaurantId=51814,kochi,Edappally,"Burgers, sandwich, Continental, Beverages, Juices",4.6,7.6K+,1,0,₹300 for two
387728,Grameen Kulfi,https://www.swiggy.com/dapi/menu/pl?restaurantId=387728,kochi,Edappally,"Ice Cream, Desserts",4.8,794,1,0,₹120 for two
52594,Pandhal Cake Shop,https://www.swiggy.com/dapi/menu/pl?restaurantId=52594,kochi,Edappally,Bakery,4.6,3.3K+,1,0,₹200 for two
801481,Makhani Darbar,https://www.swiggy.com/dapi/menu/pl?restaurantId=801481,kochi,Puthupalli,"Kebabs, Mughlai, Beverages, Desserts",4.2,197,1,0,₹500 for two
575273,Veg Darbar by Behrouz Biryani,https://www.swiggy.com/dapi/menu/pl?restaurantId=575273,kochi,Edappally,"Biryani, North Indian, Kebabs, Mughlai, Lucknowi, Hyderabadi, Desserts, Beverages",3.9,149,1,0,₹700 for two
494567,Veg Meals By LunchBox,https://www.swiggy.com/dapi/menu/pl?restaurantId=494567,kochi,Edappally,"Biryani, North Indian, Desserts, Beverages",4.4,495,1,0,₹200 for two
265531,Costa Coffee,https://www.swiggy.com/dapi/menu/pl?restaurantId=265531,kochi,Edappally,"Beverages, Cafe, Bakery, Desserts, Snacks",4.5,276,1,0,₹450 for two
369384,Gourmet Ice Cream Cakes by Baskin Robbins,https://www.swiggy.com/dapi/menu/pl?restaurantId=369384,kochi,Palarivattom,"Desserts, Ice Cream, Bakery",4.8,362,1,0,₹300 for two
763912,The Momo Co.,https://www.swiggy.com/dapi/menu/pl?restaurantId=763912,kochi,Vazakala,"Chinese, Asian, Tibetan, Desserts",4.1,328,1,0,₹250 for two
326482,Starbucks Coffee,https://www.swiggy.com/dapi/menu/pl?restaurantId=326482,kochi,Edappally,"Beverages, Cafe, Snacks, Desserts, Bakery, Ice Cream",4.5,1.7K+,1,0,₹400 for two
315519,Amma's Pastries,https://www.swiggy.com/dapi/menu/pl?restaurantId=315519,kochi,Kakkanad,"Desserts, Bakery",4.4,1.7K+,1,0,₹500 for two
303978,McDonald's,https://www.swiggy.com/dapi/menu/pl?restaurantId=303978,kochi,Edappally,"Burgers, Beverages, Cafe, Desserts",4.6,4.2K+,1,0,₹500 for two
93523,KFC,https://www.swiggy.com/dapi/menu/pl?restaurantId=93523,kochi,Edappally,"Burgers, Fast Food, Rolls & Wraps",4.5,13K+,1,0,₹400 for two
53370,Just Tiffins,https://www.swiggy.com/dapi/menu/pl?restaurantId=53370,kochi,Kakkanad,North Indian,4.7,31K+,1,0,₹250 for two
346349,Paragon Salkara Xpress,https://www.swiggy.com/dapi/menu/pl?restaurantId=346349,kochi,Vyttila,"Kerala, Grill, Biryani, Chinese, Juices, Beverages",4.7,24K+,1,0,₹400 for two
926466,Sukrutham Catering & Restaurant,https://www.swiggy.com/dapi/menu/pl?restaurantId=926466,kochi,Kakkanad,"Kerala, South Indian, South American, Snacks",4.6,6.4K+,1,0,₹300 for two
967513,Nala Taste,https://www.swiggy.com/dapi/menu/pl?restaurantId=967513,kochi,Vennala,Kerala,4.4,1.1K+,1,0,₹700 for two
53372,Zaatar Arabic Restaurant,https://www.swiggy.com/dapi/menu/pl?restaurantId=53372,kochi,Palarivattom,"Arabian, North Indian, Chinese, Kerala",4.3,6.1K+,1,0,₹350 for two
52596,Seetaphal Fresh Juices & Tasty Bites,https://www.swiggy.com/dapi/menu/pl?restaurantId=52596,kochi,Edappally,Beverages,4.4,7.8K+,1,0,₹200 for two
67378,Pizza Hut,https://www.swiggy.com/dapi/menu/pl?restaurantId=67378,kochi,MG Road,Pizzas,4.4,12K+,1,0,₹350 for two
233804,KFC,https://www.swiggy.com/dapi/menu/pl?restaurantId=233804,kochi,Ravipuram,"Burgers, Fast Food, Rolls & Wraps",4.5,10K+,1,0,₹400 for two
57240,McDonald's,https://www.swiggy.com/dapi/menu/pl?restaurantId=57240,kochi,MG Road,"Burgers, Beverages, Cafe, Desserts",4.5,26K+,1,0,₹400 for two
121419,Palaaram,https://www.swiggy.com/dapi/menu/pl?restaurantId=121419,kochi,Vyttila,"South Indian, Chinese, Arabian, Kerala",4.6,27K+,1,0,₹300 for two
410156,Starbucks Coffee,https://www.swiggy.com/dapi/menu/pl?restaurantId=410156,kochi,Panampilly Nagar,"Beverages, Cafe, Snacks, Desserts, Bakery, Ice Cream",4.5,1.5K+,1,0,₹400 for two
54167,Gokul Oottupura,https://www.swiggy.com/dapi/menu/pl?restaurantId=54167,kochi,Kadavanthra,"South Indian, North Indian, Snacks, Thalis",4.7,39K+,1,0,₹300 for two
807200,The Burgery In,https://www.swiggy.com/dapi/menu/pl?restaurantId=807200,kochi,Vyttila,"Burgers, Pizzas, Beverages",4.6,1.3K+,1,0,₹499 for two
380899,Paul's Creamery,https://www.swiggy.com/dapi/menu/pl?restaurantId=380899,kochi,Kadavanthra,"Desserts, Ice Cream",4.7,2.6K+,1,0,₹200 for two
54749,Ceylon Bake House,https://www.swiggy.com/dapi/menu/pl?restaurantId=54749,kochi,M.G Road,"South Indian, Chinese, Biryani",4.6,34K+,1,0,₹300 for two
381952,Gourmet Ice Cream Cakes by Baskin Robbins,https://www.swiggy.com/dapi/menu/pl?restaurantId=381952,kochi,Kaloor,"Ice Cream Cakes, Desserts, Ice Cream, Bakery",4.9,216,1,0,₹250 for two
704923,The Momo Co.,https://www.swiggy.com/dapi/menu/pl?restaurantId=704923,kochi,M G Road,"Chinese, Asian, Tibetan, Desserts",3.9,211,1,0,₹250 for two
55090,Burger Spot,https://www.swiggy.com/dapi/menu/pl?restaurantId=55090,kochi,Panampilly Nagar,"Burgers, sandwich, Continental, Beverages, Juices",4.7,2.6K+,1,0,₹300 for two
704921,Chinese Wok,https://www.swiggy.com/dapi/menu/pl?restaurantId=704921,kochi,M G Road,"Chinese, Asian, Tibetan, Desserts",4.3,3.2K+,1,0,₹250 for two
53826,Pandhal Cake Shop,https://www.swiggy.com/dapi/menu/pl?restaurantId=53826,kochi,K.K Road Kadavantra,Bakery,4.7,2.4K+,1,0,₹250 for two
379730,Grameen Kulfi,https://www.swiggy.com/dapi/menu/pl?restaurantId=379730,kochi,Parambithara road and K C Joseph Road,"Ice Cream, Desserts",4.7,1.0K+,1,0,₹120 for two
367962,La Pino'z Pizza,https://www.swiggy.com/dapi/menu/pl?restaurantId=367962,kochi,Elamkulam,"Pizzas, Pastas, Italian, Desserts, Beverages",4.4,13K+,1,0,₹300 for two
222972,The Belgian Waffle Co.,https://www.swiggy.com/dapi/menu/pl?restaurantId=222972,kochi,Ravipuram,"Waffle, Desserts, Ice Cream, Beverages",4.8,3.3K+,1,0,₹200 for two
54041,Cold Stone Creamery,https://www.swiggy.com/dapi/menu/pl?restaurantId=54041,kochi,Panampilly Nagar,"Ice Cream, Desserts, Beverages",4.6,7.1K+,1,0,₹200 for two
57445,Subway,https://www.swiggy.com/dapi/menu/pl?restaurantId=57445,kochi,Elamkulam,"sandwich, Salads, wrap, Healthy Food",4.5,15K+,1,0,₹350 for two
60008,Alakapuri,https://www.swiggy.com/dapi/menu/pl?restaurantId=60008,kochi,Kakkanad,"South Indian, Kerala",4.7,250K+,1,0,₹300 for two
67378,Pizza Hut,https://www.swiggy.com/dapi/menu/pl?restaurantId=67378,kochi,MG Road,Pizzas,4.4,12K+,1,0,₹350 for two
753881,Sukrutham Catering & Restaurant,https://www.swiggy.com/dapi/menu/pl?restaurantId=753881,kochi,Panampilly Nagar,"South Indian, Indian, Chaat, Beverages",4.6,7.1K+,1,0,₹500 for two
346349,Paragon Salkara Xpress,https://www.swiggy.com/dapi/menu/pl?restaurantId=346349,kochi,Vyttila,"Kerala, Grill, Biryani, Chinese, Juices, Beverages",4.7,24K+,1,0,₹400 for two
233804,KFC,https://www.swiggy.com/dapi/menu/pl?restaurantId=233804,kochi,Ravipuram,"Burgers, Fast Food, Rolls & Wraps",4.5,10K+,1,0,₹400 for two
57240,McDonald's,https://www.swiggy.com/dapi/menu/pl?restaurantId=57240,kochi,MG Road,"Burgers, Beverages, Cafe, Desserts",4.5,26K+,1,0,₹400 for two
1075572,Snackery by MSB,https://www.swiggy.com/dapi/menu/pl?restaurantId=1075572,kochi,Kaloor,Snacks,4.6,780,1,0,₹100 for two
954965,swamys coffee house,https://www.swiggy.com/dapi/menu/pl?restaurantId=954965,kochi,Thrippunithura,"Kerala, South Indian",4.6,7.8K+,1,0,₹150 for two
1303477,Caravan Ice Creams,https://www.swiggy.com/dapi/menu/pl?restaurantId=1303477,kochi,Panampilly Nagar,Ice Cream,4.9,67,1,0,₹350 for two
67378,Pizza Hut,https://www.swiggy.com/dapi/menu/pl?restaurantId=67378,kochi,MG Road,Pizzas,4.4,12K+,1,0,₹350 for two
233804,KFC,https://www.swiggy.com/dapi/menu/pl?restaurantId=233804,kochi,Ravipuram,"Burgers, Fast Food, Rolls & Wraps",4.5,10K+,1,0,₹400 for two
57240,McDonald's,https://www.swiggy.com/dapi/menu/pl?restaurantId=57240,kochi,MG Road,"Burgers, Beverages, Cafe, Desserts",4.5,26K+,1,0,₹400 for two
121419,Palaaram,https://www.swiggy.com/dapi/menu/pl?restaurantId=121419,kochi,Vyttila,"South Indian, Chinese, Arabian, Kerala",4.6,27K+,1,0,₹300 for two
410156,Starbucks Coffee,https://www.swiggy.com/dapi/menu/pl?restaurantId=410156,kochi,Panampilly Nagar,"Beverages, Cafe, Snacks, Desserts, Bakery, Ice Cream",4.5,1.5K+,1,0,₹400 for two
54167,Gokul Oottupura,https://www.swiggy.com/dapi/menu/pl?restaurantId=54167,kochi,Kadavanthra,"South Indian, North Indian, Snacks, Thalis",4.7,39K+,1,0,₹300 for two
807200,The Burgery In,https://www.swiggy.com/dapi/menu/pl?restaurantId=807200,kochi,Vyttila,"Burgers, Pizzas, Beverages",4.6,1.3K+,1,0,₹499 for two
380899,Paul's Creamery,https://www.swiggy.com/dapi/menu/pl?restaurantId=380899,kochi,Kadavanthra,"Desserts, Ice Cream",4.7,2.6K+,1,0,₹200 for two
54749,Ceylon Bake House,https://www.swiggy.com/dapi/menu/pl?restaurantId=54749,kochi,M.G Road,"South Indian, Chinese, Biryani",4.6,34K+,1,0,₹300 for two
381952,Gourmet Ice Cream Cakes by Baskin Robbins,https://www.swiggy.com/dapi/menu/pl?restaurantId=381952,kochi,Kaloor,"Ice Cream Cakes, Desserts, Ice Cream, Bakery",4.9,216,1,0,₹250 for two
704923,The Momo Co.,https://www.swiggy.com/dapi/menu/pl?restaurantId=704923,kochi,M G Road,"Chinese, Asian, Tibetan, Desserts",3.9,211,1,0,₹250 for two
55090,Burger Spot,https://www.swiggy.com/dapi/menu/pl?restaurantId=55090,kochi,Panampilly Nagar,"Burgers, sandwich, Continental, Beverages, Juices",4.7,2.6K+,1,0,₹300 for two
704921,Chinese Wok,https://www.swiggy.com/dapi/menu/pl?restaurantId=704921,kochi,M G Road,"Chinese, Asian, Tibetan, Desserts",4.3,3.2K+,1,0,₹250 for two
53826,Pandhal Cake Shop,https://www.swiggy.com/dapi/menu/pl?restaurantId=53826,kochi,K.K Road Kadavantra,Bakery,4.7,2.4K+,1,0,₹250 for two
379730,Grameen Kulfi,https://www.swiggy.com/dapi/menu/pl?restaurantId=379730,kochi,Parambithara road and K C Joseph Road,"Ice Cream, Desserts",4.7,1.0K+,1,0,₹120 for two
367962,La Pino'z Pizza,https://www.swiggy.com/dapi/menu/pl?restaurantId=367962,kochi,Elamkulam,"Pizzas, Pastas, Italian, Desserts, Beverages",4.4,13K+,1,0,₹300 for two
222972,The Belgian Waffle Co.,https://www.swiggy.com/dapi/menu/pl?restaurantId=222972,kochi,Ravipuram,"Waffle, Desserts, Ice Cream, Beverages",4.8,3.3K+,1,0,₹200 for two
54041,Cold Stone Creamery,https://www.swiggy.com/dapi/menu/pl?restaurantId=54041,kochi,Panampilly Nagar,"Ice Cream, Desserts, Beverages",4.6,7.1K+,1,0,₹200 for two
57445,Subway,https://www.swiggy.com/dapi/menu/pl?restaurantId=57445,kochi,Elamkulam,"sandwich, Salads, wrap, Healthy Food",4.5,15K+,1,0,₹350 for two
60008,Alakapuri,https://www.swiggy.com/dapi/menu/pl?restaurantId=60008,kochi,Kakkanad,"South Indian, Kerala",4.7,250K+,1,0,₹300 for two
67378,Pizza Hut,https://www.swiggy.com/dapi/menu/pl?restaurantId=67378,kochi,MG Road,Pizzas,4.4,12K+,1,0,₹350 for two
753881,Sukrutham Catering & Restaurant,https://www.swiggy.com/dapi/menu/pl?restaurantId=753881,kochi,Panampilly Nagar,"South Indian, Indian, Chaat, Beverages",4.6,7.1K+,1,0,₹500 for two
346349,Paragon Salkara Xpress,https://www.swiggy.com/dapi/menu/pl?restaurantId=346349,kochi,Vyttila,"Kerala, Grill, Biryani, Chinese, Juices, Beverages",4.7,24K+,1,0,₹400 for two
233804,KFC,https://www.swiggy.com/dapi/menu/pl?restaurantId=233804,kochi,Ravipuram,"Burgers, Fast Food, Rolls & Wraps",4.5,10K+,1,0,₹400 for two
57240,McDonald's,https://www.swiggy.com/dapi/menu/pl?restaurantId=57240,kochi,MG Road,"Burgers, Beverages, Cafe, Desserts",4.5,26K+,1,0,₹400 for two
1075572,Snackery by MSB,https://www.swiggy.com/dapi/menu/pl?restaurantId=1075572,kochi,Kaloor,Snacks,4.6,780,1,0,₹100 for two
954965,swamys coffee house,https://www.swiggy.com/dapi/menu/pl?restaurantId=954965,kochi,Thrippunithura,"Kerala, South Indian",4.6,7.8K+,1,0,₹150 for two
1303477,Caravan Ice Creams,https://www.swiggy.com/dapi/menu/pl?restaurantId=1303477,kochi,Panampilly Nagar,Ice Cream,4.9,67,1,0,₹350 for two
418491,Pizza Hut,https://www.swiggy.com/dapi/menu/pl?restaurantId=418491,kochi,Vyttila,Pizzas,4.5,3.4K+,1,0,₹350 for two
57241,McDonald's,https://www.swiggy.com/dapi/menu/pl?restaurantId=57241,kochi,Vyttila,"Burgers, Beverages, Cafe, Desserts",4.5,25K+,1,0,₹400 for two
729251,KFC,https://www.swiggy.com/dapi/menu/pl?restaurantId=729251,kochi,"Prestige Forum Mall, Bund RD","Burgers, Fast Food, Rolls & Wraps",4.5,1.7K+,1,0,₹400 for two
121419,Palaaram,https://www.swiggy.com/dapi/menu/pl?restaurantId=121419,kochi,Vyttila,"South Indian, Chinese, Arabian, Kerala",4.6,27K+,1,0,₹300 for two
380899,Paul's Creamery,https://www.swiggy.com/dapi/menu/pl?restaurantId=380899,kochi,Kadavanthra,"Desserts, Ice Cream",4.7,2.6K+,1,0,₹200 for two
704921,Chinese Wok,https://www.swiggy.com/dapi/menu/pl?restaurantId=704921,kochi,M G Road,"Chinese, Asian, Tibetan, Desserts",4.3,3.2K+,1,0,₹250 for two
807200,The Burgery In,https://www.swiggy.com/dapi/menu/pl?restaurantId=807200,kochi,Vyttila,"Burgers, Pizzas, Beverages",4.6,1.3K+,1,0,₹499 for two
754367,Burger King,https://www.swiggy.com/dapi/menu/pl?restaurantId=754367,kochi,Thripunithura,"Burgers, American",4.6,3.9K+,1,0,₹350 for two
55090,Burger Spot,https://www.swiggy.com/dapi/menu/pl?restaurantId=55090,kochi,Panampilly Nagar,"Burgers, sandwich, Continental, Beverages, Juices",4.7,2.6K+,1,0,₹300 for two
54167,Gokul Oottupura,https://www.swiggy.com/dapi/menu/pl?restaurantId=54167,kochi,Kadavanthra,"South Indian, North Indian, Snacks, Thalis",4.7,39K+,1,0,₹300 for two
53855,Ceylon Bake House,https://www.swiggy.com/dapi/menu/pl?restaurantId=53855,kochi,Vyttila,"South Indian, Chinese, Biryani",4.5,36K+,1,0,₹500 for two
53826,Pandhal Cake Shop,https://www.swiggy.com/dapi/menu/pl?restaurantId=53826,kochi,K.K Road Kadavantra,Bakery,4.7,2.4K+,1,0,₹250 for two
787733,Street Foods By Punjab Grill,https://www.swiggy.com/dapi/menu/pl?restaurantId=787733,kochi,Aerocity,"Kebabs, Biryani, Mughlai, North Indian, Snacks, Thali, Street Food, rolls",4.3,1.3K+,1,0,₹400 for two
381952,Gourmet Ice Cream Cakes by Baskin Robbins,https://www.swiggy.com/dapi/menu/pl?restaurantId=381952,kochi,Kaloor,"Ice Cream Cakes, Desserts, Ice Cream, Bakery",4.9,216,1,0,₹250 for two
748059,Taco Bell,https://www.swiggy.com/dapi/menu/pl?restaurantId=748059,kochi,Thripunnithura,"Mexican, Fast Food, Snacks",4.4,1.4K+,1,0,₹300 for two
610555,Starbucks Coffee,https://www.swiggy.com/dapi/menu/pl?restaurantId=610555,kochi,Vennala,"Beverages, Cafe, Snacks, Desserts, Bakery, Ice Cream",4.5,955,1,0,₹400 for two
379730,Grameen Kulfi,https://www.swiggy.com/dapi/menu/pl?restaurantId=379730,kochi,Parambithara road and K C Joseph Road,"Ice Cream, Desserts",4.7,1.0K+,1,0,₹120 for two
57445,Subway,https://www.swiggy.com/dapi/menu/pl?restaurantId=57445,kochi,Elamkulam,"sandwich, Salads, wrap, Healthy Food",4.5,15K+,1,0,₹350 for two
54041,Cold Stone Creamery,https://www.swiggy.com/dapi/menu/pl?restaurantId=54041,kochi,Panampilly Nagar,"Ice Cream, Desserts, Beverages",4.6,7.1K+,1,0,₹200 for two
395294,McDonald's Gourmet Burger Collection,https://www.swiggy.com/dapi/menu/pl?restaurantId=395294,kochi,Elamkulam,"Burgers, Beverages, Cafe, Desserts",4.4,478,1,0,₹600 for two
418491,Pizza Hut,https://www.swiggy.com/dapi/menu/pl?restaurantId=418491,kochi,Vyttila,Pizzas,4.5,3.4K+,1,0,₹350 for two
954965,swamys coffee house,https://www.swiggy.com/dapi/menu/pl?restaurantId=954965,kochi,Thrippunithura,"Kerala, South Indian",4.6,7.8K+,1,0,₹150 for two
898284,KFC,https://www.swiggy.com/dapi/menu/pl?restaurantId=898284,kochi,Edapally,"Burgers, Fast Food, Rolls & Wraps",4.4,3.8K+,1,0,₹400 for two
57241,McDonald's,https://www.swiggy.com/dapi/menu/pl?restaurantId=57241,kochi,Vyttila,"Burgers, Beverages, Cafe, Desserts",4.5,25K+,1,0,₹400 for two
753881,Sukrutham Catering & Restaurant,https://www.swiggy.com/dapi/menu/pl?restaurantId=753881,kochi,Panampilly Nagar,"South Indian, Indian, Chaat, Beverages",4.6,7.1K+,1,0,₹500 for two
121419,Palaaram,https://www.swiggy.com/dapi/menu/pl?restaurantId=121419,kochi,Vyttila,"South Indian, Chinese, Arabian, Kerala",4.6,27K+,1,0,₹300 for two
1304170,Calicut Topform Restaurant,https://www.swiggy.com/dapi/menu/pl?restaurantId=1304170,kochi,Vyttila,"Chinese, Biryani, South Indian, Arabian, North Indian",4.4,300,1,0,₹249 for two
53370,Just Tiffins,https://www.swiggy.com/dapi/menu/pl?restaurantId=53370,kochi,Kakkanad,North Indian,4.7,31K+,1,0,₹250 for two
418491,Pizza Hut,https://www.swiggy.com/dapi/menu/pl?restaurantId=418491,kochi,Vyttila,Pizzas,4.5,3.4K+,1,0,₹350 for two
57241,McDonald's,https://www.swiggy.com/dapi/menu/pl?restaurantId=57241,kochi,Vyttila,"Burgers, Beverages, Cafe, Desserts",4.5,25K+,1,0,₹400 for two
729251,KFC,https://www.swiggy.com/dapi/menu/pl?restaurantId=729251,kochi,"Prestige Forum Mall, Bund RD","Burgers, Fast Food, Rolls & Wraps",4.5,1.7K+,1,0,₹400 for two
121419,Palaaram,https://www.swiggy.com/dapi/menu/pl?restaurantId=121419,kochi,Vyttila,"South Indian, Chinese, Arabian, Kerala",4.6,27K+,1,0,₹300 for two
380899,Paul's Creamery,https://www.swiggy.com/dapi/menu/pl?restaurantId=380899,kochi,Kadavanthra,"Desserts, Ice Cream",4.7,2.6K+,1,0,₹200 for two
704921,Chinese Wok,https://www.swiggy.com/dapi/menu/pl?restaurantId=704921,kochi,M G Road,"Chinese, Asian, Tibetan, Desserts",4.3,3.2K+,1,0,₹250 for two
807200,The Burgery In,https://www.swiggy.com/dapi/menu/pl?restaurantId=807200,kochi,Vyttila,"Burgers, Pizzas, Beverages",4.6,1.3K+,1,0,₹499 for two
754367,Burger King,https://www.swiggy.com/dapi/menu/pl?restaurantId=754367,kochi,Thripunithura,"Burgers, American",4.6,3.9K+,1,0,₹350 for two
55090,Burger Spot,https://www.swiggy.com/dapi/menu/pl?restaurantId=55090,kochi,Panampilly Nagar,"Burgers, sandwich, Continental, Beverages, Juices",4.7,2.6K+,1,0,₹300 for two
54167,Gokul Oottupura,https://www.swiggy.com/dapi/menu/pl?restaurantId=54167,kochi,Kadavanthra,"South Indian, North Indian, Snacks, Thalis",4.7,39K+,1,0,₹300 for two
53855,Ceylon Bake House,https://www.swiggy.com/dapi/menu/pl?restaurantId=53855,kochi,Vyttila,"South Indian, Chinese, Biryani",4.5,36K+,1,0,₹500 for two
53826,Pandhal Cake Shop,https://www.swiggy.com/dapi/menu/pl?restaurantId=53826,kochi,K.K Road Kadavantra,Bakery,4.7,2.4K+,1,0,₹250 for two
787733,Street Foods By Punjab Grill,https://www.swiggy.com/dapi/menu/pl?restaurantId=787733,kochi,Aerocity,"Kebabs, Biryani, Mughlai, North Indian, Snacks, Thali, Street Food, rolls",4.3,1.3K+,1,0,₹400 for two
381952,Gourmet Ice Cream Cakes by Baskin Robbins,https://www.swiggy.com/dapi/menu/pl?restaurantId=381952,kochi,Kaloor,"Ice Cream Cakes, Desserts, Ice Cream, Bakery",4.9,216,1,0,₹250 for two
748059,Taco Bell,https://www.swiggy.com/dapi/menu/pl?restaurantId=748059,kochi,Thripunnithura,"Mexican, Fast Food, Snacks",4.4,1.4K+,1,0,₹300 for two
610555,Starbucks Coffee,https://www.swiggy.com/dapi/menu/pl?restaurantId=610555,kochi,Vennala,"Beverages, Cafe, Snacks, Desserts, Bakery, Ice Cream",4.5,955,1,0,₹400 for two
379730,Grameen Kulfi,https://www.swiggy.com/dapi/menu/pl?restaurantId=379730,kochi,Parambithara road and K C Joseph Road,"Ice Cream, Desserts",4.7,1.0K+,1,0,₹120 for two
57445,Subway,https://www.swiggy.com/dapi/menu/pl?restaurantId=57445,kochi,Elamkulam,"sandwich, Salads, wrap, Healthy Food",4.5,15K+,1,0,₹350 for two
54041,Cold Stone Creamery,https://www.swiggy.com/dapi/menu/pl?restaurantId=54041,kochi,Panampilly Nagar,"Ice Cream, Desserts, Beverages",4.6,7.1K+,1,0,₹200 for two
395294,McDonald's Gourmet Burger Collection,https://www.swiggy.com/dapi/menu/pl?restaurantId=395294,kochi,Elamkulam,"Burgers, Beverages, Cafe, Desserts",4.4,478,1,0,₹600 for two
418491,Pizza Hut,https://www.swiggy.com/dapi/menu/pl?restaurantId=418491,kochi,Vyttila,Pizzas,4.5,3.4K+,1,0,₹350 for two
954965,swamys coffee house,https://www.swiggy.com/dapi/menu/pl?restaurantId=954965,kochi,Thrippunithura,"Kerala, South Indian",4.6,7.8K+,1,0,₹150 for two
898284,KFC,https://www.swiggy.com/dapi/menu/pl?restaurantId=898284,kochi,Edapally,"Burgers, Fast Food, Rolls & Wraps",4.4,3.8K+,1,0,₹400 for two
57241,McDonald's,https://www.swiggy.com/dapi/menu/pl?restaurantId=57241,kochi,Vyttila,"Burgers, Beverages, Cafe, Desserts",4.5,25K+,1,0,₹400 for two
753881,Sukrutham Catering & Restaurant,https://www.swiggy.com/dapi/menu/pl?restaurantId=753881,kochi,Panampilly Nagar,"South Indian, Indian, Chaat, Beverages",4.6,7.1K+,1,0,₹500 for two
121419,Palaaram,https://www.swiggy.com/dapi/menu/pl?restaurantId=121419,kochi,Vyttila,"South Indian, Chinese, Arabian, Kerala",4.6,27K+,1,0,₹300 for two
1304170,Calicut Topform Restaurant,https://www.swiggy.com/dapi/menu/pl?restaurantId=1304170,kochi,Vyttila,"Chinese, Biryani, South Indian, Arabian, North Indian",4.4,300,1,0,₹249 for two
53370,Just Tiffins,https://www.swiggy.com/dapi/menu/pl?restaurantId=53370,kochi,Kakkanad,North Indian,4.7,31K+,1,0,₹250 for two
67378,Pizza Hut,https://www.swiggy.com/dapi/menu/pl?restaurantId=67378,kochi,MG Road,Pizzas,4.4,12K+,1,0,₹350 for two
121419,Palaaram,https://www.swiggy.com/dapi/menu/pl?restaurantId=121419,kochi,Vyttila,"South Indian, Chinese, Arabian, Kerala",4.6,27K+,1,0,₹300 for two
233804,KFC,https://www.swiggy.com/dapi/menu/pl?restaurantId=233804,kochi,Ravipuram,"Burgers, Fast Food, Rolls & Wraps",4.5,10K+,1,0,₹400 for two
380899,Paul's Creamery,https://www.swiggy.com/dapi/menu/pl?restaurantId=380899,kochi,Kadavanthra,"Desserts, Ice Cream",4.7,2.6K+,1,0,₹200 for two
410156,Starbucks Coffee,https://www.swiggy.com/dapi/menu/pl?restaurantId=410156,kochi,Panampilly Nagar,"Beverages, Cafe, Snacks, Desserts, Bakery, Ice Cream",4.5,1.5K+,1,0,₹400 for two
807200,The Burgery In,https://www.swiggy.com/dapi/menu/pl?restaurantId=807200,kochi,Vyttila,"Burgers, Pizzas, Beverages",4.6,1.3K+,1,0,₹499 for two
55090,Burger Spot,https://www.swiggy.com/dapi/menu/pl?restaurantId=55090,kochi,Panampilly Nagar,"Burgers, sandwich, Continental, Beverages, Juices",4.7,2.6K+,1,0,₹300 for two
54676,Gokul Oottupura,https://www.swiggy.com/dapi/menu/pl?restaurantId=54676,kochi,Pallimukku,"South Indian, North Indian, Snacks",4.7,16K+,1,0,₹200 for two
54749,Ceylon Bake House,https://www.swiggy.com/dapi/menu/pl?restaurantId=54749,kochi,M.G Road,"South Indian, Chinese, Biryani",4.6,34K+,1,0,₹300 for two
53826,Pandhal Cake Shop,https://www.swiggy.com/dapi/menu/pl?restaurantId=53826,kochi,K.K Road Kadavantra,Bakery,4.7,2.4K+,1,0,₹250 for two
379730,Grameen Kulfi,https://www.swiggy.com/dapi/menu/pl?restaurantId=379730,kochi,Parambithara road and K C Joseph Road,"Ice Cream, Desserts",4.7,1.0K+,1,0,₹120 for two
704921,Chinese Wok,https://www.swiggy.com/dapi/menu/pl?restaurantId=704921,kochi,M G Road,"Chinese, Asian, Tibetan, Desserts",4.3,3.2K+,1,0,₹250 for two
624595,Hoy Punjab,https://www.swiggy.com/dapi/menu/pl?restaurantId=624595,kochi,Kaloor,"North Indian, Tandoor, Biryani",4.4,1.3K+,1,0,₹550 for two
704923,The Momo Co.,https://www.swiggy.com/dapi/menu/pl?restaurantId=704923,kochi,M G Road,"Chinese, Asian, Tibetan, Desserts",3.9,211,1,0,₹250 for two
57240,McDonald's,https://www.swiggy.com/dapi/menu/pl?restaurantId=57240,kochi,MG Road,"Burgers, Beverages, Cafe, Desserts",4.5,26K+,1,0,₹400 for two
53355,Burger King,https://www.swiggy.com/dapi/menu/pl?restaurantId=53355,kochi,MG Road,"Burgers, American",4.6,35K+,1,0,₹350 for two
381952,Gourmet Ice Cream Cakes by Baskin Robbins,https://www.swiggy.com/dapi/menu/pl?restaurantId=381952,kochi,Kaloor,"Ice Cream Cakes, Desserts, Ice Cream, Bakery",4.9,216,1,0,₹250 for two
57032,Subway,https://www.swiggy.com/dapi/menu/pl?restaurantId=57032,kochi,MG Road,"sandwich, Salads, wrap, Healthy Food",4.6,4.5K+,1,0,₹350 for two
54041,Cold Stone Creamery,https://www.swiggy.com/dapi/menu/pl?restaurantId=54041,kochi,Panampilly Nagar,"Ice Cream, Desserts, Beverages",4.6,7.1K+,1,0,₹200 for two
222972,The Belgian Waffle Co.,https://www.swiggy.com/dapi/menu/pl?restaurantId=222972,kochi,Ravipuram,"Waffle, Desserts, Ice Cream, Beverages",4.8,3.3K+,1,0,₹200 for two
753881,Sukrutham Catering & Restaurant,https://www.swiggy.com/dapi/menu/pl?restaurantId=753881,kochi,Panampilly Nagar,"South Indian, Indian, Chaat, Beverages",4.6,7.1K+,1,0,₹500 for two
59482,Snoosh Ice Cream Palour,https://www.swiggy.com/dapi/menu/pl?restaurantId=59482,kochi,Elamkulam,Ice Cream,4.7,18K+,1,0,₹600 for two
60395,Caravan Ice Creams,https://www.swiggy.com/dapi/menu/pl?restaurantId=60395,kochi,Marine Drive,Ice Cream,4.7,5.0K+,1,0,₹300 for two
245427,Charcoal Shack,https://www.swiggy.com/dapi/menu/pl?restaurantId=245427,kochi,Kaloor,"Arabian, Chinese, South Indian",4.6,19K+,1,0,₹500 for two
53370,Just Tiffins,https://www.swiggy.com/dapi/menu/pl?restaurantId=53370,kochi,Kakkanad,North Indian,4.7,31K+,1,0,₹250 for two
346349,Paragon Salkara Xpress,https://www.swiggy.com/dapi/menu/pl?restaurantId=346349,kochi,Vyttila,"Kerala, Grill, Biryani, Chinese, Juices, Beverages",4.7,24K+,1,0,₹400 for two
954965,swamys coffee house,https://www.swiggy.com/dapi/menu/pl?restaurantId=954965,kochi,Thrippunithura,"Kerala, South Indian",4.6,7.8K+,1,0,₹150 for two
831935,I Deli Cafe,https://www.swiggy.com/dapi/menu/pl?restaurantId=831935,kochi,Kaloor,"South Indian, Beverages, Snacks",4.8,13K+,1,0,₹399 for two
67378,Pizza Hut,https://www.swiggy.com/dapi/menu/pl?restaurantId=67378,kochi,MG Road,Pizzas,4.4,12K+,1,0,₹350 for two
121419,Palaaram,https://www.swiggy.com/dapi/menu/pl?restaurantId=121419,kochi,Vyttila,"South Indian, Chinese, Arabian, Kerala",4.6,27K+,1,0,₹300 for two
233804,KFC,https://www.swiggy.com/dapi/menu/pl?restaurantId=233804,kochi,Ravipuram,"Burgers, Fast Food, Rolls & Wraps",4.5,10K+,1,0,₹400 for two
380899,Paul's Creamery,https://www.swiggy.com/dapi/menu/pl?restaurantId=380899,kochi,Kadavanthra,"Desserts, Ice Cream",4.7,2.6K+,1,0,₹200 for two
410156,Starbucks Coffee,https://www.swiggy.com/dapi/menu/pl?restaurantId=410156,kochi,Panampilly Nagar,"Beverages, Cafe, Snacks, Desserts, Bakery, Ice Cream",4.5,1.5K+,1,0,₹400 for two
807200,The Burgery In,https://www.swiggy.com/dapi/menu/pl?restaurantId=807200,kochi,Vyttila,"Burgers, Pizzas, Beverages",4.6,1.3K+,1,0,₹499 for two
55090,Burger Spot,https://www.swiggy.com/dapi/menu/pl?restaurantId=55090,kochi,Panampilly Nagar,"Burgers, sandwich, Continental, Beverages, Juices",4.7,2.6K+,1,0,₹300 for two
54676,Gokul Oottupura,https://www.swiggy.com/dapi/menu/pl?restaurantId=54676,kochi,Pallimukku,"South Indian, North Indian, Snacks",4.7,16K+,1,0,₹200 for two
54749,Ceylon Bake House,https://www.swiggy.com/dapi/menu/pl?restaurantId=54749,kochi,M.G Road,"South Indian, Chinese, Biryani",4.6,34K+,1,0,₹300 for two
53826,Pandhal Cake Shop,https://www.swiggy.com/dapi/menu/pl?restaurantId=53826,kochi,K.K Road Kadavantra,Bakery,4.7,2.4K+,1,0,₹250 for two
379730,Grameen Kulfi,https://www.swiggy.com/dapi/menu/pl?restaurantId=379730,kochi,Parambithara road and K C Joseph Road,"Ice Cream, Desserts",4.7,1.0K+,1,0,₹120 for two
704921,Chinese Wok,https://www.swiggy.com/dapi/menu/pl?restaurantId=704921,kochi,M G Road,"Chinese, Asian, Tibetan, Desserts",4.3,3.2K+,1,0,₹250 for two
624595,Hoy Punjab,https://www.swiggy.com/dapi/menu/pl?restaurantId=624595,kochi,Kaloor,"North Indian, Tandoor, Biryani",4.4,1.3K+,1,0,₹550 for two
704923,The Momo Co.,https://www.swiggy.com/dapi/menu/pl?restaurantId=704923,kochi,M G Road,"Chinese, Asian, Tibetan, Desserts",3.9,211,1,0,₹250 for two
57240,McDonald's,https://www.swiggy.com/dapi/menu/pl?restaurantId=57240,kochi,MG Road,"Burgers, Beverages, Cafe, Desserts",4.5,26K+,1,0,₹400 for two
53355,Burger King,https://www.swiggy.com/dapi/menu/pl?restaurantId=53355,kochi,MG Road,"Burgers, American",4.6,35K+,1,0,₹350 for two
381952,Gourmet Ice Cream Cakes by Baskin Robbins,https://www.swiggy.com/dapi/menu/pl?restaurantId=381952,kochi,Kaloor,"Ice Cream Cakes, Desserts, Ice Cream, Bakery",4.9,216,1,0,₹250 for two
57032,Subway,https://www.swiggy.com/dapi/menu/pl?restaurantId=57032,kochi,MG Road,"sandwich, Salads, wrap, Healthy Food",4.6,4.5K+,1,0,₹350 for two
54041,Cold Stone Creamery,https://www.swiggy.com/dapi/menu/pl?restaurantId=54041,kochi,Panampilly Nagar,"Ice Cream, Desserts, Beverages",4.6,7.1K+,1,0,₹200 for two
222972,The Belgian Waffle Co.,https://www.swiggy.com/dapi/menu/pl?restaurantId=222972,kochi,Ravipuram,"Waffle, Desserts, Ice Cream, Beverages",4.8,3.3K+,1,0,₹200 for two
753881,Sukrutham Catering & Restaurant,https://www.swiggy.com/dapi/menu/pl?restaurantId=753881,kochi,Panampilly Nagar,"South Indian, Indian, Chaat, Beverages",4.6,7.1K+,1,0,₹500 for two
59482,Snoosh Ice Cream Palour,https://www.swiggy.com/dapi/menu/pl?restaurantId=59482,kochi,Elamkulam,Ice Cream,4.7,18K+,1,0,₹600 for two
60395,Caravan Ice Creams,https://www.swiggy.com/dapi/menu/pl?restaurantId=60395,kochi,Marine Drive,Ice Cream,4.7,5.0K+,1,0,₹300 for two
245427,Charcoal Shack,https://www.swiggy.com/dapi/menu/pl?restaurantId=245427,kochi,Kaloor,"Arabian, Chinese, South Indian",4.6,19K+,1,0,₹500 for two
53370,Just Tiffins,https://www.swiggy.com/dapi/menu/pl?restaurantId=53370,kochi,Kakkanad,North Indian,4.7,31K+,1,0,₹250 for two
346349,Paragon Salkara Xpress,https://www.swiggy.com/dapi/menu/pl?restaurantId=346349,kochi,Vyttila,"Kerala, Grill, Biryani, Chinese, Juices, Beverages",4.7,24K+,1,0,₹400 for two
954965,swamys coffee house,https://www.swiggy.com/dapi/menu/pl?restaurantId=954965,kochi,Thrippunithura,"Kerala, South Indian",4.6,7.8K+,1,0,₹150 for two
831935,I Deli Cafe,https://www.swiggy.com/dapi/menu/pl?restaurantId=831935,kochi,Kaloor,"South Indian, Beverages, Snacks",4.8,13K+,1,0,₹399 for two
72667,Pizza Hut,https://www.swiggy.com/dapi/menu/pl?restaurantId=72667,kochi,Aluva,Pizzas,4.5,11K+,1,0,₹350 for two
229326,McDonald's,https://www.swiggy.com/dapi/menu/pl?restaurantId=229326,kochi,Aluva,"Burgers, Beverages, Cafe, Desserts",4.5,12K+,1,0,₹400 for two
395367,McDonald's Gourmet Burger Collection,https://www.swiggy.com/dapi/menu/pl?restaurantId=395367,kochi,Aluva,"Burgers, Beverages, Cafe, Desserts",4.6,729,1,0,₹600 for two
245960,KFC,https://www.swiggy.com/dapi/menu/pl?restaurantId=245960,kochi,Aluva,"Burgers, Fast Food, Rolls & Wraps",4.3,11K+,1,0,₹400 for two
64499,Surya Restaurant,https://www.swiggy.com/dapi/menu/pl?restaurantId=64499,kochi,Aluva,"South Indian, Arabian, Chinese",4.7,17K+,1,0,₹300 for two
65616,Pandhal Cake Shop,https://www.swiggy.com/dapi/menu/pl?restaurantId=65616,kochi,Aluva,Bakery,4.6,3.0K+,1,0,₹250 for two
65467,Chicking,https://www.swiggy.com/dapi/menu/pl?restaurantId=65467,kochi,Aluva,"Snacks, Grill, Fast Food, American, Pizzas, Mexican, Beverages",4.3,14K+,1,0,₹300 for two
497676,"Frozen Bottle - Milkshakes, Desserts And Ice Cream",https://www.swiggy.com/dapi/menu/pl?restaurantId=497676,kochi,Ernakulam,"Beverages, Ice Cream, Desserts",4.3,1.1K+,1,0,₹250 for two
52083,Palaaram,https://www.swiggy.com/dapi/menu/pl?restaurantId=52083,kochi,Kakkanad,"Kerala, Biryani, Arabian, Chinese",4.5,39K+,1,0,₹400 for two
494560,"Faasos - Wraps, Rolls & Shawarma",https://www.swiggy.com/dapi/menu/pl?restaurantId=494560,kochi,Edappally,"Kebabs, Fast Food, Snacks, American, Healthy Food, Desserts, Beverages",4.3,3.4K+,1,0,₹200 for two
62508,Burger Spot,https://www.swiggy.com/dapi/menu/pl?restaurantId=62508,kochi,Kalamassery,"Burgers, sandwich, Continental, Beverages, Juices",4.6,6.5K+,1,0,₹300 for two
566534,Faasos' Signature Wraps & Rolls,https://www.swiggy.com/dapi/menu/pl?restaurantId=566534,kochi,Edappally,"Fast Food, Snacks, North Indian, Desserts, Beverages",4.2,377,1,0,₹350 for two
575273,Veg Darbar by Behrouz Biryani,https://www.swiggy.com/dapi/menu/pl?restaurantId=575273,kochi,Edappally,"Biryani, North Indian, Kebabs, Mughlai, Lucknowi, Hyderabadi, Desserts, Beverages",3.9,149,1,0,₹700 for two
801481,Makhani Darbar,https://www.swiggy.com/dapi/menu/pl?restaurantId=801481,kochi,Puthupalli,"Kebabs, Mughlai, Beverages, Desserts",4.2,197,1,0,₹500 for two
359813,Grameen Kulfi,https://www.swiggy.com/dapi/menu/pl?restaurantId=359813,kochi,Kakkanad,"Ice Cream, Desserts",4.8,1.1K+,1,0,₹120 for two
494567,Veg Meals By LunchBox,https://www.swiggy.com/dapi/menu/pl?restaurantId=494567,kochi,Edappally,"Biryani, North Indian, Desserts, Beverages",4.4,495,1,0,₹200 for two
315519,Amma's Pastries,https://www.swiggy.com/dapi/menu/pl?restaurantId=315519,kochi,Kakkanad,"Desserts, Bakery",4.4,1.7K+,1,0,₹500 for two
546759,Gourmet Ice Cream Cakes by Baskin Robbins,https://www.swiggy.com/dapi/menu/pl?restaurantId=546759,kochi,Kakkanad,"Ice Cream Cakes, Desserts, Ice Cream, Bakery",4.9,74,1,0,₹200 for two
494564,LunchBox - Meals and Thalis,https://www.swiggy.com/dapi/menu/pl?restaurantId=494564,kochi,Edappally,"Thalis, North Indian, Biryani",4.4,4.0K+,1,0,₹200 for two
52870,Al Sheba KuzhiMandhi,https://www.swiggy.com/dapi/menu/pl?restaurantId=52870,kochi,Kakkanad,"Arabian, Beverages",4.5,15K+,1,0,₹250 for two
72667,Pizza Hut,https://www.swiggy.com/dapi/menu/pl?restaurantId=72667,kochi,Aluva,Pizzas,4.5,11K+,1,0,₹350 for two
287978,Salkara By Paragon,https://www.swiggy.com/dapi/menu/pl?restaurantId=287978,kochi,Angamaly,"South Indian, Kerala",4.6,14K+,1,0,₹350 for two
546945,Thaal Kitchen,https://www.swiggy.com/dapi/menu/pl?restaurantId=546945,kochi,Aluva,"Kerala, South Indian, Ice Cream",4.4,13K+,1,0,₹250 for two
995095,Lets Eat Bakers,https://www.swiggy.com/dapi/menu/pl?restaurantId=995095,kochi,Aluva,"Bakery, Arabian, Beverages, Sweets, Snacks",4.7,68,1,0,₹250 for two
923685,Dil Se Chaats,https://www.swiggy.com/dapi/menu/pl?restaurantId=923685,kochi,Angamaly,"Chaat, Beverages, Snacks",4.6,346,1,0,₹250 for two
121761,Hotel Sree Aryaas,https://www.swiggy.com/dapi/menu/pl?restaurantId=121761,kochi,"HMT Junction, Kalamassery","South Indian, Chinese, Indian, Beverages, North Indian, Tea",4.5,26K+,1,0,₹200 for two
64485,Zaina Restaurant ,https://www.swiggy.com/dapi/menu/pl?restaurantId=64485,kochi,Aluva,Bakery,4.4,19K+,1,0,₹300 for two
83705,Banglore Juicy And Foods,https://www.swiggy.com/dapi/menu/pl?restaurantId=83705,kochi,Aluva,Beverages,4.6,7.6K+,1,0,₹150 for two
72667,Pizza Hut,https://www.swiggy.com/dapi/menu/pl?restaurantId=72667,kochi,Aluva,Pizzas,4.5,11K+,1,0,₹350 for two
229326,McDonald's,https://www.swiggy.com/dapi/menu/pl?restaurantId=229326,kochi,Aluva,"Burgers, Beverages, Cafe, Desserts",4.5,12K+,1,0,₹400 for two
395367,McDonald's Gourmet Burger Collection,https://www.swiggy.com/dapi/menu/pl?restaurantId=395367,kochi,Aluva,"Burgers, Beverages, Cafe, Desserts",4.6,729,1,0,₹600 for two
245960,KFC,https://www.swiggy.com/dapi/menu/pl?restaurantId=245960,kochi,Aluva,"Burgers, Fast Food, Rolls & Wraps",4.3,11K+,1,0,₹400 for two
64499,Surya Restaurant,https://www.swiggy.com/dapi/menu/pl?restaurantId=64499,kochi,Aluva,"South Indian, Arabian, Chinese",4.7,17K+,1,0,₹300 for two
65616,Pandhal Cake Shop,https://www.swiggy.com/dapi/menu/pl?restaurantId=65616,kochi,Aluva,Bakery,4.6,3.0K+,1,0,₹250 for two
65467,Chicking,https://www.swiggy.com/dapi/menu/pl?restaurantId=65467,kochi,Aluva,"Snacks, Grill, Fast Food, American, Pizzas, Mexican, Beverages",4.3,14K+,1,0,₹300 for two
497676,"Frozen Bottle - Milkshakes, Desserts And Ice Cream",https://www.swiggy.com/dapi/menu/pl?restaurantId=497676,kochi,Ernakulam,"Beverages, Ice Cream, Desserts",4.3,1.1K+,1,0,₹250 for two
52083,Palaaram,https://www.swiggy.com/dapi/menu/pl?restaurantId=52083,kochi,Kakkanad,"Kerala, Biryani, Arabian, Chinese",4.5,39K+,1,0,₹400 for two
494560,"Faasos - Wraps, Rolls & Shawarma",https://www.swiggy.com/dapi/menu/pl?restaurantId=494560,kochi,Edappally,"Kebabs, Fast Food, Snacks, American, Healthy Food, Desserts, Beverages",4.3,3.4K+,1,0,₹200 for two
62508,Burger Spot,https://www.swiggy.com/dapi/menu/pl?restaurantId=62508,kochi,Kalamassery,"Burgers, sandwich, Continental, Beverages, Juices",4.6,6.5K+,1,0,₹300 for two
566534,Faasos' Signature Wraps & Rolls,https://www.swiggy.com/dapi/menu/pl?restaurantId=566534,kochi,Edappally,"Fast Food, Snacks, North Indian, Desserts, Beverages",4.2,377,1,0,₹350 for two
575273,Veg Darbar by Behrouz Biryani,https://www.swiggy.com/dapi/menu/pl?restaurantId=575273,kochi,Edappally,"Biryani, North Indian, Kebabs, Mughlai, Lucknowi, Hyderabadi, Desserts, Beverages",3.9,149,1,0,₹700 for two
801481,Makhani Darbar,https://www.swiggy.com/dapi/menu/pl?restaurantId=801481,kochi,Puthupalli,"Kebabs, Mughlai, Beverages, Desserts",4.2,197,1,0,₹500 for two
359813,Grameen Kulfi,https://www.swiggy.com/dapi/menu/pl?restaurantId=359813,kochi,Kakkanad,"Ice Cream, Desserts",4.8,1.1K+,1,0,₹120 for two
494567,Veg Meals By LunchBox,https://www.swiggy.com/dapi/menu/pl?restaurantId=494567,kochi,Edappally,"Biryani, North Indian, Desserts, Beverages",4.4,495,1,0,₹200 for two
315519,Amma's Pastries,https://www.swiggy.com/dapi/menu/pl?restaurantId=315519,kochi,Kakkanad,"Desserts, Bakery",4.4,1.7K+,1,0,₹500 for two
546759,Gourmet Ice Cream Cakes by Baskin Robbins,https://www.swiggy.com/dapi/menu/pl?restaurantId=546759,kochi,Kakkanad,"Ice Cream Cakes, Desserts, Ice Cream, Bakery",4.9,74,1,0,₹200 for two
494564,LunchBox - Meals and Thalis,https://www.swiggy.com/dapi/menu/pl?restaurantId=494564,kochi,Edappally,"Thalis, North Indian, Biryani",4.4,4.0K+,1,0,₹200 for two
52870,Al Sheba KuzhiMandhi,https://www.swiggy.com/dapi/menu/pl?restaurantId=52870,kochi,Kakkanad,"Arabian, Beverages",4.5,15K+,1,0,₹250 for two
72667,Pizza Hut,https://www.swiggy.com/dapi/menu/pl?restaurantId=72667,kochi,Aluva,Pizzas,4.5,11K+,1,0,₹350 for two
287978,Salkara By Paragon,https://www.swiggy.com/dapi/menu/pl?restaurantId=287978,kochi,Angamaly,"South Indian, Kerala",4.6,14K+,1,0,₹350 for two
546945,Thaal Kitchen,https://www.swiggy.com/dapi/menu/pl?restaurantId=546945,kochi,Aluva,"Kerala, South Indian, Ice Cream",4.4,13K+,1,0,₹250 for two
995095,Lets Eat Bakers,https://www.swiggy.com/dapi/menu/pl?restaurantId=995095,kochi,Aluva,"Bakery, Arabian, Beverages, Sweets, Snacks",4.7,68,1,0,₹250 for two
923685,Dil Se Chaats,https://www.swiggy.com/dapi/menu/pl?restaurantId=923685,kochi,Angamaly,"Chaat, Beverages, Snacks",4.6,346,1,0,₹250 for two
121761,Hotel Sree Aryaas,https://www.swiggy.com/dapi/menu/pl?restaurantId=121761,kochi,"HMT Junction, Kalamassery","South Indian, Chinese, Indian, Beverages, North Indian, Tea",4.5,26K+,1,0,₹200 for two
64485,Zaina Restaurant ,https://www.swiggy.com/dapi/menu/pl?restaurantId=64485,kochi,Aluva,Bakery,4.4,19K+,1,0,₹300 for two
83705,Banglore Juicy And Foods,https://www.swiggy.com/dapi/menu/pl?restaurantId=83705,kochi,Aluva,Beverages,4.6,7.6K+,1,0,₹150 for two
72667,Pizza Hut,https://www.swiggy.com/dapi/menu/pl?restaurantId=72667,kochi,Aluva,Pizzas,4.5,11K+,1,0,₹350 for two
245960,KFC,https://www.swiggy.com/dapi/menu/pl?restaurantId=245960,kochi,Aluva,"Burgers, Fast Food, Rolls & Wraps",4.3,11K+,1,0,₹400 for two
65616,Pandhal Cake Shop,https://www.swiggy.com/dapi/menu/pl?restaurantId=65616,kochi,Aluva,Bakery,4.6,3.0K+,1,0,₹250 for two
229326,McDonald's,https://www.swiggy.com/dapi/menu/pl?restaurantId=229326,kochi,Aluva,"Burgers, Beverages, Cafe, Desserts",4.5,12K+,1,0,₹400 for two
738118,Baskin Robbins - Ice Cream Desserts,https://www.swiggy.com/dapi/menu/pl?restaurantId=738118,kochi,PERUMBAVOOR,"Desserts, Ice Cream",4.2,150,1,0,₹250 for two
64499,Surya Restaurant,https://www.swiggy.com/dapi/menu/pl?restaurantId=64499,kochi,Aluva,"South Indian, Arabian, Chinese",4.7,17K+,1,0,₹300 for two
395367,McDonald's Gourmet Burger Collection,https://www.swiggy.com/dapi/menu/pl?restaurantId=395367,kochi,Aluva,"Burgers, Beverages, Cafe, Desserts",4.6,729,1,0,₹600 for two
738119,Gourmet Ice Cream Cakes by Baskin Robbins,https://www.swiggy.com/dapi/menu/pl?restaurantId=738119,kochi,PERUMBAVOOR,"Ice Cream Cakes, Desserts, Ice Cream, Bakery",4.9,9,1,0,₹200 for two
100923,Hotel Rukmini,https://www.swiggy.com/dapi/menu/pl?restaurantId=100923,kochi,Angamali,"Chinese, South Indian, North Indian",4.5,9.0K+,1,0,₹500 for two
65467,Chicking,https://www.swiggy.com/dapi/menu/pl?restaurantId=65467,kochi,Aluva,"Snacks, Grill, Fast Food, American, Pizzas, Mexican, Beverages",4.3,14K+,1,0,₹300 for two
497676,"Frozen Bottle - Milkshakes, Desserts And Ice Cream",https://www.swiggy.com/dapi/menu/pl?restaurantId=497676,kochi,Ernakulam,"Beverages, Ice Cream, Desserts",4.3,1.1K+,1,0,₹250 for two
738120,Baskin Robbins Happyness Shakes,https://www.swiggy.com/dapi/menu/pl?restaurantId=738120,kochi,PERUMBAVOOR,"Beverages, Desserts",,0,1,0,₹250 for two
304195,MoMo Cafe,https://www.swiggy.com/dapi/menu/pl?restaurantId=304195,kochi,Nedumbassery,"Indian, Continental",3.5,309,1,0,₹1000 for two
366950,Kaali Meeri,https://www.swiggy.com/dapi/menu/pl?restaurantId=366950,kochi,Aluva,"North Indian, North Eastern, Grill, Kashmiri",4.6,2.1K+,1,0,₹200 for two
392591,Lila's Kitchen,https://www.swiggy.com/dapi/menu/pl?restaurantId=392591,kochi,Nedumbassery,"Indian, Continental",4.2,84,1,0,₹1000 for two
72667,Pizza Hut,https://www.swiggy.com/dapi/menu/pl?restaurantId=72667,kochi,Aluva,Pizzas,4.5,11K+,1,0,₹350 for two
245960,KFC,https://www.swiggy.com/dapi/menu/pl?restaurantId=245960,kochi,Aluva,"Burgers, Fast Food, Rolls & Wraps",4.3,11K+,1,0,₹400 for two
287978,Salkara By Paragon,https://www.swiggy.com/dapi/menu/pl?restaurantId=287978,kochi,Angamaly,"South Indian, Kerala",4.6,14K+,1,0,₹350 for two
1193214,Al Ajmaan Restaurant,https://www.swiggy.com/dapi/menu/pl?restaurantId=1193214,kochi,Kalady,Arabian,4.2,692,1,0,₹450 for two
923685,Dil Se Chaats,https://www.swiggy.com/dapi/menu/pl?restaurantId=923685,kochi,Angamaly,"Chaat, Beverages, Snacks",4.6,346,1,0,₹250 for two
642742,Al Taza,https://www.swiggy.com/dapi/menu/pl?restaurantId=642742,kochi,Angamaly,"Arabian, Burgers, Beverages, Juices",4.6,2.5K+,1,0,₹349 for two
135020,Royal Sweets,https://www.swiggy.com/dapi/menu/pl?restaurantId=135020,kochi,Aluva,"Beverages, Bakery, Sweets, Ice Cream",4.6,4.7K+,1,0,₹150 for two
995095,Lets Eat Bakers,https://www.swiggy.com/dapi/menu/pl?restaurantId=995095,kochi,Aluva,"Bakery, Arabian, Beverages, Sweets, Snacks",4.7,68,1,0,₹250 for two
72667,Pizza Hut,https://www.swiggy.com/dapi/menu/pl?restaurantId=72667,kochi,Aluva,Pizzas,4.5,11K+,1,0,₹350 for two
245960,KFC,https://www.swiggy.com/dapi/menu/pl?restaurantId=245960,kochi,Aluva,"Burgers, Fast Food, Rolls & Wraps",4.3,11K+,1,0,₹400 for two
65616,Pandhal Cake Shop,https://www.swiggy.com/dapi/menu/pl?restaurantId=65616,kochi,Aluva,Bakery,4.6,3.0K+,1,0,₹250 for two
229326,McDonald's,https://www.swiggy.com/dapi/menu/pl?restaurantId=229326,kochi,Aluva,"Burgers, Beverages, Cafe, Desserts",4.5,12K+,1,0,₹400 for two
738118,Baskin Robbins - Ice Cream Desserts,https://www.swiggy.com/dapi/menu/pl?restaurantId=738118,kochi,PERUMBAVOOR,"Desserts, Ice Cream",4.2,150,1,0,₹250 for two
64499,Surya Restaurant,https://www.swiggy.com/dapi/menu/pl?restaurantId=64499,kochi,Aluva,"South Indian, Arabian, Chinese",4.7,17K+,1,0,₹300 for two
395367,McDonald's Gourmet Burger Collection,https://www.swiggy.com/dapi/menu/pl?restaurantId=395367,kochi,Aluva,"Burgers, Beverages, Cafe, Desserts",4.6,729,1,0,₹600 for two
738119,Gourmet Ice Cream Cakes by Baskin Robbins,https://www.swiggy.com/dapi/menu/pl?restaurantId=738119,kochi,PERUMBAVOOR,"Ice Cream Cakes, Desserts, Ice Cream, Bakery",4.9,9,1,0,₹200 for two
100923,Hotel Rukmini,https://www.swiggy.com/dapi/menu/pl?restaurantId=100923,kochi,Angamali,"Chinese, South Indian, North Indian",4.5,9.0K+,1,0,₹500 for two
65467,Chicking,https://www.swiggy.com/dapi/menu/pl?restaurantId=65467,kochi,Aluva,"Snacks, Grill, Fast Food, American, Pizzas, Mexican, Beverages",4.3,14K+,1,0,₹300 for two
497676,"Frozen Bottle - Milkshakes, Desserts And Ice Cream",https://www.swiggy.com/dapi/menu/pl?restaurantId=497676,kochi,Ernakulam,"Beverages, Ice Cream, Desserts",4.3,1.1K+,1,0,₹250 for two
738120,Baskin Robbins Happyness Shakes,https://www.swiggy.com/dapi/menu/pl?restaurantId=738120,kochi,PERUMBAVOOR,"Beverages, Desserts",,0,1,0,₹250 for two
304195,MoMo Cafe,https://www.swiggy.com/dapi/menu/pl?restaurantId=304195,kochi,Nedumbassery,"Indian, Continental",3.5,309,1,0,₹1000 for two
366950,Kaali Meeri,https://www.swiggy.com/dapi/menu/pl?restaurantId=366950,kochi,Aluva,"North Indian, North Eastern, Grill, Kashmiri",4.6,2.1K+,1,0,₹200 for two
392591,Lila's Kitchen,https://www.swiggy.com/dapi/menu/pl?restaurantId=392591,kochi,Nedumbassery,"Indian, Continental",4.2,84,1,0,₹1000 for two
72667,Pizza Hut,https://www.swiggy.com/dapi/menu/pl?restaurantId=72667,kochi,Aluva,Pizzas,4.5,11K+,1,0,₹350 for two
245960,KFC,https://www.swiggy.com/dapi/menu/pl?restaurantId=245960,kochi,Aluva,"Burgers, Fast Food, Rolls & Wraps",4.3,11K+,1,0,₹400 for two
287978,Salkara By Paragon,https://www.swiggy.com/dapi/menu/pl?restaurantId=287978,kochi,Angamaly,"South Indian, Kerala",4.6,14K+,1,0,₹350 for two
1193214,Al Ajmaan Restaurant,https://www.swiggy.com/dapi/menu/pl?restaurantId=1193214,kochi,Kalady,Arabian,4.2,692,1,0,₹450 for two
923685,Dil Se Chaats,https://www.swiggy.com/dapi/menu/pl?restaurantId=923685,kochi,Angamaly,"Chaat, Beverages, Snacks",4.6,346,1,0,₹250 for two
642742,Al Taza,https://www.swiggy.com/dapi/menu/pl?restaurantId=642742,kochi,Angamaly,"Arabian, Burgers, Beverages, Juices",4.6,2.5K+,1,0,₹349 for two
135020,Royal Sweets,https://www.swiggy.com/dapi/menu/pl?restaurantId=135020,kochi,Aluva,"Beverages, Bakery, Sweets, Ice Cream",4.6,4.7K+,1,0,₹150 for two
995095,Lets Eat Bakers,https://www.swiggy.com/dapi/menu/pl?restaurantId=995095,kochi,Aluva,"Bakery, Arabian, Beverages, Sweets, Snacks",4.7,68,1,0,₹250 for two
67378,Pizza Hut,https://www.swiggy.com/dapi/menu/pl?restaurantId=67378,kochi,MG Road,Pizzas,4.4,12K+,1,0,₹350 for two
233804,KFC,https://www.swiggy.com/dapi/menu/pl?restaurantId=233804,kochi,Ravipuram,"Burgers, Fast Food, Rolls & Wraps",4.5,10K+,1,0,₹400 for two
121419,Palaaram,https://www.swiggy.com/dapi/menu/pl?restaurantId=121419,kochi,Vyttila,"South Indian, Chinese, Arabian, Kerala",4.6,27K+,1,0,₹300 for two
380899,Paul's Creamery,https://www.swiggy.com/dapi/menu/pl?restaurantId=380899,kochi,Kadavanthra,"Desserts, Ice Cream",4.7,2.6K+,1,0,₹200 for two
55090,Burger Spot,https://www.swiggy.com/dapi/menu/pl?restaurantId=55090,kochi,Panampilly Nagar,"Burgers, sandwich, Continental, Beverages, Juices",4.7,2.6K+,1,0,₹300 for two
57240,McDonald's,https://www.swiggy.com/dapi/menu/pl?restaurantId=57240,kochi,MG Road,"Burgers, Beverages, Cafe, Desserts",4.5,26K+,1,0,₹400 for two
807200,The Burgery In,https://www.swiggy.com/dapi/menu/pl?restaurantId=807200,kochi,Vyttila,"Burgers, Pizzas, Beverages",4.6,1.3K+,1,0,₹499 for two
54676,Gokul Oottupura,https://www.swiggy.com/dapi/menu/pl?restaurantId=54676,kochi,Pallimukku,"South Indian, North Indian, Snacks",4.7,16K+,1,0,₹200 for two
379730,Grameen Kulfi,https://www.swiggy.com/dapi/menu/pl?restaurantId=379730,kochi,Parambithara road and K C Joseph Road,"Ice Cream, Desserts",4.7,1.0K+,1,0,₹120 for two
53827,Pandhal Cake Shop,https://www.swiggy.com/dapi/menu/pl?restaurantId=53827,kochi,Panampilly Nagar,Bakery,4.7,2.5K+,1,0,₹250 for two
799884,Gourmet Ice Cream Cakes by Baskin Robbins,https://www.swiggy.com/dapi/menu/pl?restaurantId=799884,kochi,KTDC SHOPPING COMPLEX,"Ice Cream Cakes, Desserts, Ice Cream, Bakery",4.9,5,1,0,₹200 for two
54041,Cold Stone Creamery,https://www.swiggy.com/dapi/menu/pl?restaurantId=54041,kochi,Panampilly Nagar,"Ice Cream, Desserts, Beverages",4.6,7.1K+,1,0,₹200 for two
384656,Costa Coffee,https://www.swiggy.com/dapi/menu/pl?restaurantId=384656,kochi,MG Road,"Beverages, Cafe, Bakery, Desserts, Snacks",4.6,308,1,0,₹450 for two
79481,Domino's Pizza,https://www.swiggy.com/dapi/menu/pl?restaurantId=79481,kochi,Ravipuram,"Pizzas, Italian, Pastas, Desserts",4.4,7.5K+,1,0,₹400 for two
54749,Ceylon Bake House,https://www.swiggy.com/dapi/menu/pl?restaurantId=54749,kochi,M.G Road,"South Indian, Chinese, Biryani",4.6,34K+,1,0,₹300 for two
704921,Chinese Wok,https://www.swiggy.com/dapi/menu/pl?restaurantId=704921,kochi,M G Road,"Chinese, Asian, Tibetan, Desserts",4.3,3.2K+,1,0,₹250 for two
410156,Starbucks Coffee,https://www.swiggy.com/dapi/menu/pl?restaurantId=410156,kochi,Panampilly Nagar,"Beverages, Cafe, Snacks, Desserts, Bakery, Ice Cream",4.5,1.5K+,1,0,₹400 for two
57032,Subway,https://www.swiggy.com/dapi/menu/pl?restaurantId=57032,kochi,MG Road,"sandwich, Salads, wrap, Healthy Food",4.6,4.5K+,1,0,₹350 for two
704923,The Momo Co.,https://www.swiggy.com/dapi/menu/pl?restaurantId=704923,kochi,M G Road,"Chinese, Asian, Tibetan, Desserts",3.9,211,1,0,₹250 for two
367962,La Pino'z Pizza,https://www.swiggy.com/dapi/menu/pl?restaurantId=367962,kochi,Elamkulam,"Pizzas, Pastas, Italian, Desserts, Beverages",4.4,13K+,1,0,₹300 for two
67378,Pizza Hut,https://www.swiggy.com/dapi/menu/pl?restaurantId=67378,kochi,MG Road,Pizzas,4.4,12K+,1,0,₹350 for two
346349,Paragon Salkara Xpress,https://www.swiggy.com/dapi/menu/pl?restaurantId=346349,kochi,Vyttila,"Kerala, Grill, Biryani, Chinese, Juices, Beverages",4.7,24K+,1,0,₹400 for two
233804,KFC,https://www.swiggy.com/dapi/menu/pl?restaurantId=233804,kochi,Ravipuram,"Burgers, Fast Food, Rolls & Wraps",4.5,10K+,1,0,₹400 for two
59482,Snoosh Ice Cream Palour,https://www.swiggy.com/dapi/menu/pl?restaurantId=59482,kochi,Elamkulam,Ice Cream,4.7,18K+,1,0,₹600 for two
1157867,Varavukada Live Chips And Bakery,https://www.swiggy.com/dapi/menu/pl?restaurantId=1157867,kochi,Amman Kovil Road,Healthy Food,4.8,207,1,0,₹250 for two
53821,Alibaba and 41 Dishes,https://www.swiggy.com/dapi/menu/pl?restaurantId=53821,kochi,Panampilly Nagar,"South Indian, Kerala, Chinese, Ice Cream",4.5,9.1K+,1,0,₹400 for two
753881,Sukrutham Catering & Restaurant,https://www.swiggy.com/dapi/menu/pl?restaurantId=753881,kochi,Panampilly Nagar,"South Indian, Indian, Chaat, Beverages",4.6,7.1K+,1,0,₹500 for two
381388,Immus Rooftop Restaurant,https://www.swiggy.com/dapi/menu/pl?restaurantId=381388,kochi,Mg Road,"Kerala, Biryani, South Indian, Juices",4.1,3.2K+,1,0,₹200 for two
67378,Pizza Hut,https://www.swiggy.com/dapi/menu/pl?restaurantId=67378,kochi,MG Road,Pizzas,4.4,12K+,1,0,₹350 for two
233804,KFC,https://www.swiggy.com/dapi/menu/pl?restaurantId=233804,kochi,Ravipuram,"Burgers, Fast Food, Rolls & Wraps",4.5,10K+,1,0,₹400 for two
121419,Palaaram,https://www.swiggy.com/dapi/menu/pl?restaurantId=121419,kochi,Vyttila,"South Indian, Chinese, Arabian, Kerala",4.6,27K+,1,0,₹300 for two
380899,Paul's Creamery,https://www.swiggy.com/dapi/menu/pl?restaurantId=380899,kochi,Kadavanthra,"Desserts, Ice Cream",4.7,2.6K+,1,0,₹200 for two
55090,Burger Spot,https://www.swiggy.com/dapi/menu/pl?restaurantId=55090,kochi,Panampilly Nagar,"Burgers, sandwich, Continental, Beverages, Juices",4.7,2.6K+,1,0,₹300 for two
57240,McDonald's,https://www.swiggy.com/dapi/menu/pl?restaurantId=57240,kochi,MG Road,"Burgers, Beverages, Cafe, Desserts",4.5,26K+,1,0,₹400 for two
807200,The Burgery In,https://www.swiggy.com/dapi/menu/pl?restaurantId=807200,kochi,Vyttila,"Burgers, Pizzas, Beverages",4.6,1.3K+,1,0,₹499 for two
54676,Gokul Oottupura,https://www.swiggy.com/dapi/menu/pl?restaurantId=54676,kochi,Pallimukku,"South Indian, North Indian, Snacks",4.7,16K+,1,0,₹200 for two
379730,Grameen Kulfi,https://www.swiggy.com/dapi/menu/pl?restaurantId=379730,kochi,Parambithara road and K C Joseph Road,"Ice Cream, Desserts",4.7,1.0K+,1,0,₹120 for two
53827,Pandhal Cake Shop,https://www.swiggy.com/dapi/menu/pl?restaurantId=53827,kochi,Panampilly Nagar,Bakery,4.7,2.5K+,1,0,₹250 for two
799884,Gourmet Ice Cream Cakes by Baskin Robbins,https://www.swiggy.com/dapi/menu/pl?restaurantId=799884,kochi,KTDC SHOPPING COMPLEX,"Ice Cream Cakes, Desserts, Ice Cream, Bakery",4.9,5,1,0,₹200 for two
54041,Cold Stone Creamery,https://www.swiggy.com/dapi/menu/pl?restaurantId=54041,kochi,Panampilly Nagar,"Ice Cream, Desserts, Beverages",4.6,7.1K+,1,0,₹200 for two
384656,Costa Coffee,https://www.swiggy.com/dapi/menu/pl?restaurantId=384656,kochi,MG Road,"Beverages, Cafe, Bakery, Desserts, Snacks",4.6,308,1,0,₹450 for two
79481,Domino's Pizza,https://www.swiggy.com/dapi/menu/pl?restaurantId=79481,kochi,Ravipuram,"Pizzas, Italian, Pastas, Desserts",4.4,7.5K+,1,0,₹400 for two
54749,Ceylon Bake House,https://www.swiggy.com/dapi/menu/pl?restaurantId=54749,kochi,M.G Road,"South Indian, Chinese, Biryani",4.6,34K+,1,0,₹300 for two
704921,Chinese Wok,https://www.swiggy.com/dapi/menu/pl?restaurantId=704921,kochi,M G Road,"Chinese, Asian, Tibetan, Desserts",4.3,3.2K+,1,0,₹250 for two
410156,Starbucks Coffee,https://www.swiggy.com/dapi/menu/pl?restaurantId=410156,kochi,Panampilly Nagar,"Beverages, Cafe, Snacks, Desserts, Bakery, Ice Cream",4.5,1.5K+,1,0,₹400 for two
57032,Subway,https://www.swiggy.com/dapi/menu/pl?restaurantId=57032,kochi,MG Road,"sandwich, Salads, wrap, Healthy Food",4.6,4.5K+,1,0,₹350 for two
704923,The Momo Co.,https://www.swiggy.com/dapi/menu/pl?restaurantId=704923,kochi,M G Road,"Chinese, Asian, Tibetan, Desserts",3.9,211,1,0,₹250 for two
367962,La Pino'z Pizza,https://www.swiggy.com/dapi/menu/pl?restaurantId=367962,kochi,Elamkulam,"Pizzas, Pastas, Italian, Desserts, Beverages",4.4,13K+,1,0,₹300 for two
67378,Pizza Hut,https://www.swiggy.com/dapi/menu/pl?restaurantId=67378,kochi,MG Road,Pizzas,4.4,12K+,1,0,₹350 for two
346349,Paragon Salkara Xpress,https://www.swiggy.com/dapi/menu/pl?restaurantId=346349,kochi,Vyttila,"Kerala, Grill, Biryani, Chinese, Juices, Beverages",4.7,24K+,1,0,₹400 for two
233804,KFC,https://www.swiggy.com/dapi/menu/pl?restaurantId=233804,kochi,Ravipuram,"Burgers, Fast Food, Rolls & Wraps",4.5,10K+,1,0,₹400 for two
59482,Snoosh Ice Cream Palour,https://www.swiggy.com/dapi/menu/pl?restaurantId=59482,kochi,Elamkulam,Ice Cream,4.7,18K+,1,0,₹600 for two
1157867,Varavukada Live Chips And Bakery,https://www.swiggy.com/dapi/menu/pl?restaurantId=1157867,kochi,Amman Kovil Road,Healthy Food,4.8,207,1,0,₹250 for two
53821,Alibaba and 41 Dishes,https://www.swiggy.com/dapi/menu/pl?restaurantId=53821,kochi,Panampilly Nagar,"South Indian, Kerala, Chinese, Ice Cream",4.5,9.1K+,1,0,₹400 for two
753881,Sukrutham Catering & Restaurant,https://www.swiggy.com/dapi/menu/pl?restaurantId=753881,kochi,Panampilly Nagar,"South Indian, Indian, Chaat, Beverages",4.6,7.1K+,1,0,₹500 for two
381388,Immus Rooftop Restaurant,https://www.swiggy.com/dapi/menu/pl?restaurantId=381388,kochi,Mg Road,"Kerala, Biryani, South Indian, Juices",4.1,3.2K+,1,0,₹200 for two
659232,Domino's Pizza,https://www.swiggy.com/dapi/menu/pl?restaurantId=659232,kolkata,Harish Mukherjee Road,"Pizzas, Italian, Pastas, Desserts",4.6,3.1K+,1,0,₹400 for two
946253,LeanCrust Pizza- ThinCrust Experts,https://www.swiggy.com/dapi/menu/pl?restaurantId=946253,kolkata,Chowringhee Mansions,"Pizzas, Italian, Desserts",4.3,459,1,0,₹300 for two
1155676,GharSe - Homestyle & Healthy Tiffins,https://www.swiggy.com/dapi/menu/pl?restaurantId=1155676,kolkata,Chowringhee Mansions,"Biryani, Thalis, Home Food",4.5,199,1,0,₹200 for two
1152123,Zulu's Pizza - Fresh Fanatics,https://www.swiggy.com/dapi/menu/pl?restaurantId=1152123,kolkata,Chowringhee Mansions,"Pizzas, Italian, Fast Food, Desserts, Beverages",4.6,215,1,0,₹200 for two
1201390,1881 Dum House: Lucknow's Legacy,https://www.swiggy.com/dapi/menu/pl?restaurantId=1201390,kolkata,Chowringhee Mansions,"North Indian, Biryani, Awadhi",4.4,219,1,0,₹200 for two
946251,BOOM - Sub Style Sandwiches,https://www.swiggy.com/dapi/menu/pl?restaurantId=946251,kolkata,Chowringhee,"Snacks, Indian, Desserts",4.5,104,1,0,₹250 for two
946255,Hola Pasta - Fresh Gourmet Pasta,https://www.swiggy.com/dapi/menu/pl?restaurantId=946255,kolkata,Chowringhee Mansions,"Pastas, Italian, Desserts, Beverages",4.2,85,1,0,₹250 for two
946246,Mealful Rolls - India's Biggest Rolls,https://www.swiggy.com/dapi/menu/pl?restaurantId=946246,kolkata,Chowringhee Mansions,"Fast Food, Snacks, Desserts",4.5,121,1,0,₹250 for two
659232,Domino's Pizza,https://www.swiggy.com/dapi/menu/pl?restaurantId=659232,kolkata,Harish Mukherjee Road,"Pizzas, Italian, Pastas, Desserts",4.6,3.1K+,1,0,₹400 for two
946253,LeanCrust Pizza- ThinCrust Experts,https://www.swiggy.com/dapi/menu/pl?restaurantId=946253,kolkata,Chowringhee Mansions,"Pizzas, Italian, Desserts",4.3,459,1,0,₹300 for two
1155676,GharSe - Homestyle & Healthy Tiffins,https://www.swiggy.com/dapi/menu/pl?restaurantId=1155676,kolkata,Chowringhee Mansions,"Biryani, Thalis, Home Food",4.5,199,1,0,₹200 for two
1152123,Zulu's Pizza - Fresh Fanatics,https://www.swiggy.com/dapi/menu/pl?restaurantId=1152123,kolkata,Chowringhee Mansions,"Pizzas, Italian, Fast Food, Desserts, Beverages",4.6,215,1,0,₹200 for two
1201390,1881 Dum House: Lucknow's Legacy,https://www.swiggy.com/dapi/menu/pl?restaurantId=1201390,kolkata,Chowringhee Mansions,"North Indian, Biryani, Awadhi",4.4,219,1,0,₹200 for two
946251,BOOM - Sub Style Sandwiches,https://www.swiggy.com/dapi/menu/pl?restaurantId=946251,kolkata,Chowringhee,"Snacks, Indian, Desserts",4.5,104,1,0,₹250 for two
946255,Hola Pasta - Fresh Gourmet Pasta,https://www.swiggy.com/dapi/menu/pl?restaurantId=946255,kolkata,Chowringhee Mansions,"Pastas, Italian, Desserts, Beverages",4.2,85,1,0,₹250 for two
946246,Mealful Rolls - India's Biggest Rolls,https://www.swiggy.com/dapi/menu/pl?restaurantId=946246,kolkata,Chowringhee Mansions,"Fast Food, Snacks, Desserts",4.5,121,1,0,₹250 for two
439738,Pizza Hut,https://www.swiggy.com/dapi/menu/pl?restaurantId=439738,kolkata,Lake Town,Pizzas,4.2,4.1K+,1,0,₹350 for two
772232,KFC,https://www.swiggy.com/dapi/menu/pl?restaurantId=772232,kolkata,Baguihati,"Burgers, Fast Food, Rolls & Wraps",4.4,5.3K+,1,0,₹400 for two
805284,Burger King,https://www.swiggy.com/dapi/menu/pl?restaurantId=805284,kolkata,Rajarhat,"Burgers, American",4.4,7.2K+,1,0,₹350 for two
772029,McDonald's,https://www.swiggy.com/dapi/menu/pl?restaurantId=772029,kolkata,Salt Lake,"American, Fast Food, Beverages",4.6,4.0K+,1,0,₹400 for two
184568,Wow! Momo,https://www.swiggy.com/dapi/menu/pl?restaurantId=184568,kolkata,Baguiati,"Momos, Chinese, fastfood, Asian, Beverages",4.4,13K+,1,0,₹300 for two
573520,La Pino'z Pizza,https://www.swiggy.com/dapi/menu/pl?restaurantId=573520,kolkata,Lake Town,"Pizzas, Pastas, Italian, Desserts, Beverages",4.1,9.9K+,1,0,₹300 for two
14137,Subway,https://www.swiggy.com/dapi/menu/pl?restaurantId=14137,kolkata,Bidhannagar,"sandwich, Salads, wrap, Healthy Food",4.5,24K+,1,0,₹350 for two
757331,LeanCrust Pizza- ThinCrust Experts,https://www.swiggy.com/dapi/menu/pl?restaurantId=757331,kolkata,KESTOPUR,"Pizzas, Italian, Desserts",4.7,1.3K+,1,0,₹300 for two
837924,The Pizza Project by Oven Story,https://www.swiggy.com/dapi/menu/pl?restaurantId=837924,kolkata,Rajarhat,"Pizzas, Italian, Desserts, Beverages",4.2,162,1,0,₹400 for two
575101,Veg Darbar by Behrouz Biryani,https://www.swiggy.com/dapi/menu/pl?restaurantId=575101,kolkata,Rajarhat,"Biryani, North Indian, Kebabs, Mughlai, Beverages, Desserts",4,197,1,0,₹700 for two
263784,Veg Meals By LunchBox,https://www.swiggy.com/dapi/menu/pl?restaurantId=263784,kolkata,Rajarhat,"Biryani, North Indian, Desserts, Beverages",4.3,981,1,0,₹200 for two
801339,Makhani Darbar,https://www.swiggy.com/dapi/menu/pl?restaurantId=801339,kolkata,P S newtown,"Biryani, North Indian, Kebabs, Mughlai, Beverages, Desserts",3.8,170,1,0,₹500 for two
566335,Faasos' Signature Wraps & Rolls,https://www.swiggy.com/dapi/menu/pl?restaurantId=566335,kolkata,Rajarhat,"Fast Food, Snacks, North Indian, Desserts, Beverages",4.4,578,1,0,₹350 for two
841021,Cheesecakes By CakeZone,https://www.swiggy.com/dapi/menu/pl?restaurantId=841021,kolkata,NEWTOWN,"Desserts, Bakery",4.3,73,1,0,₹200 for two
90836,Hindusthan Sweets,https://www.swiggy.com/dapi/menu/pl?restaurantId=90836,kolkata,New Town,"Sweets, Desserts, Snacks, Bakery",4.5,7.3K+,1,0,₹200 for two
288396,Starbucks Coffee,https://www.swiggy.com/dapi/menu/pl?restaurantId=288396,kolkata,New Town,"Beverages, Cafe, Snacks, Desserts, Bakery, Ice Cream",4.6,3.3K+,1,0,₹400 for two
841019,"The Dessert Heaven - Pastry, Brownie and Cakes",https://www.swiggy.com/dapi/menu/pl?restaurantId=841019,kolkata,NEWTOWN,"Bakery, Desserts, Sweets, Ice Cream",4.5,551,1,0,₹200 for two
841022,Ovenfresh Cakes and Desserts,https://www.swiggy.com/dapi/menu/pl?restaurantId=841022,kolkata,NEWTOWN,"Bakery, Desserts, Beverages, Ice Cream, Sweets, Juices, Bengali, Pizzas",4.5,567,1,0,₹200 for two
757326,"Bhatti Chicken - Grilled, NOT Fried!",https://www.swiggy.com/dapi/menu/pl?restaurantId=757326,kolkata,KESTOPUR,"North Indian, Snacks, Fast Food, Tandoor",4.7,270,1,0,₹250 for two
757323,Mealful Rolls - India's Biggest Rolls,https://www.swiggy.com/dapi/menu/pl?restaurantId=757323,kolkata,KESTOPUR,"Fast Food, Snacks, North Indian, Desserts",4.6,302,1,0,₹250 for two
439738,Pizza Hut,https://www.swiggy.com/dapi/menu/pl?restaurantId=439738,kolkata,Lake Town,Pizzas,4.2,4.1K+,1,0,₹350 for two
1010451,Burger King,https://www.swiggy.com/dapi/menu/pl?restaurantId=1010451,kolkata,Chinar Park,"Burgers, American",4.4,4.7K+,1,0,₹350 for two
772232,KFC,https://www.swiggy.com/dapi/menu/pl?restaurantId=772232,kolkata,Baguihati,"Burgers, Fast Food, Rolls & Wraps",4.4,5.3K+,1,0,₹400 for two
772029,McDonald's,https://www.swiggy.com/dapi/menu/pl?restaurantId=772029,kolkata,Salt Lake,"American, Fast Food, Beverages",4.6,4.0K+,1,0,₹400 for two
24746,Gupta's Veg,https://www.swiggy.com/dapi/menu/pl?restaurantId=24746,kolkata,Prafulla Kanan,Chinese,4.5,29K+,1,0,₹200 for two
647353,Neu Nasta,https://www.swiggy.com/dapi/menu/pl?restaurantId=647353,kolkata,Chinar Park,Snacks,4.5,7.4K+,1,0,₹200 for two
184568,Wow! Momo,https://www.swiggy.com/dapi/menu/pl?restaurantId=184568,kolkata,Baguiati,"Momos, Chinese, fastfood, Asian, Beverages",4.4,13K+,1,0,₹300 for two
1010721,Subway,https://www.swiggy.com/dapi/menu/pl?restaurantId=1010721,kolkata,Chinar Park,"sandwich, Salads, wrap, Healthy Food",4.4,1.9K+,1,0,₹350 for two
439738,Pizza Hut,https://www.swiggy.com/dapi/menu/pl?restaurantId=439738,kolkata,Lake Town,Pizzas,4.2,4.1K+,1,0,₹350 for two
772232,KFC,https://www.swiggy.com/dapi/menu/pl?restaurantId=772232,kolkata,Baguihati,"Burgers, Fast Food, Rolls & Wraps",4.4,5.3K+,1,0,₹400 for two
805284,Burger King,https://www.swiggy.com/dapi/menu/pl?restaurantId=805284,kolkata,Rajarhat,"Burgers, American",4.4,7.2K+,1,0,₹350 for two
772029,McDonald's,https://www.swiggy.com/dapi/menu/pl?restaurantId=772029,kolkata,Salt Lake,"American, Fast Food, Beverages",4.6,4.0K+,1,0,₹400 for two
184568,Wow! Momo,https://www.swiggy.com/dapi/menu/pl?restaurantId=184568,kolkata,Baguiati,"Momos, Chinese, fastfood, Asian, Beverages",4.4,13K+,1,0,₹300 for two
573520,La Pino'z Pizza,https://www.swiggy.com/dapi/menu/pl?restaurantId=573520,kolkata,Lake Town,"Pizzas, Pastas, Italian, Desserts, Beverages",4.1,9.9K+,1,0,₹300 for two
14137,Subway,https://www.swiggy.com/dapi/menu/pl?restaurantId=14137,kolkata,Bidhannagar,"sandwich, Salads, wrap, Healthy Food",4.5,24K+,1,0,₹350 for two
757331,LeanCrust Pizza- ThinCrust Experts,https://www.swiggy.com/dapi/menu/pl?restaurantId=757331,kolkata,KESTOPUR,"Pizzas, Italian, Desserts",4.7,1.3K+,1,0,₹300 for two
837924,The Pizza Project by Oven Story,https://www.swiggy.com/dapi/menu/pl?restaurantId=837924,kolkata,Rajarhat,"Pizzas, Italian, Desserts, Beverages",4.2,162,1,0,₹400 for two
575101,Veg Darbar by Behrouz Biryani,https://www.swiggy.com/dapi/menu/pl?restaurantId=575101,kolkata,Rajarhat,"Biryani, North Indian, Kebabs, Mughlai, Beverages, Desserts",4,197,1,0,₹700 for two
263784,Veg Meals By LunchBox,https://www.swiggy.com/dapi/menu/pl?restaurantId=263784,kolkata,Rajarhat,"Biryani, North Indian, Desserts, Beverages",4.3,981,1,0,₹200 for two
801339,Makhani Darbar,https://www.swiggy.com/dapi/menu/pl?restaurantId=801339,kolkata,P S newtown,"Biryani, North Indian, Kebabs, Mughlai, Beverages, Desserts",3.8,170,1,0,₹500 for two
566335,Faasos' Signature Wraps & Rolls,https://www.swiggy.com/dapi/menu/pl?restaurantId=566335,kolkata,Rajarhat,"Fast Food, Snacks, North Indian, Desserts, Beverages",4.4,578,1,0,₹350 for two
841021,Cheesecakes By CakeZone,https://www.swiggy.com/dapi/menu/pl?restaurantId=841021,kolkata,NEWTOWN,"Desserts, Bakery",4.3,73,1,0,₹200 for two
90836,Hindusthan Sweets,https://www.swiggy.com/dapi/menu/pl?restaurantId=90836,kolkata,New Town,"Sweets, Desserts, Snacks, Bakery",4.5,7.3K+,1,0,₹200 for two
288396,Starbucks Coffee,https://www.swiggy.com/dapi/menu/pl?restaurantId=288396,kolkata,New Town,"Beverages, Cafe, Snacks, Desserts, Bakery, Ice Cream",4.6,3.3K+,1,0,₹400 for two
841019,"The Dessert Heaven - Pastry, Brownie and Cakes",https://www.swiggy.com/dapi/menu/pl?restaurantId=841019,kolkata,NEWTOWN,"Bakery, Desserts, Sweets, Ice Cream",4.5,551,1,0,₹200 for two
841022,Ovenfresh Cakes and Desserts,https://www.swiggy.com/dapi/menu/pl?restaurantId=841022,kolkata,NEWTOWN,"Bakery, Desserts, Beverages, Ice Cream, Sweets, Juices, Bengali, Pizzas",4.5,567,1,0,₹200 for two
757326,"Bhatti Chicken - Grilled, NOT Fried!",https://www.swiggy.com/dapi/menu/pl?restaurantId=757326,kolkata,KESTOPUR,"North Indian, Snacks, Fast Food, Tandoor",4.7,270,1,0,₹250 for two
757323,Mealful Rolls - India's Biggest Rolls,https://www.swiggy.com/dapi/menu/pl?restaurantId=757323,kolkata,KESTOPUR,"Fast Food, Snacks, North Indian, Desserts",4.6,302,1,0,₹250 for two
439738,Pizza Hut,https://www.swiggy.com/dapi/menu/pl?restaurantId=439738,kolkata,Lake Town,Pizzas,4.2,4.1K+,1,0,₹350 for two
1010451,Burger King,https://www.swiggy.com/dapi/menu/pl?restaurantId=1010451,kolkata,Chinar Park,"Burgers, American",4.4,4.7K+,1,0,₹350 for two
772232,KFC,https://www.swiggy.com/dapi/menu/pl?restaurantId=772232,kolkata,Baguihati,"Burgers, Fast Food, Rolls & Wraps",4.4,5.3K+,1,0,₹400 for two
772029,McDonald's,https://www.swiggy.com/dapi/menu/pl?restaurantId=772029,kolkata,Salt Lake,"American, Fast Food, Beverages",4.6,4.0K+,1,0,₹400 for two
24746,Gupta's Veg,https://www.swiggy.com/dapi/menu/pl?restaurantId=24746,kolkata,Prafulla Kanan,Chinese,4.5,29K+,1,0,₹200 for two
647353,Neu Nasta,https://www.swiggy.com/dapi/menu/pl?restaurantId=647353,kolkata,Chinar Park,Snacks,4.5,7.4K+,1,0,₹200 for two
184568,Wow! Momo,https://www.swiggy.com/dapi/menu/pl?restaurantId=184568,kolkata,Baguiati,"Momos, Chinese, fastfood, Asian, Beverages",4.4,13K+,1,0,₹300 for two
1010721,Subway,https://www.swiggy.com/dapi/menu/pl?restaurantId=1010721,kolkata,Chinar Park,"sandwich, Salads, wrap, Healthy Food",4.4,1.9K+,1,0,₹350 for two
10370,Pizza Hut,https://www.swiggy.com/dapi/menu/pl?restaurantId=10370,kolkata,Bidhannagar,Pizzas,4.3,18K+,1,0,₹350 for two
772029,McDonald's,https://www.swiggy.com/dapi/menu/pl?restaurantId=772029,kolkata,Salt Lake,"American, Fast Food, Beverages",4.6,4.0K+,1,0,₹400 for two
39244,KFC,https://www.swiggy.com/dapi/menu/pl?restaurantId=39244,kolkata,Salt Lake,"Burgers, Fast Food, Rolls & Wraps",4.5,29K+,1,0,₹450 for two
805284,Burger King,https://www.swiggy.com/dapi/menu/pl?restaurantId=805284,kolkata,Rajarhat,"Burgers, American",4.4,7.2K+,1,0,₹350 for two
170275,Domino's Pizza,https://www.swiggy.com/dapi/menu/pl?restaurantId=170275,kolkata,Kestopur,"Pizzas, Italian, Pastas, Desserts",4.5,10K+,1,0,₹400 for two
785286,Wow! Momo,https://www.swiggy.com/dapi/menu/pl?restaurantId=785286,kolkata,Rajarhat,"Momos, Chinese, fastfood, Asian, Beverages",4.5,4.0K+,1,0,₹300 for two
14137,Subway,https://www.swiggy.com/dapi/menu/pl?restaurantId=14137,kolkata,Bidhannagar,"sandwich, Salads, wrap, Healthy Food",4.5,24K+,1,0,₹350 for two
15269,Haji Ali,https://www.swiggy.com/dapi/menu/pl?restaurantId=15269,kolkata,Salt Lake,"Biryani, Mughlai, North Indian, Kebabs, Tandoor, Indian, Chinese",4.1,72K+,1,0,₹500 for two
533713,Blue Tokai Coffee Roasters,https://www.swiggy.com/dapi/menu/pl?restaurantId=533713,kolkata,Salt Lake,"Cafe, Coffee, Beverages",4.6,1.7K+,1,0,₹600 for two
810771,LeanCrust Pizza- ThinCrust Experts,https://www.swiggy.com/dapi/menu/pl?restaurantId=810771,kolkata,Rajarhat,"Pizzas, Italian, Desserts",4.7,1.1K+,1,0,₹300 for two
837949,The Pizza Project by Oven Story,https://www.swiggy.com/dapi/menu/pl?restaurantId=837949,kolkata,Newtown,"Pizzas, Italian, Desserts, Beverages",4.3,265,1,0,₹400 for two
575141,Veg Darbar by Behrouz Biryani,https://www.swiggy.com/dapi/menu/pl?restaurantId=575141,kolkata,Rajarhat,"Biryani, North Indian, Kebabs, Mughlai, Beverages, Desserts",4.2,241,1,0,₹700 for two
566401,Faasos' Signature Wraps & Rolls,https://www.swiggy.com/dapi/menu/pl?restaurantId=566401,kolkata,Rajarhat,"Fast Food, Snacks, North Indian, Desserts, Beverages",4.3,582,1,0,₹350 for two
425873,Keventers Waffles & Ice Cream,https://www.swiggy.com/dapi/menu/pl?restaurantId=425873,kolkata,Rajarhat,"Ice Cream, Desserts",4.5,496,1,0,₹200 for two
801381,Makhani Darbar,https://www.swiggy.com/dapi/menu/pl?restaurantId=801381,kolkata,Rajarhat,"Biryani, North Indian, Kebabs, Mughlai, Beverages, Desserts",4.3,196,1,0,₹500 for two
379737,6 Ballygunge Place Takeaway,https://www.swiggy.com/dapi/menu/pl?restaurantId=379737,kolkata,Salt Lake,Bengali,4.4,3.1K+,1,0,₹800 for two
750353,KARIM'S- Original from Jama Masjid Delhi- 6,https://www.swiggy.com/dapi/menu/pl?restaurantId=750353,kolkata,Rajarhat,"Biryani, Mughlai, Kebabs",4.5,3.0K+,1,0,₹900 for two
369557,Gourmet Ice Cream Cakes by Baskin Robbins,https://www.swiggy.com/dapi/menu/pl?restaurantId=369557,kolkata,Rajarhat,"Desserts, Ice Cream, Bakery",4.9,32,1,0,₹400 for two
355770,Grameen Kulfi,https://www.swiggy.com/dapi/menu/pl?restaurantId=355770,kolkata,Bidhannagar,"Ice Cream, Desserts",4.7,2.6K+,1,0,₹120 for two
371105,Keventers - Milkshakes & Waffles,https://www.swiggy.com/dapi/menu/pl?restaurantId=371105,kolkata,Rajarhat,"Beverages, Ice Cream, Desserts, Healthy Food",4.3,1.9K+,1,0,₹200 for two
39244,KFC,https://www.swiggy.com/dapi/menu/pl?restaurantId=39244,kolkata,Salt Lake,"Burgers, Fast Food, Rolls & Wraps",4.5,29K+,1,0,₹450 for two
772029,McDonald's,https://www.swiggy.com/dapi/menu/pl?restaurantId=772029,kolkata,Salt Lake,"American, Fast Food, Beverages",4.6,4.0K+,1,0,₹400 for two
805284,Burger King,https://www.swiggy.com/dapi/menu/pl?restaurantId=805284,kolkata,Rajarhat,"Burgers, American",4.4,7.2K+,1,0,₹350 for two
170275,Domino's Pizza,https://www.swiggy.com/dapi/menu/pl?restaurantId=170275,kolkata,Kestopur,"Pizzas, Italian, Pastas, Desserts",4.5,10K+,1,0,₹400 for two
24746,Gupta's Veg,https://www.swiggy.com/dapi/menu/pl?restaurantId=24746,kolkata,Prafulla Kanan,Chinese,4.5,29K+,1,0,₹200 for two
905174,Dumpliciousss,https://www.swiggy.com/dapi/menu/pl?restaurantId=905174,kolkata,BIDHANNAGAR,"Chinese, Tibetan",4.4,396,1,0,₹200 for two
785286,Wow! Momo,https://www.swiggy.com/dapi/menu/pl?restaurantId=785286,kolkata,Rajarhat,"Momos, Chinese, fastfood, Asian, Beverages",4.5,4.0K+,1,0,₹300 for two
1209581,Subway,https://www.swiggy.com/dapi/menu/pl?restaurantId=1209581,kolkata,Axis Mall,"sandwich, Salads, wrap, Healthy Food",4.4,404,1,0,₹350 for two
10370,Pizza Hut,https://www.swiggy.com/dapi/menu/pl?restaurantId=10370,kolkata,Bidhannagar,Pizzas,4.3,18K+,1,0,₹350 for two
772029,McDonald's,https://www.swiggy.com/dapi/menu/pl?restaurantId=772029,kolkata,Salt Lake,"American, Fast Food, Beverages",4.6,4.0K+,1,0,₹400 for two
39244,KFC,https://www.swiggy.com/dapi/menu/pl?restaurantId=39244,kolkata,Salt Lake,"Burgers, Fast Food, Rolls & Wraps",4.5,29K+,1,0,₹450 for two
805284,Burger King,https://www.swiggy.com/dapi/menu/pl?restaurantId=805284,kolkata,Rajarhat,"Burgers, American",4.4,7.2K+,1,0,₹350 for two
170275,Domino's Pizza,https://www.swiggy.com/dapi/menu/pl?restaurantId=170275,kolkata,Kestopur,"Pizzas, Italian, Pastas, Desserts",4.5,10K+,1,0,₹400 for two
785286,Wow! Momo,https://www.swiggy.com/dapi/menu/pl?restaurantId=785286,kolkata,Rajarhat,"Momos, Chinese, fastfood, Asian, Beverages",4.5,4.0K+,1,0,₹300 for two
14137,Subway,https://www.swiggy.com/dapi/menu/pl?restaurantId=14137,kolkata,Bidhannagar,"sandwich, Salads, wrap, Healthy Food",4.5,24K+,1,0,₹350 for two
15269,Haji Ali,https://www.swiggy.com/dapi/menu/pl?restaurantId=15269,kolkata,Salt Lake,"Biryani, Mughlai, North Indian, Kebabs, Tandoor, Indian, Chinese",4.1,72K+,1,0,₹500 for two
533713,Blue Tokai Coffee Roasters,https://www.swiggy.com/dapi/menu/pl?restaurantId=533713,kolkata,Salt Lake,"Cafe, Coffee, Beverages",4.6,1.7K+,1,0,₹600 for two
810771,LeanCrust Pizza- ThinCrust Experts,https://www.swiggy.com/dapi/menu/pl?restaurantId=810771,kolkata,Rajarhat,"Pizzas, Italian, Desserts",4.7,1.1K+,1,0,₹300 for two
837949,The Pizza Project by Oven Story,https://www.swiggy.com/dapi/menu/pl?restaurantId=837949,kolkata,Newtown,"Pizzas, Italian, Desserts, Beverages",4.3,265,1,0,₹400 for two
575141,Veg Darbar by Behrouz Biryani,https://www.swiggy.com/dapi/menu/pl?restaurantId=575141,kolkata,Rajarhat,"Biryani, North Indian, Kebabs, Mughlai, Beverages, Desserts",4.2,241,1,0,₹700 for two
566401,Faasos' Signature Wraps & Rolls,https://www.swiggy.com/dapi/menu/pl?restaurantId=566401,kolkata,Rajarhat,"Fast Food, Snacks, North Indian, Desserts, Beverages",4.3,582,1,0,₹350 for two
425873,Keventers Waffles & Ice Cream,https://www.swiggy.com/dapi/menu/pl?restaurantId=425873,kolkata,Rajarhat,"Ice Cream, Desserts",4.5,496,1,0,₹200 for two
801381,Makhani Darbar,https://www.swiggy.com/dapi/menu/pl?restaurantId=801381,kolkata,Rajarhat,"Biryani, North Indian, Kebabs, Mughlai, Beverages, Desserts",4.3,196,1,0,₹500 for two
379737,6 Ballygunge Place Takeaway,https://www.swiggy.com/dapi/menu/pl?restaurantId=379737,kolkata,Salt Lake,Bengali,4.4,3.1K+,1,0,₹800 for two
750353,KARIM'S- Original from Jama Masjid Delhi- 6,https://www.swiggy.com/dapi/menu/pl?restaurantId=750353,kolkata,Rajarhat,"Biryani, Mughlai, Kebabs",4.5,3.0K+,1,0,₹900 for two
369557,Gourmet Ice Cream Cakes by Baskin Robbins,https://www.swiggy.com/dapi/menu/pl?restaurantId=369557,kolkata,Rajarhat,"Desserts, Ice Cream, Bakery",4.9,32,1,0,₹400 for two
355770,Grameen Kulfi,https://www.swiggy.com/dapi/menu/pl?restaurantId=355770,kolkata,Bidhannagar,"Ice Cream, Desserts",4.7,2.6K+,1,0,₹120 for two
371105,Keventers - Milkshakes & Waffles,https://www.swiggy.com/dapi/menu/pl?restaurantId=371105,kolkata,Rajarhat,"Beverages, Ice Cream, Desserts, Healthy Food",4.3,1.9K+,1,0,₹200 for two
39244,KFC,https://www.swiggy.com/dapi/menu/pl?restaurantId=39244,kolkata,Salt Lake,"Burgers, Fast Food, Rolls & Wraps",4.5,29K+,1,0,₹450 for two
772029,McDonald's,https://www.swiggy.com/dapi/menu/pl?restaurantId=772029,kolkata,Salt Lake,"American, Fast Food, Beverages",4.6,4.0K+,1,0,₹400 for two
805284,Burger King,https://www.swiggy.com/dapi/menu/pl?restaurantId=805284,kolkata,Rajarhat,"Burgers, American",4.4,7.2K+,1,0,₹350 for two
170275,Domino's Pizza,https://www.swiggy.com/dapi/menu/pl?restaurantId=170275,kolkata,Kestopur,"Pizzas, Italian, Pastas, Desserts",4.5,10K+,1,0,₹400 for two
24746,Gupta's Veg,https://www.swiggy.com/dapi/menu/pl?restaurantId=24746,kolkata,Prafulla Kanan,Chinese,4.5,29K+,1,0,₹200 for two
905174,Dumpliciousss,https://www.swiggy.com/dapi/menu/pl?restaurantId=905174,kolkata,BIDHANNAGAR,"Chinese, Tibetan",4.4,396,1,0,₹200 for two
785286,Wow! Momo,https://www.swiggy.com/dapi/menu/pl?restaurantId=785286,kolkata,Rajarhat,"Momos, Chinese, fastfood, Asian, Beverages",4.5,4.0K+,1,0,₹300 for two
1209581,Subway,https://www.swiggy.com/dapi/menu/pl?restaurantId=1209581,kolkata,Axis Mall,"sandwich, Salads, wrap, Healthy Food",4.4,404,1,0,₹350 for two
612856,Pizza Hut,https://www.swiggy.com/dapi/menu/pl?restaurantId=612856,kolkata,Howrah,Pizzas,4.4,2.1K+,1,0,₹350 for two
691778,KFC,https://www.swiggy.com/dapi/menu/pl?restaurantId=691778,kolkata,Kadamtala,"Burgers, Fast Food, Rolls & Wraps",4.5,3.9K+,1,0,₹400 for two
392663,Burger King,https://www.swiggy.com/dapi/menu/pl?restaurantId=392663,kolkata,Howrah,"Burgers, American",4.4,9.4K+,1,0,₹350 for two
258735,McDonald's,https://www.swiggy.com/dapi/menu/pl?restaurantId=258735,kolkata,Shibpur,"American, Fast Food, Beverages",4.5,9.7K+,1,0,₹400 for two
575605,Wow! Momo,https://www.swiggy.com/dapi/menu/pl?restaurantId=575605,kolkata,Ramrajtala,"Momos, Chinese, fastfood, Asian, Beverages",4.6,4.8K+,1,0,₹300 for two
774502,La Pino'z Pizza,https://www.swiggy.com/dapi/menu/pl?restaurantId=774502,kolkata,Howrah,"Pizzas, Pastas, Italian, Desserts, Beverages",4.2,1.7K+,1,0,₹250 for two
26501,Subway,https://www.swiggy.com/dapi/menu/pl?restaurantId=26501,kolkata,Shibpur,"sandwich, Salads, wrap, Healthy Food",4.5,7.7K+,1,0,₹350 for two
826316,The Belgian Waffle Co.,https://www.swiggy.com/dapi/menu/pl?restaurantId=826316,kolkata,AVANI REVERSIDE MALL,"Waffle, Desserts, Ice Cream",4.7,591,1,0,₹200 for two
224451,"Faasos - Wraps, Rolls & Shawarma",https://www.swiggy.com/dapi/menu/pl?restaurantId=224451,kolkata,Mali Panchghara,"Kebabs, Fast Food, Snacks, American, Healthy Food, Desserts, Beverages",4.5,4.9K+,1,0,₹200 for two
543896,Wow! Chicken By Wow! Momo,https://www.swiggy.com/dapi/menu/pl?restaurantId=543896,kolkata,Avani Mall,"Burger, Biryani, American, fastfood",4.1,1.5K+,1,0,₹300 for two
659683,Dum Safar Biryani,https://www.swiggy.com/dapi/menu/pl?restaurantId=659683,kolkata,"Platina Mall,5th floor","Biryani, Hyderabadi, Kebabs, North Indian, barbeque",3.8,404,1,0,₹500 for two
508465,China Belly By Wow! Momo,https://www.swiggy.com/dapi/menu/pl?restaurantId=508465,kolkata,Kadamtala,"Chinese, Asian, Fast Food, Beverages, Snacks",4.2,1.3K+,1,0,₹300 for two
566415,Faasos' Signature Wraps & Rolls,https://www.swiggy.com/dapi/menu/pl?restaurantId=566415,kolkata,Mali Panchghara,"Fast Food, Snacks, Desserts, Beverages",4.4,135,1,0,₹350 for two
27172,Barista Coffee,https://www.swiggy.com/dapi/menu/pl?restaurantId=27172,kolkata,Shibpur,"Beverages, Snacks, Desserts",4.4,1.0K+,1,0,₹350 for two
837951,The Pizza Project by Oven Story,https://www.swiggy.com/dapi/menu/pl?restaurantId=837951,kolkata,Mali Panchghara,"Pizzas, Italian, Desserts, Beverages",4.3,153,1,0,₹400 for two
258968,Machhli Baba Fries,https://www.swiggy.com/dapi/menu/pl?restaurantId=258968,kolkata,Central Kolkata,"Bengali, Street Food, Rolls & Wraps, Kebabs, Fast Food",4.5,3.3K+,1,0,₹300 for two
164470,Tea Junction,https://www.swiggy.com/dapi/menu/pl?restaurantId=164470,kolkata,Shibpur,"Beverages, Snacks",4.3,609,1,0,₹150 for two
29012,Keventers - Milkshakes & Waffles,https://www.swiggy.com/dapi/menu/pl?restaurantId=29012,kolkata,Avani Mall,"Beverages, Ice Cream, Desserts, Healthy Food",4.5,4.8K+,1,0,₹200 for two
377082,Keventers Waffles & Ice Cream,https://www.swiggy.com/dapi/menu/pl?restaurantId=377082,kolkata,Avani Mall,"Ice Cream, Desserts",4.7,410,1,0,₹200 for two
801384,Makhani Darbar,https://www.swiggy.com/dapi/menu/pl?restaurantId=801384,kolkata,HOWRAH,"Biryani, North Indian, Kebabs, Mughlai, Beverages, Desserts",4.3,123,1,0,₹500 for two
612856,Pizza Hut,https://www.swiggy.com/dapi/menu/pl?restaurantId=612856,kolkata,Howrah,Pizzas,4.4,2.1K+,1,0,₹350 for two
691778,KFC,https://www.swiggy.com/dapi/menu/pl?restaurantId=691778,kolkata,Kadamtala,"Burgers, Fast Food, Rolls & Wraps",4.5,3.9K+,1,0,₹400 for two
392663,Burger King,https://www.swiggy.com/dapi/menu/pl?restaurantId=392663,kolkata,Howrah,"Burgers, American",4.4,9.4K+,1,0,₹350 for two
258735,McDonald's,https://www.swiggy.com/dapi/menu/pl?restaurantId=258735,kolkata,Shibpur,"American, Fast Food, Beverages",4.5,9.7K+,1,0,₹400 for two
575605,Wow! Momo,https://www.swiggy.com/dapi/menu/pl?restaurantId=575605,kolkata,Ramrajtala,"Momos, Chinese, fastfood, Asian, Beverages",4.6,4.8K+,1,0,₹300 for two
826316,The Belgian Waffle Co.,https://www.swiggy.com/dapi/menu/pl?restaurantId=826316,kolkata,AVANI REVERSIDE MALL,"Waffle, Desserts, Ice Cream",4.7,591,1,0,₹200 for two
26501,Subway,https://www.swiggy.com/dapi/menu/pl?restaurantId=26501,kolkata,Shibpur,"sandwich, Salads, wrap, Healthy Food",4.5,7.7K+,1,0,₹350 for two
774502,La Pino'z Pizza,https://www.swiggy.com/dapi/menu/pl?restaurantId=774502,kolkata,Howrah,"Pizzas, Pastas, Italian, Desserts, Beverages",4.2,1.7K+,1,0,₹250 for two
612856,Pizza Hut,https://www.swiggy.com/dapi/menu/pl?restaurantId=612856,kolkata,Howrah,Pizzas,4.4,2.1K+,1,0,₹350 for two
691778,KFC,https://www.swiggy.com/dapi/menu/pl?restaurantId=691778,kolkata,Kadamtala,"Burgers, Fast Food, Rolls & Wraps",4.5,3.9K+,1,0,₹400 for two
392663,Burger King,https://www.swiggy.com/dapi/menu/pl?restaurantId=392663,kolkata,Howrah,"Burgers, American",4.4,9.4K+,1,0,₹350 for two
258735,McDonald's,https://www.swiggy.com/dapi/menu/pl?restaurantId=258735,kolkata,Shibpur,"American, Fast Food, Beverages",4.5,9.7K+,1,0,₹400 for two
575605,Wow! Momo,https://www.swiggy.com/dapi/menu/pl?restaurantId=575605,kolkata,Ramrajtala,"Momos, Chinese, fastfood, Asian, Beverages",4.6,4.8K+,1,0,₹300 for two
774502,La Pino'z Pizza,https://www.swiggy.com/dapi/menu/pl?restaurantId=774502,kolkata,Howrah,"Pizzas, Pastas, Italian, Desserts, Beverages",4.2,1.7K+,1,0,₹250 for two
26501,Subway,https://www.swiggy.com/dapi/menu/pl?restaurantId=26501,kolkata,Shibpur,"sandwich, Salads, wrap, Healthy Food",4.5,7.7K+,1,0,₹350 for two
826316,The Belgian Waffle Co.,https://www.swiggy.com/dapi/menu/pl?restaurantId=826316,kolkata,AVANI REVERSIDE MALL,"Waffle, Desserts, Ice Cream",4.7,591,1,0,₹200 for two
224451,"Faasos - Wraps, Rolls & Shawarma",https://www.swiggy.com/dapi/menu/pl?restaurantId=224451,kolkata,Mali Panchghara,"Kebabs, Fast Food, Snacks, American, Healthy Food, Desserts, Beverages",4.5,4.9K+,1,0,₹200 for two
543896,Wow! Chicken By Wow! Momo,https://www.swiggy.com/dapi/menu/pl?restaurantId=543896,kolkata,Avani Mall,"Burger, Biryani, American, fastfood",4.1,1.5K+,1,0,₹300 for two
659683,Dum Safar Biryani,https://www.swiggy.com/dapi/menu/pl?restaurantId=659683,kolkata,"Platina Mall,5th floor","Biryani, Hyderabadi, Kebabs, North Indian, barbeque",3.8,404,1,0,₹500 for two
508465,China Belly By Wow! Momo,https://www.swiggy.com/dapi/menu/pl?restaurantId=508465,kolkata,Kadamtala,"Chinese, Asian, Fast Food, Beverages, Snacks",4.2,1.3K+,1,0,₹300 for two
566415,Faasos' Signature Wraps & Rolls,https://www.swiggy.com/dapi/menu/pl?restaurantId=566415,kolkata,Mali Panchghara,"Fast Food, Snacks, Desserts, Beverages",4.4,135,1,0,₹350 for two
27172,Barista Coffee,https://www.swiggy.com/dapi/menu/pl?restaurantId=27172,kolkata,Shibpur,"Beverages, Snacks, Desserts",4.4,1.0K+,1,0,₹350 for two
837951,The Pizza Project by Oven Story,https://www.swiggy.com/dapi/menu/pl?restaurantId=837951,kolkata,Mali Panchghara,"Pizzas, Italian, Desserts, Beverages",4.3,153,1,0,₹400 for two
258968,Machhli Baba Fries,https://www.swiggy.com/dapi/menu/pl?restaurantId=258968,kolkata,Central Kolkata,"Bengali, Street Food, Rolls & Wraps, Kebabs, Fast Food",4.5,3.3K+,1,0,₹300 for two
164470,Tea Junction,https://www.swiggy.com/dapi/menu/pl?restaurantId=164470,kolkata,Shibpur,"Beverages, Snacks",4.3,609,1,0,₹150 for two
29012,Keventers - Milkshakes & Waffles,https://www.swiggy.com/dapi/menu/pl?restaurantId=29012,kolkata,Avani Mall,"Beverages, Ice Cream, Desserts, Healthy Food",4.5,4.8K+,1,0,₹200 for two
377082,Keventers Waffles & Ice Cream,https://www.swiggy.com/dapi/menu/pl?restaurantId=377082,kolkata,Avani Mall,"Ice Cream, Desserts",4.7,410,1,0,₹200 for two
801384,Makhani Darbar,https://www.swiggy.com/dapi/menu/pl?restaurantId=801384,kolkata,HOWRAH,"Biryani, North Indian, Kebabs, Mughlai, Beverages, Desserts",4.3,123,1,0,₹500 for two
612856,Pizza Hut,https://www.swiggy.com/dapi/menu/pl?restaurantId=612856,kolkata,Howrah,Pizzas,4.4,2.1K+,1,0,₹350 for two
691778,KFC,https://www.swiggy.com/dapi/menu/pl?restaurantId=691778,kolkata,Kadamtala,"Burgers, Fast Food, Rolls & Wraps",4.5,3.9K+,1,0,₹400 for two
392663,Burger King,https://www.swiggy.com/dapi/menu/pl?restaurantId=392663,kolkata,Howrah,"Burgers, American",4.4,9.4K+,1,0,₹350 for two
258735,McDonald's,https://www.swiggy.com/dapi/menu/pl?restaurantId=258735,kolkata,Shibpur,"American, Fast Food, Beverages",4.5,9.7K+,1,0,₹400 for two
575605,Wow! Momo,https://www.swiggy.com/dapi/menu/pl?restaurantId=575605,kolkata,Ramrajtala,"Momos, Chinese, fastfood, Asian, Beverages",4.6,4.8K+,1,0,₹300 for two
826316,The Belgian Waffle Co.,https://www.swiggy.com/dapi/menu/pl?restaurantId=826316,kolkata,AVANI REVERSIDE MALL,"Waffle, Desserts, Ice Cream",4.7,591,1,0,₹200 for two
26501,Subway,https://www.swiggy.com/dapi/menu/pl?restaurantId=26501,kolkata,Shibpur,"sandwich, Salads, wrap, Healthy Food",4.5,7.7K+,1,0,₹350 for two
774502,La Pino'z Pizza,https://www.swiggy.com/dapi/menu/pl?restaurantId=774502,kolkata,Howrah,"Pizzas, Pastas, Italian, Desserts, Beverages",4.2,1.7K+,1,0,₹250 for two
396435,Pizza Hut,https://www.swiggy.com/dapi/menu/pl?restaurantId=396435,kolkata,Dumdum,Pizzas,4.3,15K+,1,0,₹350 for two
39248,KFC,https://www.swiggy.com/dapi/menu/pl?restaurantId=39248,kolkata,Jessore Road,"Burgers, Fast Food, Rolls & Wraps",4.4,42K+,1,0,₹450 for two
268246,Domino's Pizza,https://www.swiggy.com/dapi/menu/pl?restaurantId=268246,kolkata,Dum Dum,"Pizzas, Italian, Pastas, Desserts",4.5,9.6K+,1,0,₹400 for two
304333,Wow! Momo,https://www.swiggy.com/dapi/menu/pl?restaurantId=304333,kolkata,Dum Dum,"Momos, Chinese, fastfood, Asian, Beverages",4.4,11K+,1,0,₹300 for two
15708,Subway,https://www.swiggy.com/dapi/menu/pl?restaurantId=15708,kolkata,City Center -2,"sandwich, Salads, wrap, Healthy Food",4.6,10K+,1,0,₹350 for two
561577,Vadilal Ice Creams,https://www.swiggy.com/dapi/menu/pl?restaurantId=561577,kolkata,Dumdum,"Ice Cream, Desserts, Cakes, Beverages, Bakery",4.7,704,1,0,₹200 for two
826873,LeanCrust Pizza- ThinCrust Experts,https://www.swiggy.com/dapi/menu/pl?restaurantId=826873,kolkata,Jessore Rd,"Pizzas, Italian, Desserts",4.7,1.5K+,1,0,₹300 for two
22824,Bhojohori Manna,https://www.swiggy.com/dapi/menu/pl?restaurantId=22824,kolkata,Jessore Road,"Bengali, Thalis, North Indian, Desserts",4.5,10K+,1,0,₹500 for two
639434,Dum Safar Biryani,https://www.swiggy.com/dapi/menu/pl?restaurantId=639434,kolkata,DIAMOND PLAZA,"Biryani, Hyderabadi, Kebabs, North Indian, barbeque",4.1,810,1,0,₹500 for two
15407,Momo I Am,https://www.swiggy.com/dapi/menu/pl?restaurantId=15407,kolkata,Rajarhat,"Asian, Chinese, Tibetan",4.6,49K+,1,0,₹350 for two
450499,Kareem's,https://www.swiggy.com/dapi/menu/pl?restaurantId=450499,kolkata,Chinar Park,"Biryani, Kebabs, Mughlai, Tandoor, Desserts",4.3,9.8K+,1,0,₹700 for two
573520,La Pino'z Pizza,https://www.swiggy.com/dapi/menu/pl?restaurantId=573520,kolkata,Lake Town,"Pizzas, Pastas, Italian, Desserts, Beverages",4.1,9.9K+,1,0,₹300 for two
64742,The Belgian Waffle Co.,https://www.swiggy.com/dapi/menu/pl?restaurantId=64742,kolkata,Lake Town,"Waffle, Desserts, Ice Cream, Beverages",4.7,14K+,1,0,₹200 for two
834076,Cheesecakes By CakeZone,https://www.swiggy.com/dapi/menu/pl?restaurantId=834076,kolkata,Kestopur,"Bakery, Desserts, Beverages, Ice Cream, Sweets, Juices, Bengali",4.7,75,1,0,₹200 for two
826866,Mealful Rolls - India's Biggest Rolls,https://www.swiggy.com/dapi/menu/pl?restaurantId=826866,kolkata,Jessore Rd,"Fast Food, Snacks, Desserts",4.6,285,1,0,₹250 for two
826869,"Bhatti Chicken - Grilled, NOT Fried!",https://www.swiggy.com/dapi/menu/pl?restaurantId=826869,kolkata,Jessore Rd,"Snacks, Fast Food, Tandoor",4.8,366,1,0,₹250 for two
834788,ENSO - Sourdough Pizza by Nomad,https://www.swiggy.com/dapi/menu/pl?restaurantId=834788,kolkata,South Dum Dum,"Pizzas, Fast Food, Desserts, Salads, Beverages",4.4,634,1,0,₹850 for two
164466,Tea Junction,https://www.swiggy.com/dapi/menu/pl?restaurantId=164466,kolkata,Lake Town,Snacks,4.6,2.5K+,1,0,₹150 for two
355774,Grameen Kulfi,https://www.swiggy.com/dapi/menu/pl?restaurantId=355774,kolkata,Rajarhat,"Ice Cream, Desserts",4.8,2.1K+,1,0,₹120 for two
834772,Nomad Pizza - Traveller Series,https://www.swiggy.com/dapi/menu/pl?restaurantId=834772,kolkata,SOUTH DUM DUM,"Pizzas, Fast Food, Desserts, Beverages",4.5,460,1,0,₹850 for two
396435,Pizza Hut,https://www.swiggy.com/dapi/menu/pl?restaurantId=396435,kolkata,Dumdum,Pizzas,4.3,15K+,1,0,₹350 for two
1010451,Burger King,https://www.swiggy.com/dapi/menu/pl?restaurantId=1010451,kolkata,Chinar Park,"Burgers, American",4.4,4.7K+,1,0,₹350 for two
39248,KFC,https://www.swiggy.com/dapi/menu/pl?restaurantId=39248,kolkata,Jessore Road,"Burgers, Fast Food, Rolls & Wraps",4.4,42K+,1,0,₹450 for two
268246,Domino's Pizza,https://www.swiggy.com/dapi/menu/pl?restaurantId=268246,kolkata,Dum Dum,"Pizzas, Italian, Pastas, Desserts",4.5,9.6K+,1,0,₹400 for two
647353,Neu Nasta,https://www.swiggy.com/dapi/menu/pl?restaurantId=647353,kolkata,Chinar Park,Snacks,4.5,7.4K+,1,0,₹200 for two
335692,Gupta's Veg,https://www.swiggy.com/dapi/menu/pl?restaurantId=335692,kolkata,Rajarhat,"Indian, Chinese, Biryani, Thalis, Tandoor",4.4,10K+,1,0,₹200 for two
304333,Wow! Momo,https://www.swiggy.com/dapi/menu/pl?restaurantId=304333,kolkata,Dum Dum,"Momos, Chinese, fastfood, Asian, Beverages",4.4,11K+,1,0,₹300 for two
1009804,Subway,https://www.swiggy.com/dapi/menu/pl?restaurantId=1009804,kolkata,Jessore Road,"sandwich, Salads, wrap, Healthy Food",4.5,2.8K+,1,0,₹350 for two
396435,Pizza Hut,https://www.swiggy.com/dapi/menu/pl?restaurantId=396435,kolkata,Dumdum,Pizzas,4.3,15K+,1,0,₹350 for two
39248,KFC,https://www.swiggy.com/dapi/menu/pl?restaurantId=39248,kolkata,Jessore Road,"Burgers, Fast Food, Rolls & Wraps",4.4,42K+,1,0,₹450 for two
268246,Domino's Pizza,https://www.swiggy.com/dapi/menu/pl?restaurantId=268246,kolkata,Dum Dum,"Pizzas, Italian, Pastas, Desserts",4.5,9.6K+,1,0,₹400 for two
304333,Wow! Momo,https://www.swiggy.com/dapi/menu/pl?restaurantId=304333,kolkata,Dum Dum,"Momos, Chinese, fastfood, Asian, Beverages",4.4,11K+,1,0,₹300 for two
15708,Subway,https://www.swiggy.com/dapi/menu/pl?restaurantId=15708,kolkata,City Center -2,"sandwich, Salads, wrap, Healthy Food",4.6,10K+,1,0,₹350 for two
561577,Vadilal Ice Creams,https://www.swiggy.com/dapi/menu/pl?restaurantId=561577,kolkata,Dumdum,"Ice Cream, Desserts, Cakes, Beverages, Bakery",4.7,704,1,0,₹200 for two
826873,LeanCrust Pizza- ThinCrust Experts,https://www.swiggy.com/dapi/menu/pl?restaurantId=826873,kolkata,Jessore Rd,"Pizzas, Italian, Desserts",4.7,1.5K+,1,0,₹300 for two
22824,Bhojohori Manna,https://www.swiggy.com/dapi/menu/pl?restaurantId=22824,kolkata,Jessore Road,"Bengali, Thalis, North Indian, Desserts",4.5,10K+,1,0,₹500 for two
639434,Dum Safar Biryani,https://www.swiggy.com/dapi/menu/pl?restaurantId=639434,kolkata,DIAMOND PLAZA,"Biryani, Hyderabadi, Kebabs, North Indian, barbeque",4.1,810,1,0,₹500 for two
15407,Momo I Am,https://www.swiggy.com/dapi/menu/pl?restaurantId=15407,kolkata,Rajarhat,"Asian, Chinese, Tibetan",4.6,49K+,1,0,₹350 for two
450499,Kareem's,https://www.swiggy.com/dapi/menu/pl?restaurantId=450499,kolkata,Chinar Park,"Biryani, Kebabs, Mughlai, Tandoor, Desserts",4.3,9.8K+,1,0,₹700 for two
573520,La Pino'z Pizza,https://www.swiggy.com/dapi/menu/pl?restaurantId=573520,kolkata,Lake Town,"Pizzas, Pastas, Italian, Desserts, Beverages",4.1,9.9K+,1,0,₹300 for two
64742,The Belgian Waffle Co.,https://www.swiggy.com/dapi/menu/pl?restaurantId=64742,kolkata,Lake Town,"Waffle, Desserts, Ice Cream, Beverages",4.7,14K+,1,0,₹200 for two
834076,Cheesecakes By CakeZone,https://www.swiggy.com/dapi/menu/pl?restaurantId=834076,kolkata,Kestopur,"Bakery, Desserts, Beverages, Ice Cream, Sweets, Juices, Bengali",4.7,75,1,0,₹200 for two
826866,Mealful Rolls - India's Biggest Rolls,https://www.swiggy.com/dapi/menu/pl?restaurantId=826866,kolkata,Jessore Rd,"Fast Food, Snacks, Desserts",4.6,285,1,0,₹250 for two
826869,"Bhatti Chicken - Grilled, NOT Fried!",https://www.swiggy.com/dapi/menu/pl?restaurantId=826869,kolkata,Jessore Rd,"Snacks, Fast Food, Tandoor",4.8,366,1,0,₹250 for two
834788,ENSO - Sourdough Pizza by Nomad,https://www.swiggy.com/dapi/menu/pl?restaurantId=834788,kolkata,South Dum Dum,"Pizzas, Fast Food, Desserts, Salads, Beverages",4.4,634,1,0,₹850 for two
164466,Tea Junction,https://www.swiggy.com/dapi/menu/pl?restaurantId=164466,kolkata,Lake Town,Snacks,4.6,2.5K+,1,0,₹150 for two
355774,Grameen Kulfi,https://www.swiggy.com/dapi/menu/pl?restaurantId=355774,kolkata,Rajarhat,"Ice Cream, Desserts",4.8,2.1K+,1,0,₹120 for two
834772,Nomad Pizza - Traveller Series,https://www.swiggy.com/dapi/menu/pl?restaurantId=834772,kolkata,SOUTH DUM DUM,"Pizzas, Fast Food, Desserts, Beverages",4.5,460,1,0,₹850 for two
396435,Pizza Hut,https://www.swiggy.com/dapi/menu/pl?restaurantId=396435,kolkata,Dumdum,Pizzas,4.3,15K+,1,0,₹350 for two
1010451,Burger King,https://www.swiggy.com/dapi/menu/pl?restaurantId=1010451,kolkata,Chinar Park,"Burgers, American",4.4,4.7K+,1,0,₹350 for two
39248,KFC,https://www.swiggy.com/dapi/menu/pl?restaurantId=39248,kolkata,Jessore Road,"Burgers, Fast Food, Rolls & Wraps",4.4,42K+,1,0,₹450 for two
268246,Domino's Pizza,https://www.swiggy.com/dapi/menu/pl?restaurantId=268246,kolkata,Dum Dum,"Pizzas, Italian, Pastas, Desserts",4.5,9.6K+,1,0,₹400 for two
647353,Neu Nasta,https://www.swiggy.com/dapi/menu/pl?restaurantId=647353,kolkata,Chinar Park,Snacks,4.5,7.4K+,1,0,₹200 for two
335692,Gupta's Veg,https://www.swiggy.com/dapi/menu/pl?restaurantId=335692,kolkata,Rajarhat,"Indian, Chinese, Biryani, Thalis, Tandoor",4.4,10K+,1,0,₹200 for two
304333,Wow! Momo,https://www.swiggy.com/dapi/menu/pl?restaurantId=304333,kolkata,Dum Dum,"Momos, Chinese, fastfood, Asian, Beverages",4.4,11K+,1,0,₹300 for two
1105426,The Belgian Waffle Co.,https://www.swiggy.com/dapi/menu/pl?restaurantId=1105426,kolkata,Kestopur,"Waffle, Desserts, Ice Cream, Beverages",4.6,402,1,0,₹200 for two
14780,Pizza Hut,https://www.swiggy.com/dapi/menu/pl?restaurantId=14780,pune,Hinjawadi,Pizzas,4.2,12K+,1,0,₹350 for two
441447,Burger King,https://www.swiggy.com/dapi/menu/pl?restaurantId=441447,pune,Hinjawadi,"Burgers, American",4.2,17K+,1,0,₹350 for two
89140,KFC,https://www.swiggy.com/dapi/menu/pl?restaurantId=89140,pune,Hinjawadi,"Burgers, Fast Food, Rolls & Wraps",4.2,18K+,1,0,₹400 for two
23716,McDonald's,https://www.swiggy.com/dapi/menu/pl?restaurantId=23716,pune,Hinjawadi,"Burgers, Beverages, Cafe, Desserts",4.3,47K+,1,0,₹400 for two
3417,Subway,https://www.swiggy.com/dapi/menu/pl?restaurantId=3417,pune,Hinjawadi,"sandwich, Salads, wrap, Healthy Food",4,15K+,1,0,₹350 for two
673425,Wow! Momo,https://www.swiggy.com/dapi/menu/pl?restaurantId=673425,pune,RGI Park,"Momos, Chinese, fastfood, Asian, Beverages",4,910,1,0,₹300 for two
759076,The Belgian Waffle Co.,https://www.swiggy.com/dapi/menu/pl?restaurantId=759076,pune,HINJEWADI,"Waffle, Desserts, Ice Cream",4.6,1.3K+,1,0,₹200 for two
732719,Theobroma,https://www.swiggy.com/dapi/menu/pl?restaurantId=732719,pune,Hinjawadi,Desserts,4.4,2.1K+,1,0,₹400 for two
575285,Wendy's Burgers,https://www.swiggy.com/dapi/menu/pl?restaurantId=575285,pune,Hinjawadi,"Burgers, American, Fast Food, Snacks",4.3,4.6K+,1,0,₹200 for two
575206,Veg Darbar by Behrouz Biryani,https://www.swiggy.com/dapi/menu/pl?restaurantId=575206,pune,Hinjawadi,"Biryani, North Indian, Kebabs, Mughlai, Beverages, Desserts",3.9,78,1,0,₹700 for two
837984,The Pizza Project by Oven Story,https://www.swiggy.com/dapi/menu/pl?restaurantId=837984,pune,Hinjawadi,"Pizzas, Italian, Desserts, Beverages",4,101,1,0,₹400 for two
801421,Makhani Darbar,https://www.swiggy.com/dapi/menu/pl?restaurantId=801421,pune,Bhatewara nagar,"Biryani, North Indian, Kebabs, Mughlai, Beverages, Desserts",4.3,50,1,0,₹500 for two
872653,Good Flippin' Burgers,https://www.swiggy.com/dapi/menu/pl?restaurantId=872653,pune,Hinjawadi,"Burgers, American, Fast Food",4.4,1.9K+,1,0,₹600 for two
182075,Pind Punjab,https://www.swiggy.com/dapi/menu/pl?restaurantId=182075,pune,Hinjawadi,"North Indian, Punjabi, Chinese, Biryani, Thalis, Mughlai, Beverages, Desserts, Indian",4.2,29K+,1,0,₹450 for two
427774,Chaayos Chai+Snacks=Relax,https://www.swiggy.com/dapi/menu/pl?restaurantId=427774,pune,Hinjawadi,"Beverages, Chaat, Snacks, Bakery, Street Food, healthy, Home Food, Maharashtrian, Italian, Desserts",4.5,4.2K+,1,0,₹250 for two
263879,Veg Meals By LunchBox,https://www.swiggy.com/dapi/menu/pl?restaurantId=263879,pune,Hinjewadi,"Biryani, North Indian, Desserts, Beverages",4.4,284,1,0,₹200 for two
770174,Go Zero Ice Creams & Desserts,https://www.swiggy.com/dapi/menu/pl?restaurantId=770174,pune,Hinjewadi,"Ice Cream, Desserts, Healthy Food",4.5,363,1,0,₹150 for two
395196,McDonald's Gourmet Burger Collection,https://www.swiggy.com/dapi/menu/pl?restaurantId=395196,pune,Hinjawadi,"Burgers, Beverages, Cafe, Desserts",4.4,160,1,0,₹600 for two
407291,Taco Bell,https://www.swiggy.com/dapi/menu/pl?restaurantId=407291,pune,Hinjawadi,"Mexican, Fast Food, Snacks",4.3,2.7K+,1,0,₹300 for two
352810,Grameen Kulfi,https://www.swiggy.com/dapi/menu/pl?restaurantId=352810,pune,Hinjawadi,"Ice Cream, Desserts",4.8,873,1,0,₹120 for two
14780,Pizza Hut,https://www.swiggy.com/dapi/menu/pl?restaurantId=14780,pune,Hinjawadi,Pizzas,4.2,12K+,1,0,₹350 for two
441447,Burger King,https://www.swiggy.com/dapi/menu/pl?restaurantId=441447,pune,Hinjawadi,"Burgers, American",4.2,17K+,1,0,₹350 for two
89140,KFC,https://www.swiggy.com/dapi/menu/pl?restaurantId=89140,pune,Hinjawadi,"Burgers, Fast Food, Rolls & Wraps",4.2,18K+,1,0,₹400 for two
23716,McDonald's,https://www.swiggy.com/dapi/menu/pl?restaurantId=23716,pune,Hinjawadi,"Burgers, Beverages, Cafe, Desserts",4.3,47K+,1,0,₹400 for two
434329,Rohit Wadewale Marunji,https://www.swiggy.com/dapi/menu/pl?restaurantId=434329,pune,Hinjawadi,"Maharashtrian, Snacks, Beverages, Fast Food, Indian",4.5,2.0K+,1,0,₹200 for two
732719,Theobroma,https://www.swiggy.com/dapi/menu/pl?restaurantId=732719,pune,Hinjawadi,Desserts,4.4,2.1K+,1,0,₹400 for two
3417,Subway,https://www.swiggy.com/dapi/menu/pl?restaurantId=3417,pune,Hinjawadi,"sandwich, Salads, wrap, Healthy Food",4,15K+,1,0,₹350 for two
673425,Wow! Momo,https://www.swiggy.com/dapi/menu/pl?restaurantId=673425,pune,RGI Park,"Momos, Chinese, fastfood, Asian, Beverages",4,910,1,0,₹300 for two
14780,Pizza Hut,https://www.swiggy.com/dapi/menu/pl?restaurantId=14780,pune,Hinjawadi,Pizzas,4.2,12K+,1,0,₹350 for two
441447,Burger King,https://www.swiggy.com/dapi/menu/pl?restaurantId=441447,pune,Hinjawadi,"Burgers, American",4.2,17K+,1,0,₹350 for two
89140,KFC,https://www.swiggy.com/dapi/menu/pl?restaurantId=89140,pune,Hinjawadi,"Burgers, Fast Food, Rolls & Wraps",4.2,18K+,1,0,₹400 for two
23716,McDonald's,https://www.swiggy.com/dapi/menu/pl?restaurantId=23716,pune,Hinjawadi,"Burgers, Beverages, Cafe, Desserts",4.3,47K+,1,0,₹400 for two
3417,Subway,https://www.swiggy.com/dapi/menu/pl?restaurantId=3417,pune,Hinjawadi,"sandwich, Salads, wrap, Healthy Food",4,15K+,1,0,₹350 for two
673425,Wow! Momo,https://www.swiggy.com/dapi/menu/pl?restaurantId=673425,pune,RGI Park,"Momos, Chinese, fastfood, Asian, Beverages",4,910,1,0,₹300 for two
759076,The Belgian Waffle Co.,https://www.swiggy.com/dapi/menu/pl?restaurantId=759076,pune,HINJEWADI,"Waffle, Desserts, Ice Cream",4.6,1.3K+,1,0,₹200 for two
732719,Theobroma,https://www.swiggy.com/dapi/menu/pl?restaurantId=732719,pune,Hinjawadi,Desserts,4.4,2.1K+,1,0,₹400 for two
575285,Wendy's Burgers,https://www.swiggy.com/dapi/menu/pl?restaurantId=575285,pune,Hinjawadi,"Burgers, American, Fast Food, Snacks",4.3,4.6K+,1,0,₹200 for two
575206,Veg Darbar by Behrouz Biryani,https://www.swiggy.com/dapi/menu/pl?restaurantId=575206,pune,Hinjawadi,"Biryani, North Indian, Kebabs, Mughlai, Beverages, Desserts",3.9,78,1,0,₹700 for two
837984,The Pizza Project by Oven Story,https://www.swiggy.com/dapi/menu/pl?restaurantId=837984,pune,Hinjawadi,"Pizzas, Italian, Desserts, Beverages",4,101,1,0,₹400 for two
801421,Makhani Darbar,https://www.swiggy.com/dapi/menu/pl?restaurantId=801421,pune,Bhatewara nagar,"Biryani, North Indian, Kebabs, Mughlai, Beverages, Desserts",4.3,50,1,0,₹500 for two
872653,Good Flippin' Burgers,https://www.swiggy.com/dapi/menu/pl?restaurantId=872653,pune,Hinjawadi,"Burgers, American, Fast Food",4.4,1.9K+,1,0,₹600 for two
182075,Pind Punjab,https://www.swiggy.com/dapi/menu/pl?restaurantId=182075,pune,Hinjawadi,"North Indian, Punjabi, Chinese, Biryani, Thalis, Mughlai, Beverages, Desserts, Indian",4.2,29K+,1,0,₹450 for two
427774,Chaayos Chai+Snacks=Relax,https://www.swiggy.com/dapi/menu/pl?restaurantId=427774,pune,Hinjawadi,"Beverages, Chaat, Snacks, Bakery, Street Food, healthy, Home Food, Maharashtrian, Italian, Desserts",4.5,4.2K+,1,0,₹250 for two
263879,Veg Meals By LunchBox,https://www.swiggy.com/dapi/menu/pl?restaurantId=263879,pune,Hinjewadi,"Biryani, North Indian, Desserts, Beverages",4.4,284,1,0,₹200 for two
770174,Go Zero Ice Creams & Desserts,https://www.swiggy.com/dapi/menu/pl?restaurantId=770174,pune,Hinjewadi,"Ice Cream, Desserts, Healthy Food",4.5,363,1,0,₹150 for two
395196,McDonald's Gourmet Burger Collection,https://www.swiggy.com/dapi/menu/pl?restaurantId=395196,pune,Hinjawadi,"Burgers, Beverages, Cafe, Desserts",4.4,160,1,0,₹600 for two
407291,Taco Bell,https://www.swiggy.com/dapi/menu/pl?restaurantId=407291,pune,Hinjawadi,"Mexican, Fast Food, Snacks",4.3,2.7K+,1,0,₹300 for two
352810,Grameen Kulfi,https://www.swiggy.com/dapi/menu/pl?restaurantId=352810,pune,Hinjawadi,"Ice Cream, Desserts",4.8,873,1,0,₹120 for two
14780,Pizza Hut,https://www.swiggy.com/dapi/menu/pl?restaurantId=14780,pune,Hinjawadi,Pizzas,4.2,12K+,1,0,₹350 for two
441447,Burger King,https://www.swiggy.com/dapi/menu/pl?restaurantId=441447,pune,Hinjawadi,"Burgers, American",4.2,17K+,1,0,₹350 for two
89140,KFC,https://www.swiggy.com/dapi/menu/pl?restaurantId=89140,pune,Hinjawadi,"Burgers, Fast Food, Rolls & Wraps",4.2,18K+,1,0,₹400 for two
23716,McDonald's,https://www.swiggy.com/dapi/menu/pl?restaurantId=23716,pune,Hinjawadi,"Burgers, Beverages, Cafe, Desserts",4.3,47K+,1,0,₹400 for two
434329,Rohit Wadewale Marunji,https://www.swiggy.com/dapi/menu/pl?restaurantId=434329,pune,Hinjawadi,"Maharashtrian, Snacks, Beverages, Fast Food, Indian",4.5,2.0K+,1,0,₹200 for two
732719,Theobroma,https://www.swiggy.com/dapi/menu/pl?restaurantId=732719,pune,Hinjawadi,Desserts,4.4,2.1K+,1,0,₹400 for two
3417,Subway,https://www.swiggy.com/dapi/menu/pl?restaurantId=3417,pune,Hinjawadi,"sandwich, Salads, wrap, Healthy Food",4,15K+,1,0,₹350 for two
673425,Wow! Momo,https://www.swiggy.com/dapi/menu/pl?restaurantId=673425,pune,RGI Park,"Momos, Chinese, fastfood, Asian, Beverages",4,910,1,0,₹300 for two
73434,Pizza Hut,https://www.swiggy.com/dapi/menu/pl?restaurantId=73434,pune,Baner,Pizzas,4.2,10K+,1,0,₹350 for two
560795,McDonald's,https://www.swiggy.com/dapi/menu/pl?restaurantId=560795,pune,Baner,"Burgers, Beverages, Cafe, Desserts",4.5,7.8K+,1,0,₹400 for two
565123,Burger King,https://www.swiggy.com/dapi/menu/pl?restaurantId=565123,pune,Baner,"Burgers, American",4.3,13K+,1,0,₹350 for two
24420,Domino's Pizza,https://www.swiggy.com/dapi/menu/pl?restaurantId=24420,pune,Baner,"Pizzas, Italian, Pastas, Desserts",4.1,17K+,1,0,₹400 for two
16058,KFC,https://www.swiggy.com/dapi/menu/pl?restaurantId=16058,pune,Baner,"Burgers, Fast Food, Rolls & Wraps",4.1,21K+,1,0,₹400 for two
238146,Theobroma,https://www.swiggy.com/dapi/menu/pl?restaurantId=238146,pune,Baner,"Bakery, Desserts",4.6,9.3K+,1,0,₹400 for two
857414,Bakingo,https://www.swiggy.com/dapi/menu/pl?restaurantId=857414,pune,Wing Laxmi Palace Apartment Condominium,"Bakery, Desserts, Beverages, Snacks",4.6,3.1K+,1,0,₹299 for two
2243,Subway,https://www.swiggy.com/dapi/menu/pl?restaurantId=2243,pune,Balewadi,"sandwich, Salads, wrap, Healthy Food",4.1,19K+,1,0,₹350 for two
35790,The Belgian Waffle Co.,https://www.swiggy.com/dapi/menu/pl?restaurantId=35790,pune,Balewadi,"Waffle, Desserts, Ice Cream, Beverages",4.6,10K+,1,0,₹200 for two
2057,"Eatsome- Wraps , Rolls & Biryani",https://www.swiggy.com/dapi/menu/pl?restaurantId=2057,pune,Baner,"North Indian, Biryani, Snacks, Street Food, Beverages",4.4,31K+,1,0,₹300 for two
804128,Good Flippin' Burgers,https://www.swiggy.com/dapi/menu/pl?restaurantId=804128,pune,Baner,"Burgers, American, Fast Food",4.6,3.6K+,1,0,₹600 for two
2053,RushHrs,https://www.swiggy.com/dapi/menu/pl?restaurantId=2053,pune,Baner,"Burgers, American, Salads, Fast Food, Desserts",4.5,26K+,1,0,₹250 for two
479583,Chinese Wok,https://www.swiggy.com/dapi/menu/pl?restaurantId=479583,pune,Baner,"Chinese, Asian, Tibetan, Desserts",4.2,6.1K+,1,0,₹250 for two
427518,Taco Bell,https://www.swiggy.com/dapi/menu/pl?restaurantId=427518,pune,Baner,"Mexican, Fast Food, Snacks",4.4,3.8K+,1,0,₹300 for two
284810,Starbucks Coffee,https://www.swiggy.com/dapi/menu/pl?restaurantId=284810,pune,Laxman Nagar,"Beverages, Cafe, Snacks, Desserts, Bakery, Ice Cream",4.3,2.7K+,1,0,₹400 for two
263627,Veg Meals By LunchBox,https://www.swiggy.com/dapi/menu/pl?restaurantId=263627,pune,Balewadi,"Biryani, North Indian, Desserts, Beverages",4.3,498,1,0,₹200 for two
202642,Irani Cafe,https://www.swiggy.com/dapi/menu/pl?restaurantId=202642,pune,Baner,"Tea, Snacks, Fast Food, sandwich, Bakery, Desserts, Street Food, Beverages",4.6,25K+,1,0,₹200 for two
8029,"Rolls Mania - Rolls, Wraps & More",https://www.swiggy.com/dapi/menu/pl?restaurantId=8029,pune,Baner,"Rolls & Wraps, Fast Food, Snacks, Beverages",4.5,14K+,1,0,₹200 for two
837777,The Pizza Project by Oven Story,https://www.swiggy.com/dapi/menu/pl?restaurantId=837777,pune,Balewadi,"Pizzas, Italian, Desserts, Beverages",4,188,1,0,₹400 for two
566178,Faasos Signature Wraps & Rolls,https://www.swiggy.com/dapi/menu/pl?restaurantId=566178,pune,Balewadi,"Fast Food, Snacks, North Indian, Desserts, Beverages",4.1,474,1,0,₹350 for two
73434,Pizza Hut,https://www.swiggy.com/dapi/menu/pl?restaurantId=73434,pune,Baner,Pizzas,4.2,10K+,1,0,₹350 for two
24420,Domino's Pizza,https://www.swiggy.com/dapi/menu/pl?restaurantId=24420,pune,Baner,"Pizzas, Italian, Pastas, Desserts",4.1,17K+,1,0,₹400 for two
560795,McDonald's,https://www.swiggy.com/dapi/menu/pl?restaurantId=560795,pune,Baner,"Burgers, Beverages, Cafe, Desserts",4.5,7.8K+,1,0,₹400 for two
565123,Burger King,https://www.swiggy.com/dapi/menu/pl?restaurantId=565123,pune,Baner,"Burgers, American",4.3,13K+,1,0,₹350 for two
16058,KFC,https://www.swiggy.com/dapi/menu/pl?restaurantId=16058,pune,Baner,"Burgers, Fast Food, Rolls & Wraps",4.1,21K+,1,0,₹400 for two
478113,Momo Bae,https://www.swiggy.com/dapi/menu/pl?restaurantId=478113,pune,Balewadi,"Chinese, Nepalese, Fast Food, Tibetan, Street Food",4.4,2.4K+,1,0,₹200 for two
1196340,Ganesh Bhel (Legacy 1960),https://www.swiggy.com/dapi/menu/pl?restaurantId=1196340,pune,Baner,"Street Food, Snacks",4,231,1,0,₹200 for two
857414,Bakingo,https://www.swiggy.com/dapi/menu/pl?restaurantId=857414,pune,Wing Laxmi Palace Apartment Condominium,"Bakery, Desserts, Beverages, Snacks",4.6,3.1K+,1,0,₹299 for two
73434,Pizza Hut,https://www.swiggy.com/dapi/menu/pl?restaurantId=73434,pune,Baner,Pizzas,4.2,10K+,1,0,₹350 for two
560795,McDonald's,https://www.swiggy.com/dapi/menu/pl?restaurantId=560795,pune,Baner,"Burgers, Beverages, Cafe, Desserts",4.5,7.8K+,1,0,₹400 for two
565123,Burger King,https://www.swiggy.com/dapi/menu/pl?restaurantId=565123,pune,Baner,"Burgers, American",4.3,13K+,1,0,₹350 for two
24420,Domino's Pizza,https://www.swiggy.com/dapi/menu/pl?restaurantId=24420,pune,Baner,"Pizzas, Italian, Pastas, Desserts",4.1,17K+,1,0,₹400 for two
16058,KFC,https://www.swiggy.com/dapi/menu/pl?restaurantId=16058,pune,Baner,"Burgers, Fast Food, Rolls & Wraps",4.1,21K+,1,0,₹400 for two
238146,Theobroma,https://www.swiggy.com/dapi/menu/pl?restaurantId=238146,pune,Baner,"Bakery, Desserts",4.6,9.3K+,1,0,₹400 for two
857414,Bakingo,https://www.swiggy.com/dapi/menu/pl?restaurantId=857414,pune,Wing Laxmi Palace Apartment Condominium,"Bakery, Desserts, Beverages, Snacks",4.6,3.1K+,1,0,₹299 for two
2243,Subway,https://www.swiggy.com/dapi/menu/pl?restaurantId=2243,pune,Balewadi,"sandwich, Salads, wrap, Healthy Food",4.1,19K+,1,0,₹350 for two
35790,The Belgian Waffle Co.,https://www.swiggy.com/dapi/menu/pl?restaurantId=35790,pune,Balewadi,"Waffle, Desserts, Ice Cream, Beverages",4.6,10K+,1,0,₹200 for two
2057,"Eatsome- Wraps , Rolls & Biryani",https://www.swiggy.com/dapi/menu/pl?restaurantId=2057,pune,Baner,"North Indian, Biryani, Snacks, Street Food, Beverages",4.4,31K+,1,0,₹300 for two
804128,Good Flippin' Burgers,https://www.swiggy.com/dapi/menu/pl?restaurantId=804128,pune,Baner,"Burgers, American, Fast Food",4.6,3.6K+,1,0,₹600 for two
2053,RushHrs,https://www.swiggy.com/dapi/menu/pl?restaurantId=2053,pune,Baner,"Burgers, American, Salads, Fast Food, Desserts",4.5,26K+,1,0,₹250 for two
479583,Chinese Wok,https://www.swiggy.com/dapi/menu/pl?restaurantId=479583,pune,Baner,"Chinese, Asian, Tibetan, Desserts",4.2,6.1K+,1,0,₹250 for two
427518,Taco Bell,https://www.swiggy.com/dapi/menu/pl?restaurantId=427518,pune,Baner,"Mexican, Fast Food, Snacks",4.4,3.8K+,1,0,₹300 for two
284810,Starbucks Coffee,https://www.swiggy.com/dapi/menu/pl?restaurantId=284810,pune,Laxman Nagar,"Beverages, Cafe, Snacks, Desserts, Bakery, Ice Cream",4.3,2.7K+,1,0,₹400 for two
263627,Veg Meals By LunchBox,https://www.swiggy.com/dapi/menu/pl?restaurantId=263627,pune,Balewadi,"Biryani, North Indian, Desserts, Beverages",4.3,498,1,0,₹200 for two
202642,Irani Cafe,https://www.swiggy.com/dapi/menu/pl?restaurantId=202642,pune,Baner,"Tea, Snacks, Fast Food, sandwich, Bakery, Desserts, Street Food, Beverages",4.6,25K+,1,0,₹200 for two
8029,"Rolls Mania - Rolls, Wraps & More",https://www.swiggy.com/dapi/menu/pl?restaurantId=8029,pune,Baner,"Rolls & Wraps, Fast Food, Snacks, Beverages",4.5,14K+,1,0,₹200 for two
837777,The Pizza Project by Oven Story,https://www.swiggy.com/dapi/menu/pl?restaurantId=837777,pune,Balewadi,"Pizzas, Italian, Desserts, Beverages",4,188,1,0,₹400 for two
566178,Faasos Signature Wraps & Rolls,https://www.swiggy.com/dapi/menu/pl?restaurantId=566178,pune,Balewadi,"Fast Food, Snacks, North Indian, Desserts, Beverages",4.1,474,1,0,₹350 for two
73434,Pizza Hut,https://www.swiggy.com/dapi/menu/pl?restaurantId=73434,pune,Baner,Pizzas,4.2,10K+,1,0,₹350 for two
24420,Domino's Pizza,https://www.swiggy.com/dapi/menu/pl?restaurantId=24420,pune,Baner,"Pizzas, Italian, Pastas, Desserts",4.1,17K+,1,0,₹400 for two
560795,McDonald's,https://www.swiggy.com/dapi/menu/pl?restaurantId=560795,pune,Baner,"Burgers, Beverages, Cafe, Desserts",4.5,7.8K+,1,0,₹400 for two
565123,Burger King,https://www.swiggy.com/dapi/menu/pl?restaurantId=565123,pune,Baner,"Burgers, American",4.3,13K+,1,0,₹350 for two
16058,KFC,https://www.swiggy.com/dapi/menu/pl?restaurantId=16058,pune,Baner,"Burgers, Fast Food, Rolls & Wraps",4.1,21K+,1,0,₹400 for two
478113,Momo Bae,https://www.swiggy.com/dapi/menu/pl?restaurantId=478113,pune,Balewadi,"Chinese, Nepalese, Fast Food, Tibetan, Street Food",4.4,2.4K+,1,0,₹200 for two
1196340,Ganesh Bhel (Legacy 1960),https://www.swiggy.com/dapi/menu/pl?restaurantId=1196340,pune,Baner,"Street Food, Snacks",4,231,1,0,₹200 for two
857414,Bakingo,https://www.swiggy.com/dapi/menu/pl?restaurantId=857414,pune,Wing Laxmi Palace Apartment Condominium,"Bakery, Desserts, Beverages, Snacks",4.6,3.1K+,1,0,₹299 for two
14780,Pizza Hut,https://www.swiggy.com/dapi/menu/pl?restaurantId=14780,pune,Hinjawadi,Pizzas,4.2,12K+,1,0,₹350 for two
23716,McDonald's,https://www.swiggy.com/dapi/menu/pl?restaurantId=23716,pune,Hinjawadi,"Burgers, Beverages, Cafe, Desserts",4.3,47K+,1,0,₹400 for two
235110,Domino's Pizza,https://www.swiggy.com/dapi/menu/pl?restaurantId=235110,pune,Wakad,"Pizzas, Italian, Pastas, Desserts",4.2,4.2K+,1,0,₹400 for two
441447,Burger King,https://www.swiggy.com/dapi/menu/pl?restaurantId=441447,pune,Hinjawadi,"Burgers, American",4.2,17K+,1,0,₹350 for two
89140,KFC,https://www.swiggy.com/dapi/menu/pl?restaurantId=89140,pune,Hinjawadi,"Burgers, Fast Food, Rolls & Wraps",4.2,18K+,1,0,₹400 for two
732719,Theobroma,https://www.swiggy.com/dapi/menu/pl?restaurantId=732719,pune,Hinjawadi,Desserts,4.4,2.1K+,1,0,₹400 for two
3417,Subway,https://www.swiggy.com/dapi/menu/pl?restaurantId=3417,pune,Hinjawadi,"sandwich, Salads, wrap, Healthy Food",4,15K+,1,0,₹350 for two
773417,Starbucks Coffee,https://www.swiggy.com/dapi/menu/pl?restaurantId=773417,pune,Wakad,"Beverages, Cafe, Snacks, Desserts, Bakery, Ice Cream",4.3,455,1,0,₹400 for two
695669,Ovenfresh Cakes And Desserts,https://www.swiggy.com/dapi/menu/pl?restaurantId=695669,pune,Hinjewadi,"Bakery, Desserts, Beverages, Ice Cream, Sweets, Juices, Bengali, Pizzas",4.3,330,1,0,₹200 for two
395196,McDonald's Gourmet Burger Collection,https://www.swiggy.com/dapi/menu/pl?restaurantId=395196,pune,Hinjawadi,"Burgers, Beverages, Cafe, Desserts",4.4,160,1,0,₹600 for two
352810,Grameen Kulfi,https://www.swiggy.com/dapi/menu/pl?restaurantId=352810,pune,Hinjawadi,"Ice Cream, Desserts",4.8,873,1,0,₹120 for two
442847,"The Dessert Heaven - Pastry, Brownie and Cakes",https://www.swiggy.com/dapi/menu/pl?restaurantId=442847,pune,Hinjewadi,"Bakery, Desserts, Sweets, Ice Cream",4.5,1.1K+,1,0,₹200 for two
558827,HRX by EatFit,https://www.swiggy.com/dapi/menu/pl?restaurantId=558827,pune,Hinjawadi,"Healthy Food, Salads, Burgers",4.5,1.2K+,1,0,₹450 for two
192294,McCafe by McDonald's,https://www.swiggy.com/dapi/menu/pl?restaurantId=192294,pune,Hinjawadi,"American, Beverages, Desserts",3.3,98,1,0,₹250 for two
323666,Cupcake Bliss Cake & Desserts,https://www.swiggy.com/dapi/menu/pl?restaurantId=323666,pune,Wakad,"Bakery, Desserts, Ice Cream, Beverages, Cakes",3.6,1.0K+,1,0,₹200 for two
872653,Good Flippin' Burgers,https://www.swiggy.com/dapi/menu/pl?restaurantId=872653,pune,Hinjawadi,"Burgers, American, Fast Food",4.4,1.9K+,1,0,₹600 for two
440964,Chaayos Chai+Snacks=Relax,https://www.swiggy.com/dapi/menu/pl?restaurantId=440964,pune,PHOENIX MALL OF THE MILLENNIUM,"Bakery, Beverages, Chaat, Desserts, Home Food, Italian, Maharashtrian, Snacks, Street Food, Sweets",4.6,2.1K+,1,0,₹500 for two
575285,Wendy's Burgers,https://www.swiggy.com/dapi/menu/pl?restaurantId=575285,pune,Hinjawadi,"Burgers, American, Fast Food, Snacks",4.3,4.6K+,1,0,₹200 for two
261405,"Faasos - Wraps, Rolls & Shawarma",https://www.swiggy.com/dapi/menu/pl?restaurantId=261405,pune,Hinjawadi,"Kebabs, Fast Food, Snacks, American, Healthy Food, Desserts, Beverages",4.3,4.5K+,1,0,₹200 for two
263879,Veg Meals By LunchBox,https://www.swiggy.com/dapi/menu/pl?restaurantId=263879,pune,Hinjewadi,"Biryani, North Indian, Desserts, Beverages",4.4,284,1,0,₹200 for two
23716,McDonald's,https://www.swiggy.com/dapi/menu/pl?restaurantId=23716,pune,Hinjawadi,"Burgers, Beverages, Cafe, Desserts",4.3,47K+,1,0,₹400 for two
89140,KFC,https://www.swiggy.com/dapi/menu/pl?restaurantId=89140,pune,Hinjawadi,"Burgers, Fast Food, Rolls & Wraps",4.2,18K+,1,0,₹400 for two
235110,Domino's Pizza,https://www.swiggy.com/dapi/menu/pl?restaurantId=235110,pune,Wakad,"Pizzas, Italian, Pastas, Desserts",4.2,4.2K+,1,0,₹400 for two
441447,Burger King,https://www.swiggy.com/dapi/menu/pl?restaurantId=441447,pune,Hinjawadi,"Burgers, American",4.2,17K+,1,0,₹350 for two
71607,Hotel Vijay - The Taste Of Tamil Nadu,https://www.swiggy.com/dapi/menu/pl?restaurantId=71607,pune,Hinjawadi,"South Indian, Snacks, Fast Food, Indian, Beverages",4.4,13K+,1,0,₹200 for two
19902,Radha Krishna Pure Veg(Hinjewadi),https://www.swiggy.com/dapi/menu/pl?restaurantId=19902,pune,Hinjawadi,"North Indian, Chinese, Punjabi, Snacks",4.1,52K+,1,0,₹300 for two
24002,Amul Restaurant,https://www.swiggy.com/dapi/menu/pl?restaurantId=24002,pune,Wakad,North Indian,4.3,45K+,1,0,₹250 for two
434329,Rohit Wadewale Marunji,https://www.swiggy.com/dapi/menu/pl?restaurantId=434329,pune,Hinjawadi,"Maharashtrian, Snacks, Beverages, Fast Food, Indian",4.5,2.0K+,1,0,₹200 for two
14780,Pizza Hut,https://www.swiggy.com/dapi/menu/pl?restaurantId=14780,pune,Hinjawadi,Pizzas,4.2,12K+,1,0,₹350 for two
23716,McDonald's,https://www.swiggy.com/dapi/menu/pl?restaurantId=23716,pune,Hinjawadi,"Burgers, Beverages, Cafe, Desserts",4.3,47K+,1,0,₹400 for two
235110,Domino's Pizza,https://www.swiggy.com/dapi/menu/pl?restaurantId=235110,pune,Wakad,"Pizzas, Italian, Pastas, Desserts",4.2,4.2K+,1,0,₹400 for two
441447,Burger King,https://www.swiggy.com/dapi/menu/pl?restaurantId=441447,pune,Hinjawadi,"Burgers, American",4.2,17K+,1,0,₹350 for two
89140,KFC,https://www.swiggy.com/dapi/menu/pl?restaurantId=89140,pune,Hinjawadi,"Burgers, Fast Food, Rolls & Wraps",4.2,18K+,1,0,₹400 for two
732719,Theobroma,https://www.swiggy.com/dapi/menu/pl?restaurantId=732719,pune,Hinjawadi,Desserts,4.4,2.1K+,1,0,₹400 for two
3417,Subway,https://www.swiggy.com/dapi/menu/pl?restaurantId=3417,pune,Hinjawadi,"sandwich, Salads, wrap, Healthy Food",4,15K+,1,0,₹350 for two
773417,Starbucks Coffee,https://www.swiggy.com/dapi/menu/pl?restaurantId=773417,pune,Wakad,"Beverages, Cafe, Snacks, Desserts, Bakery, Ice Cream",4.3,455,1,0,₹400 for two
695669,Ovenfresh Cakes And Desserts,https://www.swiggy.com/dapi/menu/pl?restaurantId=695669,pune,Hinjewadi,"Bakery, Desserts, Beverages, Ice Cream, Sweets, Juices, Bengali, Pizzas",4.3,330,1,0,₹200 for two
395196,McDonald's Gourmet Burger Collection,https://www.swiggy.com/dapi/menu/pl?restaurantId=395196,pune,Hinjawadi,"Burgers, Beverages, Cafe, Desserts",4.4,160,1,0,₹600 for two
352810,Grameen Kulfi,https://www.swiggy.com/dapi/menu/pl?restaurantId=352810,pune,Hinjawadi,"Ice Cream, Desserts",4.8,873,1,0,₹120 for two
442847,"The Dessert Heaven - Pastry, Brownie and Cakes",https://www.swiggy.com/dapi/menu/pl?restaurantId=442847,pune,Hinjewadi,"Bakery, Desserts, Sweets, Ice Cream",4.5,1.1K+,1,0,₹200 for two
558827,HRX by EatFit,https://www.swiggy.com/dapi/menu/pl?restaurantId=558827,pune,Hinjawadi,"Healthy Food, Salads, Burgers",4.5,1.2K+,1,0,₹450 for two
192294,McCafe by McDonald's,https://www.swiggy.com/dapi/menu/pl?restaurantId=192294,pune,Hinjawadi,"American, Beverages, Desserts",3.3,98,1,0,₹250 for two
323666,Cupcake Bliss Cake & Desserts,https://www.swiggy.com/dapi/menu/pl?restaurantId=323666,pune,Wakad,"Bakery, Desserts, Ice Cream, Beverages, Cakes",3.6,1.0K+,1,0,₹200 for two
872653,Good Flippin' Burgers,https://www.swiggy.com/dapi/menu/pl?restaurantId=872653,pune,Hinjawadi,"Burgers, American, Fast Food",4.4,1.9K+,1,0,₹600 for two
427774,Chaayos Chai+Snacks=Relax,https://www.swiggy.com/dapi/menu/pl?restaurantId=427774,pune,Hinjawadi,"Beverages, Chaat, Snacks, Bakery, Street Food, healthy, Home Food, Maharashtrian, Italian, Desserts",4.5,4.2K+,1,0,₹250 for two
575285,Wendy's Burgers,https://www.swiggy.com/dapi/menu/pl?restaurantId=575285,pune,Hinjawadi,"Burgers, American, Fast Food, Snacks",4.3,4.6K+,1,0,₹200 for two
261405,"Faasos - Wraps, Rolls & Shawarma",https://www.swiggy.com/dapi/menu/pl?restaurantId=261405,pune,Hinjawadi,"Kebabs, Fast Food, Snacks, American, Healthy Food, Desserts, Beverages",4.3,4.5K+,1,0,₹200 for two
263879,Veg Meals By LunchBox,https://www.swiggy.com/dapi/menu/pl?restaurantId=263879,pune,Hinjewadi,"Biryani, North Indian, Desserts, Beverages",4.4,284,1,0,₹200 for two
23716,McDonald's,https://www.swiggy.com/dapi/menu/pl?restaurantId=23716,pune,Hinjawadi,"Burgers, Beverages, Cafe, Desserts",4.3,47K+,1,0,₹400 for two
89140,KFC,https://www.swiggy.com/dapi/menu/pl?restaurantId=89140,pune,Hinjawadi,"Burgers, Fast Food, Rolls & Wraps",4.2,18K+,1,0,₹400 for two
235110,Domino's Pizza,https://www.swiggy.com/dapi/menu/pl?restaurantId=235110,pune,Wakad,"Pizzas, Italian, Pastas, Desserts",4.2,4.2K+,1,0,₹400 for two
441447,Burger King,https://www.swiggy.com/dapi/menu/pl?restaurantId=441447,pune,Hinjawadi,"Burgers, American",4.2,17K+,1,0,₹350 for two
71607,Hotel Vijay - The Taste Of Tamil Nadu,https://www.swiggy.com/dapi/menu/pl?restaurantId=71607,pune,Hinjawadi,"South Indian, Snacks, Fast Food, Indian, Beverages",4.4,13K+,1,0,₹200 for two
19902,Radha Krishna Pure Veg(Hinjewadi),https://www.swiggy.com/dapi/menu/pl?restaurantId=19902,pune,Hinjawadi,"North Indian, Chinese, Punjabi, Snacks",4.1,52K+,1,0,₹300 for two
24002,Amul Restaurant,https://www.swiggy.com/dapi/menu/pl?restaurantId=24002,pune,Wakad,North Indian,4.3,45K+,1,0,₹250 for two
434329,Rohit Wadewale Marunji,https://www.swiggy.com/dapi/menu/pl?restaurantId=434329,pune,Hinjawadi,"Maharashtrian, Snacks, Beverages, Fast Food, Indian",4.5,2.0K+,1,0,₹200 for two
10841,Pizza Hut,https://www.swiggy.com/dapi/menu/pl?restaurantId=10841,pune,Kothrud,Pizzas,4.3,23K+,1,0,₹350 for two
23722,McDonald's,https://www.swiggy.com/dapi/menu/pl?restaurantId=23722,pune,Kothrud,"Burgers, Beverages, Cafe, Desserts",4.5,30K+,1,0,₹400 for two
752534,KFC,https://www.swiggy.com/dapi/menu/pl?restaurantId=752534,pune,Kothrud,"Burgers, Fast Food, Rolls & Wraps",4.2,3.0K+,1,0,₹400 for two
14548,Burger King,https://www.swiggy.com/dapi/menu/pl?restaurantId=14548,pune,Kothrud,"Burgers, American",4.2,76K+,1,0,₹350 for two
49689,Domino's Pizza,https://www.swiggy.com/dapi/menu/pl?restaurantId=49689,pune,Kothrud,"Pizzas, Italian, Pastas, Desserts",4.3,7.4K+,1,0,₹400 for two
218321,Theobroma,https://www.swiggy.com/dapi/menu/pl?restaurantId=218321,pune,Kothrud,"Bakery, Desserts",4.7,9.4K+,1,0,₹400 for two
213610,Wow! Momo,https://www.swiggy.com/dapi/menu/pl?restaurantId=213610,pune,Kothrud,"Momos, Chinese, fastfood, Asian, Beverages",4.2,3.8K+,1,0,₹200 for two
634272,Subway,https://www.swiggy.com/dapi/menu/pl?restaurantId=634272,pune,Paud Road Kothrud,"sandwich, Salads, wrap, Healthy Food",4.4,5.1K+,1,0,₹350 for two
55760,The Belgian Waffle Co.,https://www.swiggy.com/dapi/menu/pl?restaurantId=55760,pune,Kothrud,"Waffle, Desserts, Ice Cream",4.5,8.9K+,1,0,₹200 for two
229278,"Faasos - Wraps, Rolls & Shawarma",https://www.swiggy.com/dapi/menu/pl?restaurantId=229278,pune,Erandwane,"Kebabs, Fast Food, Snacks, American, Healthy Food, Desserts, Beverages",4.4,6.7K+,1,0,₹200 for two
326931,Chinese Wok,https://www.swiggy.com/dapi/menu/pl?restaurantId=326931,pune,Kothrud,"Chinese, Asian, Tibetan, Desserts",4.3,12K+,1,0,₹300 for two
284807,Starbucks Coffee,https://www.swiggy.com/dapi/menu/pl?restaurantId=284807,pune,Kothrud,"Beverages, Cafe, Snacks, Desserts, Bakery, Ice Cream",4.4,3.3K+,1,0,₹400 for two
607926,Goila Butter Chicken,https://www.swiggy.com/dapi/menu/pl?restaurantId=607926,pune,KOTHRUD,"North Indian, Biryani, Kebabs, Desserts",4,2.1K+,1,0,₹600 for two
395232,McDonald's Gourmet Burger Collection,https://www.swiggy.com/dapi/menu/pl?restaurantId=395232,pune,Kothrud,"Burgers, Beverages, Cafe, Desserts",4.4,427,1,0,₹600 for two
678323,Go Zero Ice Creams & Desserts,https://www.swiggy.com/dapi/menu/pl?restaurantId=678323,pune,Kothrud,"Ice Cream, Desserts, Healthy Food",4.6,422,1,0,₹150 for two
326982,The Momo Co.,https://www.swiggy.com/dapi/menu/pl?restaurantId=326982,pune,Kothrud,"Chinese, Asian, Tibetan, Desserts",3.7,429,1,0,₹300 for two
192259,McCafe by McDonald's,https://www.swiggy.com/dapi/menu/pl?restaurantId=192259,pune,Kothrud,"American, Beverages, Desserts",4.1,92,1,0,₹250 for two
213645,Cupcake Bliss Cake & Desserts,https://www.swiggy.com/dapi/menu/pl?restaurantId=213645,pune,Erandwane,"Bakery, Desserts, Ice Cream, Beverages, Cakes",4.2,1.3K+,1,0,₹200 for two
213655,Indiana Burgers,https://www.swiggy.com/dapi/menu/pl?restaurantId=213655,pune,Kothrud,"Burgers, American, Fast Food, Beverages, Desserts",3.7,1.1K+,1,0,₹150 for two
608958,GetAWay-Ice Creams & Desserts,https://www.swiggy.com/dapi/menu/pl?restaurantId=608958,pune,Kothrud,"Ice Cream, Desserts, Healthy Food",4.5,463,1,0,₹150 for two
10841,Pizza Hut,https://www.swiggy.com/dapi/menu/pl?restaurantId=10841,pune,Kothrud,Pizzas,4.3,23K+,1,0,₹350 for two
752534,KFC,https://www.swiggy.com/dapi/menu/pl?restaurantId=752534,pune,Kothrud,"Burgers, Fast Food, Rolls & Wraps",4.2,3.0K+,1,0,₹400 for two
14548,Burger King,https://www.swiggy.com/dapi/menu/pl?restaurantId=14548,pune,Kothrud,"Burgers, American",4.2,76K+,1,0,₹350 for two
49689,Domino's Pizza,https://www.swiggy.com/dapi/menu/pl?restaurantId=49689,pune,Kothrud,"Pizzas, Italian, Pastas, Desserts",4.3,7.4K+,1,0,₹400 for two
1191077,Maks Kitchen,https://www.swiggy.com/dapi/menu/pl?restaurantId=1191077,pune,Kothrud,Fast Food,4.9,34,1,0,₹200 for two
62408,Jayesh A1 Sandwiches,https://www.swiggy.com/dapi/menu/pl?restaurantId=62408,pune,Kothrud,"Fast Food, Pizzas, Burgers, sandwich, Beverages",4.6,11K+,1,0,₹200 for two
1222770,California Burrito,https://www.swiggy.com/dapi/menu/pl?restaurantId=1222770,pune,Kothrud,"Mexican, American, Salad, Continental, Keto, Healthy Food, Beverages, Snacks, Desserts, Fast Food",4.6,467,1,0,₹250 for two
438162,Gokhales Kitchen,https://www.swiggy.com/dapi/menu/pl?restaurantId=438162,pune,Karve Nagar,"Thalis, Street Food, South Indian, Maharashtrian",4.5,5.7K+,1,0,₹200 for two
10841,Pizza Hut,https://www.swiggy.com/dapi/menu/pl?restaurantId=10841,pune,Kothrud,Pizzas,4.3,23K+,1,0,₹350 for two
23722,McDonald's,https://www.swiggy.com/dapi/menu/pl?restaurantId=23722,pune,Kothrud,"Burgers, Beverages, Cafe, Desserts",4.5,30K+,1,0,₹400 for two
752534,KFC,https://www.swiggy.com/dapi/menu/pl?restaurantId=752534,pune,Kothrud,"Burgers, Fast Food, Rolls & Wraps",4.2,3.0K+,1,0,₹400 for two
14548,Burger King,https://www.swiggy.com/dapi/menu/pl?restaurantId=14548,pune,Kothrud,"Burgers, American",4.2,76K+,1,0,₹350 for two
49689,Domino's Pizza,https://www.swiggy.com/dapi/menu/pl?restaurantId=49689,pune,Kothrud,"Pizzas, Italian, Pastas, Desserts",4.3,7.4K+,1,0,₹400 for two
218321,Theobroma,https://www.swiggy.com/dapi/menu/pl?restaurantId=218321,pune,Kothrud,"Bakery, Desserts",4.7,9.4K+,1,0,₹400 for two
213610,Wow! Momo,https://www.swiggy.com/dapi/menu/pl?restaurantId=213610,pune,Kothrud,"Momos, Chinese, fastfood, Asian, Beverages",4.2,3.8K+,1,0,₹200 for two
634272,Subway,https://www.swiggy.com/dapi/menu/pl?restaurantId=634272,pune,Paud Road Kothrud,"sandwich, Salads, wrap, Healthy Food",4.4,5.1K+,1,0,₹350 for two
55760,The Belgian Waffle Co.,https://www.swiggy.com/dapi/menu/pl?restaurantId=55760,pune,Kothrud,"Waffle, Desserts, Ice Cream",4.5,8.9K+,1,0,₹200 for two
229278,"Faasos - Wraps, Rolls & Shawarma",https://www.swiggy.com/dapi/menu/pl?restaurantId=229278,pune,Erandwane,"Kebabs, Fast Food, Snacks, American, Healthy Food, Desserts, Beverages",4.4,6.7K+,1,0,₹200 for two
326931,Chinese Wok,https://www.swiggy.com/dapi/menu/pl?restaurantId=326931,pune,Kothrud,"Chinese, Asian, Tibetan, Desserts",4.3,12K+,1,0,₹300 for two
284807,Starbucks Coffee,https://www.swiggy.com/dapi/menu/pl?restaurantId=284807,pune,Kothrud,"Beverages, Cafe, Snacks, Desserts, Bakery, Ice Cream",4.4,3.3K+,1,0,₹400 for two
607926,Goila Butter Chicken,https://www.swiggy.com/dapi/menu/pl?restaurantId=607926,pune,KOTHRUD,"North Indian, Biryani, Kebabs, Desserts",4,2.1K+,1,0,₹600 for two
395232,McDonald's Gourmet Burger Collection,https://www.swiggy.com/dapi/menu/pl?restaurantId=395232,pune,Kothrud,"Burgers, Beverages, Cafe, Desserts",4.4,427,1,0,₹600 for two
678323,Go Zero Ice Creams & Desserts,https://www.swiggy.com/dapi/menu/pl?restaurantId=678323,pune,Kothrud,"Ice Cream, Desserts, Healthy Food",4.6,422,1,0,₹150 for two
326982,The Momo Co.,https://www.swiggy.com/dapi/menu/pl?restaurantId=326982,pune,Kothrud,"Chinese, Asian, Tibetan, Desserts",3.7,429,1,0,₹300 for two
192259,McCafe by McDonald's,https://www.swiggy.com/dapi/menu/pl?restaurantId=192259,pune,Kothrud,"American, Beverages, Desserts",4.1,92,1,0,₹250 for two
213645,Cupcake Bliss Cake & Desserts,https://www.swiggy.com/dapi/menu/pl?restaurantId=213645,pune,Erandwane,"Bakery, Desserts, Ice Cream, Beverages, Cakes",4.2,1.3K+,1,0,₹200 for two
213655,Indiana Burgers,https://www.swiggy.com/dapi/menu/pl?restaurantId=213655,pune,Kothrud,"Burgers, American, Fast Food, Beverages, Desserts",3.7,1.1K+,1,0,₹150 for two
608958,GetAWay-Ice Creams & Desserts,https://www.swiggy.com/dapi/menu/pl?restaurantId=608958,pune,Kothrud,"Ice Cream, Desserts, Healthy Food",4.5,463,1,0,₹150 for two
10841,Pizza Hut,https://www.swiggy.com/dapi/menu/pl?restaurantId=10841,pune,Kothrud,Pizzas,4.3,23K+,1,0,₹350 for two
752534,KFC,https://www.swiggy.com/dapi/menu/pl?restaurantId=752534,pune,Kothrud,"Burgers, Fast Food, Rolls & Wraps",4.2,3.0K+,1,0,₹400 for two
14548,Burger King,https://www.swiggy.com/dapi/menu/pl?restaurantId=14548,pune,Kothrud,"Burgers, American",4.2,76K+,1,0,₹350 for two
49689,Domino's Pizza,https://www.swiggy.com/dapi/menu/pl?restaurantId=49689,pune,Kothrud,"Pizzas, Italian, Pastas, Desserts",4.3,7.4K+,1,0,₹400 for two
1191077,Maks Kitchen,https://www.swiggy.com/dapi/menu/pl?restaurantId=1191077,pune,Kothrud,Fast Food,4.9,34,1,0,₹200 for two
62408,Jayesh A1 Sandwiches,https://www.swiggy.com/dapi/menu/pl?restaurantId=62408,pune,Kothrud,"Fast Food, Pizzas, Burgers, sandwich, Beverages",4.6,11K+,1,0,₹200 for two
1222770,California Burrito,https://www.swiggy.com/dapi/menu/pl?restaurantId=1222770,pune,Kothrud,"Mexican, American, Salad, Continental, Keto, Healthy Food, Beverages, Snacks, Desserts, Fast Food",4.6,467,1,0,₹250 for two
438162,Gokhales Kitchen,https://www.swiggy.com/dapi/menu/pl?restaurantId=438162,pune,Karve Nagar,"Thalis, Street Food, South Indian, Maharashtrian",4.5,5.7K+,1,0,₹200 for two
10290,Pizza Hut,https://www.swiggy.com/dapi/menu/pl?restaurantId=10290,pune,Kalyani Nagar,Pizzas,4.3,10K+,1,0,₹350 for two
65583,McDonald's,https://www.swiggy.com/dapi/menu/pl?restaurantId=65583,pune,Viman Nagar,"Burgers, Beverages, Cafe, Desserts",4.6,23K+,1,0,₹400 for two
25462,Domino's Pizza,https://www.swiggy.com/dapi/menu/pl?restaurantId=25462,pune,Viman Nagar,"Pizzas, Italian, Pastas, Desserts",4.2,20K+,1,0,₹400 for two
16064,KFC,https://www.swiggy.com/dapi/menu/pl?restaurantId=16064,pune,Viman Nagar,"Burgers, Fast Food, Rolls & Wraps",4.3,17K+,1,0,₹400 for two
5928,Burger King,https://www.swiggy.com/dapi/menu/pl?restaurantId=5928,pune,Viman Nagar,"Burgers, American",4.1,43K+,1,0,₹350 for two
188935,Theobroma,https://www.swiggy.com/dapi/menu/pl?restaurantId=188935,pune,Viman Nagar,"Bakery, Desserts",4.6,7.4K+,1,0,₹400 for two
864947,Bakingo,https://www.swiggy.com/dapi/menu/pl?restaurantId=864947,pune,"Wadagaon Sheri, Haveli","Bakery, Desserts, Beverages, Snacks",4.5,4.2K+,1,0,₹299 for two
8777,Subway,https://www.swiggy.com/dapi/menu/pl?restaurantId=8777,pune,Town Square Shopping Centre,"sandwich, Salads, wrap, Healthy Food",4.3,25K+,1,0,₹350 for two
3165,"Eatsome- Wraps , Rolls & Biryani",https://www.swiggy.com/dapi/menu/pl?restaurantId=3165,pune,Viman Nagar,"North Indian, Street Food, Biryani, Snacks, Beverages",4.3,26K+,1,0,₹300 for two
548595,Cha Hong Kong Eating House,https://www.swiggy.com/dapi/menu/pl?restaurantId=548595,pune,Viman Nagar,"Chinese, Sushi, Asian, Japanese, Desert ",4.4,885,1,0,₹600 for two
48332,Royce' Chocolate,https://www.swiggy.com/dapi/menu/pl?restaurantId=48332,pune,Viman Nagar,Desserts,5,294,1,0,₹750 for two
681514,LeanCrust Pizza- ThinCrust Experts,https://www.swiggy.com/dapi/menu/pl?restaurantId=681514,pune,Viman Nagar,"Pizzas, Italian, Desserts",4.7,632,1,0,₹300 for two
35788,The Belgian Waffle Co.,https://www.swiggy.com/dapi/menu/pl?restaurantId=35788,pune,Viman Nagar,"Waffle, Desserts, Ice Cream",4.6,13K+,1,0,₹200 for two
3383,Falahaar,https://www.swiggy.com/dapi/menu/pl?restaurantId=3383,pune,Viman Nagar,"Pizzas, Beverages, American, sandwich, Chinese, Juices",4.6,22K+,1,0,₹350 for two
639450,Dum Safar Biryani,https://www.swiggy.com/dapi/menu/pl?restaurantId=639450,pune,Kalyani Nagar,"Biryani, Hyderabadi, Kebabs, North Indian, barbeque",4.2,1.4K+,1,0,₹500 for two
678576,Blue Tokai Coffee Roasters,https://www.swiggy.com/dapi/menu/pl?restaurantId=678576,pune,Viman Nagar,"Cafe, Coffee, Beverages",4.5,566,1,0,₹600 for two
288391,Starbucks Coffee,https://www.swiggy.com/dapi/menu/pl?restaurantId=288391,pune,Viman Nagar,"Beverages, Cafe, Snacks, Desserts, Bakery, Ice Cream",4.4,710,1,0,₹400 for two
576021,Go Zero Ice Creams & Desserts,https://www.swiggy.com/dapi/menu/pl?restaurantId=576021,pune,Viman Nagar,"Ice Cream, Desserts, Healthy Food",4.7,253,1,0,₹150 for two
382700,Gourmet Ice Cream Cakes by Baskin Robbins,https://www.swiggy.com/dapi/menu/pl?restaurantId=382700,pune,Viman Nagar,"Ice Cream Cakes, Desserts, Ice Cream, Bakery",4.9,45,1,0,₹250 for two
423125,Mahesh Lunch Home,https://www.swiggy.com/dapi/menu/pl?restaurantId=423125,pune,Viman Nagar,Indian,4.3,988,1,0,₹900 for two
10290,Pizza Hut,https://www.swiggy.com/dapi/menu/pl?restaurantId=10290,pune,Kalyani Nagar,Pizzas,4.3,10K+,1,0,₹350 for two
65583,McDonald's,https://www.swiggy.com/dapi/menu/pl?restaurantId=65583,pune,Viman Nagar,"Burgers, Beverages, Cafe, Desserts",4.6,23K+,1,0,₹400 for two
16064,KFC,https://www.swiggy.com/dapi/menu/pl?restaurantId=16064,pune,Viman Nagar,"Burgers, Fast Food, Rolls & Wraps",4.3,17K+,1,0,₹400 for two
25462,Domino's Pizza,https://www.swiggy.com/dapi/menu/pl?restaurantId=25462,pune,Viman Nagar,"Pizzas, Italian, Pastas, Desserts",4.2,20K+,1,0,₹400 for two
5928,Burger King,https://www.swiggy.com/dapi/menu/pl?restaurantId=5928,pune,Viman Nagar,"Burgers, American",4.1,43K+,1,0,₹350 for two
864947,Bakingo,https://www.swiggy.com/dapi/menu/pl?restaurantId=864947,pune,"Wadagaon Sheri, Haveli","Bakery, Desserts, Beverages, Snacks",4.5,4.2K+,1,0,₹299 for two
188935,Theobroma,https://www.swiggy.com/dapi/menu/pl?restaurantId=188935,pune,Viman Nagar,"Bakery, Desserts",4.6,7.4K+,1,0,₹400 for two
8777,Subway,https://www.swiggy.com/dapi/menu/pl?restaurantId=8777,pune,Town Square Shopping Centre,"sandwich, Salads, wrap, Healthy Food",4.3,25K+,1,0,₹350 for two
10290,Pizza Hut,https://www.swiggy.com/dapi/menu/pl?restaurantId=10290,pune,Kalyani Nagar,Pizzas,4.3,10K+,1,0,₹350 for two
65583,McDonald's,https://www.swiggy.com/dapi/menu/pl?restaurantId=65583,pune,Viman Nagar,"Burgers, Beverages, Cafe, Desserts",4.6,23K+,1,0,₹400 for two
25462,Domino's Pizza,https://www.swiggy.com/dapi/menu/pl?restaurantId=25462,pune,Viman Nagar,"Pizzas, Italian, Pastas, Desserts",4.2,20K+,1,0,₹400 for two
16064,KFC,https://www.swiggy.com/dapi/menu/pl?restaurantId=16064,pune,Viman Nagar,"Burgers, Fast Food, Rolls & Wraps",4.3,17K+,1,0,₹400 for two
5928,Burger King,https://www.swiggy.com/dapi/menu/pl?restaurantId=5928,pune,Viman Nagar,"Burgers, American",4.1,43K+,1,0,₹350 for two
188935,Theobroma,https://www.swiggy.com/dapi/menu/pl?restaurantId=188935,pune,Viman Nagar,"Bakery, Desserts",4.6,7.4K+,1,0,₹400 for two
864947,Bakingo,https://www.swiggy.com/dapi/menu/pl?restaurantId=864947,pune,"Wadagaon Sheri, Haveli","Bakery, Desserts, Beverages, Snacks",4.5,4.2K+,1,0,₹299 for two
8777,Subway,https://www.swiggy.com/dapi/menu/pl?restaurantId=8777,pune,Town Square Shopping Centre,"sandwich, Salads, wrap, Healthy Food",4.3,25K+,1,0,₹350 for two
3165,"Eatsome- Wraps , Rolls & Biryani",https://www.swiggy.com/dapi/menu/pl?restaurantId=3165,pune,Viman Nagar,"North Indian, Street Food, Biryani, Snacks, Beverages",4.3,26K+,1,0,₹300 for two
548595,Cha Hong Kong Eating House,https://www.swiggy.com/dapi/menu/pl?restaurantId=548595,pune,Viman Nagar,"Chinese, Sushi, Asian, Japanese, Desert ",4.4,885,1,0,₹600 for two
48332,Royce' Chocolate,https://www.swiggy.com/dapi/menu/pl?restaurantId=48332,pune,Viman Nagar,Desserts,5,294,1,0,₹750 for two
681514,LeanCrust Pizza- ThinCrust Experts,https://www.swiggy.com/dapi/menu/pl?restaurantId=681514,pune,Viman Nagar,"Pizzas, Italian, Desserts",4.7,632,1,0,₹300 for two
35788,The Belgian Waffle Co.,https://www.swiggy.com/dapi/menu/pl?restaurantId=35788,pune,Viman Nagar,"Waffle, Desserts, Ice Cream",4.6,13K+,1,0,₹200 for two
3383,Falahaar,https://www.swiggy.com/dapi/menu/pl?restaurantId=3383,pune,Viman Nagar,"Pizzas, Beverages, American, sandwich, Chinese, Juices",4.6,22K+,1,0,₹350 for two
639450,Dum Safar Biryani,https://www.swiggy.com/dapi/menu/pl?restaurantId=639450,pune,Kalyani Nagar,"Biryani, Hyderabadi, Kebabs, North Indian, barbeque",4.2,1.4K+,1,0,₹500 for two
678576,Blue Tokai Coffee Roasters,https://www.swiggy.com/dapi/menu/pl?restaurantId=678576,pune,Viman Nagar,"Cafe, Coffee, Beverages",4.5,566,1,0,₹600 for two
288391,Starbucks Coffee,https://www.swiggy.com/dapi/menu/pl?restaurantId=288391,pune,Viman Nagar,"Beverages, Cafe, Snacks, Desserts, Bakery, Ice Cream",4.4,710,1,0,₹400 for two
576021,Go Zero Ice Creams & Desserts,https://www.swiggy.com/dapi/menu/pl?restaurantId=576021,pune,Viman Nagar,"Ice Cream, Desserts, Healthy Food",4.7,253,1,0,₹150 for two
382700,Gourmet Ice Cream Cakes by Baskin Robbins,https://www.swiggy.com/dapi/menu/pl?restaurantId=382700,pune,Viman Nagar,"Ice Cream Cakes, Desserts, Ice Cream, Bakery",4.9,45,1,0,₹250 for two
423125,Mahesh Lunch Home,https://www.swiggy.com/dapi/menu/pl?restaurantId=423125,pune,Viman Nagar,Indian,4.3,988,1,0,₹900 for two
10290,Pizza Hut,https://www.swiggy.com/dapi/menu/pl?restaurantId=10290,pune,Kalyani Nagar,Pizzas,4.3,10K+,1,0,₹350 for two
65583,McDonald's,https://www.swiggy.com/dapi/menu/pl?restaurantId=65583,pune,Viman Nagar,"Burgers, Beverages, Cafe, Desserts",4.6,23K+,1,0,₹400 for two
16064,KFC,https://www.swiggy.com/dapi/menu/pl?restaurantId=16064,pune,Viman Nagar,"Burgers, Fast Food, Rolls & Wraps",4.3,17K+,1,0,₹400 for two
25462,Domino's Pizza,https://www.swiggy.com/dapi/menu/pl?restaurantId=25462,pune,Viman Nagar,"Pizzas, Italian, Pastas, Desserts",4.2,20K+,1,0,₹400 for two
5928,Burger King,https://www.swiggy.com/dapi/menu/pl?restaurantId=5928,pune,Viman Nagar,"Burgers, American",4.1,43K+,1,0,₹350 for two
864947,Bakingo,https://www.swiggy.com/dapi/menu/pl?restaurantId=864947,pune,"Wadagaon Sheri, Haveli","Bakery, Desserts, Beverages, Snacks",4.5,4.2K+,1,0,₹299 for two
188935,Theobroma,https://www.swiggy.com/dapi/menu/pl?restaurantId=188935,pune,Viman Nagar,"Bakery, Desserts",4.6,7.4K+,1,0,₹400 for two
8777,Subway,https://www.swiggy.com/dapi/menu/pl?restaurantId=8777,pune,Town Square Shopping Centre,"sandwich, Salads, wrap, Healthy Food",4.3,25K+,1,0,₹350 for two
47589,Pizza Hut,https://www.swiggy.com/dapi/menu/pl?restaurantId=47589,ahmedabad,Ashram Road,Pizzas,4.2,8.4K+,1,0,₹350 for two
668681,McDonald's,https://www.swiggy.com/dapi/menu/pl?restaurantId=668681,ahmedabad,Reliance Mall,"Burgers, Beverages, Cafe, Desserts",4.5,2.8K+,1,0,₹400 for two
452242,Domino's Pizza,https://www.swiggy.com/dapi/menu/pl?restaurantId=452242,ahmedabad,Shahibagh,"Pizzas, Italian, Pastas, Desserts",4.2,1.3K+,1,0,₹400 for two
37556,Burger King,https://www.swiggy.com/dapi/menu/pl?restaurantId=37556,ahmedabad,Vastrapur,"Burgers, American",4.3,43K+,1,0,₹350 for two
395939,KFC,https://www.swiggy.com/dapi/menu/pl?restaurantId=395939,ahmedabad,Paldi & Ambawadi,"Burgers, Fast Food, Rolls & Wraps",4.2,7.7K+,1,0,₹400 for two
791609,Theobroma,https://www.swiggy.com/dapi/menu/pl?restaurantId=791609,ahmedabad,Navrangpura,Desserts,4.7,2.6K+,1,0,₹400 for two
409152,La Pino'z Pizza,https://www.swiggy.com/dapi/menu/pl?restaurantId=409152,ahmedabad,Nava Vadaj,"Pizzas, Pastas, Italian, Desserts, Beverages",4.3,2.7K+,1,0,₹400 for two
40831,Subway,https://www.swiggy.com/dapi/menu/pl?restaurantId=40831,ahmedabad,Mithakali,"sandwich, Salads, wrap, Healthy Food",4.5,5.8K+,1,0,₹350 for two
324540,The Belgian Waffle Co.,https://www.swiggy.com/dapi/menu/pl?restaurantId=324540,ahmedabad,Shahibag,"Waffle, Desserts, Ice Cream, Beverages",4.4,1.7K+,1,0,₹200 for two
37934,"Faasos - Wraps, Rolls & Shawarma",https://www.swiggy.com/dapi/menu/pl?restaurantId=37934,ahmedabad,CG Road RK,"Kebabs, Fast Food, Snacks, American, Healthy Food, Desserts, Beverages",4.3,21K+,1,0,₹200 for two
370235,The Blue Oven,https://www.swiggy.com/dapi/menu/pl?restaurantId=370235,ahmedabad,Navrangpura,"Italian, Pizzas, Desserts, Beverages, Continental",4.3,738,1,0,₹600 for two
37814,Jayhind Sweets,https://www.swiggy.com/dapi/menu/pl?restaurantId=37814,ahmedabad,Ahmedabad,"Sweets, Desserts, Indian",4.7,4.7K+,1,0,₹300 for two
68001,Gwalia Sweets & Fast Food,https://www.swiggy.com/dapi/menu/pl?restaurantId=68001,ahmedabad,Shahibaug,"Sweets, Thalis, North Indian, Chaat, Desserts, Snacks, Beverages",4.5,12K+,1,0,₹300 for two
40837,1944 The Hocco kitchen,https://www.swiggy.com/dapi/menu/pl?restaurantId=40837,ahmedabad,Navrangpura,"North Indian, Punjabi, Thalis",4.7,10K+,1,0,₹500 for two
636894,Chinese Wok,https://www.swiggy.com/dapi/menu/pl?restaurantId=636894,ahmedabad,CG Road,"Chinese, Asian, Tibetan, Desserts",4.2,4.1K+,1,0,₹250 for two
565278,Wendy's Burgers,https://www.swiggy.com/dapi/menu/pl?restaurantId=565278,ahmedabad,Cg Road Rk,"Burgers, American, Fast Food, Snacks",4.2,2.8K+,1,0,₹200 for two
346066,Starbucks Coffee,https://www.swiggy.com/dapi/menu/pl?restaurantId=346066,ahmedabad,Navrangpura,"Beverages, Cafe, Snacks, Desserts, Bakery, Ice Cream",4.5,2.2K+,1,0,₹400 for two
542526,Taco bell,https://www.swiggy.com/dapi/menu/pl?restaurantId=542526,ahmedabad,Ellis Bridge,"Mexican, Fast Food, Snacks",4.3,4.6K+,1,0,₹300 for two
668683,McDonald's Gourmet Burger Collection,https://www.swiggy.com/dapi/menu/pl?restaurantId=668683,ahmedabad,Reliance Mall,"Burgers, Beverages, Cafe, Desserts",4.5,49,1,0,₹400 for two
50934,Choice Snack Bar,https://www.swiggy.com/dapi/menu/pl?restaurantId=50934,ahmedabad,Navrangpura,"Pizzas, Chinese, Snacks, South Indian, Fast Food",4.7,15K+,1,0,₹400 for two
47589,Pizza Hut,https://www.swiggy.com/dapi/menu/pl?restaurantId=47589,ahmedabad,Ashram Road,Pizzas,4.2,8.4K+,1,0,₹350 for two
452242,Domino's Pizza,https://www.swiggy.com/dapi/menu/pl?restaurantId=452242,ahmedabad,Shahibagh,"Pizzas, Italian, Pastas, Desserts",4.2,1.3K+,1,0,₹400 for two
668681,McDonald's,https://www.swiggy.com/dapi/menu/pl?restaurantId=668681,ahmedabad,Reliance Mall,"Burgers, Beverages, Cafe, Desserts",4.5,2.8K+,1,0,₹400 for two
991528,KFC,https://www.swiggy.com/dapi/menu/pl?restaurantId=991528,ahmedabad,Navrangpura,"Burgers, Fast Food, Rolls & Wraps",4.3,1.1K+,1,0,₹400 for two
791609,Theobroma,https://www.swiggy.com/dapi/menu/pl?restaurantId=791609,ahmedabad,Navrangpura,Desserts,4.7,2.6K+,1,0,₹400 for two
40831,Subway,https://www.swiggy.com/dapi/menu/pl?restaurantId=40831,ahmedabad,Mithakali,"sandwich, Salads, wrap, Healthy Food",4.5,5.8K+,1,0,₹350 for two
409152,La Pino'z Pizza,https://www.swiggy.com/dapi/menu/pl?restaurantId=409152,ahmedabad,Nava Vadaj,"Pizzas, Pastas, Italian, Desserts, Beverages",4.3,2.7K+,1,0,₹400 for two
1090048,Wow! Momo,https://www.swiggy.com/dapi/menu/pl?restaurantId=1090048,ahmedabad,Vijay Cross Road,"Momos, Chinese, fastfood, Asian, Beverages",4.3,393,1,0,₹300 for two
47589,Pizza Hut,https://www.swiggy.com/dapi/menu/pl?restaurantId=47589,ahmedabad,Ashram Road,Pizzas,4.2,8.4K+,1,0,₹350 for two
668681,McDonald's,https://www.swiggy.com/dapi/menu/pl?restaurantId=668681,ahmedabad,Reliance Mall,"Burgers, Beverages, Cafe, Desserts",4.5,2.8K+,1,0,₹400 for two
452242,Domino's Pizza,https://www.swiggy.com/dapi/menu/pl?restaurantId=452242,ahmedabad,Shahibagh,"Pizzas, Italian, Pastas, Desserts",4.2,1.3K+,1,0,₹400 for two
37556,Burger King,https://www.swiggy.com/dapi/menu/pl?restaurantId=37556,ahmedabad,Vastrapur,"Burgers, American",4.3,43K+,1,0,₹350 for two
395939,KFC,https://www.swiggy.com/dapi/menu/pl?restaurantId=395939,ahmedabad,Paldi & Ambawadi,"Burgers, Fast Food, Rolls & Wraps",4.2,7.7K+,1,0,₹400 for two
791609,Theobroma,https://www.swiggy.com/dapi/menu/pl?restaurantId=791609,ahmedabad,Navrangpura,Desserts,4.7,2.6K+,1,0,₹400 for two
409152,La Pino'z Pizza,https://www.swiggy.com/dapi/menu/pl?restaurantId=409152,ahmedabad,Nava Vadaj,"Pizzas, Pastas, Italian, Desserts, Beverages",4.3,2.7K+,1,0,₹400 for two
40831,Subway,https://www.swiggy.com/dapi/menu/pl?restaurantId=40831,ahmedabad,Mithakali,"sandwich, Salads, wrap, Healthy Food",4.5,5.8K+,1,0,₹350 for two
324540,The Belgian Waffle Co.,https://www.swiggy.com/dapi/menu/pl?restaurantId=324540,ahmedabad,Shahibag,"Waffle, Desserts, Ice Cream, Beverages",4.4,1.7K+,1,0,₹200 for two
37934,"Faasos - Wraps, Rolls & Shawarma",https://www.swiggy.com/dapi/menu/pl?restaurantId=37934,ahmedabad,CG Road RK,"Kebabs, Fast Food, Snacks, American, Healthy Food, Desserts, Beverages",4.3,21K+,1,0,₹200 for two
370235,The Blue Oven,https://www.swiggy.com/dapi/menu/pl?restaurantId=370235,ahmedabad,Navrangpura,"Italian, Pizzas, Desserts, Beverages, Continental",4.3,738,1,0,₹600 for two
37814,Jayhind Sweets,https://www.swiggy.com/dapi/menu/pl?restaurantId=37814,ahmedabad,Ahmedabad,"Sweets, Desserts, Indian",4.7,4.7K+,1,0,₹300 for two
68001,Gwalia Sweets & Fast Food,https://www.swiggy.com/dapi/menu/pl?restaurantId=68001,ahmedabad,Shahibaug,"Sweets, Thalis, North Indian, Chaat, Desserts, Snacks, Beverages",4.5,12K+,1,0,₹300 for two
40837,1944 The Hocco kitchen,https://www.swiggy.com/dapi/menu/pl?restaurantId=40837,ahmedabad,Navrangpura,"North Indian, Punjabi, Thalis",4.7,10K+,1,0,₹500 for two
636894,Chinese Wok,https://www.swiggy.com/dapi/menu/pl?restaurantId=636894,ahmedabad,CG Road,"Chinese, Asian, Tibetan, Desserts",4.2,4.1K+,1,0,₹250 for two
565278,Wendy's Burgers,https://www.swiggy.com/dapi/menu/pl?restaurantId=565278,ahmedabad,Cg Road Rk,"Burgers, American, Fast Food, Snacks",4.2,2.8K+,1,0,₹200 for two
346066,Starbucks Coffee,https://www.swiggy.com/dapi/menu/pl?restaurantId=346066,ahmedabad,Navrangpura,"Beverages, Cafe, Snacks, Desserts, Bakery, Ice Cream",4.5,2.2K+,1,0,₹400 for two
542526,Taco bell,https://www.swiggy.com/dapi/menu/pl?restaurantId=542526,ahmedabad,Ellis Bridge,"Mexican, Fast Food, Snacks",4.3,4.6K+,1,0,₹300 for two
668683,McDonald's Gourmet Burger Collection,https://www.swiggy.com/dapi/menu/pl?restaurantId=668683,ahmedabad,Reliance Mall,"Burgers, Beverages, Cafe, Desserts",4.5,49,1,0,₹400 for two
50934,Choice Snack Bar,https://www.swiggy.com/dapi/menu/pl?restaurantId=50934,ahmedabad,Navrangpura,"Pizzas, Chinese, Snacks, South Indian, Fast Food",4.7,15K+,1,0,₹400 for two
47589,Pizza Hut,https://www.swiggy.com/dapi/menu/pl?restaurantId=47589,ahmedabad,Ashram Road,Pizzas,4.2,8.4K+,1,0,₹350 for two
452242,Domino's Pizza,https://www.swiggy.com/dapi/menu/pl?restaurantId=452242,ahmedabad,Shahibagh,"Pizzas, Italian, Pastas, Desserts",4.2,1.3K+,1,0,₹400 for two
668681,McDonald's,https://www.swiggy.com/dapi/menu/pl?restaurantId=668681,ahmedabad,Reliance Mall,"Burgers, Beverages, Cafe, Desserts",4.5,2.8K+,1,0,₹400 for two
991528,KFC,https://www.swiggy.com/dapi/menu/pl?restaurantId=991528,ahmedabad,Navrangpura,"Burgers, Fast Food, Rolls & Wraps",4.3,1.1K+,1,0,₹400 for two
791609,Theobroma,https://www.swiggy.com/dapi/menu/pl?restaurantId=791609,ahmedabad,Navrangpura,Desserts,4.7,2.6K+,1,0,₹400 for two
40831,Subway,https://www.swiggy.com/dapi/menu/pl?restaurantId=40831,ahmedabad,Mithakali,"sandwich, Salads, wrap, Healthy Food",4.5,5.8K+,1,0,₹350 for two
409152,La Pino'z Pizza,https://www.swiggy.com/dapi/menu/pl?restaurantId=409152,ahmedabad,Nava Vadaj,"Pizzas, Pastas, Italian, Desserts, Beverages",4.3,2.7K+,1,0,₹400 for two
1090048,Wow! Momo,https://www.swiggy.com/dapi/menu/pl?restaurantId=1090048,ahmedabad,Vijay Cross Road,"Momos, Chinese, fastfood, Asian, Beverages",4.3,393,1,0,₹300 for two
47589,Pizza Hut,https://www.swiggy.com/dapi/menu/pl?restaurantId=47589,ahmedabad,Ashram Road,Pizzas,4.2,8.4K+,1,0,₹350 for two
37686,McDonald's,https://www.swiggy.com/dapi/menu/pl?restaurantId=37686,ahmedabad,Navrangpura,"Burgers, Beverages, Cafe, Desserts",4.5,16K+,1,0,₹400 for two
37556,Burger King,https://www.swiggy.com/dapi/menu/pl?restaurantId=37556,ahmedabad,Vastrapur,"Burgers, American",4.3,43K+,1,0,₹350 for two
395939,KFC,https://www.swiggy.com/dapi/menu/pl?restaurantId=395939,ahmedabad,Paldi & Ambawadi,"Burgers, Fast Food, Rolls & Wraps",4.2,7.7K+,1,0,₹400 for two
36975,Domino's Pizza,https://www.swiggy.com/dapi/menu/pl?restaurantId=36975,ahmedabad,Navrangpura,"Pizzas, Italian, Pastas, Desserts",4.5,7.9K+,1,0,₹400 for two
49562,Season 9,https://www.swiggy.com/dapi/menu/pl?restaurantId=49562,ahmedabad,Naranpura,"North Indian, Thalis, Indian, Chinese, Biryani",4.3,33K+,1,0,₹300 for two
791609,Theobroma,https://www.swiggy.com/dapi/menu/pl?restaurantId=791609,ahmedabad,Navrangpura,Desserts,4.7,2.6K+,1,0,₹400 for two
407616,La Pino'z Pizza,https://www.swiggy.com/dapi/menu/pl?restaurantId=407616,ahmedabad,Navrangpura,"Pizzas, Pastas, Italian, Desserts, Beverages",4.4,3.6K+,1,0,₹400 for two
40831,Subway,https://www.swiggy.com/dapi/menu/pl?restaurantId=40831,ahmedabad,Mithakali,"sandwich, Salads, wrap, Healthy Food",4.5,5.8K+,1,0,₹350 for two
36659,The Belgian Waffle Co.,https://www.swiggy.com/dapi/menu/pl?restaurantId=36659,ahmedabad,Navrangpura,"Waffle, Desserts, Ice Cream, Beverages",4.5,6.3K+,1,0,₹200 for two
37814,Jayhind Sweets,https://www.swiggy.com/dapi/menu/pl?restaurantId=37814,ahmedabad,Ahmedabad,"Sweets, Desserts, Indian",4.7,4.7K+,1,0,₹300 for two
118717,Nini's Kitchen,https://www.swiggy.com/dapi/menu/pl?restaurantId=118717,ahmedabad,Ellis Bridge,"North Indian, Lebanese, Continental, Pizzas, Pastas, Biryani, Mexican, Desserts, Beverages, American",4.6,3.3K+,1,0,₹800 for two
65400,New Freeze Land,https://www.swiggy.com/dapi/menu/pl?restaurantId=65400,ahmedabad,Ellis Bridge,"sandwich, Pizzas, Burgers, Chaat, Indian, Jain, Beverages, Juice and shake, Italian, Mexican",4.6,5.8K+,1,0,₹200 for two
451489,Wok On Fire - Indo Chinese & Pan Asian,https://www.swiggy.com/dapi/menu/pl?restaurantId=451489,ahmedabad,Navrangpura,"Chinese, Thai, Oriental, Asian, Pan-Asian",4.5,1.7K+,1,0,₹700 for two
91930,Swati Snacks,https://www.swiggy.com/dapi/menu/pl?restaurantId=91930,ahmedabad,Ellis Bridge,"North Indian, Indian, Gujarati, Dessert, Ice Cream, Chaat",4.8,12K+,1,0,₹600 for two
45037,Mocha,https://www.swiggy.com/dapi/menu/pl?restaurantId=45037,ahmedabad,Navrangpura,"American, Italian, Indian, Jain, Bakery, Beverages, Continental, Desserts, Pastas, Pizzas",4.3,6.7K+,1,0,₹600 for two
692935,Baked By Nini's,https://www.swiggy.com/dapi/menu/pl?restaurantId=692935,ahmedabad,Navrangpura,"Bakery, Dessert, Cakes & Pastries, Snacks",4.7,579,1,0,₹400 for two
37474,Momoman,https://www.swiggy.com/dapi/menu/pl?restaurantId=37474,ahmedabad,Navrangpura,"Momos, Fast Food, Chinese, cafe, snacks",4.4,13K+,1,0,₹250 for two
574960,Veg Darbar by Behrouz Biryani,https://www.swiggy.com/dapi/menu/pl?restaurantId=574960,ahmedabad,CG Road RK,"Biryani, North Indian, Kebabs, Mughlai, Beverages, Desserts",4.1,57,1,0,₹700 for two
41111,Hocco Eatery,https://www.swiggy.com/dapi/menu/pl?restaurantId=41111,ahmedabad,Navrangpura,"pav bhaji, Snacks, Fast Food, North Indian",4.5,4.6K+,1,0,₹350 for two
47589,Pizza Hut,https://www.swiggy.com/dapi/menu/pl?restaurantId=47589,ahmedabad,Ashram Road,Pizzas,4.2,8.4K+,1,0,₹350 for two
37686,McDonald's,https://www.swiggy.com/dapi/menu/pl?restaurantId=37686,ahmedabad,Navrangpura,"Burgers, Beverages, Cafe, Desserts",4.5,16K+,1,0,₹400 for two
991528,KFC,https://www.swiggy.com/dapi/menu/pl?restaurantId=991528,ahmedabad,Navrangpura,"Burgers, Fast Food, Rolls & Wraps",4.3,1.1K+,1,0,₹400 for two
36975,Domino's Pizza,https://www.swiggy.com/dapi/menu/pl?restaurantId=36975,ahmedabad,Navrangpura,"Pizzas, Italian, Pastas, Desserts",4.5,7.9K+,1,0,₹400 for two
49562,Season 9,https://www.swiggy.com/dapi/menu/pl?restaurantId=49562,ahmedabad,Naranpura,"North Indian, Thalis, Indian, Chinese, Biryani",4.3,33K+,1,0,₹300 for two
1225897,Lijjat Khaman,https://www.swiggy.com/dapi/menu/pl?restaurantId=1225897,ahmedabad,Navrangpura,Snacks,4.8,304,1,0,₹100 for two
877919,Gj 5 Sandwich & Pizza,https://www.swiggy.com/dapi/menu/pl?restaurantId=877919,ahmedabad,Navrangpura,"Snacks, Fast Food",,0,1,0,₹300 for two
941124,Ambika Dalwada,https://www.swiggy.com/dapi/menu/pl?restaurantId=941124,ahmedabad,Navrangpura,"Gujarati, Snacks",4.7,189,1,0,₹200 for two
47589,Pizza Hut,https://www.swiggy.com/dapi/menu/pl?restaurantId=47589,ahmedabad,Ashram Road,Pizzas,4.2,8.4K+,1,0,₹350 for two
37686,McDonald's,https://www.swiggy.com/dapi/menu/pl?restaurantId=37686,ahmedabad,Navrangpura,"Burgers, Beverages, Cafe, Desserts",4.5,16K+,1,0,₹400 for two
37556,Burger King,https://www.swiggy.com/dapi/menu/pl?restaurantId=37556,ahmedabad,Vastrapur,"Burgers, American",4.3,43K+,1,0,₹350 for two
395939,KFC,https://www.swiggy.com/dapi/menu/pl?restaurantId=395939,ahmedabad,Paldi & Ambawadi,"Burgers, Fast Food, Rolls & Wraps",4.2,7.7K+,1,0,₹400 for two
36975,Domino's Pizza,https://www.swiggy.com/dapi/menu/pl?restaurantId=36975,ahmedabad,Navrangpura,"Pizzas, Italian, Pastas, Desserts",4.5,7.9K+,1,0,₹400 for two
49562,Season 9,https://www.swiggy.com/dapi/menu/pl?restaurantId=49562,ahmedabad,Naranpura,"North Indian, Thalis, Indian, Chinese, Biryani",4.3,33K+,1,0,₹300 for two
791609,Theobroma,https://www.swiggy.com/dapi/menu/pl?restaurantId=791609,ahmedabad,Navrangpura,Desserts,4.7,2.6K+,1,0,₹400 for two
407616,La Pino'z Pizza,https://www.swiggy.com/dapi/menu/pl?restaurantId=407616,ahmedabad,Navrangpura,"Pizzas, Pastas, Italian, Desserts, Beverages",4.4,3.6K+,1,0,₹400 for two
40831,Subway,https://www.swiggy.com/dapi/menu/pl?restaurantId=40831,ahmedabad,Mithakali,"sandwich, Salads, wrap, Healthy Food",4.5,5.8K+,1,0,₹350 for two
36659,The Belgian Waffle Co.,https://www.swiggy.com/dapi/menu/pl?restaurantId=36659,ahmedabad,Navrangpura,"Waffle, Desserts, Ice Cream, Beverages",4.5,6.3K+,1,0,₹200 for two
37814,Jayhind Sweets,https://www.swiggy.com/dapi/menu/pl?restaurantId=37814,ahmedabad,Ahmedabad,"Sweets, Desserts, Indian",4.7,4.7K+,1,0,₹300 for two
118717,Nini's Kitchen,https://www.swiggy.com/dapi/menu/pl?restaurantId=118717,ahmedabad,Ellis Bridge,"North Indian, Lebanese, Continental, Pizzas, Pastas, Biryani, Mexican, Desserts, Beverages, American",4.6,3.3K+,1,0,₹800 for two
65400,New Freeze Land,https://www.swiggy.com/dapi/menu/pl?restaurantId=65400,ahmedabad,Ellis Bridge,"sandwich, Pizzas, Burgers, Chaat, Indian, Jain, Beverages, Juice and shake, Italian, Mexican",4.6,5.8K+,1,0,₹200 for two
451489,Wok On Fire - Indo Chinese & Pan Asian,https://www.swiggy.com/dapi/menu/pl?restaurantId=451489,ahmedabad,Navrangpura,"Chinese, Thai, Oriental, Asian, Pan-Asian",4.5,1.7K+,1,0,₹700 for two
91930,Swati Snacks,https://www.swiggy.com/dapi/menu/pl?restaurantId=91930,ahmedabad,Ellis Bridge,"North Indian, Indian, Gujarati, Dessert, Ice Cream, Chaat",4.8,12K+,1,0,₹600 for two
45037,Mocha,https://www.swiggy.com/dapi/menu/pl?restaurantId=45037,ahmedabad,Navrangpura,"American, Italian, Indian, Jain, Bakery, Beverages, Continental, Desserts, Pastas, Pizzas",4.3,6.7K+,1,0,₹600 for two
692935,Baked By Nini's,https://www.swiggy.com/dapi/menu/pl?restaurantId=692935,ahmedabad,Navrangpura,"Bakery, Dessert, Cakes & Pastries, Snacks",4.7,579,1,0,₹400 for two
37474,Momoman,https://www.swiggy.com/dapi/menu/pl?restaurantId=37474,ahmedabad,Navrangpura,"Momos, Fast Food, Chinese, cafe, snacks",4.4,13K+,1,0,₹250 for two
574960,Veg Darbar by Behrouz Biryani,https://www.swiggy.com/dapi/menu/pl?restaurantId=574960,ahmedabad,CG Road RK,"Biryani, North Indian, Kebabs, Mughlai, Beverages, Desserts",4.1,57,1,0,₹700 for two
41111,Hocco Eatery,https://www.swiggy.com/dapi/menu/pl?restaurantId=41111,ahmedabad,Navrangpura,"pav bhaji, Snacks, Fast Food, North Indian",4.5,4.6K+,1,0,₹350 for two
47589,Pizza Hut,https://www.swiggy.com/dapi/menu/pl?restaurantId=47589,ahmedabad,Ashram Road,Pizzas,4.2,8.4K+,1,0,₹350 for two
37686,McDonald's,https://www.swiggy.com/dapi/menu/pl?restaurantId=37686,ahmedabad,Navrangpura,"Burgers, Beverages, Cafe, Desserts",4.5,16K+,1,0,₹400 for two
991528,KFC,https://www.swiggy.com/dapi/menu/pl?restaurantId=991528,ahmedabad,Navrangpura,"Burgers, Fast Food, Rolls & Wraps",4.3,1.1K+,1,0,₹400 for two
36975,Domino's Pizza,https://www.swiggy.com/dapi/menu/pl?restaurantId=36975,ahmedabad,Navrangpura,"Pizzas, Italian, Pastas, Desserts",4.5,7.9K+,1,0,₹400 for two
49562,Season 9,https://www.swiggy.com/dapi/menu/pl?restaurantId=49562,ahmedabad,Naranpura,"North Indian, Thalis, Indian, Chinese, Biryani",4.3,33K+,1,0,₹300 for two
1225897,Lijjat Khaman,https://www.swiggy.com/dapi/menu/pl?restaurantId=1225897,ahmedabad,Navrangpura,Snacks,4.8,304,1,0,₹100 for two
877919,Gj 5 Sandwich & Pizza,https://www.swiggy.com/dapi/menu/pl?restaurantId=877919,ahmedabad,Navrangpura,"Snacks, Fast Food",,0,1,0,₹300 for two
941124,Ambika Dalwada,https://www.swiggy.com/dapi/menu/pl?restaurantId=941124,ahmedabad,Navrangpura,"Gujarati, Snacks",4.7,189,1,0,₹200 for two
74740,Pizza Hut,https://www.swiggy.com/dapi/menu/pl?restaurantId=74740,ahmedabad,Bopal,Pizzas,4.4,6.1K+,1,0,₹350 for two
93271,McDonald's,https://www.swiggy.com/dapi/menu/pl?restaurantId=93271,ahmedabad,Satyamev Shivalik,"Burgers, Beverages, Cafe, Desserts",4.4,14K+,1,0,₹400 for two
51128,Burger King,https://www.swiggy.com/dapi/menu/pl?restaurantId=51128,ahmedabad,Ramdev Nagar,"Burgers, American",4.3,19K+,1,0,₹350 for two
37942,KFC,https://www.swiggy.com/dapi/menu/pl?restaurantId=37942,ahmedabad,Prahlad Nagar,"Burgers, Fast Food, Rolls & Wraps",4.2,14K+,1,0,₹400 for two
786794,Theobroma,https://www.swiggy.com/dapi/menu/pl?restaurantId=786794,ahmedabad,Bopal,"Bakery, Desserts",4.7,1.8K+,1,0,₹400 for two
746147,Wow! Momo,https://www.swiggy.com/dapi/menu/pl?restaurantId=746147,ahmedabad,RAMDEV NAGAR,"Momos, Chinese, fastfood, Asian, Beverages",4.2,1.8K+,1,0,₹300 for two
205082,Subway,https://www.swiggy.com/dapi/menu/pl?restaurantId=205082,ahmedabad,Bopal,"sandwich, Salads, wrap, Healthy Food",4.6,2.8K+,1,0,₹350 for two
56338,The Belgian Waffle Co.,https://www.swiggy.com/dapi/menu/pl?restaurantId=56338,ahmedabad,Bopal,"Waffle, Desserts, Ice Cream, Beverages",4.5,3.7K+,1,0,₹350 for two
434285,La Pino'z Pizza,https://www.swiggy.com/dapi/menu/pl?restaurantId=434285,ahmedabad,Shela,"Pizzas, Pastas, Italian, Desserts, Beverages",4.4,1.7K+,1,0,₹400 for two
600009,Food On Way,https://www.swiggy.com/dapi/menu/pl?restaurantId=600009,ahmedabad,Celebration City Centre Bopal,"Thalis, Punjabi",4.3,7.5K+,1,0,₹200 for two
61879,Gwalia Sweets & Fast Food,https://www.swiggy.com/dapi/menu/pl?restaurantId=61879,ahmedabad,Bopal,"Sweets, Thalis, North Indian, Chaat, Desserts, Snacks, Beverages",4.5,5.6K+,1,0,₹300 for two
643269,Go Zero Ice Creams & Desserts,https://www.swiggy.com/dapi/menu/pl?restaurantId=643269,ahmedabad,South Bopal,"Ice Cream, Desserts, Healthy Food",4.4,255,1,0,₹150 for two
566323,Faasos' Signature Wraps & Rolls,https://www.swiggy.com/dapi/menu/pl?restaurantId=566323,ahmedabad,Extension Road,"Fast Food, Snacks, North Indian, Desserts, Beverages",4.4,162,1,0,₹350 for two
801329,Makhani Darbar,https://www.swiggy.com/dapi/menu/pl?restaurantId=801329,ahmedabad,"Ghuma, South Bopal","Biryani, North Indian, Kebabs, Mughlai, Beverages, Desserts",3.9,103,1,0,₹500 for two
263772,Veg Meals By LunchBox,https://www.swiggy.com/dapi/menu/pl?restaurantId=263772,ahmedabad,Extension Road,"Biryani, North Indian, Desserts, Beverages",4,258,1,0,₹200 for two
575089,Veg Darbar by Behrouz Biryani,https://www.swiggy.com/dapi/menu/pl?restaurantId=575089,ahmedabad,Extension Road,"Biryani, North Indian, Kebabs, Mughlai, Beverages, Desserts",4.3,58,1,0,₹700 for two
61229,1944 The Hocco kitchen,https://www.swiggy.com/dapi/menu/pl?restaurantId=61229,ahmedabad,Bopal,"North Indian, Punjabi, Thalis",4.5,7.3K+,1,0,₹500 for two
75897,Momoman,https://www.swiggy.com/dapi/menu/pl?restaurantId=75897,ahmedabad,Bopal,"Momos, Fast Food, Chinese, cafe, snacks",4.4,2.4K+,1,0,₹250 for two
145693,"Faasos - Wraps, Rolls & Shawarma",https://www.swiggy.com/dapi/menu/pl?restaurantId=145693,ahmedabad,Extension Road,"Kebabs, Fast Food, Snacks, American, Healthy Food, Desserts, Beverages",4.3,7.6K+,1,0,₹200 for two
643027,Chinese Wok,https://www.swiggy.com/dapi/menu/pl?restaurantId=643027,ahmedabad,Thaltej,"Chinese, Asian, Tibetan, Desserts",4.4,2.9K+,1,0,₹250 for two
74740,Pizza Hut,https://www.swiggy.com/dapi/menu/pl?restaurantId=74740,ahmedabad,Bopal,Pizzas,4.4,6.1K+,1,0,₹350 for two
634305,Burger Farm,https://www.swiggy.com/dapi/menu/pl?restaurantId=634305,ahmedabad,Prahlad Nagar,"American, Continental, Burgers",4.6,6.3K+,1,0,₹250 for two
1003460,KFC,https://www.swiggy.com/dapi/menu/pl?restaurantId=1003460,ahmedabad,Shivam Trade Centre,"Burgers, Fast Food, Rolls & Wraps",4.3,1.0K+,1,0,₹400 for two
1207330,Domino's Pizza,https://www.swiggy.com/dapi/menu/pl?restaurantId=1207330,ahmedabad,Kamalnayan Elevate,"Pizzas, Italian, Pastas, Desserts",3.9,195,1,0,₹400 for two
93271,McDonald's,https://www.swiggy.com/dapi/menu/pl?restaurantId=93271,ahmedabad,Satyamev Shivalik,"Burgers, Beverages, Cafe, Desserts",4.4,14K+,1,0,₹400 for two
51128,Burger King,https://www.swiggy.com/dapi/menu/pl?restaurantId=51128,ahmedabad,Ramdev Nagar,"Burgers, American",4.3,19K+,1,0,₹350 for two
786794,Theobroma,https://www.swiggy.com/dapi/menu/pl?restaurantId=786794,ahmedabad,Bopal,"Bakery, Desserts",4.7,1.8K+,1,0,₹400 for two
205082,Subway,https://www.swiggy.com/dapi/menu/pl?restaurantId=205082,ahmedabad,Bopal,"sandwich, Salads, wrap, Healthy Food",4.6,2.8K+,1,0,₹350 for two
74740,Pizza Hut,https://www.swiggy.com/dapi/menu/pl?restaurantId=74740,ahmedabad,Bopal,Pizzas,4.4,6.1K+,1,0,₹350 for two
93271,McDonald's,https://www.swiggy.com/dapi/menu/pl?restaurantId=93271,ahmedabad,Satyamev Shivalik,"Burgers, Beverages, Cafe, Desserts",4.4,14K+,1,0,₹400 for two
51128,Burger King,https://www.swiggy.com/dapi/menu/pl?restaurantId=51128,ahmedabad,Ramdev Nagar,"Burgers, American",4.3,19K+,1,0,₹350 for two
37942,KFC,https://www.swiggy.com/dapi/menu/pl?restaurantId=37942,ahmedabad,Prahlad Nagar,"Burgers, Fast Food, Rolls & Wraps",4.2,14K+,1,0,₹400 for two
786794,Theobroma,https://www.swiggy.com/dapi/menu/pl?restaurantId=786794,ahmedabad,Bopal,"Bakery, Desserts",4.7,1.8K+,1,0,₹400 for two
746147,Wow! Momo,https://www.swiggy.com/dapi/menu/pl?restaurantId=746147,ahmedabad,RAMDEV NAGAR,"Momos, Chinese, fastfood, Asian, Beverages",4.2,1.8K+,1,0,₹300 for two
205082,Subway,https://www.swiggy.com/dapi/menu/pl?restaurantId=205082,ahmedabad,Bopal,"sandwich, Salads, wrap, Healthy Food",4.6,2.8K+,1,0,₹350 for two
56338,The Belgian Waffle Co.,https://www.swiggy.com/dapi/menu/pl?restaurantId=56338,ahmedabad,Bopal,"Waffle, Desserts, Ice Cream, Beverages",4.5,3.7K+,1,0,₹350 for two
434285,La Pino'z Pizza,https://www.swiggy.com/dapi/menu/pl?restaurantId=434285,ahmedabad,Shela,"Pizzas, Pastas, Italian, Desserts, Beverages",4.4,1.7K+,1,0,₹400 for two
600009,Food On Way,https://www.swiggy.com/dapi/menu/pl?restaurantId=600009,ahmedabad,Celebration City Centre Bopal,"Thalis, Punjabi",4.3,7.5K+,1,0,₹200 for two
61879,Gwalia Sweets & Fast Food,https://www.swiggy.com/dapi/menu/pl?restaurantId=61879,ahmedabad,Bopal,"Sweets, Thalis, North Indian, Chaat, Desserts, Snacks, Beverages",4.5,5.6K+,1,0,₹300 for two
643269,Go Zero Ice Creams & Desserts,https://www.swiggy.com/dapi/menu/pl?restaurantId=643269,ahmedabad,South Bopal,"Ice Cream, Desserts, Healthy Food",4.4,255,1,0,₹150 for two
566323,Faasos' Signature Wraps & Rolls,https://www.swiggy.com/dapi/menu/pl?restaurantId=566323,ahmedabad,Extension Road,"Fast Food, Snacks, North Indian, Desserts, Beverages",4.4,162,1,0,₹350 for two
801329,Makhani Darbar,https://www.swiggy.com/dapi/menu/pl?restaurantId=801329,ahmedabad,"Ghuma, South Bopal","Biryani, North Indian, Kebabs, Mughlai, Beverages, Desserts",3.9,103,1,0,₹500 for two
263772,Veg Meals By LunchBox,https://www.swiggy.com/dapi/menu/pl?restaurantId=263772,ahmedabad,Extension Road,"Biryani, North Indian, Desserts, Beverages",4,258,1,0,₹200 for two
575089,Veg Darbar by Behrouz Biryani,https://www.swiggy.com/dapi/menu/pl?restaurantId=575089,ahmedabad,Extension Road,"Biryani, North Indian, Kebabs, Mughlai, Beverages, Desserts",4.3,58,1,0,₹700 for two
61229,1944 The Hocco kitchen,https://www.swiggy.com/dapi/menu/pl?restaurantId=61229,ahmedabad,Bopal,"North Indian, Punjabi, Thalis",4.5,7.3K+,1,0,₹500 for two
75897,Momoman,https://www.swiggy.com/dapi/menu/pl?restaurantId=75897,ahmedabad,Bopal,"Momos, Fast Food, Chinese, cafe, snacks",4.4,2.4K+,1,0,₹250 for two
145693,"Faasos - Wraps, Rolls & Shawarma",https://www.swiggy.com/dapi/menu/pl?restaurantId=145693,ahmedabad,Extension Road,"Kebabs, Fast Food, Snacks, American, Healthy Food, Desserts, Beverages",4.3,7.6K+,1,0,₹200 for two
643027,Chinese Wok,https://www.swiggy.com/dapi/menu/pl?restaurantId=643027,ahmedabad,Thaltej,"Chinese, Asian, Tibetan, Desserts",4.4,2.9K+,1,0,₹250 for two
74740,Pizza Hut,https://www.swiggy.com/dapi/menu/pl?restaurantId=74740,ahmedabad,Bopal,Pizzas,4.4,6.1K+,1,0,₹350 for two
634305,Burger Farm,https://www.swiggy.com/dapi/menu/pl?restaurantId=634305,ahmedabad,Prahlad Nagar,"American, Continental, Burgers",4.6,6.3K+,1,0,₹250 for two
1003460,KFC,https://www.swiggy.com/dapi/menu/pl?restaurantId=1003460,ahmedabad,Shivam Trade Centre,"Burgers, Fast Food, Rolls & Wraps",4.3,1.0K+,1,0,₹400 for two
1207330,Domino's Pizza,https://www.swiggy.com/dapi/menu/pl?restaurantId=1207330,ahmedabad,Kamalnayan Elevate,"Pizzas, Italian, Pastas, Desserts",3.9,195,1,0,₹400 for two
93271,McDonald's,https://www.swiggy.com/dapi/menu/pl?restaurantId=93271,ahmedabad,Satyamev Shivalik,"Burgers, Beverages, Cafe, Desserts",4.4,14K+,1,0,₹400 for two
51128,Burger King,https://www.swiggy.com/dapi/menu/pl?restaurantId=51128,ahmedabad,Ramdev Nagar,"Burgers, American",4.3,19K+,1,0,₹350 for two
786794,Theobroma,https://www.swiggy.com/dapi/menu/pl?restaurantId=786794,ahmedabad,Bopal,"Bakery, Desserts",4.7,1.8K+,1,0,₹400 for two
205082,Subway,https://www.swiggy.com/dapi/menu/pl?restaurantId=205082,ahmedabad,Bopal,"sandwich, Salads, wrap, Healthy Food",4.6,2.8K+,1,0,₹350 for two
384293,Pizza Hut,https://www.swiggy.com/dapi/menu/pl?restaurantId=384293,ahmedabad,Vastrapur,Pizzas,4.2,2.9K+,1,0,₹350 for two
37689,McDonald's,https://www.swiggy.com/dapi/menu/pl?restaurantId=37689,ahmedabad,Ellisbridge,"Burgers, Beverages, Cafe, Desserts",4.5,18K+,1,0,₹400 for two
37941,KFC,https://www.swiggy.com/dapi/menu/pl?restaurantId=37941,ahmedabad,Vastrapur,"Burgers, Fast Food, Rolls & Wraps",4.5,7.5K+,1,0,₹400 for two
37556,Burger King,https://www.swiggy.com/dapi/menu/pl?restaurantId=37556,ahmedabad,Vastrapur,"Burgers, American",4.3,43K+,1,0,₹350 for two
852502,Wow! Momo,https://www.swiggy.com/dapi/menu/pl?restaurantId=852502,ahmedabad,Memnagar,"Momos, Chinese, fastfood, Asian, Beverages",4.2,772,1,0,₹300 for two
40830,Subway,https://www.swiggy.com/dapi/menu/pl?restaurantId=40830,ahmedabad,Ambawadi,"sandwich, Salads, wrap, Healthy Food",4.3,4.2K+,1,0,₹350 for two
36657,The Belgian Waffle Co.,https://www.swiggy.com/dapi/menu/pl?restaurantId=36657,ahmedabad,Ambawadi,"Waffle, Desserts, Ice Cream, Beverages",4.6,5.1K+,1,0,₹200 for two
688452,La Pino'z Pizza,https://www.swiggy.com/dapi/menu/pl?restaurantId=688452,ahmedabad,Ellis Bridge,"Pizzas, Pastas, Italian, Desserts, Beverages",4.5,2.3K+,1,0,₹400 for two
70147,Food On Way,https://www.swiggy.com/dapi/menu/pl?restaurantId=70147,ahmedabad,Vastrapur,"Thalis, North Indian, Punjabi,  Gujarati, Chinese, Indian, Tandoor, Beverages, Biryani, Sweets",4.3,66K+,1,0,₹300 for two
37815,Jayhind Sweets,https://www.swiggy.com/dapi/menu/pl?restaurantId=37815,ahmedabad,Vastrapur,"Sweets, Desserts, Indian",4.6,7.6K+,1,0,₹300 for two
65400,New Freeze Land,https://www.swiggy.com/dapi/menu/pl?restaurantId=65400,ahmedabad,Ellis Bridge,"sandwich, Pizzas, Burgers, Chaat, Indian, Jain, Beverages, Juice and shake, Italian, Mexican",4.6,5.8K+,1,0,₹200 for two
370235,The Blue Oven,https://www.swiggy.com/dapi/menu/pl?restaurantId=370235,ahmedabad,Navrangpura,"Italian, Pizzas, Desserts, Beverages, Continental",4.3,738,1,0,₹600 for two
286810,Jassi De Parathe,https://www.swiggy.com/dapi/menu/pl?restaurantId=286810,ahmedabad,Vastrapur,"Punjabi, Chaat, Snacks, Desserts, Tandoor, Biryani, Beverages",4.7,11K+,1,0,₹600 for two
37474,Momoman,https://www.swiggy.com/dapi/menu/pl?restaurantId=37474,ahmedabad,Navrangpura,"Momos, Fast Food, Chinese, cafe, snacks",4.4,13K+,1,0,₹250 for two
37580,Gwalia Sweets & Fast Food,https://www.swiggy.com/dapi/menu/pl?restaurantId=37580,ahmedabad,Vastrapur,"Sweets, Thalis, Chaat, Desserts, Snacks, Beverages",4.6,15K+,1,0,₹300 for two
91930,Swati Snacks,https://www.swiggy.com/dapi/menu/pl?restaurantId=91930,ahmedabad,Ellis Bridge,"North Indian, Indian, Gujarati, Dessert, Ice Cream, Chaat",4.8,12K+,1,0,₹600 for two
50935,Choice Snack Bar,https://www.swiggy.com/dapi/menu/pl?restaurantId=50935,ahmedabad,Ambawadi,"Pizzas, Chinese, Snacks, South Indian, Fast Food",4.6,5.3K+,1,0,₹400 for two
791609,Theobroma,https://www.swiggy.com/dapi/menu/pl?restaurantId=791609,ahmedabad,Navrangpura,Desserts,4.7,2.6K+,1,0,₹400 for two
621735,Cheesecakes By CakeZone,https://www.swiggy.com/dapi/menu/pl?restaurantId=621735,ahmedabad,Vastrapur,"Bakery, Desserts",4,193,1,0,₹200 for two
353709,Marky Momos,https://www.swiggy.com/dapi/menu/pl?restaurantId=353709,ahmedabad,Navrangpura,"Momos, Burgers, Chinese, Thalis, Beverages, Desserts",4.4,5.4K+,1,0,₹600 for two
384293,Pizza Hut,https://www.swiggy.com/dapi/menu/pl?restaurantId=384293,ahmedabad,Vastrapur,Pizzas,4.2,2.9K+,1,0,₹350 for two
634305,Burger Farm,https://www.swiggy.com/dapi/menu/pl?restaurantId=634305,ahmedabad,Prahlad Nagar,"American, Continental, Burgers",4.6,6.3K+,1,0,₹250 for two
37689,McDonald's,https://www.swiggy.com/dapi/menu/pl?restaurantId=37689,ahmedabad,Ellisbridge,"Burgers, Beverages, Cafe, Desserts",4.5,18K+,1,0,₹400 for two
976513,Burger King,https://www.swiggy.com/dapi/menu/pl?restaurantId=976513,ahmedabad,Vastrapur,"Burgers, American",4.3,817,1,0,₹350 for two
37941,KFC,https://www.swiggy.com/dapi/menu/pl?restaurantId=37941,ahmedabad,Vastrapur,"Burgers, Fast Food, Rolls & Wraps",4.5,7.5K+,1,0,₹400 for two
76424,Sasuma,https://www.swiggy.com/dapi/menu/pl?restaurantId=76424,ahmedabad,Vastrapur,"Gujarati, Snacks",4.5,8.0K+,1,0,₹100 for two
941124,Ambika Dalwada,https://www.swiggy.com/dapi/menu/pl?restaurantId=941124,ahmedabad,Navrangpura,"Gujarati, Snacks",4.7,189,1,0,₹200 for two
1225897,Lijjat Khaman,https://www.swiggy.com/dapi/menu/pl?restaurantId=1225897,ahmedabad,Navrangpura,Snacks,4.8,304,1,0,₹100 for two
384293,Pizza Hut,https://www.swiggy.com/dapi/menu/pl?restaurantId=384293,ahmedabad,Vastrapur,Pizzas,4.2,2.9K+,1,0,₹350 for two
37689,McDonald's,https://www.swiggy.com/dapi/menu/pl?restaurantId=37689,ahmedabad,Ellisbridge,"Burgers, Beverages, Cafe, Desserts",4.5,18K+,1,0,₹400 for two
37941,KFC,https://www.swiggy.com/dapi/menu/pl?restaurantId=37941,ahmedabad,Vastrapur,"Burgers, Fast Food, Rolls & Wraps",4.5,7.5K+,1,0,₹400 for two
37556,Burger King,https://www.swiggy.com/dapi/menu/pl?restaurantId=37556,ahmedabad,Vastrapur,"Burgers, American",4.3,43K+,1,0,₹350 for two
852502,Wow! Momo,https://www.swiggy.com/dapi/menu/pl?restaurantId=852502,ahmedabad,Memnagar,"Momos, Chinese, fastfood, Asian, Beverages",4.2,772,1,0,₹300 for two
40830,Subway,https://www.swiggy.com/dapi/menu/pl?restaurantId=40830,ahmedabad,Ambawadi,"sandwich, Salads, wrap, Healthy Food",4.3,4.2K+,1,0,₹350 for two
36657,The Belgian Waffle Co.,https://www.swiggy.com/dapi/menu/pl?restaurantId=36657,ahmedabad,Ambawadi,"Waffle, Desserts, Ice Cream, Beverages",4.6,5.1K+,1,0,₹200 for two
688452,La Pino'z Pizza,https://www.swiggy.com/dapi/menu/pl?restaurantId=688452,ahmedabad,Ellis Bridge,"Pizzas, Pastas, Italian, Desserts, Beverages",4.5,2.3K+,1,0,₹400 for two
70147,Food On Way,https://www.swiggy.com/dapi/menu/pl?restaurantId=70147,ahmedabad,Vastrapur,"Thalis, North Indian, Punjabi,  Gujarati, Chinese, Indian, Tandoor, Beverages, Biryani, Sweets",4.3,66K+,1,0,₹300 for two
37815,Jayhind Sweets,https://www.swiggy.com/dapi/menu/pl?restaurantId=37815,ahmedabad,Vastrapur,"Sweets, Desserts, Indian",4.6,7.6K+,1,0,₹300 for two
65400,New Freeze Land,https://www.swiggy.com/dapi/menu/pl?restaurantId=65400,ahmedabad,Ellis Bridge,"sandwich, Pizzas, Burgers, Chaat, Indian, Jain, Beverages, Juice and shake, Italian, Mexican",4.6,5.8K+,1,0,₹200 for two
37934,"Faasos - Wraps, Rolls & Shawarma",https://www.swiggy.com/dapi/menu/pl?restaurantId=37934,ahmedabad,CG Road RK,"Kebabs, Fast Food, Snacks, American, Healthy Food, Desserts, Beverages",4.3,21K+,1,0,₹200 for two
370235,The Blue Oven,https://www.swiggy.com/dapi/menu/pl?restaurantId=370235,ahmedabad,Navrangpura,"Italian, Pizzas, Desserts, Beverages, Continental",4.3,738,1,0,₹600 for two
286810,Jassi De Parathe,https://www.swiggy.com/dapi/menu/pl?restaurantId=286810,ahmedabad,Vastrapur,"Punjabi, Chaat, Snacks, Desserts, Tandoor, Biryani, Beverages",4.7,11K+,1,0,₹600 for two
37474,Momoman,https://www.swiggy.com/dapi/menu/pl?restaurantId=37474,ahmedabad,Navrangpura,"Momos, Fast Food, Chinese, cafe, snacks",4.4,13K+,1,0,₹250 for two
37580,Gwalia Sweets & Fast Food,https://www.swiggy.com/dapi/menu/pl?restaurantId=37580,ahmedabad,Vastrapur,"Sweets, Thalis, Chaat, Desserts, Snacks, Beverages",4.6,15K+,1,0,₹300 for two
91930,Swati Snacks,https://www.swiggy.com/dapi/menu/pl?restaurantId=91930,ahmedabad,Ellis Bridge,"North Indian, Indian, Gujarati, Dessert, Ice Cream, Chaat",4.8,12K+,1,0,₹600 for two
50935,Choice Snack Bar,https://www.swiggy.com/dapi/menu/pl?restaurantId=50935,ahmedabad,Ambawadi,"Pizzas, Chinese, Snacks, South Indian, Fast Food",4.6,5.3K+,1,0,₹400 for two
791609,Theobroma,https://www.swiggy.com/dapi/menu/pl?restaurantId=791609,ahmedabad,Navrangpura,Desserts,4.7,2.6K+,1,0,₹400 for two
621735,Cheesecakes By CakeZone,https://www.swiggy.com/dapi/menu/pl?restaurantId=621735,ahmedabad,Vastrapur,"Bakery, Desserts",4,193,1,0,₹200 for two
384293,Pizza Hut,https://www.swiggy.com/dapi/menu/pl?restaurantId=384293,ahmedabad,Vastrapur,Pizzas,4.2,2.9K+,1,0,₹350 for two
634305,Burger Farm,https://www.swiggy.com/dapi/menu/pl?restaurantId=634305,ahmedabad,Prahlad Nagar,"American, Continental, Burgers",4.6,6.3K+,1,0,₹250 for two
37689,McDonald's,https://www.swiggy.com/dapi/menu/pl?restaurantId=37689,ahmedabad,Ellisbridge,"Burgers, Beverages, Cafe, Desserts",4.5,18K+,1,0,₹400 for two
976513,Burger King,https://www.swiggy.com/dapi/menu/pl?restaurantId=976513,ahmedabad,Vastrapur,"Burgers, American",4.3,817,1,0,₹350 for two
37941,KFC,https://www.swiggy.com/dapi/menu/pl?restaurantId=37941,ahmedabad,Vastrapur,"Burgers, Fast Food, Rolls & Wraps",4.5,7.5K+,1,0,₹400 for two
76424,Sasuma,https://www.swiggy.com/dapi/menu/pl?restaurantId=76424,ahmedabad,Vastrapur,"Gujarati, Snacks",4.5,8.0K+,1,0,₹100 for two
941124,Ambika Dalwada,https://www.swiggy.com/dapi/menu/pl?restaurantId=941124,ahmedabad,Navrangpura,"Gujarati, Snacks",4.7,189,1,0,₹200 for two
1225897,Lijjat Khaman,https://www.swiggy.com/dapi/menu/pl?restaurantId=1225897,ahmedabad,Navrangpura,Snacks,4.8,304,1,0,₹100 for two
756035,Pizza Hut,https://www.swiggy.com/dapi/menu/pl?restaurantId=756035,ahmedabad,Bapunagar,Pizzas,4.5,1.0K+,1,0,₹350 for two
811024,Domino's Pizza,https://www.swiggy.com/dapi/menu/pl?restaurantId=811024,ahmedabad,RAJSHREE SKYZ,"Pizzas, Italian, Pastas, Desserts",4.5,1.2K+,1,0,₹400 for two
752533,KFC,https://www.swiggy.com/dapi/menu/pl?restaurantId=752533,ahmedabad,Nikol,"Burgers, Fast Food, Rolls & Wraps",4.1,1.7K+,1,0,₹400 for two
735519,Burger King,https://www.swiggy.com/dapi/menu/pl?restaurantId=735519,ahmedabad,Nikol,"Burgers, American",4.3,5.0K+,1,0,₹350 for two
95860,McDonald's,https://www.swiggy.com/dapi/menu/pl?restaurantId=95860,ahmedabad,Nikol,"Burgers, Beverages, Cafe, Desserts",4.5,20K+,1,0,₹400 for two
412665,Subway,https://www.swiggy.com/dapi/menu/pl?restaurantId=412665,ahmedabad,Nikol,"sandwich, Salads, wrap, Healthy Food",4.5,1.7K+,1,0,₹300 for two
437130,The Belgian Waffle Co.,https://www.swiggy.com/dapi/menu/pl?restaurantId=437130,ahmedabad,Nikol,"Waffle, Desserts, Ice Cream, Beverages",4.6,923,1,0,₹200 for two
96110,La Pino'z Pizza,https://www.swiggy.com/dapi/menu/pl?restaurantId=96110,ahmedabad,Bapunagar,"Pizzas, Pastas, Italian, Desserts, Beverages",4.4,9.1K+,1,0,₹400 for two
262978,"Faasos - Wraps, Rolls & Shawarma",https://www.swiggy.com/dapi/menu/pl?restaurantId=262978,ahmedabad,Nava Naroda,"Kebabs, Fast Food, Snacks, American, Healthy Food, Desserts, Beverages",4.4,5.6K+,1,0,₹200 for two
91481,Gwalia Sweets & Fast Food,https://www.swiggy.com/dapi/menu/pl?restaurantId=91481,ahmedabad,Bapunagar,"Sweets, Thalis, North Indian, Chaat, Desserts, Snacks, Beverages",4.3,8.8K+,1,0,₹300 for two
286854,Jassi De Parathe,https://www.swiggy.com/dapi/menu/pl?restaurantId=286854,ahmedabad,Odhav,"Punjabi, Chaat, Snacks, Desserts, Tandoor, Biryani, Beverages",4.7,3.6K+,1,0,₹500 for two
262985,LunchBox - Meals and Thalis,https://www.swiggy.com/dapi/menu/pl?restaurantId=262985,ahmedabad,Nava Naroda,"Thalis, North Indian, Biryani",4.3,3.2K+,1,0,₹200 for two
638338,Baked By Nini's,https://www.swiggy.com/dapi/menu/pl?restaurantId=638338,ahmedabad,Paldi,"Bakery, dessert, Cakes & Pastries, Snacks",4.7,998,1,0,₹400 for two
327415,Vadilal Ice Creams,https://www.swiggy.com/dapi/menu/pl?restaurantId=327415,ahmedabad,Nava Naroda,"Ice Cream, Desserts, Cakes, Beverages, Bakery",4.8,1.0K+,1,0,₹300 for two
263883,Veg Meals By LunchBox,https://www.swiggy.com/dapi/menu/pl?restaurantId=263883,ahmedabad,Nava Naroda,"Biryani, North Indian, Desserts, Beverages",4.3,236,1,0,₹200 for two
575211,Veg Darbar by Behrouz Biryani,https://www.swiggy.com/dapi/menu/pl?restaurantId=575211,ahmedabad,Naroda,"Biryani, North Indian, Kebabs, Mughlai, Beverages, Desserts",4.4,60,1,0,₹700 for two
801424,Makhani Darbar,https://www.swiggy.com/dapi/menu/pl?restaurantId=801424,ahmedabad,Bapu nagar,"Biryani, North Indian, Kebabs, Mughlai, Beverages, Desserts",3.7,94,1,0,₹500 for two
566470,Faasos' Signature Wraps & Rolls,https://www.swiggy.com/dapi/menu/pl?restaurantId=566470,ahmedabad,Nava Naroda,"Fast Food, Snacks, North Indian, Desserts, Beverages",4.3,150,1,0,₹350 for two
419725,La Milano Pizzeria,https://www.swiggy.com/dapi/menu/pl?restaurantId=419725,ahmedabad,Bapunagar,"Pizzas, Italian, Desserts, Pastas, Mexican, Fast Food, Beverages, Salad",4.4,1.9K+,1,0,₹300 for two
92295,The Chocolate Room,https://www.swiggy.com/dapi/menu/pl?restaurantId=92295,ahmedabad,Nikol,"Bakery, Desserts, Beverages, Fast Food, Cafe",4.5,1.5K+,1,0,₹250 for two
811024,Domino's Pizza,https://www.swiggy.com/dapi/menu/pl?restaurantId=811024,ahmedabad,RAJSHREE SKYZ,"Pizzas, Italian, Pastas, Desserts",4.5,1.2K+,1,0,₹400 for two
735519,Burger King,https://www.swiggy.com/dapi/menu/pl?restaurantId=735519,ahmedabad,Nikol,"Burgers, American",4.3,5.0K+,1,0,₹350 for two
762592,Starbucks Coffee,https://www.swiggy.com/dapi/menu/pl?restaurantId=762592,ahmedabad,Ellis Bridge,"Beverages, Cafe, Snacks, Desserts, Bakery, Ice Cream",4.4,524,1,0,₹400 for two
542526,Taco bell,https://www.swiggy.com/dapi/menu/pl?restaurantId=542526,ahmedabad,Ellis Bridge,"Mexican, Fast Food, Snacks",4.3,4.6K+,1,0,₹300 for two
307455,Jugaadi Adda - Nikol,https://www.swiggy.com/dapi/menu/pl?restaurantId=307455,ahmedabad,Nikol,Snacks,4.5,3.9K+,1,0,₹200 for two
55558,Shreeji Krupa,https://www.swiggy.com/dapi/menu/pl?restaurantId=55558,ahmedabad,Ashram Road,"Street Food, Snacks, Fast Food",4.4,2.0K+,1,0,₹200 for two
370235,The Blue Oven,https://www.swiggy.com/dapi/menu/pl?restaurantId=370235,ahmedabad,Navrangpura,"Italian, Pizzas, Desserts, Beverages, Continental",4.3,738,1,0,₹600 for two
94352,Big Bite Fast Food,https://www.swiggy.com/dapi/menu/pl?restaurantId=94352,ahmedabad,Nikol,"sandwich, Fast Food, Street Food, pizza, Rolls & Wraps",4.5,12K+,1,0,₹200 for two
756035,Pizza Hut,https://www.swiggy.com/dapi/menu/pl?restaurantId=756035,ahmedabad,Bapunagar,Pizzas,4.5,1.0K+,1,0,₹350 for two
811024,Domino's Pizza,https://www.swiggy.com/dapi/menu/pl?restaurantId=811024,ahmedabad,RAJSHREE SKYZ,"Pizzas, Italian, Pastas, Desserts",4.5,1.2K+,1,0,₹400 for two
752533,KFC,https://www.swiggy.com/dapi/menu/pl?restaurantId=752533,ahmedabad,Nikol,"Burgers, Fast Food, Rolls & Wraps",4.1,1.7K+,1,0,₹400 for two
735519,Burger King,https://www.swiggy.com/dapi/menu/pl?restaurantId=735519,ahmedabad,Nikol,"Burgers, American",4.3,5.0K+,1,0,₹350 for two
95860,McDonald's,https://www.swiggy.com/dapi/menu/pl?restaurantId=95860,ahmedabad,Nikol,"Burgers, Beverages, Cafe, Desserts",4.5,20K+,1,0,₹400 for two
412665,Subway,https://www.swiggy.com/dapi/menu/pl?restaurantId=412665,ahmedabad,Nikol,"sandwich, Salads, wrap, Healthy Food",4.5,1.7K+,1,0,₹300 for two
437130,The Belgian Waffle Co.,https://www.swiggy.com/dapi/menu/pl?restaurantId=437130,ahmedabad,Nikol,"Waffle, Desserts, Ice Cream, Beverages",4.6,923,1,0,₹200 for two
96110,La Pino'z Pizza,https://www.swiggy.com/dapi/menu/pl?restaurantId=96110,ahmedabad,Bapunagar,"Pizzas, Pastas, Italian, Desserts, Beverages",4.4,9.1K+,1,0,₹400 for two
262978,"Faasos - Wraps, Rolls & Shawarma",https://www.swiggy.com/dapi/menu/pl?restaurantId=262978,ahmedabad,Nava Naroda,"Kebabs, Fast Food, Snacks, American, Healthy Food, Desserts, Beverages",4.4,5.6K+,1,0,₹200 for two
91481,Gwalia Sweets & Fast Food,https://www.swiggy.com/dapi/menu/pl?restaurantId=91481,ahmedabad,Bapunagar,"Sweets, Thalis, North Indian, Chaat, Desserts, Snacks, Beverages",4.3,8.8K+,1,0,₹300 for two
286854,Jassi De Parathe,https://www.swiggy.com/dapi/menu/pl?restaurantId=286854,ahmedabad,Odhav,"Punjabi, Chaat, Snacks, Desserts, Tandoor, Biryani, Beverages",4.7,3.6K+,1,0,₹500 for two
262985,LunchBox - Meals and Thalis,https://www.swiggy.com/dapi/menu/pl?restaurantId=262985,ahmedabad,Nava Naroda,"Thalis, North Indian, Biryani",4.3,3.2K+,1,0,₹200 for two
638338,Baked By Nini's,https://www.swiggy.com/dapi/menu/pl?restaurantId=638338,ahmedabad,Paldi,"Bakery, dessert, Cakes & Pastries, Snacks",4.7,998,1,0,₹400 for two
327415,Vadilal Ice Creams,https://www.swiggy.com/dapi/menu/pl?restaurantId=327415,ahmedabad,Nava Naroda,"Ice Cream, Desserts, Cakes, Beverages, Bakery",4.8,1.0K+,1,0,₹300 for two
263883,Veg Meals By LunchBox,https://www.swiggy.com/dapi/menu/pl?restaurantId=263883,ahmedabad,Nava Naroda,"Biryani, North Indian, Desserts, Beverages",4.3,236,1,0,₹200 for two
575211,Veg Darbar by Behrouz Biryani,https://www.swiggy.com/dapi/menu/pl?restaurantId=575211,ahmedabad,Naroda,"Biryani, North Indian, Kebabs, Mughlai, Beverages, Desserts",4.4,60,1,0,₹700 for two
801424,Makhani Darbar,https://www.swiggy.com/dapi/menu/pl?restaurantId=801424,ahmedabad,Bapu nagar,"Biryani, North Indian, Kebabs, Mughlai, Beverages, Desserts",3.7,94,1,0,₹500 for two
566470,Faasos' Signature Wraps & Rolls,https://www.swiggy.com/dapi/menu/pl?restaurantId=566470,ahmedabad,Nava Naroda,"Fast Food, Snacks, North Indian, Desserts, Beverages",4.3,150,1,0,₹350 for two
419725,La Milano Pizzeria,https://www.swiggy.com/dapi/menu/pl?restaurantId=419725,ahmedabad,Bapunagar,"Pizzas, Italian, Desserts, Pastas, Mexican, Fast Food, Beverages, Salad",4.4,1.9K+,1,0,₹300 for two
92295,The Chocolate Room,https://www.swiggy.com/dapi/menu/pl?restaurantId=92295,ahmedabad,Nikol,"Bakery, Desserts, Beverages, Fast Food, Cafe",4.5,1.5K+,1,0,₹250 for two
811024,Domino's Pizza,https://www.swiggy.com/dapi/menu/pl?restaurantId=811024,ahmedabad,RAJSHREE SKYZ,"Pizzas, Italian, Pastas, Desserts",4.5,1.2K+,1,0,₹400 for two
735519,Burger King,https://www.swiggy.com/dapi/menu/pl?restaurantId=735519,ahmedabad,Nikol,"Burgers, American",4.3,5.0K+,1,0,₹350 for two
762592,Starbucks Coffee,https://www.swiggy.com/dapi/menu/pl?restaurantId=762592,ahmedabad,Ellis Bridge,"Beverages, Cafe, Snacks, Desserts, Bakery, Ice Cream",4.4,524,1,0,₹400 for two
542526,Taco bell,https://www.swiggy.com/dapi/menu/pl?restaurantId=542526,ahmedabad,Ellis Bridge,"Mexican, Fast Food, Snacks",4.3,4.6K+,1,0,₹300 for two
307455,Jugaadi Adda - Nikol,https://www.swiggy.com/dapi/menu/pl?restaurantId=307455,ahmedabad,Nikol,Snacks,4.5,3.9K+,1,0,₹200 for two
55558,Shreeji Krupa,https://www.swiggy.com/dapi/menu/pl?restaurantId=55558,ahmedabad,Ashram Road,"Street Food, Snacks, Fast Food",4.4,2.0K+,1,0,₹200 for two
370235,The Blue Oven,https://www.swiggy.com/dapi/menu/pl?restaurantId=370235,ahmedabad,Navrangpura,"Italian, Pizzas, Desserts, Beverages, Continental",4.3,738,1,0,₹600 for two
94352,Big Bite Fast Food,https://www.swiggy.com/dapi/menu/pl?restaurantId=94352,ahmedabad,Nikol,"sandwich, Fast Food, Street Food, pizza, Rolls & Wraps",4.5,12K+,1,0,₹200 for two
47598,Pizza Hut,https://www.swiggy.com/dapi/menu/pl?restaurantId=47598,jaipur,Malviya Nagar,Pizzas,4.2,11K+,1,0,₹350 for two
50536,Burger Farm,https://www.swiggy.com/dapi/menu/pl?restaurantId=50536,jaipur,Mansarovar,"Fast Food, American, Barbecue, Italian-American, Snacks, Combo, Grill, Beverages",4.5,65K+,1,0,₹200 for two
61560,Bombay Mishthan Bhandar (Bmb) - Durapura,https://www.swiggy.com/dapi/menu/pl?restaurantId=61560,jaipur,Durgapura,"North Indian, Thalis, Rajasthani, Snacks, Sweets, Indian",4.6,99K+,1,0,₹300 for two
249749,McDonald's,https://www.swiggy.com/dapi/menu/pl?restaurantId=249749,jaipur,Civil Lines,"American, Fast Food, Beverages",4.3,25K+,1,0,₹400 for two
798558,Burger King,https://www.swiggy.com/dapi/menu/pl?restaurantId=798558,jaipur,Jaipur,"Burgers, American",4.3,7.2K+,1,0,₹350 for two
577120,Domino's Pizza,https://www.swiggy.com/dapi/menu/pl?restaurantId=577120,jaipur,Lal Kothi,"Pizzas, Italian, Pastas, Desserts",4.3,2.4K+,1,0,₹400 for two
46090,DMB Sweets Pvt Ltd,https://www.swiggy.com/dapi/menu/pl?restaurantId=46090,jaipur,C scheme,"Jain, South Indian, Snacks, Bengali, Italian, Desserts",4.5,162K+,1,0,₹350 for two
698742,Crusto's - Cheese Burst Pizza By Olio,https://www.swiggy.com/dapi/menu/pl?restaurantId=698742,jaipur,LAL KOTHI,"Pizzas, Pastas, Italian, Fast Food, Snacks, Beverages, Desserts",4.6,351,1,0,₹300 for two
446098,La Pino'z Pizza,https://www.swiggy.com/dapi/menu/pl?restaurantId=446098,jaipur,Malviya Nagar,"Pizzas, Pastas, Italian, Desserts, Beverages",4.1,7.5K+,1,0,₹250 for two
234102,Subway,https://www.swiggy.com/dapi/menu/pl?restaurantId=234102,jaipur,Mansarovar,"sandwich, Salads, wrap, Healthy Food",4.2,5.5K+,1,0,₹200 for two
50534,Marky Momos,https://www.swiggy.com/dapi/menu/pl?restaurantId=50534,jaipur,Mansarovar,"Indian, Pan-Asian, Asian, Continental, Snacks",4,26K+,1,0,₹200 for two
538994,Bakingo,https://www.swiggy.com/dapi/menu/pl?restaurantId=538994,jaipur,Jaipur-I Ward 43,"Bakery, Desserts, Beverages, Snacks",4.8,11K+,1,0,₹299 for two
502672,The Belgian Waffle Co.,https://www.swiggy.com/dapi/menu/pl?restaurantId=502672,jaipur,Bais Godam,"Waffle, Desserts, Ice Cream, Beverages",4.5,1.1K+,1,0,₹200 for two
697439,Cheesecake & co.,https://www.swiggy.com/dapi/menu/pl?restaurantId=697439,jaipur,Lal Kothi,Indian,4.7,1.1K+,1,0,₹350 for two
801376,Makhani Darbar,https://www.swiggy.com/dapi/menu/pl?restaurantId=801376,jaipur,Kartarpura,"Biryani, North Indian, Kebabs, Mughlai, Beverages, Desserts",3.4,49,1,0,₹500 for two
575149,Veg Darbar by Behrouz Biryani,https://www.swiggy.com/dapi/menu/pl?restaurantId=575149,jaipur,Bais Godam,"Biryani, North Indian, Kebabs, Mughlai, Beverages, Desserts",4.1,152,1,0,₹700 for two
792319,Wendy's Flavor Fresh Burgers,https://www.swiggy.com/dapi/menu/pl?restaurantId=792319,jaipur,Bais Godam,"Burgers, American, Fast Food, Snacks, Beverages",3.9,44,1,0,₹500 for two
223157,"Faasos - Wraps, Rolls & Shawarma",https://www.swiggy.com/dapi/menu/pl?restaurantId=223157,jaipur,Bais Godam,"Kebabs, Fast Food, Snacks, American, Healthy Food, Desserts, Beverages",4.3,16K+,1,0,₹200 for two
150557,Brown Sugar,https://www.swiggy.com/dapi/menu/pl?restaurantId=150557,jaipur,Gopalpura,"Desserts, Snacks, Cakes & Pastries, Beverages, pizza, Pastas",4.5,3.1K+,1,0,₹200 for two
263826,Veg Meals By LunchBox,https://www.swiggy.com/dapi/menu/pl?restaurantId=263826,jaipur,Bais Godam,"Biryani, North Indian, Desserts, Beverages",4.4,459,1,0,₹200 for two
637768,Burger Farm,https://www.swiggy.com/dapi/menu/pl?restaurantId=637768,jaipur,Tonk Phatak,"American, Continental",4.5,5.0K+,1,0,₹250 for two
47598,Pizza Hut,https://www.swiggy.com/dapi/menu/pl?restaurantId=47598,jaipur,Malviya Nagar,Pizzas,4.2,11K+,1,0,₹350 for two
609489,Dip n Bite,https://www.swiggy.com/dapi/menu/pl?restaurantId=609489,jaipur,C Scheme,"Pizzas, Beverages",4.3,653,1,0,₹150 for two
61560,Bombay Mishthan Bhandar (Bmb) - Durapura,https://www.swiggy.com/dapi/menu/pl?restaurantId=61560,jaipur,Durgapura,"North Indian, Thalis, Rajasthani, Snacks, Sweets, Indian",4.6,99K+,1,0,₹300 for two
1247244,McDonald's,https://www.swiggy.com/dapi/menu/pl?restaurantId=1247244,jaipur,TONK ROAD,"American, Fast Food, Beverages",4.5,211,1,0,₹400 for two
798558,Burger King,https://www.swiggy.com/dapi/menu/pl?restaurantId=798558,jaipur,Jaipur,"Burgers, American",4.3,7.2K+,1,0,₹350 for two
577120,Domino's Pizza,https://www.swiggy.com/dapi/menu/pl?restaurantId=577120,jaipur,Lal Kothi,"Pizzas, Italian, Pastas, Desserts",4.3,2.4K+,1,0,₹400 for two
777347,Sodhani Sweets And Namkeen,https://www.swiggy.com/dapi/menu/pl?restaurantId=777347,jaipur,Gopalpura,"Sweets, Desserts, Snacks, Bengali",4.6,3.1K+,1,0,₹200 for two
47598,Pizza Hut,https://www.swiggy.com/dapi/menu/pl?restaurantId=47598,jaipur,Malviya Nagar,Pizzas,4.2,11K+,1,0,₹350 for two
50536,Burger Farm,https://www.swiggy.com/dapi/menu/pl?restaurantId=50536,jaipur,Mansarovar,"Fast Food, American, Barbecue, Italian-American, Snacks, Combo, Grill, Beverages",4.5,65K+,1,0,₹200 for two
61560,Bombay Mishthan Bhandar (Bmb) - Durapura,https://www.swiggy.com/dapi/menu/pl?restaurantId=61560,jaipur,Durgapura,"North Indian, Thalis, Rajasthani, Snacks, Sweets, Indian",4.6,99K+,1,0,₹300 for two
249749,McDonald's,https://www.swiggy.com/dapi/menu/pl?restaurantId=249749,jaipur,Civil Lines,"American, Fast Food, Beverages",4.3,25K+,1,0,₹400 for two
798558,Burger King,https://www.swiggy.com/dapi/menu/pl?restaurantId=798558,jaipur,Jaipur,"Burgers, American",4.3,7.2K+,1,0,₹350 for two
577120,Domino's Pizza,https://www.swiggy.com/dapi/menu/pl?restaurantId=577120,jaipur,Lal Kothi,"Pizzas, Italian, Pastas, Desserts",4.3,2.4K+,1,0,₹400 for two
46090,DMB Sweets Pvt Ltd,https://www.swiggy.com/dapi/menu/pl?restaurantId=46090,jaipur,C scheme,"Jain, South Indian, Snacks, Bengali, Italian, Desserts",4.5,162K+,1,0,₹350 for two
698742,Crusto's - Cheese Burst Pizza By Olio,https://www.swiggy.com/dapi/menu/pl?restaurantId=698742,jaipur,LAL KOTHI,"Pizzas, Pastas, Italian, Fast Food, Snacks, Beverages, Desserts",4.6,351,1,0,₹300 for two
446098,La Pino'z Pizza,https://www.swiggy.com/dapi/menu/pl?restaurantId=446098,jaipur,Malviya Nagar,"Pizzas, Pastas, Italian, Desserts, Beverages",4.1,7.5K+,1,0,₹250 for two
234102,Subway,https://www.swiggy.com/dapi/menu/pl?restaurantId=234102,jaipur,Mansarovar,"sandwich, Salads, wrap, Healthy Food",4.2,5.5K+,1,0,₹200 for two
50534,Marky Momos,https://www.swiggy.com/dapi/menu/pl?restaurantId=50534,jaipur,Mansarovar,"Indian, Pan-Asian, Asian, Continental, Snacks",4,26K+,1,0,₹200 for two
538994,Bakingo,https://www.swiggy.com/dapi/menu/pl?restaurantId=538994,jaipur,Jaipur-I Ward 43,"Bakery, Desserts, Beverages, Snacks",4.8,11K+,1,0,₹299 for two
502672,The Belgian Waffle Co.,https://www.swiggy.com/dapi/menu/pl?restaurantId=502672,jaipur,Bais Godam,"Waffle, Desserts, Ice Cream, Beverages",4.5,1.1K+,1,0,₹200 for two
697439,Cheesecake & co.,https://www.swiggy.com/dapi/menu/pl?restaurantId=697439,jaipur,Lal Kothi,Indian,4.7,1.1K+,1,0,₹350 for two
801376,Makhani Darbar,https://www.swiggy.com/dapi/menu/pl?restaurantId=801376,jaipur,Kartarpura,"Biryani, North Indian, Kebabs, Mughlai, Beverages, Desserts",3.4,49,1,0,₹500 for two
575149,Veg Darbar by Behrouz Biryani,https://www.swiggy.com/dapi/menu/pl?restaurantId=575149,jaipur,Bais Godam,"Biryani, North Indian, Kebabs, Mughlai, Beverages, Desserts",4.1,152,1,0,₹700 for two
792319,Wendy's Flavor Fresh Burgers,https://www.swiggy.com/dapi/menu/pl?restaurantId=792319,jaipur,Bais Godam,"Burgers, American, Fast Food, Snacks, Beverages",3.9,44,1,0,₹500 for two
223157,"Faasos - Wraps, Rolls & Shawarma",https://www.swiggy.com/dapi/menu/pl?restaurantId=223157,jaipur,Bais Godam,"Kebabs, Fast Food, Snacks, American, Healthy Food, Desserts, Beverages",4.3,16K+,1,0,₹200 for two
150557,Brown Sugar,https://www.swiggy.com/dapi/menu/pl?restaurantId=150557,jaipur,Gopalpura,"Desserts, Snacks, Cakes & Pastries, Beverages, pizza, Pastas",4.5,3.1K+,1,0,₹200 for two
263826,Veg Meals By LunchBox,https://www.swiggy.com/dapi/menu/pl?restaurantId=263826,jaipur,Bais Godam,"Biryani, North Indian, Desserts, Beverages",4.4,459,1,0,₹200 for two
637768,Burger Farm,https://www.swiggy.com/dapi/menu/pl?restaurantId=637768,jaipur,Tonk Phatak,"American, Continental",4.5,5.0K+,1,0,₹250 for two
47598,Pizza Hut,https://www.swiggy.com/dapi/menu/pl?restaurantId=47598,jaipur,Malviya Nagar,Pizzas,4.2,11K+,1,0,₹350 for two
609489,Dip n Bite,https://www.swiggy.com/dapi/menu/pl?restaurantId=609489,jaipur,C Scheme,"Pizzas, Beverages",4.3,653,1,0,₹150 for two
61560,Bombay Mishthan Bhandar (Bmb) - Durapura,https://www.swiggy.com/dapi/menu/pl?restaurantId=61560,jaipur,Durgapura,"North Indian, Thalis, Rajasthani, Snacks, Sweets, Indian",4.6,99K+,1,0,₹300 for two
1247244,McDonald's,https://www.swiggy.com/dapi/menu/pl?restaurantId=1247244,jaipur,TONK ROAD,"American, Fast Food, Beverages",4.5,211,1,0,₹400 for two
798558,Burger King,https://www.swiggy.com/dapi/menu/pl?restaurantId=798558,jaipur,Jaipur,"Burgers, American",4.3,7.2K+,1,0,₹350 for two
577120,Domino's Pizza,https://www.swiggy.com/dapi/menu/pl?restaurantId=577120,jaipur,Lal Kothi,"Pizzas, Italian, Pastas, Desserts",4.3,2.4K+,1,0,₹400 for two
777347,Sodhani Sweets And Namkeen,https://www.swiggy.com/dapi/menu/pl?restaurantId=777347,jaipur,Gopalpura,"Sweets, Desserts, Snacks, Bengali",4.6,3.1K+,1,0,₹200 for two
47595,Pizza Hut,https://www.swiggy.com/dapi/menu/pl?restaurantId=47595,jaipur,Gopalbari,Pizzas,4.2,8.9K+,1,0,₹350 for two
370626,Burger Farm,https://www.swiggy.com/dapi/menu/pl?restaurantId=370626,jaipur,Bani Park,"Fast Food, American, Barbecue, Italian-American, Snacks, Combo, Grill, Beverages",4.6,6.3K+,1,0,₹200 for two
57722,Dmb(Doodh Misthan Bhandar),https://www.swiggy.com/dapi/menu/pl?restaurantId=57722,jaipur,Bani Park,"Navratri Special, Thalis, Chinese, Continental, Snacks, Punjabi",4.6,140K+,1,0,₹300 for two
620980,Domino's Pizza,https://www.swiggy.com/dapi/menu/pl?restaurantId=620980,jaipur,Sindhi Camp,"Pizzas, Italian, Pastas, Desserts",4.5,2.0K+,1,0,₹400 for two
45809,Falahaar & Kota Kachori,https://www.swiggy.com/dapi/menu/pl?restaurantId=45809,jaipur,C Scheme,"Snacks, Indian",4.5,34K+,1,0,₹200 for two
651073,Bakingo,https://www.swiggy.com/dapi/menu/pl?restaurantId=651073,jaipur,Shashtri Nagar,"Bakery, Desserts, Beverages, Snacks",4.8,6.5K+,1,0,₹299 for two
764055,Theobroma,https://www.swiggy.com/dapi/menu/pl?restaurantId=764055,jaipur,C Scheme,"Bakery, Desserts",4.6,3.0K+,1,0,₹400 for two
312472,Kebabs & Curries Company,https://www.swiggy.com/dapi/menu/pl?restaurantId=312472,jaipur,Bani Park,"Indian, Chinese, Mughlai",4.5,2.0K+,1,0,₹600 for two
359794,Grameen Kulfi,https://www.swiggy.com/dapi/menu/pl?restaurantId=359794,jaipur,Sindhi Camp,"Ice Cream, Desserts",4.6,915,1,0,₹120 for two
693861,Cheesecake & co.,https://www.swiggy.com/dapi/menu/pl?restaurantId=693861,jaipur,Sindhi Camp,"Desserts, Bakery",4.8,530,1,0,₹300 for two
327471,Vadilal Ice Creams,https://www.swiggy.com/dapi/menu/pl?restaurantId=327471,jaipur,Vidhyadhar Nagar,"Ice Cream, Desserts, Cakes, Beverages, Bakery",4.7,519,1,0,₹300 for two
402635,Starbucks Coffee,https://www.swiggy.com/dapi/menu/pl?restaurantId=402635,jaipur,C Scheme,"Beverages, Cafe, Snacks, Desserts, Bakery, Ice Cream",4.5,1.6K+,1,0,₹400 for two
371004,Gourmet Ice Cream Cakes by Baskin Robbins,https://www.swiggy.com/dapi/menu/pl?restaurantId=371004,jaipur,Bani Park,"Desserts, Ice Cream, Bakery",4.7,10,1,0,₹250 for two
249749,McDonald's,https://www.swiggy.com/dapi/menu/pl?restaurantId=249749,jaipur,Civil Lines,"American, Fast Food, Beverages",4.3,25K+,1,0,₹400 for two
45176,Burger King,https://www.swiggy.com/dapi/menu/pl?restaurantId=45176,jaipur,Jhotwara,"Burgers, American",4.3,27K+,1,0,₹350 for two
48891,Natural Ice Cream,https://www.swiggy.com/dapi/menu/pl?restaurantId=48891,jaipur,C Scheme,"Ice Cream, Desserts",4.8,15K+,1,0,₹150 for two
44507,Kanha,https://www.swiggy.com/dapi/menu/pl?restaurantId=44507,jaipur,Shastri Nagar,"Sweets, South Indian, Desserts, Beverages, Thalis, Rajasthani, Bakery, Pizzas, Chinese",4.6,78K+,1,0,₹200 for two
587560,Barista Coffee,https://www.swiggy.com/dapi/menu/pl?restaurantId=587560,jaipur,C Scheme,"Beverages, Snacks, Desserts",4.2,1.3K+,1,0,₹200 for two
328959,Baskin Robbins - Ice Cream Desserts,https://www.swiggy.com/dapi/menu/pl?restaurantId=328959,jaipur,Bani Park,"Desserts, Ice Cream",4.4,304,1,0,₹250 for two
427160,The Belgian Waffle Co.,https://www.swiggy.com/dapi/menu/pl?restaurantId=427160,jaipur,Vidhyadhar Nagar,"Waffle, Desserts, Ice Cream, Beverages",4.5,1.3K+,1,0,₹200 for two
47595,Pizza Hut,https://www.swiggy.com/dapi/menu/pl?restaurantId=47595,jaipur,Gopalbari,Pizzas,4.2,8.9K+,1,0,₹350 for two
370626,Burger Farm,https://www.swiggy.com/dapi/menu/pl?restaurantId=370626,jaipur,Bani Park,"Fast Food, American, Barbecue, Italian-American, Snacks, Combo, Grill, Beverages",4.6,6.3K+,1,0,₹200 for two
57722,Dmb(Doodh Misthan Bhandar),https://www.swiggy.com/dapi/menu/pl?restaurantId=57722,jaipur,Bani Park,"Navratri Special, Thalis, Chinese, Continental, Snacks, Punjabi",4.6,140K+,1,0,₹300 for two
620980,Domino's Pizza,https://www.swiggy.com/dapi/menu/pl?restaurantId=620980,jaipur,Sindhi Camp,"Pizzas, Italian, Pastas, Desserts",4.5,2.0K+,1,0,₹400 for two
46964,Bhagat Mishthan Bhandar,https://www.swiggy.com/dapi/menu/pl?restaurantId=46964,jaipur,MI Road,"Sweets, Snacks",4.8,16K+,1,0,₹200 for two
45809,Falahaar & Kota Kachori,https://www.swiggy.com/dapi/menu/pl?restaurantId=45809,jaipur,C Scheme,"Snacks, Indian",4.5,34K+,1,0,₹200 for two
715416,Sodhani Sweets Pvt Ltd,https://www.swiggy.com/dapi/menu/pl?restaurantId=715416,jaipur,Vidhyadhar Nagar,"Sweets, Bengali, Snacks",4.7,944,1,0,₹200 for two
1250571,Brown Sugar,https://www.swiggy.com/dapi/menu/pl?restaurantId=1250571,jaipur,Sindhi Camp,Cafe,4.4,15,1,0,₹400 for two
47595,Pizza Hut,https://www.swiggy.com/dapi/menu/pl?restaurantId=47595,jaipur,Gopalbari,Pizzas,4.2,8.9K+,1,0,₹350 for two
370626,Burger Farm,https://www.swiggy.com/dapi/menu/pl?restaurantId=370626,jaipur,Bani Park,"Fast Food, American, Barbecue, Italian-American, Snacks, Combo, Grill, Beverages",4.6,6.3K+,1,0,₹200 for two
57722,Dmb(Doodh Misthan Bhandar),https://www.swiggy.com/dapi/menu/pl?restaurantId=57722,jaipur,Bani Park,"Navratri Special, Thalis, Chinese, Continental, Snacks, Punjabi",4.6,140K+,1,0,₹300 for two
620980,Domino's Pizza,https://www.swiggy.com/dapi/menu/pl?restaurantId=620980,jaipur,Sindhi Camp,"Pizzas, Italian, Pastas, Desserts",4.5,2.0K+,1,0,₹400 for two
45809,Falahaar & Kota Kachori,https://www.swiggy.com/dapi/menu/pl?restaurantId=45809,jaipur,C Scheme,"Snacks, Indian",4.5,34K+,1,0,₹200 for two
651073,Bakingo,https://www.swiggy.com/dapi/menu/pl?restaurantId=651073,jaipur,Shashtri Nagar,"Bakery, Desserts, Beverages, Snacks",4.8,6.5K+,1,0,₹299 for two
764055,Theobroma,https://www.swiggy.com/dapi/menu/pl?restaurantId=764055,jaipur,C Scheme,"Bakery, Desserts",4.6,3.0K+,1,0,₹400 for two
312472,Kebabs & Curries Company,https://www.swiggy.com/dapi/menu/pl?restaurantId=312472,jaipur,Bani Park,"Indian, Chinese, Mughlai",4.5,2.0K+,1,0,₹600 for two
359794,Grameen Kulfi,https://www.swiggy.com/dapi/menu/pl?restaurantId=359794,jaipur,Sindhi Camp,"Ice Cream, Desserts",4.6,915,1,0,₹120 for two
693861,Cheesecake & co.,https://www.swiggy.com/dapi/menu/pl?restaurantId=693861,jaipur,Sindhi Camp,"Desserts, Bakery",4.8,530,1,0,₹300 for two
327471,Vadilal Ice Creams,https://www.swiggy.com/dapi/menu/pl?restaurantId=327471,jaipur,Vidhyadhar Nagar,"Ice Cream, Desserts, Cakes, Beverages, Bakery",4.7,519,1,0,₹300 for two
402635,Starbucks Coffee,https://www.swiggy.com/dapi/menu/pl?restaurantId=402635,jaipur,C Scheme,"Beverages, Cafe, Snacks, Desserts, Bakery, Ice Cream",4.5,1.6K+,1,0,₹400 for two
371004,Gourmet Ice Cream Cakes by Baskin Robbins,https://www.swiggy.com/dapi/menu/pl?restaurantId=371004,jaipur,Bani Park,"Desserts, Ice Cream, Bakery",4.7,10,1,0,₹250 for two
249749,McDonald's,https://www.swiggy.com/dapi/menu/pl?restaurantId=249749,jaipur,Civil Lines,"American, Fast Food, Beverages",4.3,25K+,1,0,₹400 for two
45176,Burger King,https://www.swiggy.com/dapi/menu/pl?restaurantId=45176,jaipur,Jhotwara,"Burgers, American",4.3,27K+,1,0,₹350 for two
48891,Natural Ice Cream,https://www.swiggy.com/dapi/menu/pl?restaurantId=48891,jaipur,C Scheme,"Ice Cream, Desserts",4.8,15K+,1,0,₹150 for two
44507,Kanha,https://www.swiggy.com/dapi/menu/pl?restaurantId=44507,jaipur,Shastri Nagar,"Sweets, South Indian, Desserts, Beverages, Thalis, Rajasthani, Bakery, Pizzas, Chinese",4.6,78K+,1,0,₹200 for two
587560,Barista Coffee,https://www.swiggy.com/dapi/menu/pl?restaurantId=587560,jaipur,C Scheme,"Beverages, Snacks, Desserts",4.2,1.3K+,1,0,₹200 for two
328959,Baskin Robbins - Ice Cream Desserts,https://www.swiggy.com/dapi/menu/pl?restaurantId=328959,jaipur,Bani Park,"Desserts, Ice Cream",4.4,304,1,0,₹250 for two
427160,The Belgian Waffle Co.,https://www.swiggy.com/dapi/menu/pl?restaurantId=427160,jaipur,Vidhyadhar Nagar,"Waffle, Desserts, Ice Cream, Beverages",4.5,1.3K+,1,0,₹200 for two
47595,Pizza Hut,https://www.swiggy.com/dapi/menu/pl?restaurantId=47595,jaipur,Gopalbari,Pizzas,4.2,8.9K+,1,0,₹350 for two
370626,Burger Farm,https://www.swiggy.com/dapi/menu/pl?restaurantId=370626,jaipur,Bani Park,"Fast Food, American, Barbecue, Italian-American, Snacks, Combo, Grill, Beverages",4.6,6.3K+,1,0,₹200 for two
57722,Dmb(Doodh Misthan Bhandar),https://www.swiggy.com/dapi/menu/pl?restaurantId=57722,jaipur,Bani Park,"Navratri Special, Thalis, Chinese, Continental, Snacks, Punjabi",4.6,140K+,1,0,₹300 for two
620980,Domino's Pizza,https://www.swiggy.com/dapi/menu/pl?restaurantId=620980,jaipur,Sindhi Camp,"Pizzas, Italian, Pastas, Desserts",4.5,2.0K+,1,0,₹400 for two
46964,Bhagat Mishthan Bhandar,https://www.swiggy.com/dapi/menu/pl?restaurantId=46964,jaipur,MI Road,"Sweets, Snacks",4.8,16K+,1,0,₹200 for two
45809,Falahaar & Kota Kachori,https://www.swiggy.com/dapi/menu/pl?restaurantId=45809,jaipur,C Scheme,"Snacks, Indian",4.5,34K+,1,0,₹200 for two
715416,Sodhani Sweets Pvt Ltd,https://www.swiggy.com/dapi/menu/pl?restaurantId=715416,jaipur,Vidhyadhar Nagar,"Sweets, Bengali, Snacks",4.7,944,1,0,₹200 for two
1250571,Brown Sugar,https://www.swiggy.com/dapi/menu/pl?restaurantId=1250571,jaipur,Sindhi Camp,Cafe,4.4,15,1,0,₹400 for two
767170,Pizza Hut,https://www.swiggy.com/dapi/menu/pl?restaurantId=767170,jaipur,Shri Gopal Nagar,Pizzas,4.2,2.0K+,1,0,₹350 for two
259757,Burger Farm,https://www.swiggy.com/dapi/menu/pl?restaurantId=259757,jaipur,Mansarovar,"Fast Food, American, Barbecue, Italian-American, Snacks, Combo, Grill, Beverages",4.3,9.1K+,1,0,₹200 for two
699431,Domino's Pizza,https://www.swiggy.com/dapi/menu/pl?restaurantId=699431,jaipur,SBBJ Officers Colony,"Pizzas, Italian, Pastas, Desserts",4.4,2.0K+,1,0,₹400 for two
798558,Burger King,https://www.swiggy.com/dapi/menu/pl?restaurantId=798558,jaipur,Jaipur,"Burgers, American",4.3,7.2K+,1,0,₹350 for two
61416,Chhabra's Pure Veg,https://www.swiggy.com/dapi/menu/pl?restaurantId=61416,jaipur,Mansarovar,"North Indian, Indian, Rajasthani, Biryani, Punjabi, Beverages, Tandoor, Snacks, Sweets, Thali",4.6,25K+,1,0,₹200 for two
538995,Bakingo,https://www.swiggy.com/dapi/menu/pl?restaurantId=538995,jaipur,Vaishali Nagar,"Bakery, Desserts, Beverages, Snacks",4.8,7.2K+,1,0,₹299 for two
639126,Subway,https://www.swiggy.com/dapi/menu/pl?restaurantId=639126,jaipur,Mansarovar,"sandwich, Salads, wrap, Healthy Food",4.2,2.6K+,1,0,₹350 for two
71849,The Belgian Waffle Co.,https://www.swiggy.com/dapi/menu/pl?restaurantId=71849,jaipur,MANSAROVAR,"Waffle, Desserts, Ice Cream, Beverages",4.6,5.5K+,1,0,₹200 for two
46961,Rj14,https://www.swiggy.com/dapi/menu/pl?restaurantId=46961,jaipur,Ajmer Road,"North Indian, South Indian, Snacks, Thalis, Biryani, Beverages, Desserts",4.5,39K+,1,0,₹350 for two
545166,Vadilal Ice Creams,https://www.swiggy.com/dapi/menu/pl?restaurantId=545166,jaipur,Mansarovar,"Ice Cream, Desserts, Cakes, Beverages, Bakery",4.8,398,1,0,₹200 for two
260144,Delights by INOX,https://www.swiggy.com/dapi/menu/pl?restaurantId=260144,jaipur,Mansarovar,Snacks,4.3,32,1,0,₹400 for two
514944,Brown Sugar,https://www.swiggy.com/dapi/menu/pl?restaurantId=514944,jaipur,Mansarovar,"Desserts, Snacks, Cakes & Pastries, Beverages, pizza, Pastas",4.3,1.1K+,1,0,₹500 for two
735127,Chinese Wok,https://www.swiggy.com/dapi/menu/pl?restaurantId=735127,jaipur,Vivek Vihar,"Chinese, Asian, Tibetan, Desserts",4.2,3.9K+,1,0,₹250 for two
50822,Falahaar & Kota Kachori,https://www.swiggy.com/dapi/menu/pl?restaurantId=50822,jaipur,Mansarovar,"Snacks, Indian",4.4,38K+,1,0,₹200 for two
533385,KFC,https://www.swiggy.com/dapi/menu/pl?restaurantId=533385,jaipur,Vaishali Nagar,"Burgers, Fast Food, Rolls & Wraps",4.1,6.1K+,1,0,₹400 for two
685767,Cheesecake & co.,https://www.swiggy.com/dapi/menu/pl?restaurantId=685767,jaipur,Vaishali Nagar,Desserts,4.7,845,1,0,₹300 for two
367817,Grameen Kulfi,https://www.swiggy.com/dapi/menu/pl?restaurantId=367817,jaipur,Manasarovar,"Ice Cream, Desserts",4.8,1.2K+,1,0,₹120 for two
614874,Kwality Walls Ice Cream and More,https://www.swiggy.com/dapi/menu/pl?restaurantId=614874,jaipur,Manasarovar,"Desserts, Ice Cream, Ice Cream Cakes",4.8,456,1,0,₹200 for two
787229,Cakes By Flower Aura,https://www.swiggy.com/dapi/menu/pl?restaurantId=787229,jaipur,Vill-Balrampura,"Bakery, Desserts",4.8,292,1,0,₹300 for two
125850,La Pino'z Pizza,https://www.swiggy.com/dapi/menu/pl?restaurantId=125850,jaipur,Vaishali Nagar,"Pizzas, Pastas, Italian, Desserts, Beverages",4,9.0K+,1,0,₹400 for two
1273182,Pizza Hut,https://www.swiggy.com/dapi/menu/pl?restaurantId=1273182,jaipur,New Sanganer Road,Pizzas,4.4,36,1,0,₹350 for two
259757,Burger Farm,https://www.swiggy.com/dapi/menu/pl?restaurantId=259757,jaipur,Mansarovar,"Fast Food, American, Barbecue, Italian-American, Snacks, Combo, Grill, Beverages",4.3,9.1K+,1,0,₹200 for two
1002548,KFC,https://www.swiggy.com/dapi/menu/pl?restaurantId=1002548,jaipur,R Tech Emporio,"Burgers, Fast Food, Rolls & Wraps",4.4,780,1,0,₹400 for two
699431,Domino's Pizza,https://www.swiggy.com/dapi/menu/pl?restaurantId=699431,jaipur,SBBJ Officers Colony,"Pizzas, Italian, Pastas, Desserts",4.4,2.0K+,1,0,₹400 for two
1289840,Burger King,https://www.swiggy.com/dapi/menu/pl?restaurantId=1289840,jaipur,Gopalpura Bypass Rd,"Burgers, American",4.5,212,1,0,₹350 for two
61416,Chhabra's Pure Veg,https://www.swiggy.com/dapi/menu/pl?restaurantId=61416,jaipur,Mansarovar,"North Indian, Indian, Rajasthani, Biryani, Punjabi, Beverages, Tandoor, Snacks, Sweets, Thali",4.6,25K+,1,0,₹200 for two
765714,Samrat,https://www.swiggy.com/dapi/menu/pl?restaurantId=765714,jaipur,KINGS ROAD,"Street Food, Snacks, Indian, Fast Food, Beverages",4.5,2.4K+,1,0,₹250 for two
538995,Bakingo,https://www.swiggy.com/dapi/menu/pl?restaurantId=538995,jaipur,Vaishali Nagar,"Bakery, Desserts, Beverages, Snacks",4.8,7.2K+,1,0,₹299 for two
767170,Pizza Hut,https://www.swiggy.com/dapi/menu/pl?restaurantId=767170,jaipur,Shri Gopal Nagar,Pizzas,4.2,2.0K+,1,0,₹350 for two
259757,Burger Farm,https://www.swiggy.com/dapi/menu/pl?restaurantId=259757,jaipur,Mansarovar,"Fast Food, American, Barbecue, Italian-American, Snacks, Combo, Grill, Beverages",4.3,9.1K+,1,0,₹200 for two
699431,Domino's Pizza,https://www.swiggy.com/dapi/menu/pl?restaurantId=699431,jaipur,SBBJ Officers Colony,"Pizzas, Italian, Pastas, Desserts",4.4,2.0K+,1,0,₹400 for two
798558,Burger King,https://www.swiggy.com/dapi/menu/pl?restaurantId=798558,jaipur,Jaipur,"Burgers, American",4.3,7.2K+,1,0,₹350 for two
61416,Chhabra's Pure Veg,https://www.swiggy.com/dapi/menu/pl?restaurantId=61416,jaipur,Mansarovar,"North Indian, Indian, Rajasthani, Biryani, Punjabi, Beverages, Tandoor, Snacks, Sweets, Thali",4.6,25K+,1,0,₹200 for two
538995,Bakingo,https://www.swiggy.com/dapi/menu/pl?restaurantId=538995,jaipur,Vaishali Nagar,"Bakery, Desserts, Beverages, Snacks",4.8,7.2K+,1,0,₹299 for two
639126,Subway,https://www.swiggy.com/dapi/menu/pl?restaurantId=639126,jaipur,Mansarovar,"sandwich, Salads, wrap, Healthy Food",4.2,2.6K+,1,0,₹350 for two
71849,The Belgian Waffle Co.,https://www.swiggy.com/dapi/menu/pl?restaurantId=71849,jaipur,MANSAROVAR,"Waffle, Desserts, Ice Cream, Beverages",4.6,5.5K+,1,0,₹200 for two
46961,Rj14,https://www.swiggy.com/dapi/menu/pl?restaurantId=46961,jaipur,Ajmer Road,"North Indian, South Indian, Snacks, Thalis, Biryani, Beverages, Desserts",4.5,39K+,1,0,₹350 for two
545166,Vadilal Ice Creams,https://www.swiggy.com/dapi/menu/pl?restaurantId=545166,jaipur,Mansarovar,"Ice Cream, Desserts, Cakes, Beverages, Bakery",4.8,398,1,0,₹200 for two
260144,Delights by INOX,https://www.swiggy.com/dapi/menu/pl?restaurantId=260144,jaipur,Mansarovar,Snacks,4.3,32,1,0,₹400 for two
514944,Brown Sugar,https://www.swiggy.com/dapi/menu/pl?restaurantId=514944,jaipur,Mansarovar,"Desserts, Snacks, Cakes & Pastries, Beverages, pizza, Pastas",4.3,1.1K+,1,0,₹500 for two
735127,Chinese Wok,https://www.swiggy.com/dapi/menu/pl?restaurantId=735127,jaipur,Vivek Vihar,"Chinese, Asian, Tibetan, Desserts",4.2,3.9K+,1,0,₹250 for two
50822,Falahaar & Kota Kachori,https://www.swiggy.com/dapi/menu/pl?restaurantId=50822,jaipur,Mansarovar,"Snacks, Indian",4.4,38K+,1,0,₹200 for two
533385,KFC,https://www.swiggy.com/dapi/menu/pl?restaurantId=533385,jaipur,Vaishali Nagar,"Burgers, Fast Food, Rolls & Wraps",4.1,6.1K+,1,0,₹400 for two
685767,Cheesecake & co.,https://www.swiggy.com/dapi/menu/pl?restaurantId=685767,jaipur,Vaishali Nagar,Desserts,4.7,845,1,0,₹300 for two
367817,Grameen Kulfi,https://www.swiggy.com/dapi/menu/pl?restaurantId=367817,jaipur,Manasarovar,"Ice Cream, Desserts",4.8,1.2K+,1,0,₹120 for two
614874,Kwality Walls Ice Cream and More,https://www.swiggy.com/dapi/menu/pl?restaurantId=614874,jaipur,Manasarovar,"Desserts, Ice Cream, Ice Cream Cakes",4.8,456,1,0,₹200 for two
787229,Cakes By Flower Aura,https://www.swiggy.com/dapi/menu/pl?restaurantId=787229,jaipur,Vill-Balrampura,"Bakery, Desserts",4.8,292,1,0,₹300 for two
125850,La Pino'z Pizza,https://www.swiggy.com/dapi/menu/pl?restaurantId=125850,jaipur,Vaishali Nagar,"Pizzas, Pastas, Italian, Desserts, Beverages",4,9.0K+,1,0,₹400 for two
1273182,Pizza Hut,https://www.swiggy.com/dapi/menu/pl?restaurantId=1273182,jaipur,New Sanganer Road,Pizzas,4.4,36,1,0,₹350 for two
259757,Burger Farm,https://www.swiggy.com/dapi/menu/pl?restaurantId=259757,jaipur,Mansarovar,"Fast Food, American, Barbecue, Italian-American, Snacks, Combo, Grill, Beverages",4.3,9.1K+,1,0,₹200 for two
1002548,KFC,https://www.swiggy.com/dapi/menu/pl?restaurantId=1002548,jaipur,R Tech Emporio,"Burgers, Fast Food, Rolls & Wraps",4.4,780,1,0,₹400 for two
699431,Domino's Pizza,https://www.swiggy.com/dapi/menu/pl?restaurantId=699431,jaipur,SBBJ Officers Colony,"Pizzas, Italian, Pastas, Desserts",4.4,2.0K+,1,0,₹400 for two
1289840,Burger King,https://www.swiggy.com/dapi/menu/pl?restaurantId=1289840,jaipur,Gopalpura Bypass Rd,"Burgers, American",4.5,212,1,0,₹350 for two
61416,Chhabra's Pure Veg,https://www.swiggy.com/dapi/menu/pl?restaurantId=61416,jaipur,Mansarovar,"North Indian, Indian, Rajasthani, Biryani, Punjabi, Beverages, Tandoor, Snacks, Sweets, Thali",4.6,25K+,1,0,₹200 for two
538995,Bakingo,https://www.swiggy.com/dapi/menu/pl?restaurantId=538995,jaipur,Vaishali Nagar,"Bakery, Desserts, Beverages, Snacks",4.8,7.2K+,1,0,₹299 for two
1066135,Wow! Momo,https://www.swiggy.com/dapi/menu/pl?restaurantId=1066135,jaipur,Mansarovar,"Momos, Chinese, fastfood, Asian, Beverages",4.2,251,1,0,₹300 for two
47596,Pizza Hut,https://www.swiggy.com/dapi/menu/pl?restaurantId=47596,jaipur,Raja Park,Pizzas,4.3,10K+,1,0,₹350 for two
45967,Burger Farm,https://www.swiggy.com/dapi/menu/pl?restaurantId=45967,jaipur,Malviya Nagar,"American, Continental, Italian-American, Snacks, Grill, Beverages, Indian, Desserts, Barbecue",4.5,60K+,1,0,₹200 for two
61560,Bombay Mishthan Bhandar (Bmb) - Durapura,https://www.swiggy.com/dapi/menu/pl?restaurantId=61560,jaipur,Durgapura,"North Indian, Thalis, Rajasthani, Snacks, Sweets, Indian",4.6,99K+,1,0,₹300 for two
45989,Marky Momos,https://www.swiggy.com/dapi/menu/pl?restaurantId=45989,jaipur,Raja Park,"Chinese, Asian, Pan-Asian, Indian, Thai, Thalis, Kebabs, Grill, Tandoor, Biryani",4.4,22K+,1,0,₹200 for two
47615,Subway,https://www.swiggy.com/dapi/menu/pl?restaurantId=47615,jaipur,Raja Park,"sandwich, Salads, wrap, Healthy Food",4.2,13K+,1,0,₹200 for two
45455,Brown Sugar,https://www.swiggy.com/dapi/menu/pl?restaurantId=45455,jaipur,Raja Park,"Desserts, Snacks, Cakes & Pastries, Beverages, pizza, Pastas",4.3,5.7K+,1,0,₹200 for two
253717,McDonald's,https://www.swiggy.com/dapi/menu/pl?restaurantId=253717,jaipur,Malviya Nagar,"American, Fast Food, Beverages",4.3,21K+,1,0,₹400 for two
45175,Burger King,https://www.swiggy.com/dapi/menu/pl?restaurantId=45175,jaipur,Malviya Nagar,"Burgers, American",4.3,55K+,1,0,₹350 for two
45219,KFC,https://www.swiggy.com/dapi/menu/pl?restaurantId=45219,jaipur,Malviya Nagar,"Burgers, Fast Food, Rolls & Wraps",4.2,14K+,1,0,₹450 for two
385200,NIC Ice Creams,https://www.swiggy.com/dapi/menu/pl?restaurantId=385200,jaipur,Raja Park,"Ice Cream, Desserts",4.6,2.2K+,1,0,₹120 for two
48891,Natural Ice Cream,https://www.swiggy.com/dapi/menu/pl?restaurantId=48891,jaipur,C Scheme,"Ice Cream, Desserts",4.8,15K+,1,0,₹150 for two
44614,Harishankar Veg Restro,https://www.swiggy.com/dapi/menu/pl?restaurantId=44614,jaipur,Raja Park,"North Indian, South Indian, Thalis, Indian, Rajasthani, Biryani, Punjabi, Jain, Beverages, Tandoor",4.4,47K+,1,0,₹200 for two
764055,Theobroma,https://www.swiggy.com/dapi/menu/pl?restaurantId=764055,jaipur,C Scheme,"Bakery, Desserts",4.6,3.0K+,1,0,₹400 for two
44601,The Belgian Waffle Co.,https://www.swiggy.com/dapi/menu/pl?restaurantId=44601,jaipur,Malviya Nagar,"Waffle, Desserts, Ice Cream, Beverages",4.5,9.4K+,1,0,₹200 for two
545879,La Pino'z Pizza,https://www.swiggy.com/dapi/menu/pl?restaurantId=545879,jaipur,Raja Park,"Pizzas, Pastas, Italian, Desserts, Beverages",4.3,4.8K+,1,0,₹400 for two
44889,Kebabs & Curries Company,https://www.swiggy.com/dapi/menu/pl?restaurantId=44889,jaipur,Raja Park,"Indian, North Indian, Thalis, Chinese, Mughlai, Chaat, Punjabi, Desserts, Snacks, Rajasthani",4.4,16K+,1,0,₹700 for two
223157,"Faasos - Wraps, Rolls & Shawarma",https://www.swiggy.com/dapi/menu/pl?restaurantId=223157,jaipur,Bais Godam,"Kebabs, Fast Food, Snacks, American, Healthy Food, Desserts, Beverages",4.3,16K+,1,0,₹200 for two
702121,Cheesecakes By CakeZone,https://www.swiggy.com/dapi/menu/pl?restaurantId=702121,jaipur,Sahakar Marg,"Bakery, Desserts, Beverages, Ice Cream, Sweets",4.2,64,1,0,₹200 for two
46090,DMB Sweets Pvt Ltd,https://www.swiggy.com/dapi/menu/pl?restaurantId=46090,jaipur,C scheme,"Jain, South Indian, Snacks, Bengali, Italian, Desserts",4.5,162K+,1,0,₹350 for two
565290,Wendy's Burgers,https://www.swiggy.com/dapi/menu/pl?restaurantId=565290,jaipur,Bais Godam,"Burgers, American, Fast Food, Snacks",3.9,2.1K+,1,0,₹200 for two
47596,Pizza Hut,https://www.swiggy.com/dapi/menu/pl?restaurantId=47596,jaipur,Raja Park,Pizzas,4.3,10K+,1,0,₹350 for two
447098,Burger Farm,https://www.swiggy.com/dapi/menu/pl?restaurantId=447098,jaipur,Raja Park,"Snacks, American, Beverages, Continental",4.5,6.8K+,1,0,₹200 for two
917025,KFC,https://www.swiggy.com/dapi/menu/pl?restaurantId=917025,jaipur,Raja Park,"Burgers, Fast Food, Rolls & Wraps",4.1,1.2K+,1,0,₹400 for two
56623,Anandji Sweets,https://www.swiggy.com/dapi/menu/pl?restaurantId=56623,jaipur,Malviya Nagar,"Sweets, Desserts, Snacks, Indian",4.5,16K+,1,0,₹200 for two
981128,Sodhani Sweets,https://www.swiggy.com/dapi/menu/pl?restaurantId=981128,jaipur,Malviya Nagar,Indian,4.6,2.6K+,1,0,₹300 for two
715411,Sodhani Sweets Pvt Ltd,https://www.swiggy.com/dapi/menu/pl?restaurantId=715411,jaipur,Lal Kothi,"Sweets, Desserts",4.8,9.0K+,1,0,₹200 for two
729690,GudMishri,https://www.swiggy.com/dapi/menu/pl?restaurantId=729690,jaipur,Lal Kothi,South Indian,4.6,2.0K+,1,0,₹500 for two
61560,Bombay Mishthan Bhandar (Bmb) - Durapura,https://www.swiggy.com/dapi/menu/pl?restaurantId=61560,jaipur,Durgapura,"North Indian, Thalis, Rajasthani, Snacks, Sweets, Indian",4.6,99K+,1,0,₹300 for two
47596,Pizza Hut,https://www.swiggy.com/dapi/menu/pl?restaurantId=47596,jaipur,Raja Park,Pizzas,4.3,10K+,1,0,₹350 for two
45967,Burger Farm,https://www.swiggy.com/dapi/menu/pl?restaurantId=45967,jaipur,Malviya Nagar,"American, Continental, Italian-American, Snacks, Grill, Beverages, Indian, Desserts, Barbecue",4.5,60K+,1,0,₹200 for two
61560,Bombay Mishthan Bhandar (Bmb) - Durapura,https://www.swiggy.com/dapi/menu/pl?restaurantId=61560,jaipur,Durgapura,"North Indian, Thalis, Rajasthani, Snacks, Sweets, Indian",4.6,99K+,1,0,₹300 for two
45989,Marky Momos,https://www.swiggy.com/dapi/menu/pl?restaurantId=45989,jaipur,Raja Park,"Chinese, Asian, Pan-Asian, Indian, Thai, Thalis, Kebabs, Grill, Tandoor, Biryani",4.4,22K+,1,0,₹200 for two
47615,Subway,https://www.swiggy.com/dapi/menu/pl?restaurantId=47615,jaipur,Raja Park,"sandwich, Salads, wrap, Healthy Food",4.2,13K+,1,0,₹200 for two
45455,Brown Sugar,https://www.swiggy.com/dapi/menu/pl?restaurantId=45455,jaipur,Raja Park,"Desserts, Snacks, Cakes & Pastries, Beverages, pizza, Pastas",4.3,5.7K+,1,0,₹200 for two
253717,McDonald's,https://www.swiggy.com/dapi/menu/pl?restaurantId=253717,jaipur,Malviya Nagar,"American, Fast Food, Beverages",4.3,21K+,1,0,₹400 for two
45175,Burger King,https://www.swiggy.com/dapi/menu/pl?restaurantId=45175,jaipur,Malviya Nagar,"Burgers, American",4.3,55K+,1,0,₹350 for two
45219,KFC,https://www.swiggy.com/dapi/menu/pl?restaurantId=45219,jaipur,Malviya Nagar,"Burgers, Fast Food, Rolls & Wraps",4.2,14K+,1,0,₹450 for two
385200,NIC Ice Creams,https://www.swiggy.com/dapi/menu/pl?restaurantId=385200,jaipur,Raja Park,"Ice Cream, Desserts",4.6,2.2K+,1,0,₹120 for two
48891,Natural Ice Cream,https://www.swiggy.com/dapi/menu/pl?restaurantId=48891,jaipur,C Scheme,"Ice Cream, Desserts",4.8,15K+,1,0,₹150 for two
44614,Harishankar Veg Restro,https://www.swiggy.com/dapi/menu/pl?restaurantId=44614,jaipur,Raja Park,"North Indian, South Indian, Thalis, Indian, Rajasthani, Biryani, Punjabi, Jain, Beverages, Tandoor",4.4,47K+,1,0,₹200 for two
764055,Theobroma,https://www.swiggy.com/dapi/menu/pl?restaurantId=764055,jaipur,C Scheme,"Bakery, Desserts",4.6,3.0K+,1,0,₹400 for two
44601,The Belgian Waffle Co.,https://www.swiggy.com/dapi/menu/pl?restaurantId=44601,jaipur,Malviya Nagar,"Waffle, Desserts, Ice Cream, Beverages",4.5,9.4K+,1,0,₹200 for two
545879,La Pino'z Pizza,https://www.swiggy.com/dapi/menu/pl?restaurantId=545879,jaipur,Raja Park,"Pizzas, Pastas, Italian, Desserts, Beverages",4.3,4.8K+,1,0,₹400 for two
223157,"Faasos - Wraps, Rolls & Shawarma",https://www.swiggy.com/dapi/menu/pl?restaurantId=223157,jaipur,Bais Godam,"Kebabs, Fast Food, Snacks, American, Healthy Food, Desserts, Beverages",4.3,16K+,1,0,₹200 for two
702121,Cheesecakes By CakeZone,https://www.swiggy.com/dapi/menu/pl?restaurantId=702121,jaipur,Sahakar Marg,"Bakery, Desserts, Beverages, Ice Cream, Sweets",4.2,64,1,0,₹200 for two
46090,DMB Sweets Pvt Ltd,https://www.swiggy.com/dapi/menu/pl?restaurantId=46090,jaipur,C scheme,"Jain, South Indian, Snacks, Bengali, Italian, Desserts",4.5,162K+,1,0,₹350 for two
565290,Wendy's Burgers,https://www.swiggy.com/dapi/menu/pl?restaurantId=565290,jaipur,Bais Godam,"Burgers, American, Fast Food, Snacks",3.9,2.1K+,1,0,₹200 for two
552473,Taco Bell,https://www.swiggy.com/dapi/menu/pl?restaurantId=552473,jaipur,Malviya Nagar,"Mexican, Fast Food, Snacks",4.4,2.9K+,1,0,₹300 for two
47596,Pizza Hut,https://www.swiggy.com/dapi/menu/pl?restaurantId=47596,jaipur,Raja Park,Pizzas,4.3,10K+,1,0,₹350 for two
447098,Burger Farm,https://www.swiggy.com/dapi/menu/pl?restaurantId=447098,jaipur,Raja Park,"Snacks, American, Beverages, Continental",4.5,6.8K+,1,0,₹200 for two
917025,KFC,https://www.swiggy.com/dapi/menu/pl?restaurantId=917025,jaipur,Raja Park,"Burgers, Fast Food, Rolls & Wraps",4.1,1.2K+,1,0,₹400 for two
56623,Anandji Sweets,https://www.swiggy.com/dapi/menu/pl?restaurantId=56623,jaipur,Malviya Nagar,"Sweets, Desserts, Snacks, Indian",4.5,16K+,1,0,₹200 for two
981128,Sodhani Sweets,https://www.swiggy.com/dapi/menu/pl?restaurantId=981128,jaipur,Malviya Nagar,Indian,4.6,2.6K+,1,0,₹300 for two
715411,Sodhani Sweets Pvt Ltd,https://www.swiggy.com/dapi/menu/pl?restaurantId=715411,jaipur,Lal Kothi,"Sweets, Desserts",4.8,9.0K+,1,0,₹200 for two
729690,GudMishri,https://www.swiggy.com/dapi/menu/pl?restaurantId=729690,jaipur,Lal Kothi,South Indian,4.6,2.0K+,1,0,₹500 for two
61560,Bombay Mishthan Bhandar (Bmb) - Durapura,https://www.swiggy.com/dapi/menu/pl?restaurantId=61560,jaipur,Durgapura,"North Indian, Thalis, Rajasthani, Snacks, Sweets, Indian",4.6,99K+,1,0,₹300 for two
448001,Pizza Hut,https://www.swiggy.com/dapi/menu/pl?restaurantId=448001,trivandrum,Palayam,Pizzas,4.4,4.3K+,1,0,₹350 for two
78307,Zam Zam Restaurant - Palayam,https://www.swiggy.com/dapi/menu/pl?restaurantId=78307,trivandrum,Palayam,"Arabian, South Indian, Biryani, Chinese, Desserts",4.5,92K+,1,0,₹449 for two
77470,Hotel Taj Palayam,https://www.swiggy.com/dapi/menu/pl?restaurantId=77470,trivandrum,Palayam,"Arabian, South Indian, Biryani, Chinese, Kerala, Indian, Fast Food, Snacks, Kerala",4.4,37K+,1,0,₹250 for two
550932,Ruchi Pure veg restaurant,https://www.swiggy.com/dapi/menu/pl?restaurantId=550932,trivandrum,Thampanoor,"South Indian, Kerala, Juices, Kerala",4.6,6.2K+,1,0,₹400 for two
212089,Hotel Chinnus - Keshavadasapuram,https://www.swiggy.com/dapi/menu/pl?restaurantId=212089,trivandrum,Kesavadasapuram,"South Indian, Chinese, Fast Food, Kerala",4.6,34K+,1,0,₹250 for two
77433,Steampot Restaurant,https://www.swiggy.com/dapi/menu/pl?restaurantId=77433,trivandrum,Vanchiyoor,"South Indian, Biryani, Chinese, Beverages, Kerala",4.5,60K+,1,0,₹200 for two
205238,Ariya Nivas - Thampanoor,https://www.swiggy.com/dapi/menu/pl?restaurantId=205238,trivandrum,Thampanoor,"South Indian, Chinese, Beverages, Salads, Kerala",4.7,19K+,1,0,₹250 for two
78947,KFC,https://www.swiggy.com/dapi/menu/pl?restaurantId=78947,trivandrum,Thampanoor,"Burgers, Fast Food, Rolls & Wraps",4.6,24K+,1,0,₹400 for two
247749,Barbecue Space,https://www.swiggy.com/dapi/menu/pl?restaurantId=247749,trivandrum,Palayam,"Rolls & Wraps, Arabian, shawarma",4.5,6.9K+,1,0,₹400 for two
475785,Big Belly Momos,https://www.swiggy.com/dapi/menu/pl?restaurantId=475785,trivandrum,Pattoor,"Momos, Juices",4.6,4.9K+,1,0,₹200 for two
149597,Jai Sitha Sweets,https://www.swiggy.com/dapi/menu/pl?restaurantId=149597,trivandrum,Thycaud,"Sweets, South Indian, Kerala",4.8,16K+,1,0,₹150 for two
522870,Al Taza,https://www.swiggy.com/dapi/menu/pl?restaurantId=522870,trivandrum,Kowdiar,"Arabian, Burgers, Beverages, Snacks",4.7,10K+,1,0,₹250 for two
557677,Irani Kuzhimandi Restaurant,https://www.swiggy.com/dapi/menu/pl?restaurantId=557677,trivandrum,Medical College,"Arabian, Chinese",4.5,3.4K+,1,0,₹250 for two
226652,Dessi Cuppa - Kesavadasapuram,https://www.swiggy.com/dapi/menu/pl?restaurantId=226652,trivandrum,Nalanchira,"Desserts, Burgers, Ice Cream",4.5,8.3K+,1,0,₹200 for two
773415,Starbucks Coffee,https://www.swiggy.com/dapi/menu/pl?restaurantId=773415,trivandrum,Vellayambalam,"Beverages, Cafe, Snacks, Desserts, Bakery, Ice Cream",4.6,1.5K+,1,0,₹400 for two
259992,Sree Nandhaas,https://www.swiggy.com/dapi/menu/pl?restaurantId=259992,trivandrum,Kesavadasapuram,"Desserts, Chinese, South Indian, Ice Cream",4.7,5.4K+,1,0,₹200 for two
78303,The Muffin House,https://www.swiggy.com/dapi/menu/pl?restaurantId=78303,trivandrum,Pattom ,"Desserts, South Indian, Burgers, Ice Cream, Pizzas, Kerala",4.4,8.1K+,1,0,₹200 for two
352539,Aasife Biriyani,https://www.swiggy.com/dapi/menu/pl?restaurantId=352539,trivandrum,Palayam,"Biryani, South Indian, Chinese, Beverages",4.6,7.0K+,1,0,₹700 for two
523612,Burger King,https://www.swiggy.com/dapi/menu/pl?restaurantId=523612,trivandrum,Thampanoor,"Burgers, American",4.5,12K+,1,0,₹350 for two
693337,McDonald's,https://www.swiggy.com/dapi/menu/pl?restaurantId=693337,trivandrum,Kesavadasapuram,"Burgers, Beverages, Cafe, Desserts",4.5,10K+,1,0,₹400 for two
448001,Pizza Hut,https://www.swiggy.com/dapi/menu/pl?restaurantId=448001,trivandrum,Palayam,Pizzas,4.4,4.3K+,1,0,₹350 for two
78307,Zam Zam Restaurant - Palayam,https://www.swiggy.com/dapi/menu/pl?restaurantId=78307,trivandrum,Palayam,"Arabian, South Indian, Biryani, Chinese, Desserts",4.5,92K+,1,0,₹449 for two
550932,Ruchi Pure veg restaurant,https://www.swiggy.com/dapi/menu/pl?restaurantId=550932,trivandrum,Thampanoor,"South Indian, Kerala, Juices, Kerala",4.6,6.2K+,1,0,₹400 for two
849876,Sultan The Resto Cafe,https://www.swiggy.com/dapi/menu/pl?restaurantId=849876,trivandrum,Medical College,"Biryani, Arabian, Beverages",3.8,633,1,0,₹299 for two
741538,Sree Guruvayoorappan Hotel,https://www.swiggy.com/dapi/menu/pl?restaurantId=741538,trivandrum,Thampanoor,"South Indian, Chinese, Juices, Snacks, Kerala",4.7,4.5K+,1,0,₹200 for two
77470,Hotel Taj Palayam,https://www.swiggy.com/dapi/menu/pl?restaurantId=77470,trivandrum,Palayam,"Arabian, South Indian, Biryani, Chinese, Kerala, Indian, Fast Food, Snacks, Kerala",4.4,37K+,1,0,₹250 for two
212089,Hotel Chinnus - Keshavadasapuram,https://www.swiggy.com/dapi/menu/pl?restaurantId=212089,trivandrum,Kesavadasapuram,"South Indian, Chinese, Fast Food, Kerala",4.6,34K+,1,0,₹250 for two
77433,Steampot Restaurant,https://www.swiggy.com/dapi/menu/pl?restaurantId=77433,trivandrum,Vanchiyoor,"South Indian, Biryani, Chinese, Beverages, Kerala",4.5,60K+,1,0,₹200 for two
448001,Pizza Hut,https://www.swiggy.com/dapi/menu/pl?restaurantId=448001,trivandrum,Palayam,Pizzas,4.4,4.3K+,1,0,₹350 for two
78307,Zam Zam Restaurant - Palayam,https://www.swiggy.com/dapi/menu/pl?restaurantId=78307,trivandrum,Palayam,"Arabian, South Indian, Biryani, Chinese, Desserts",4.5,92K+,1,0,₹449 for two
77470,Hotel Taj Palayam,https://www.swiggy.com/dapi/menu/pl?restaurantId=77470,trivandrum,Palayam,"Arabian, South Indian, Biryani, Chinese, Kerala, Indian, Fast Food, Snacks, Kerala",4.4,37K+,1,0,₹250 for two
550932,Ruchi Pure veg restaurant,https://www.swiggy.com/dapi/menu/pl?restaurantId=550932,trivandrum,Thampanoor,"South Indian, Kerala, Juices, Kerala",4.6,6.2K+,1,0,₹400 for two
212089,Hotel Chinnus - Keshavadasapuram,https://www.swiggy.com/dapi/menu/pl?restaurantId=212089,trivandrum,Kesavadasapuram,"South Indian, Chinese, Fast Food, Kerala",4.6,34K+,1,0,₹250 for two
77433,Steampot Restaurant,https://www.swiggy.com/dapi/menu/pl?restaurantId=77433,trivandrum,Vanchiyoor,"South Indian, Biryani, Chinese, Beverages, Kerala",4.5,60K+,1,0,₹200 for two
205238,Ariya Nivas - Thampanoor,https://www.swiggy.com/dapi/menu/pl?restaurantId=205238,trivandrum,Thampanoor,"South Indian, Chinese, Beverages, Salads, Kerala",4.7,19K+,1,0,₹250 for two
78947,KFC,https://www.swiggy.com/dapi/menu/pl?restaurantId=78947,trivandrum,Thampanoor,"Burgers, Fast Food, Rolls & Wraps",4.6,24K+,1,0,₹400 for two
247749,Barbecue Space,https://www.swiggy.com/dapi/menu/pl?restaurantId=247749,trivandrum,Palayam,"Rolls & Wraps, Arabian, shawarma",4.5,6.9K+,1,0,₹400 for two
475785,Big Belly Momos,https://www.swiggy.com/dapi/menu/pl?restaurantId=475785,trivandrum,Pattoor,"Momos, Juices",4.6,4.9K+,1,0,₹200 for two
149597,Jai Sitha Sweets,https://www.swiggy.com/dapi/menu/pl?restaurantId=149597,trivandrum,Thycaud,"Sweets, South Indian, Kerala",4.8,16K+,1,0,₹150 for two
522870,Al Taza,https://www.swiggy.com/dapi/menu/pl?restaurantId=522870,trivandrum,Kowdiar,"Arabian, Burgers, Beverages, Snacks",4.7,10K+,1,0,₹250 for two
557677,Irani Kuzhimandi Restaurant,https://www.swiggy.com/dapi/menu/pl?restaurantId=557677,trivandrum,Medical College,"Arabian, Chinese",4.5,3.4K+,1,0,₹250 for two
226652,Dessi Cuppa - Kesavadasapuram,https://www.swiggy.com/dapi/menu/pl?restaurantId=226652,trivandrum,Nalanchira,"Desserts, Burgers, Ice Cream",4.5,8.3K+,1,0,₹200 for two
773415,Starbucks Coffee,https://www.swiggy.com/dapi/menu/pl?restaurantId=773415,trivandrum,Vellayambalam,"Beverages, Cafe, Snacks, Desserts, Bakery, Ice Cream",4.6,1.5K+,1,0,₹400 for two
259992,Sree Nandhaas,https://www.swiggy.com/dapi/menu/pl?restaurantId=259992,trivandrum,Kesavadasapuram,"Desserts, Chinese, South Indian, Ice Cream",4.7,5.4K+,1,0,₹200 for two
78303,The Muffin House,https://www.swiggy.com/dapi/menu/pl?restaurantId=78303,trivandrum,Pattom ,"Desserts, South Indian, Burgers, Ice Cream, Pizzas, Kerala",4.4,8.1K+,1,0,₹200 for two
352539,Aasife Biriyani,https://www.swiggy.com/dapi/menu/pl?restaurantId=352539,trivandrum,Palayam,"Biryani, South Indian, Chinese, Beverages",4.6,7.0K+,1,0,₹700 for two
523612,Burger King,https://www.swiggy.com/dapi/menu/pl?restaurantId=523612,trivandrum,Thampanoor,"Burgers, American",4.5,12K+,1,0,₹350 for two
693337,McDonald's,https://www.swiggy.com/dapi/menu/pl?restaurantId=693337,trivandrum,Kesavadasapuram,"Burgers, Beverages, Cafe, Desserts",4.5,10K+,1,0,₹400 for two
448001,Pizza Hut,https://www.swiggy.com/dapi/menu/pl?restaurantId=448001,trivandrum,Palayam,Pizzas,4.4,4.3K+,1,0,₹350 for two
78307,Zam Zam Restaurant - Palayam,https://www.swiggy.com/dapi/menu/pl?restaurantId=78307,trivandrum,Palayam,"Arabian, South Indian, Biryani, Chinese, Desserts",4.5,92K+,1,0,₹449 for two
550932,Ruchi Pure veg restaurant,https://www.swiggy.com/dapi/menu/pl?restaurantId=550932,trivandrum,Thampanoor,"South Indian, Kerala, Juices, Kerala",4.6,6.2K+,1,0,₹400 for two
849876,Sultan The Resto Cafe,https://www.swiggy.com/dapi/menu/pl?restaurantId=849876,trivandrum,Medical College,"Biryani, Arabian, Beverages",3.8,633,1,0,₹299 for two
741538,Sree Guruvayoorappan Hotel,https://www.swiggy.com/dapi/menu/pl?restaurantId=741538,trivandrum,Thampanoor,"South Indian, Chinese, Juices, Snacks, Kerala",4.7,4.5K+,1,0,₹200 for two
77470,Hotel Taj Palayam,https://www.swiggy.com/dapi/menu/pl?restaurantId=77470,trivandrum,Palayam,"Arabian, South Indian, Biryani, Chinese, Kerala, Indian, Fast Food, Snacks, Kerala",4.4,37K+,1,0,₹250 for two
212089,Hotel Chinnus - Keshavadasapuram,https://www.swiggy.com/dapi/menu/pl?restaurantId=212089,trivandrum,Kesavadasapuram,"South Indian, Chinese, Fast Food, Kerala",4.6,34K+,1,0,₹250 for two
77433,Steampot Restaurant,https://www.swiggy.com/dapi/menu/pl?restaurantId=77433,trivandrum,Vanchiyoor,"South Indian, Biryani, Chinese, Beverages, Kerala",4.5,60K+,1,0,₹200 for two
448001,Pizza Hut,https://www.swiggy.com/dapi/menu/pl?restaurantId=448001,trivandrum,Palayam,Pizzas,4.4,4.3K+,1,0,₹350 for two
78307,Zam Zam Restaurant - Palayam,https://www.swiggy.com/dapi/menu/pl?restaurantId=78307,trivandrum,Palayam,"Arabian, South Indian, Biryani, Chinese, Desserts",4.5,92K+,1,0,₹449 for two
205238,Ariya Nivas - Thampanoor,https://www.swiggy.com/dapi/menu/pl?restaurantId=205238,trivandrum,Thampanoor,"South Indian, Chinese, Beverages, Salads, Kerala",4.7,19K+,1,0,₹250 for two
77470,Hotel Taj Palayam,https://www.swiggy.com/dapi/menu/pl?restaurantId=77470,trivandrum,Palayam,"Arabian, South Indian, Biryani, Chinese, Kerala, Indian, Fast Food, Snacks, Kerala",4.4,37K+,1,0,₹250 for two
247749,Barbecue Space,https://www.swiggy.com/dapi/menu/pl?restaurantId=247749,trivandrum,Palayam,"Rolls & Wraps, Arabian, shawarma",4.5,6.9K+,1,0,₹400 for two
317722,Hotel Aryaas Park,https://www.swiggy.com/dapi/menu/pl?restaurantId=317722,trivandrum,Thampanoor,"Desserts, Chinese, North Indian, South Indian, Kerala",4.6,5.6K+,1,0,₹200 for two
550932,Ruchi Pure veg restaurant,https://www.swiggy.com/dapi/menu/pl?restaurantId=550932,trivandrum,Thampanoor,"South Indian, Kerala, Juices, Kerala",4.6,6.2K+,1,0,₹400 for two
212089,Hotel Chinnus - Keshavadasapuram,https://www.swiggy.com/dapi/menu/pl?restaurantId=212089,trivandrum,Kesavadasapuram,"South Indian, Chinese, Fast Food, Kerala",4.6,34K+,1,0,₹250 for two
77433,Steampot Restaurant,https://www.swiggy.com/dapi/menu/pl?restaurantId=77433,trivandrum,Vanchiyoor,"South Indian, Biryani, Chinese, Beverages, Kerala",4.5,60K+,1,0,₹200 for two
300965,Bake n Corner,https://www.swiggy.com/dapi/menu/pl?restaurantId=300965,trivandrum,Thampanoor,"Bakery, Beverages, Indian",4.7,7.3K+,1,0,₹100 for two
475785,Big Belly Momos,https://www.swiggy.com/dapi/menu/pl?restaurantId=475785,trivandrum,Pattoor,"Momos, Juices",4.6,4.9K+,1,0,₹200 for two
149597,Jai Sitha Sweets,https://www.swiggy.com/dapi/menu/pl?restaurantId=149597,trivandrum,Thycaud,"Sweets, South Indian, Kerala",4.8,16K+,1,0,₹150 for two
77522,Burj Al Mandi,https://www.swiggy.com/dapi/menu/pl?restaurantId=77522,trivandrum,Thampanoor,"Arabian, Beverages",4.5,40K+,1,0,₹250 for two
522870,Al Taza,https://www.swiggy.com/dapi/menu/pl?restaurantId=522870,trivandrum,Kowdiar,"Arabian, Burgers, Beverages, Snacks",4.7,10K+,1,0,₹250 for two
78947,KFC,https://www.swiggy.com/dapi/menu/pl?restaurantId=78947,trivandrum,Thampanoor,"Burgers, Fast Food, Rolls & Wraps",4.6,24K+,1,0,₹400 for two
773415,Starbucks Coffee,https://www.swiggy.com/dapi/menu/pl?restaurantId=773415,trivandrum,Vellayambalam,"Beverages, Cafe, Snacks, Desserts, Bakery, Ice Cream",4.6,1.5K+,1,0,₹400 for two
557677,Irani Kuzhimandi Restaurant,https://www.swiggy.com/dapi/menu/pl?restaurantId=557677,trivandrum,Medical College,"Arabian, Chinese",4.5,3.4K+,1,0,₹250 for two
78303,The Muffin House,https://www.swiggy.com/dapi/menu/pl?restaurantId=78303,trivandrum,Pattom ,"Desserts, South Indian, Burgers, Ice Cream, Pizzas, Kerala",4.4,8.1K+,1,0,₹200 for two
523612,Burger King,https://www.swiggy.com/dapi/menu/pl?restaurantId=523612,trivandrum,Thampanoor,"Burgers, American",4.5,12K+,1,0,₹350 for two
140882,McDonald's,https://www.swiggy.com/dapi/menu/pl?restaurantId=140882,trivandrum,Kannanthura,"Burgers, Beverages, Cafe, Desserts",4.6,15K+,1,0,₹400 for two
448001,Pizza Hut,https://www.swiggy.com/dapi/menu/pl?restaurantId=448001,trivandrum,Palayam,Pizzas,4.4,4.3K+,1,0,₹350 for two
78307,Zam Zam Restaurant - Palayam,https://www.swiggy.com/dapi/menu/pl?restaurantId=78307,trivandrum,Palayam,"Arabian, South Indian, Biryani, Chinese, Desserts",4.5,92K+,1,0,₹449 for two
205238,Ariya Nivas - Thampanoor,https://www.swiggy.com/dapi/menu/pl?restaurantId=205238,trivandrum,Thampanoor,"South Indian, Chinese, Beverages, Salads, Kerala",4.7,19K+,1,0,₹250 for two
741538,Sree Guruvayoorappan Hotel,https://www.swiggy.com/dapi/menu/pl?restaurantId=741538,trivandrum,Thampanoor,"South Indian, Chinese, Juices, Snacks, Kerala",4.7,4.5K+,1,0,₹200 for two
77470,Hotel Taj Palayam,https://www.swiggy.com/dapi/menu/pl?restaurantId=77470,trivandrum,Palayam,"Arabian, South Indian, Biryani, Chinese, Kerala, Indian, Fast Food, Snacks, Kerala",4.4,37K+,1,0,₹250 for two
247749,Barbecue Space,https://www.swiggy.com/dapi/menu/pl?restaurantId=247749,trivandrum,Palayam,"Rolls & Wraps, Arabian, shawarma",4.5,6.9K+,1,0,₹400 for two
550932,Ruchi Pure veg restaurant,https://www.swiggy.com/dapi/menu/pl?restaurantId=550932,trivandrum,Thampanoor,"South Indian, Kerala, Juices, Kerala",4.6,6.2K+,1,0,₹400 for two
849876,Sultan The Resto Cafe,https://www.swiggy.com/dapi/menu/pl?restaurantId=849876,trivandrum,Medical College,"Biryani, Arabian, Beverages",3.8,633,1,0,₹299 for two
448001,Pizza Hut,https://www.swiggy.com/dapi/menu/pl?restaurantId=448001,trivandrum,Palayam,Pizzas,4.4,4.3K+,1,0,₹350 for two
78307,Zam Zam Restaurant - Palayam,https://www.swiggy.com/dapi/menu/pl?restaurantId=78307,trivandrum,Palayam,"Arabian, South Indian, Biryani, Chinese, Desserts",4.5,92K+,1,0,₹449 for two
205238,Ariya Nivas - Thampanoor,https://www.swiggy.com/dapi/menu/pl?restaurantId=205238,trivandrum,Thampanoor,"South Indian, Chinese, Beverages, Salads, Kerala",4.7,19K+,1,0,₹250 for two
77470,Hotel Taj Palayam,https://www.swiggy.com/dapi/menu/pl?restaurantId=77470,trivandrum,Palayam,"Arabian, South Indian, Biryani, Chinese, Kerala, Indian, Fast Food, Snacks, Kerala",4.4,37K+,1,0,₹250 for two
247749,Barbecue Space,https://www.swiggy.com/dapi/menu/pl?restaurantId=247749,trivandrum,Palayam,"Rolls & Wraps, Arabian, shawarma",4.5,6.9K+,1,0,₹400 for two
317722,Hotel Aryaas Park,https://www.swiggy.com/dapi/menu/pl?restaurantId=317722,trivandrum,Thampanoor,"Desserts, Chinese, North Indian, South Indian, Kerala",4.6,5.6K+,1,0,₹200 for two
550932,Ruchi Pure veg restaurant,https://www.swiggy.com/dapi/menu/pl?restaurantId=550932,trivandrum,Thampanoor,"South Indian, Kerala, Juices, Kerala",4.6,6.2K+,1,0,₹400 for two
212089,Hotel Chinnus - Keshavadasapuram,https://www.swiggy.com/dapi/menu/pl?restaurantId=212089,trivandrum,Kesavadasapuram,"South Indian, Chinese, Fast Food, Kerala",4.6,34K+,1,0,₹250 for two
77433,Steampot Restaurant,https://www.swiggy.com/dapi/menu/pl?restaurantId=77433,trivandrum,Vanchiyoor,"South Indian, Biryani, Chinese, Beverages, Kerala",4.5,60K+,1,0,₹200 for two
300965,Bake n Corner,https://www.swiggy.com/dapi/menu/pl?restaurantId=300965,trivandrum,Thampanoor,"Bakery, Beverages, Indian",4.7,7.3K+,1,0,₹100 for two
475785,Big Belly Momos,https://www.swiggy.com/dapi/menu/pl?restaurantId=475785,trivandrum,Pattoor,"Momos, Juices",4.6,4.9K+,1,0,₹200 for two
149597,Jai Sitha Sweets,https://www.swiggy.com/dapi/menu/pl?restaurantId=149597,trivandrum,Thycaud,"Sweets, South Indian, Kerala",4.8,16K+,1,0,₹150 for two
77522,Burj Al Mandi,https://www.swiggy.com/dapi/menu/pl?restaurantId=77522,trivandrum,Thampanoor,"Arabian, Beverages",4.5,40K+,1,0,₹250 for two
522870,Al Taza,https://www.swiggy.com/dapi/menu/pl?restaurantId=522870,trivandrum,Kowdiar,"Arabian, Burgers, Beverages, Snacks",4.7,10K+,1,0,₹250 for two
78947,KFC,https://www.swiggy.com/dapi/menu/pl?restaurantId=78947,trivandrum,Thampanoor,"Burgers, Fast Food, Rolls & Wraps",4.6,24K+,1,0,₹400 for two
773415,Starbucks Coffee,https://www.swiggy.com/dapi/menu/pl?restaurantId=773415,trivandrum,Vellayambalam,"Beverages, Cafe, Snacks, Desserts, Bakery, Ice Cream",4.6,1.5K+,1,0,₹400 for two
557677,Irani Kuzhimandi Restaurant,https://www.swiggy.com/dapi/menu/pl?restaurantId=557677,trivandrum,Medical College,"Arabian, Chinese",4.5,3.4K+,1,0,₹250 for two
78303,The Muffin House,https://www.swiggy.com/dapi/menu/pl?restaurantId=78303,trivandrum,Pattom ,"Desserts, South Indian, Burgers, Ice Cream, Pizzas, Kerala",4.4,8.1K+,1,0,₹200 for two
523612,Burger King,https://www.swiggy.com/dapi/menu/pl?restaurantId=523612,trivandrum,Thampanoor,"Burgers, American",4.5,12K+,1,0,₹350 for two
140882,McDonald's,https://www.swiggy.com/dapi/menu/pl?restaurantId=140882,trivandrum,Kannanthura,"Burgers, Beverages, Cafe, Desserts",4.6,15K+,1,0,₹400 for two
448001,Pizza Hut,https://www.swiggy.com/dapi/menu/pl?restaurantId=448001,trivandrum,Palayam,Pizzas,4.4,4.3K+,1,0,₹350 for two
78307,Zam Zam Restaurant - Palayam,https://www.swiggy.com/dapi/menu/pl?restaurantId=78307,trivandrum,Palayam,"Arabian, South Indian, Biryani, Chinese, Desserts",4.5,92K+,1,0,₹449 for two
205238,Ariya Nivas - Thampanoor,https://www.swiggy.com/dapi/menu/pl?restaurantId=205238,trivandrum,Thampanoor,"South Indian, Chinese, Beverages, Salads, Kerala",4.7,19K+,1,0,₹250 for two
741538,Sree Guruvayoorappan Hotel,https://www.swiggy.com/dapi/menu/pl?restaurantId=741538,trivandrum,Thampanoor,"South Indian, Chinese, Juices, Snacks, Kerala",4.7,4.5K+,1,0,₹200 for two
77470,Hotel Taj Palayam,https://www.swiggy.com/dapi/menu/pl?restaurantId=77470,trivandrum,Palayam,"Arabian, South Indian, Biryani, Chinese, Kerala, Indian, Fast Food, Snacks, Kerala",4.4,37K+,1,0,₹250 for two
247749,Barbecue Space,https://www.swiggy.com/dapi/menu/pl?restaurantId=247749,trivandrum,Palayam,"Rolls & Wraps, Arabian, shawarma",4.5,6.9K+,1,0,₹400 for two
550932,Ruchi Pure veg restaurant,https://www.swiggy.com/dapi/menu/pl?restaurantId=550932,trivandrum,Thampanoor,"South Indian, Kerala, Juices, Kerala",4.6,6.2K+,1,0,₹400 for two
849876,Sultan The Resto Cafe,https://www.swiggy.com/dapi/menu/pl?restaurantId=849876,trivandrum,Medical College,"Biryani, Arabian, Beverages",3.8,633,1,0,₹299 for two
138176,Pizza Hut,https://www.swiggy.com/dapi/menu/pl?restaurantId=138176,trivandrum,Ulloor,Pizzas,4.5,13K+,1,0,₹350 for two
212089,Hotel Chinnus - Keshavadasapuram,https://www.swiggy.com/dapi/menu/pl?restaurantId=212089,trivandrum,Kesavadasapuram,"South Indian, Chinese, Fast Food, Kerala",4.6,34K+,1,0,₹250 for two
78948,KFC,https://www.swiggy.com/dapi/menu/pl?restaurantId=78948,trivandrum,Kesavadasapuram,"Burgers, Fast Food, Rolls & Wraps",4.4,29K+,1,0,₹400 for two
323134,Homies Restaurant,https://www.swiggy.com/dapi/menu/pl?restaurantId=323134,trivandrum,Kulathoor,"Arabian, North Indian, Chinese, Tandoor, Kerala, Juices, Kerala",4.6,3.5K+,1,0,₹250 for two
78646,Domino's Pizza,https://www.swiggy.com/dapi/menu/pl?restaurantId=78646,trivandrum,Kesavadasapuram,"Pizzas, Italian, Pastas, Desserts",4.4,11K+,1,0,₹400 for two
730795,Barbecue Space Restaurant,https://www.swiggy.com/dapi/menu/pl?restaurantId=730795,trivandrum,Kulathoor,"Arabian, Mediterranean, Middle Eastern, Rolls & Wraps, shawarma",4.5,4.5K+,1,0,₹300 for two
632336,Aasife Biriyani,https://www.swiggy.com/dapi/menu/pl?restaurantId=632336,trivandrum,Kesavadasapuram,"Biryani, Arabian, Chinese, Snacks",4.5,2.9K+,1,0,₹400 for two
673003,Dessi Cuppa,https://www.swiggy.com/dapi/menu/pl?restaurantId=673003,trivandrum,Sreekaryam,"Juices, Burgers, Desserts, Ice Cream",4.5,3.6K+,1,0,₹200 for two
78579,Ambrosia,https://www.swiggy.com/dapi/menu/pl?restaurantId=78579,trivandrum,Kazhakoottam Market Road,"Pastas, Desserts, Chinese, South Indian, Burgers, Ice Cream, Pizzas",4.5,12K+,1,0,₹250 for two
145710,Food Factory,https://www.swiggy.com/dapi/menu/pl?restaurantId=145710,trivandrum,Kazhakkoottam,"Chinese, North Indian, South Indian, Ice Cream, Biryani, Kerala",4.5,11K+,1,0,₹200 for two
365846,Sweet Truth - Cake and Desserts,https://www.swiggy.com/dapi/menu/pl?restaurantId=365846,trivandrum,Ulloor,"Desserts, Ice Cream, Bakery, Beverages",4.4,2.6K+,1,0,₹450 for two
77454,Mother's Veg Plaza,https://www.swiggy.com/dapi/menu/pl?restaurantId=77454,trivandrum,Palayam,"South Indian, Kerala, Chinese, Kerala",4.6,63K+,1,0,₹200 for two
248579,Paragon,https://www.swiggy.com/dapi/menu/pl?restaurantId=248579,trivandrum,Kesavadasapuram,"Biryani, Chinese, Arabian, Indian, Beverages, South Indian, Kerala",4.7,73K+,1,0,₹600 for two
296482,Ibaco,https://www.swiggy.com/dapi/menu/pl?restaurantId=296482,trivandrum,Kumarapuram,"Ice Cream, Desserts",4.7,1.0K+,1,0,₹400 for two
87310,Cafe Coffee Day,https://www.swiggy.com/dapi/menu/pl?restaurantId=87310,trivandrum,Kulathoor,"Beverages, Cafe, Snacks, Desserts, Burgers, Ice Cream, Bakery, Fast Food, Tea",4.3,4.2K+,1,0,₹400 for two
78307,Zam Zam Restaurant - Palayam,https://www.swiggy.com/dapi/menu/pl?restaurantId=78307,trivandrum,Palayam,"Arabian, South Indian, Biryani, Chinese, Desserts",4.5,92K+,1,0,₹449 for two
78859,Subway,https://www.swiggy.com/dapi/menu/pl?restaurantId=78859,trivandrum,Kulathoor,"sandwich, Salads, wrap, Healthy Food",4.4,6.1K+,1,0,₹350 for two
570125,Wow! Momo,https://www.swiggy.com/dapi/menu/pl?restaurantId=570125,trivandrum,Kannanthura,"Momos, Chinese, fastfood, Asian, Beverages",4.4,2.5K+,1,0,₹300 for two
299497,The Belgian Waffle Co.,https://www.swiggy.com/dapi/menu/pl?restaurantId=299497,trivandrum,Kazhakkoottam,"Waffle, Desserts, Ice Cream, Beverages",4.6,2.7K+,1,0,₹200 for two
773415,Starbucks Coffee,https://www.swiggy.com/dapi/menu/pl?restaurantId=773415,trivandrum,Vellayambalam,"Beverages, Cafe, Snacks, Desserts, Bakery, Ice Cream",4.6,1.5K+,1,0,₹400 for two
138176,Pizza Hut,https://www.swiggy.com/dapi/menu/pl?restaurantId=138176,trivandrum,Ulloor,Pizzas,4.5,13K+,1,0,₹350 for two
978889,Healthush,https://www.swiggy.com/dapi/menu/pl?restaurantId=978889,trivandrum,Medical College,"Healthy Food, Continental, Italian, sandwich, Salads",4.6,1.0K+,1,0,₹299 for two
1331355,Hotel Gauri Shankar,https://www.swiggy.com/dapi/menu/pl?restaurantId=1331355,trivandrum,ULLOOR ,"South Indian, Burgers, Fast Food, American",4.4,126,1,0,₹250 for two
212089,Hotel Chinnus - Keshavadasapuram,https://www.swiggy.com/dapi/menu/pl?restaurantId=212089,trivandrum,Kesavadasapuram,"South Indian, Chinese, Fast Food, Kerala",4.6,34K+,1,0,₹250 for two
78948,KFC,https://www.swiggy.com/dapi/menu/pl?restaurantId=78948,trivandrum,Kesavadasapuram,"Burgers, Fast Food, Rolls & Wraps",4.4,29K+,1,0,₹400 for two
323134,Homies Restaurant,https://www.swiggy.com/dapi/menu/pl?restaurantId=323134,trivandrum,Kulathoor,"Arabian, North Indian, Chinese, Tandoor, Kerala, Juices, Kerala",4.6,3.5K+,1,0,₹250 for two
78646,Domino's Pizza,https://www.swiggy.com/dapi/menu/pl?restaurantId=78646,trivandrum,Kesavadasapuram,"Pizzas, Italian, Pastas, Desserts",4.4,11K+,1,0,₹400 for two
730795,Barbecue Space Restaurant,https://www.swiggy.com/dapi/menu/pl?restaurantId=730795,trivandrum,Kulathoor,"Arabian, Mediterranean, Middle Eastern, Rolls & Wraps, shawarma",4.5,4.5K+,1,0,₹300 for two
138176,Pizza Hut,https://www.swiggy.com/dapi/menu/pl?restaurantId=138176,trivandrum,Ulloor,Pizzas,4.5,13K+,1,0,₹350 for two
212089,Hotel Chinnus - Keshavadasapuram,https://www.swiggy.com/dapi/menu/pl?restaurantId=212089,trivandrum,Kesavadasapuram,"South Indian, Chinese, Fast Food, Kerala",4.6,34K+,1,0,₹250 for two
78948,KFC,https://www.swiggy.com/dapi/menu/pl?restaurantId=78948,trivandrum,Kesavadasapuram,"Burgers, Fast Food, Rolls & Wraps",4.4,29K+,1,0,₹400 for two
323134,Homies Restaurant,https://www.swiggy.com/dapi/menu/pl?restaurantId=323134,trivandrum,Kulathoor,"Arabian, North Indian, Chinese, Tandoor, Kerala, Juices, Kerala",4.6,3.5K+,1,0,₹250 for two
78646,Domino's Pizza,https://www.swiggy.com/dapi/menu/pl?restaurantId=78646,trivandrum,Kesavadasapuram,"Pizzas, Italian, Pastas, Desserts",4.4,11K+,1,0,₹400 for two
730795,Barbecue Space Restaurant,https://www.swiggy.com/dapi/menu/pl?restaurantId=730795,trivandrum,Kulathoor,"Arabian, Mediterranean, Middle Eastern, Rolls & Wraps, shawarma",4.5,4.5K+,1,0,₹300 for two
632336,Aasife Biriyani,https://www.swiggy.com/dapi/menu/pl?restaurantId=632336,trivandrum,Kesavadasapuram,"Biryani, Arabian, Chinese, Snacks",4.5,2.9K+,1,0,₹400 for two
673003,Dessi Cuppa,https://www.swiggy.com/dapi/menu/pl?restaurantId=673003,trivandrum,Sreekaryam,"Juices, Burgers, Desserts, Ice Cream",4.5,3.6K+,1,0,₹200 for two
78579,Ambrosia,https://www.swiggy.com/dapi/menu/pl?restaurantId=78579,trivandrum,Kazhakoottam Market Road,"Pastas, Desserts, Chinese, South Indian, Burgers, Ice Cream, Pizzas",4.5,12K+,1,0,₹250 for two
145710,Food Factory,https://www.swiggy.com/dapi/menu/pl?restaurantId=145710,trivandrum,Kazhakkoottam,"Chinese, North Indian, South Indian, Ice Cream, Biryani, Kerala",4.5,11K+,1,0,₹200 for two
365846,Sweet Truth - Cake and Desserts,https://www.swiggy.com/dapi/menu/pl?restaurantId=365846,trivandrum,Ulloor,"Desserts, Ice Cream, Bakery, Beverages",4.4,2.6K+,1,0,₹450 for two
77454,Mother's Veg Plaza,https://www.swiggy.com/dapi/menu/pl?restaurantId=77454,trivandrum,Palayam,"South Indian, Kerala, Chinese, Kerala",4.6,63K+,1,0,₹200 for two
248579,Paragon,https://www.swiggy.com/dapi/menu/pl?restaurantId=248579,trivandrum,Kesavadasapuram,"Biryani, Chinese, Arabian, Indian, Beverages, South Indian, Kerala",4.7,73K+,1,0,₹600 for two
296482,Ibaco,https://www.swiggy.com/dapi/menu/pl?restaurantId=296482,trivandrum,Kumarapuram,"Ice Cream, Desserts",4.7,1.0K+,1,0,₹400 for two
87310,Cafe Coffee Day,https://www.swiggy.com/dapi/menu/pl?restaurantId=87310,trivandrum,Kulathoor,"Beverages, Cafe, Snacks, Desserts, Burgers, Ice Cream, Bakery, Fast Food, Tea",4.3,4.2K+,1,0,₹400 for two
78307,Zam Zam Restaurant - Palayam,https://www.swiggy.com/dapi/menu/pl?restaurantId=78307,trivandrum,Palayam,"Arabian, South Indian, Biryani, Chinese, Desserts",4.5,92K+,1,0,₹449 for two
78859,Subway,https://www.swiggy.com/dapi/menu/pl?restaurantId=78859,trivandrum,Kulathoor,"sandwich, Salads, wrap, Healthy Food",4.4,6.1K+,1,0,₹350 for two
570125,Wow! Momo,https://www.swiggy.com/dapi/menu/pl?restaurantId=570125,trivandrum,Kannanthura,"Momos, Chinese, fastfood, Asian, Beverages",4.4,2.5K+,1,0,₹300 for two
299497,The Belgian Waffle Co.,https://www.swiggy.com/dapi/menu/pl?restaurantId=299497,trivandrum,Kazhakkoottam,"Waffle, Desserts, Ice Cream, Beverages",4.6,2.7K+,1,0,₹200 for two
773415,Starbucks Coffee,https://www.swiggy.com/dapi/menu/pl?restaurantId=773415,trivandrum,Vellayambalam,"Beverages, Cafe, Snacks, Desserts, Bakery, Ice Cream",4.6,1.5K+,1,0,₹400 for two
138176,Pizza Hut,https://www.swiggy.com/dapi/menu/pl?restaurantId=138176,trivandrum,Ulloor,Pizzas,4.5,13K+,1,0,₹350 for two
978889,Healthush,https://www.swiggy.com/dapi/menu/pl?restaurantId=978889,trivandrum,Medical College,"Healthy Food, Continental, Italian, sandwich, Salads",4.6,1.0K+,1,0,₹299 for two
1331355,Hotel Gauri Shankar,https://www.swiggy.com/dapi/menu/pl?restaurantId=1331355,trivandrum,ULLOOR ,"South Indian, Burgers, Fast Food, American",4.4,126,1,0,₹250 for two
212089,Hotel Chinnus - Keshavadasapuram,https://www.swiggy.com/dapi/menu/pl?restaurantId=212089,trivandrum,Kesavadasapuram,"South Indian, Chinese, Fast Food, Kerala",4.6,34K+,1,0,₹250 for two
78948,KFC,https://www.swiggy.com/dapi/menu/pl?restaurantId=78948,trivandrum,Kesavadasapuram,"Burgers, Fast Food, Rolls & Wraps",4.4,29K+,1,0,₹400 for two
323134,Homies Restaurant,https://www.swiggy.com/dapi/menu/pl?restaurantId=323134,trivandrum,Kulathoor,"Arabian, North Indian, Chinese, Tandoor, Kerala, Juices, Kerala",4.6,3.5K+,1,0,₹250 for two
78646,Domino's Pizza,https://www.swiggy.com/dapi/menu/pl?restaurantId=78646,trivandrum,Kesavadasapuram,"Pizzas, Italian, Pastas, Desserts",4.4,11K+,1,0,₹400 for two
730795,Barbecue Space Restaurant,https://www.swiggy.com/dapi/menu/pl?restaurantId=730795,trivandrum,Kulathoor,"Arabian, Mediterranean, Middle Eastern, Rolls & Wraps, shawarma",4.5,4.5K+,1,0,₹300 for two
561633,Pizza Hut,https://www.swiggy.com/dapi/menu/pl?restaurantId=561633,trivandrum,Kazhakkoottam,Pizzas,4.5,7.3K+,1,0,₹350 for two
78859,Subway,https://www.swiggy.com/dapi/menu/pl?restaurantId=78859,trivandrum,Kulathoor,"sandwich, Salads, wrap, Healthy Food",4.4,6.1K+,1,0,₹350 for two
299497,The Belgian Waffle Co.,https://www.swiggy.com/dapi/menu/pl?restaurantId=299497,trivandrum,Kazhakkoottam,"Waffle, Desserts, Ice Cream, Beverages",4.6,2.7K+,1,0,₹200 for two
730795,Barbecue Space Restaurant,https://www.swiggy.com/dapi/menu/pl?restaurantId=730795,trivandrum,Kulathoor,"Arabian, Mediterranean, Middle Eastern, Rolls & Wraps, shawarma",4.5,4.5K+,1,0,₹300 for two
323134,Homies Restaurant,https://www.swiggy.com/dapi/menu/pl?restaurantId=323134,trivandrum,Kulathoor,"Arabian, North Indian, Chinese, Tandoor, Kerala, Juices, Kerala",4.6,3.5K+,1,0,₹250 for two
247379,Zam Zam Restaurant - Kulathoor,https://www.swiggy.com/dapi/menu/pl?restaurantId=247379,trivandrum,Kulathoor,"Arabian, South Indian, Biryani, Chinese, Desserts",4.5,50K+,1,0,₹449 for two
401279,KFC,https://www.swiggy.com/dapi/menu/pl?restaurantId=401279,trivandrum,Kulathoor,"Burgers, Fast Food, Rolls & Wraps",4.5,15K+,1,0,₹400 for two
343703,Domino's Pizza,https://www.swiggy.com/dapi/menu/pl?restaurantId=343703,trivandrum,Kulathoor,"Pizzas, Italian, Pastas, Desserts",4.3,6.8K+,1,0,₹400 for two
783792,McDonald's,https://www.swiggy.com/dapi/menu/pl?restaurantId=783792,trivandrum,kazhkootam,"Burgers, Beverages, Cafe, Desserts",4.5,4.5K+,1,0,₹400 for two
783794,McDonald's Gourmet Burger Collection,https://www.swiggy.com/dapi/menu/pl?restaurantId=783794,trivandrum,kazhkootam,"Burgers, Beverages, Cafe, Desserts",4.6,138,1,0,₹400 for two
783793,McCafe by McDonald's,https://www.swiggy.com/dapi/menu/pl?restaurantId=783793,trivandrum,kazhkootam,"Beverages, Desserts",3.7,17,1,0,₹250 for two
673003,Dessi Cuppa,https://www.swiggy.com/dapi/menu/pl?restaurantId=673003,trivandrum,Sreekaryam,"Juices, Burgers, Desserts, Ice Cream",4.5,3.6K+,1,0,₹200 for two
78579,Ambrosia,https://www.swiggy.com/dapi/menu/pl?restaurantId=78579,trivandrum,Kazhakoottam Market Road,"Pastas, Desserts, Chinese, South Indian, Burgers, Ice Cream, Pizzas",4.5,12K+,1,0,₹250 for two
145710,Food Factory,https://www.swiggy.com/dapi/menu/pl?restaurantId=145710,trivandrum,Kazhakkoottam,"Chinese, North Indian, South Indian, Ice Cream, Biryani, Kerala",4.5,11K+,1,0,₹200 for two
735133,"Frozen Bottle - Milkshakes, Desserts And Ice Cream",https://www.swiggy.com/dapi/menu/pl?restaurantId=735133,trivandrum,Kazhakkoottam,"Beverages, Ice Cream, Desserts",4.4,813,1,0,₹250 for two
77454,Mother's Veg Plaza,https://www.swiggy.com/dapi/menu/pl?restaurantId=77454,trivandrum,Palayam,"South Indian, Kerala, Chinese, Kerala",4.6,63K+,1,0,₹200 for two
87310,Cafe Coffee Day,https://www.swiggy.com/dapi/menu/pl?restaurantId=87310,trivandrum,Kulathoor,"Beverages, Cafe, Snacks, Desserts, Burgers, Ice Cream, Bakery, Fast Food, Tea",4.3,4.2K+,1,0,₹400 for two
78307,Zam Zam Restaurant - Palayam,https://www.swiggy.com/dapi/menu/pl?restaurantId=78307,trivandrum,Palayam,"Arabian, South Indian, Biryani, Chinese, Desserts",4.5,92K+,1,0,₹449 for two
570125,Wow! Momo,https://www.swiggy.com/dapi/menu/pl?restaurantId=570125,trivandrum,Kannanthura,"Momos, Chinese, fastfood, Asian, Beverages",4.4,2.5K+,1,0,₹300 for two
773415,Starbucks Coffee,https://www.swiggy.com/dapi/menu/pl?restaurantId=773415,trivandrum,Vellayambalam,"Beverages, Cafe, Snacks, Desserts, Bakery, Ice Cream",4.6,1.5K+,1,0,₹400 for two
561633,Pizza Hut,https://www.swiggy.com/dapi/menu/pl?restaurantId=561633,trivandrum,Kazhakkoottam,Pizzas,4.5,7.3K+,1,0,₹350 for two
78859,Subway,https://www.swiggy.com/dapi/menu/pl?restaurantId=78859,trivandrum,Kulathoor,"sandwich, Salads, wrap, Healthy Food",4.4,6.1K+,1,0,₹350 for two
299497,The Belgian Waffle Co.,https://www.swiggy.com/dapi/menu/pl?restaurantId=299497,trivandrum,Kazhakkoottam,"Waffle, Desserts, Ice Cream, Beverages",4.6,2.7K+,1,0,₹200 for two
730795,Barbecue Space Restaurant,https://www.swiggy.com/dapi/menu/pl?restaurantId=730795,trivandrum,Kulathoor,"Arabian, Mediterranean, Middle Eastern, Rolls & Wraps, shawarma",4.5,4.5K+,1,0,₹300 for two
323134,Homies Restaurant,https://www.swiggy.com/dapi/menu/pl?restaurantId=323134,trivandrum,Kulathoor,"Arabian, North Indian, Chinese, Tandoor, Kerala, Juices, Kerala",4.6,3.5K+,1,0,₹250 for two
247379,Zam Zam Restaurant - Kulathoor,https://www.swiggy.com/dapi/menu/pl?restaurantId=247379,trivandrum,Kulathoor,"Arabian, South Indian, Biryani, Chinese, Desserts",4.5,50K+,1,0,₹449 for two
343703,Domino's Pizza,https://www.swiggy.com/dapi/menu/pl?restaurantId=343703,trivandrum,Kulathoor,"Pizzas, Italian, Pastas, Desserts",4.3,6.8K+,1,0,₹400 for two
401279,KFC,https://www.swiggy.com/dapi/menu/pl?restaurantId=401279,trivandrum,Kulathoor,"Burgers, Fast Food, Rolls & Wraps",4.5,15K+,1,0,₹400 for two
561633,Pizza Hut,https://www.swiggy.com/dapi/menu/pl?restaurantId=561633,trivandrum,Kazhakkoottam,Pizzas,4.5,7.3K+,1,0,₹350 for two
78859,Subway,https://www.swiggy.com/dapi/menu/pl?restaurantId=78859,trivandrum,Kulathoor,"sandwich, Salads, wrap, Healthy Food",4.4,6.1K+,1,0,₹350 for two
299497,The Belgian Waffle Co.,https://www.swiggy.com/dapi/menu/pl?restaurantId=299497,trivandrum,Kazhakkoottam,"Waffle, Desserts, Ice Cream, Beverages",4.6,2.7K+,1,0,₹200 for two
730795,Barbecue Space Restaurant,https://www.swiggy.com/dapi/menu/pl?restaurantId=730795,trivandrum,Kulathoor,"Arabian, Mediterranean, Middle Eastern, Rolls & Wraps, shawarma",4.5,4.5K+,1,0,₹300 for two
323134,Homies Restaurant,https://www.swiggy.com/dapi/menu/pl?restaurantId=323134,trivandrum,Kulathoor,"Arabian, North Indian, Chinese, Tandoor, Kerala, Juices, Kerala",4.6,3.5K+,1,0,₹250 for two
247379,Zam Zam Restaurant - Kulathoor,https://www.swiggy.com/dapi/menu/pl?restaurantId=247379,trivandrum,Kulathoor,"Arabian, South Indian, Biryani, Chinese, Desserts",4.5,50K+,1,0,₹449 for two
401279,KFC,https://www.swiggy.com/dapi/menu/pl?restaurantId=401279,trivandrum,Kulathoor,"Burgers, Fast Food, Rolls & Wraps",4.5,15K+,1,0,₹400 for two
343703,Domino's Pizza,https://www.swiggy.com/dapi/menu/pl?restaurantId=343703,trivandrum,Kulathoor,"Pizzas, Italian, Pastas, Desserts",4.3,6.8K+,1,0,₹400 for two
783792,McDonald's,https://www.swiggy.com/dapi/menu/pl?restaurantId=783792,trivandrum,kazhkootam,"Burgers, Beverages, Cafe, Desserts",4.5,4.5K+,1,0,₹400 for two
783794,McDonald's Gourmet Burger Collection,https://www.swiggy.com/dapi/menu/pl?restaurantId=783794,trivandrum,kazhkootam,"Burgers, Beverages, Cafe, Desserts",4.6,138,1,0,₹400 for two
783793,McCafe by McDonald's,https://www.swiggy.com/dapi/menu/pl?restaurantId=783793,trivandrum,kazhkootam,"Beverages, Desserts",3.7,17,1,0,₹250 for two
673003,Dessi Cuppa,https://www.swiggy.com/dapi/menu/pl?restaurantId=673003,trivandrum,Sreekaryam,"Juices, Burgers, Desserts, Ice Cream",4.5,3.6K+,1,0,₹200 for two
78579,Ambrosia,https://www.swiggy.com/dapi/menu/pl?restaurantId=78579,trivandrum,Kazhakoottam Market Road,"Pastas, Desserts, Chinese, South Indian, Burgers, Ice Cream, Pizzas",4.5,12K+,1,0,₹250 for two
145710,Food Factory,https://www.swiggy.com/dapi/menu/pl?restaurantId=145710,trivandrum,Kazhakkoottam,"Chinese, North Indian, South Indian, Ice Cream, Biryani, Kerala",4.5,11K+,1,0,₹200 for two
735133,"Frozen Bottle - Milkshakes, Desserts And Ice Cream",https://www.swiggy.com/dapi/menu/pl?restaurantId=735133,trivandrum,Kazhakkoottam,"Beverages, Ice Cream, Desserts",4.4,813,1,0,₹250 for two
77454,Mother's Veg Plaza,https://www.swiggy.com/dapi/menu/pl?restaurantId=77454,trivandrum,Palayam,"South Indian, Kerala, Chinese, Kerala",4.6,63K+,1,0,₹200 for two
87310,Cafe Coffee Day,https://www.swiggy.com/dapi/menu/pl?restaurantId=87310,trivandrum,Kulathoor,"Beverages, Cafe, Snacks, Desserts, Burgers, Ice Cream, Bakery, Fast Food, Tea",4.3,4.2K+,1,0,₹400 for two
78307,Zam Zam Restaurant - Palayam,https://www.swiggy.com/dapi/menu/pl?restaurantId=78307,trivandrum,Palayam,"Arabian, South Indian, Biryani, Chinese, Desserts",4.5,92K+,1,0,₹449 for two
570125,Wow! Momo,https://www.swiggy.com/dapi/menu/pl?restaurantId=570125,trivandrum,Kannanthura,"Momos, Chinese, fastfood, Asian, Beverages",4.4,2.5K+,1,0,₹300 for two
773415,Starbucks Coffee,https://www.swiggy.com/dapi/menu/pl?restaurantId=773415,trivandrum,Vellayambalam,"Beverages, Cafe, Snacks, Desserts, Bakery, Ice Cream",4.6,1.5K+,1,0,₹400 for two
561633,Pizza Hut,https://www.swiggy.com/dapi/menu/pl?restaurantId=561633,trivandrum,Kazhakkoottam,Pizzas,4.5,7.3K+,1,0,₹350 for two
78859,Subway,https://www.swiggy.com/dapi/menu/pl?restaurantId=78859,trivandrum,Kulathoor,"sandwich, Salads, wrap, Healthy Food",4.4,6.1K+,1,0,₹350 for two
299497,The Belgian Waffle Co.,https://www.swiggy.com/dapi/menu/pl?restaurantId=299497,trivandrum,Kazhakkoottam,"Waffle, Desserts, Ice Cream, Beverages",4.6,2.7K+,1,0,₹200 for two
730795,Barbecue Space Restaurant,https://www.swiggy.com/dapi/menu/pl?restaurantId=730795,trivandrum,Kulathoor,"Arabian, Mediterranean, Middle Eastern, Rolls & Wraps, shawarma",4.5,4.5K+,1,0,₹300 for two
323134,Homies Restaurant,https://www.swiggy.com/dapi/menu/pl?restaurantId=323134,trivandrum,Kulathoor,"Arabian, North Indian, Chinese, Tandoor, Kerala, Juices, Kerala",4.6,3.5K+,1,0,₹250 for two
247379,Zam Zam Restaurant - Kulathoor,https://www.swiggy.com/dapi/menu/pl?restaurantId=247379,trivandrum,Kulathoor,"Arabian, South Indian, Biryani, Chinese, Desserts",4.5,50K+,1,0,₹449 for two
343703,Domino's Pizza,https://www.swiggy.com/dapi/menu/pl?restaurantId=343703,trivandrum,Kulathoor,"Pizzas, Italian, Pastas, Desserts",4.3,6.8K+,1,0,₹400 for two
401279,KFC,https://www.swiggy.com/dapi/menu/pl?restaurantId=401279,trivandrum,Kulathoor,"Burgers, Fast Food, Rolls & Wraps",4.5,15K+,1,0,₹400 for two
70384,Pizza Hut,https://www.swiggy.com/dapi/menu/pl?restaurantId=70384,mysore,Mysore City,Pizzas,4.2,9.2K+,1,0,₹350 for two
620950,Domino's Pizza,https://www.swiggy.com/dapi/menu/pl?restaurantId=620950,mysore,Rajendra Nagar,"Pizzas, Italian, Pastas, Desserts",4.5,3.7K+,1,0,₹400 for two
639290,Burger King,https://www.swiggy.com/dapi/menu/pl?restaurantId=639290,mysore,Mysore South,"Burgers, American",4.4,13K+,1,0,₹350 for two
98315,McDonald's,https://www.swiggy.com/dapi/menu/pl?restaurantId=98315,mysore,Mysore South,"Burgers, Beverages, Cafe, Desserts",4.4,12K+,1,0,₹400 for two
69580,KFC,https://www.swiggy.com/dapi/menu/pl?restaurantId=69580,mysore,Mysore South,"Burgers, Fast Food, Rolls & Wraps",4.4,7.6K+,1,0,₹400 for two
780909,Theobroma,https://www.swiggy.com/dapi/menu/pl?restaurantId=780909,mysore,Mysore City,"Bakery, Desserts",4.6,2.7K+,1,0,₹400 for two
76670,Big Chicken (Bannimantap),https://www.swiggy.com/dapi/menu/pl?restaurantId=76670,mysore,Mysore South,"Biryani, Grill, Chinese, Burgers, North Indian, Beverages",4.4,47K+,1,0,₹600 for two
714896,Subway,https://www.swiggy.com/dapi/menu/pl?restaurantId=714896,mysore,Mysore South,"sandwich, Salads, wrap, Healthy Food",4.4,1.9K+,1,0,₹350 for two
858099,Starbucks Coffee,https://www.swiggy.com/dapi/menu/pl?restaurantId=858099,mysore,Mysore South,"Beverages, Cafe, Snacks, Desserts, Bakery, Ice Cream",4.2,162,1,0,₹400 for two
496243,Chinese Wok,https://www.swiggy.com/dapi/menu/pl?restaurantId=496243,mysore,Mysore South,"Chinese, Asian, Tibetan, Desserts",4.4,2.8K+,1,0,₹250 for two
68515,Sri Durga Bhavan,https://www.swiggy.com/dapi/menu/pl?restaurantId=68515,mysore,Mysore City,"South Indian, Indian",4.5,5.2K+,1,0,₹150 for two
81181,Pataka Mannar's,https://www.swiggy.com/dapi/menu/pl?restaurantId=81181,mysore,Mysore City,"Chaat, Desserts, Beverages",4.4,13K+,1,0,₹200 for two
69205,Crumbs,https://www.swiggy.com/dapi/menu/pl?restaurantId=69205,mysore,Mysore City,"Cakes & Pastries, Desserts, Burgers, American",4.5,30K+,1,0,₹200 for two
748058,Taco Bell,https://www.swiggy.com/dapi/menu/pl?restaurantId=748058,mysore,Mysore South,"Mexican, Fast Food, Snacks",4.4,3.1K+,1,0,₹300 for two
82173,Shree Mahalakshmi Sweets,https://www.swiggy.com/dapi/menu/pl?restaurantId=82173,mysore,Mysore City,"Sweets, Desserts, fast food, Thai",4.7,2.5K+,1,0,₹200 for two
359792,Grameen Kulfi,https://www.swiggy.com/dapi/menu/pl?restaurantId=359792,mysore,Mysore South,"Ice Cream, Desserts",4.7,1.6K+,1,0,₹120 for two
351991,Polar Bear,https://www.swiggy.com/dapi/menu/pl?restaurantId=351991,mysore,Mysore City,"Desserts, Ice Cream",4.8,5.1K+,1,0,₹350 for two
774915,Myfroyoland - Premium Frozen Yogurt,https://www.swiggy.com/dapi/menu/pl?restaurantId=774915,mysore,Mysore City,"Ice Cream, Desserts, Healthy Food",4.5,101,1,0,₹500 for two
397177,Gourmet Ice Cream Cakes by Baskin Robbins,https://www.swiggy.com/dapi/menu/pl?restaurantId=397177,mysore,Mysore South,Desserts,4.2,33,1,0,₹400 for two
434991,MTR,https://www.swiggy.com/dapi/menu/pl?restaurantId=434991,mysore,Mysore City,South Indian,4.7,10K+,1,0,₹300 for two
70384,Pizza Hut,https://www.swiggy.com/dapi/menu/pl?restaurantId=70384,mysore,Mysore City,Pizzas,4.2,9.2K+,1,0,₹350 for two
620950,Domino's Pizza,https://www.swiggy.com/dapi/menu/pl?restaurantId=620950,mysore,Rajendra Nagar,"Pizzas, Italian, Pastas, Desserts",4.5,3.7K+,1,0,₹400 for two
639290,Burger King,https://www.swiggy.com/dapi/menu/pl?restaurantId=639290,mysore,Mysore South,"Burgers, American",4.4,13K+,1,0,₹350 for two
98315,McDonald's,https://www.swiggy.com/dapi/menu/pl?restaurantId=98315,mysore,Mysore South,"Burgers, Beverages, Cafe, Desserts",4.4,12K+,1,0,₹400 for two
1179474,KFC,https://www.swiggy.com/dapi/menu/pl?restaurantId=1179474,mysore,Mysore South,"Burgers, Fast Food, Rolls & Wraps",4.3,510,1,0,₹400 for two
1162245,Bakingo,https://www.swiggy.com/dapi/menu/pl?restaurantId=1162245,mysore,Mysore City,"Bakery, Desserts, Beverages, Snacks",4.8,845,1,0,₹299 for two
780909,Theobroma,https://www.swiggy.com/dapi/menu/pl?restaurantId=780909,mysore,Mysore City,"Bakery, Desserts",4.6,2.7K+,1,0,₹400 for two
76670,Big Chicken (Bannimantap),https://www.swiggy.com/dapi/menu/pl?restaurantId=76670,mysore,Mysore South,"Biryani, Grill, Chinese, Burgers, North Indian, Beverages",4.4,47K+,1,0,₹600 for two
70384,Pizza Hut,https://www.swiggy.com/dapi/menu/pl?restaurantId=70384,mysore,Mysore City,Pizzas,4.2,9.2K+,1,0,₹350 for two
620950,Domino's Pizza,https://www.swiggy.com/dapi/menu/pl?restaurantId=620950,mysore,Rajendra Nagar,"Pizzas, Italian, Pastas, Desserts",4.5,3.7K+,1,0,₹400 for two
639290,Burger King,https://www.swiggy.com/dapi/menu/pl?restaurantId=639290,mysore,Mysore South,"Burgers, American",4.4,13K+,1,0,₹350 for two
98315,McDonald's,https://www.swiggy.com/dapi/menu/pl?restaurantId=98315,mysore,Mysore South,"Burgers, Beverages, Cafe, Desserts",4.4,12K+,1,0,₹400 for two
69580,KFC,https://www.swiggy.com/dapi/menu/pl?restaurantId=69580,mysore,Mysore South,"Burgers, Fast Food, Rolls & Wraps",4.4,7.6K+,1,0,₹400 for two
780909,Theobroma,https://www.swiggy.com/dapi/menu/pl?restaurantId=780909,mysore,Mysore City,"Bakery, Desserts",4.6,2.7K+,1,0,₹400 for two
714896,Subway,https://www.swiggy.com/dapi/menu/pl?restaurantId=714896,mysore,Mysore South,"sandwich, Salads, wrap, Healthy Food",4.4,1.9K+,1,0,₹350 for two
496243,Chinese Wok,https://www.swiggy.com/dapi/menu/pl?restaurantId=496243,mysore,Mysore South,"Chinese, Asian, Tibetan, Desserts",4.4,2.8K+,1,0,₹250 for two
68515,Sri Durga Bhavan,https://www.swiggy.com/dapi/menu/pl?restaurantId=68515,mysore,Mysore City,"South Indian, Indian",4.5,5.2K+,1,0,₹150 for two
81181,Pataka Mannar's,https://www.swiggy.com/dapi/menu/pl?restaurantId=81181,mysore,Mysore City,"Chaat, Desserts, Beverages",4.4,13K+,1,0,₹200 for two
69205,Crumbs,https://www.swiggy.com/dapi/menu/pl?restaurantId=69205,mysore,Mysore City,"Cakes & Pastries, Desserts, Burgers, American",4.5,30K+,1,0,₹200 for two
748058,Taco Bell,https://www.swiggy.com/dapi/menu/pl?restaurantId=748058,mysore,Mysore South,"Mexican, Fast Food, Snacks",4.4,3.1K+,1,0,₹300 for two
82173,Shree Mahalakshmi Sweets,https://www.swiggy.com/dapi/menu/pl?restaurantId=82173,mysore,Mysore City,"Sweets, Desserts, fast food, Thai",4.7,2.5K+,1,0,₹200 for two
359792,Grameen Kulfi,https://www.swiggy.com/dapi/menu/pl?restaurantId=359792,mysore,Mysore South,"Ice Cream, Desserts",4.7,1.6K+,1,0,₹120 for two
351991,Polar Bear,https://www.swiggy.com/dapi/menu/pl?restaurantId=351991,mysore,Mysore City,"Desserts, Ice Cream",4.8,5.1K+,1,0,₹350 for two
774915,Myfroyoland - Premium Frozen Yogurt,https://www.swiggy.com/dapi/menu/pl?restaurantId=774915,mysore,Mysore City,"Ice Cream, Desserts, Healthy Food",4.5,101,1,0,₹500 for two
397177,Gourmet Ice Cream Cakes by Baskin Robbins,https://www.swiggy.com/dapi/menu/pl?restaurantId=397177,mysore,Mysore South,Desserts,4.2,33,1,0,₹400 for two
434991,MTR,https://www.swiggy.com/dapi/menu/pl?restaurantId=434991,mysore,Mysore City,South Indian,4.7,10K+,1,0,₹300 for two
440155,Home Plate by EatFit,https://www.swiggy.com/dapi/menu/pl?restaurantId=440155,mysore,Mysore City,"North Indian, Home Food, Healthy Food, Indian, Punjabi, South Indian, Rajasthani, Maharashtrian, Snacks, Desserts",4.1,3.0K+,1,0,₹250 for two
597999,Big Bowl,https://www.swiggy.com/dapi/menu/pl?restaurantId=597999,mysore,Mysore City,"Chinese, Tibetan, Desserts",4.5,1.9K+,1,0,₹250 for two
70384,Pizza Hut,https://www.swiggy.com/dapi/menu/pl?restaurantId=70384,mysore,Mysore City,Pizzas,4.2,9.2K+,1,0,₹350 for two
620950,Domino's Pizza,https://www.swiggy.com/dapi/menu/pl?restaurantId=620950,mysore,Rajendra Nagar,"Pizzas, Italian, Pastas, Desserts",4.5,3.7K+,1,0,₹400 for two
639290,Burger King,https://www.swiggy.com/dapi/menu/pl?restaurantId=639290,mysore,Mysore South,"Burgers, American",4.4,13K+,1,0,₹350 for two
98315,McDonald's,https://www.swiggy.com/dapi/menu/pl?restaurantId=98315,mysore,Mysore South,"Burgers, Beverages, Cafe, Desserts",4.4,12K+,1,0,₹400 for two
1179474,KFC,https://www.swiggy.com/dapi/menu/pl?restaurantId=1179474,mysore,Mysore South,"Burgers, Fast Food, Rolls & Wraps",4.3,510,1,0,₹400 for two
1162245,Bakingo,https://www.swiggy.com/dapi/menu/pl?restaurantId=1162245,mysore,Mysore City,"Bakery, Desserts, Beverages, Snacks",4.8,845,1,0,₹299 for two
780909,Theobroma,https://www.swiggy.com/dapi/menu/pl?restaurantId=780909,mysore,Mysore City,"Bakery, Desserts",4.6,2.7K+,1,0,₹400 for two
714896,Subway,https://www.swiggy.com/dapi/menu/pl?restaurantId=714896,mysore,Mysore South,"sandwich, Salads, wrap, Healthy Food",4.4,1.9K+,1,0,₹350 for two
70384,Pizza Hut,https://www.swiggy.com/dapi/menu/pl?restaurantId=70384,mysore,Mysore City,Pizzas,4.2,9.2K+,1,0,₹350 for two
69576,KFC,https://www.swiggy.com/dapi/menu/pl?restaurantId=69576,mysore,Mysore City,"Burgers, Fast Food, Rolls & Wraps",4.5,13K+,1,0,₹400 for two
69273,McDonald's,https://www.swiggy.com/dapi/menu/pl?restaurantId=69273,mysore,Mysore South,"Burgers, Beverages, Cafe, Desserts",4.5,35K+,1,0,₹400 for two
69629,Domino's Pizza,https://www.swiggy.com/dapi/menu/pl?restaurantId=69629,mysore,Jayalakhsmipuram,"Pizzas, Italian, Pastas, Desserts",4.6,10K+,1,0,₹700 for two
805286,Burger King,https://www.swiggy.com/dapi/menu/pl?restaurantId=805286,mysore,Mysore City,"Burgers, American",4.5,8.5K+,1,0,₹350 for two
780909,Theobroma,https://www.swiggy.com/dapi/menu/pl?restaurantId=780909,mysore,Mysore City,"Bakery, Desserts",4.6,2.7K+,1,0,₹400 for two
69205,Crumbs,https://www.swiggy.com/dapi/menu/pl?restaurantId=69205,mysore,Mysore City,"Cakes & Pastries, Desserts, Burgers, American",4.5,30K+,1,0,₹200 for two
99881,TKS Iyengar,https://www.swiggy.com/dapi/menu/pl?restaurantId=99881,mysore,Mysore City,"South Indian, Beverages, Desserts",4.6,24K+,1,0,₹250 for two
754380,Wendy's Burgers,https://www.swiggy.com/dapi/menu/pl?restaurantId=754380,mysore,Mysore City,"Burgers, American, Fast Food, Snacks",4.3,4.0K+,1,0,₹500 for two
81181,Pataka Mannar's,https://www.swiggy.com/dapi/menu/pl?restaurantId=81181,mysore,Mysore City,"Chaat, Desserts, Beverages",4.4,13K+,1,0,₹200 for two
68515,Sri Durga Bhavan,https://www.swiggy.com/dapi/menu/pl?restaurantId=68515,mysore,Mysore City,"South Indian, Indian",4.5,5.2K+,1,0,₹150 for two
90786,Lemon three,https://www.swiggy.com/dapi/menu/pl?restaurantId=90786,mysore,Bamboo Bazaar,"Biryani, Tandoor, Grill, Kebabs, Chinese",4.3,6.7K+,1,0,₹400 for two
598001,Chinese Wok,https://www.swiggy.com/dapi/menu/pl?restaurantId=598001,mysore,Mysore City,"Chinese, Asian, Tibetan, Desserts",4.5,4.8K+,1,0,₹250 for two
683068,Starbucks Coffee,https://www.swiggy.com/dapi/menu/pl?restaurantId=683068,mysore,Mysore City,"Beverages, Cafe, Snacks, Desserts, Bakery, Ice Cream",4.5,1.0K+,1,0,₹400 for two
82173,Shree Mahalakshmi Sweets,https://www.swiggy.com/dapi/menu/pl?restaurantId=82173,mysore,Mysore City,"Sweets, Desserts, fast food, Thai",4.7,2.5K+,1,0,₹200 for two
434991,MTR,https://www.swiggy.com/dapi/menu/pl?restaurantId=434991,mysore,Mysore City,South Indian,4.7,10K+,1,0,₹300 for two
85267,Subway,https://www.swiggy.com/dapi/menu/pl?restaurantId=85267,mysore,Mysore City,"sandwich, Salads, wrap, Healthy Food",4.4,7.1K+,1,0,₹200 for two
91772,Kapoor's Cafe,https://www.swiggy.com/dapi/menu/pl?restaurantId=91772,mysore,Mysore City,North Indian,4.5,6.3K+,1,0,₹300 for two
264299,The Noodle Theory,https://www.swiggy.com/dapi/menu/pl?restaurantId=264299,mysore,Mysore City,"Chinese, Indian",4.5,3.0K+,1,0,₹300 for two
94436,The Belgian Waffle Co.,https://www.swiggy.com/dapi/menu/pl?restaurantId=94436,mysore,Mysore City,"Waffle, Desserts, Ice Cream, Beverages",4.5,4.8K+,1,0,₹200 for two
70384,Pizza Hut,https://www.swiggy.com/dapi/menu/pl?restaurantId=70384,mysore,Mysore City,Pizzas,4.2,9.2K+,1,0,₹350 for two
809492,Hills Special Momo's ,https://www.swiggy.com/dapi/menu/pl?restaurantId=809492,mysore,Mysore City,"Chinese, Tandoor, Snacks",4.6,1.7K+,1,0,₹300 for two
69576,KFC,https://www.swiggy.com/dapi/menu/pl?restaurantId=69576,mysore,Mysore City,"Burgers, Fast Food, Rolls & Wraps",4.5,13K+,1,0,₹400 for two
69273,McDonald's,https://www.swiggy.com/dapi/menu/pl?restaurantId=69273,mysore,Mysore South,"Burgers, Beverages, Cafe, Desserts",4.5,35K+,1,0,₹400 for two
1162245,Bakingo,https://www.swiggy.com/dapi/menu/pl?restaurantId=1162245,mysore,Mysore City,"Bakery, Desserts, Beverages, Snacks",4.8,845,1,0,₹299 for two
69629,Domino's Pizza,https://www.swiggy.com/dapi/menu/pl?restaurantId=69629,mysore,Jayalakhsmipuram,"Pizzas, Italian, Pastas, Desserts",4.6,10K+,1,0,₹700 for two
805286,Burger King,https://www.swiggy.com/dapi/menu/pl?restaurantId=805286,mysore,Mysore City,"Burgers, American",4.5,8.5K+,1,0,₹350 for two
780909,Theobroma,https://www.swiggy.com/dapi/menu/pl?restaurantId=780909,mysore,Mysore City,"Bakery, Desserts",4.6,2.7K+,1,0,₹400 for two
70384,Pizza Hut,https://www.swiggy.com/dapi/menu/pl?restaurantId=70384,mysore,Mysore City,Pizzas,4.2,9.2K+,1,0,₹350 for two
69576,KFC,https://www.swiggy.com/dapi/menu/pl?restaurantId=69576,mysore,Mysore City,"Burgers, Fast Food, Rolls & Wraps",4.5,13K+,1,0,₹400 for two
69273,McDonald's,https://www.swiggy.com/dapi/menu/pl?restaurantId=69273,mysore,Mysore South,"Burgers, Beverages, Cafe, Desserts",4.5,35K+,1,0,₹400 for two
69629,Domino's Pizza,https://www.swiggy.com/dapi/menu/pl?restaurantId=69629,mysore,Jayalakhsmipuram,"Pizzas, Italian, Pastas, Desserts",4.6,10K+,1,0,₹700 for two
805286,Burger King,https://www.swiggy.com/dapi/menu/pl?restaurantId=805286,mysore,Mysore City,"Burgers, American",4.5,8.5K+,1,0,₹350 for two
780909,Theobroma,https://www.swiggy.com/dapi/menu/pl?restaurantId=780909,mysore,Mysore City,"Bakery, Desserts",4.6,2.7K+,1,0,₹400 for two
69205,Crumbs,https://www.swiggy.com/dapi/menu/pl?restaurantId=69205,mysore,Mysore City,"Cakes & Pastries, Desserts, Burgers, American",4.5,30K+,1,0,₹200 for two
99881,TKS Iyengar,https://www.swiggy.com/dapi/menu/pl?restaurantId=99881,mysore,Mysore City,"South Indian, Beverages, Desserts",4.6,24K+,1,0,₹250 for two
754380,Wendy's Burgers,https://www.swiggy.com/dapi/menu/pl?restaurantId=754380,mysore,Mysore City,"Burgers, American, Fast Food, Snacks",4.3,4.0K+,1,0,₹500 for two
81181,Pataka Mannar's,https://www.swiggy.com/dapi/menu/pl?restaurantId=81181,mysore,Mysore City,"Chaat, Desserts, Beverages",4.4,13K+,1,0,₹200 for two
68515,Sri Durga Bhavan,https://www.swiggy.com/dapi/menu/pl?restaurantId=68515,mysore,Mysore City,"South Indian, Indian",4.5,5.2K+,1,0,₹150 for two
90786,Lemon three,https://www.swiggy.com/dapi/menu/pl?restaurantId=90786,mysore,Bamboo Bazaar,"Biryani, Tandoor, Grill, Kebabs, Chinese",4.3,6.7K+,1,0,₹400 for two
598001,Chinese Wok,https://www.swiggy.com/dapi/menu/pl?restaurantId=598001,mysore,Mysore City,"Chinese, Asian, Tibetan, Desserts",4.5,4.8K+,1,0,₹250 for two
683068,Starbucks Coffee,https://www.swiggy.com/dapi/menu/pl?restaurantId=683068,mysore,Mysore City,"Beverages, Cafe, Snacks, Desserts, Bakery, Ice Cream",4.5,1.0K+,1,0,₹400 for two
82173,Shree Mahalakshmi Sweets,https://www.swiggy.com/dapi/menu/pl?restaurantId=82173,mysore,Mysore City,"Sweets, Desserts, fast food, Thai",4.7,2.5K+,1,0,₹200 for two
434991,MTR,https://www.swiggy.com/dapi/menu/pl?restaurantId=434991,mysore,Mysore City,South Indian,4.7,10K+,1,0,₹300 for two
85267,Subway,https://www.swiggy.com/dapi/menu/pl?restaurantId=85267,mysore,Mysore City,"sandwich, Salads, wrap, Healthy Food",4.4,7.1K+,1,0,₹200 for two
91772,Kapoor's Cafe,https://www.swiggy.com/dapi/menu/pl?restaurantId=91772,mysore,Mysore City,North Indian,4.5,6.3K+,1,0,₹300 for two
264299,The Noodle Theory,https://www.swiggy.com/dapi/menu/pl?restaurantId=264299,mysore,Mysore City,"Chinese, Indian",4.5,3.0K+,1,0,₹300 for two
94436,The Belgian Waffle Co.,https://www.swiggy.com/dapi/menu/pl?restaurantId=94436,mysore,Mysore City,"Waffle, Desserts, Ice Cream, Beverages",4.5,4.8K+,1,0,₹200 for two
70384,Pizza Hut,https://www.swiggy.com/dapi/menu/pl?restaurantId=70384,mysore,Mysore City,Pizzas,4.2,9.2K+,1,0,₹350 for two
809492,Hills Special Momo's ,https://www.swiggy.com/dapi/menu/pl?restaurantId=809492,mysore,Mysore City,"Chinese, Tandoor, Snacks",4.6,1.7K+,1,0,₹300 for two
69576,KFC,https://www.swiggy.com/dapi/menu/pl?restaurantId=69576,mysore,Mysore City,"Burgers, Fast Food, Rolls & Wraps",4.5,13K+,1,0,₹400 for two
69273,McDonald's,https://www.swiggy.com/dapi/menu/pl?restaurantId=69273,mysore,Mysore South,"Burgers, Beverages, Cafe, Desserts",4.5,35K+,1,0,₹400 for two
1162245,Bakingo,https://www.swiggy.com/dapi/menu/pl?restaurantId=1162245,mysore,Mysore City,"Bakery, Desserts, Beverages, Snacks",4.8,845,1,0,₹299 for two
69629,Domino's Pizza,https://www.swiggy.com/dapi/menu/pl?restaurantId=69629,mysore,Jayalakhsmipuram,"Pizzas, Italian, Pastas, Desserts",4.6,10K+,1,0,₹700 for two
805286,Burger King,https://www.swiggy.com/dapi/menu/pl?restaurantId=805286,mysore,Mysore City,"Burgers, American",4.5,8.5K+,1,0,₹350 for two
780909,Theobroma,https://www.swiggy.com/dapi/menu/pl?restaurantId=780909,mysore,Mysore City,"Bakery, Desserts",4.6,2.7K+,1,0,₹400 for two
70384,Pizza Hut,https://www.swiggy.com/dapi/menu/pl?restaurantId=70384,mysore,Mysore City,Pizzas,4.2,9.2K+,1,0,₹350 for two
639290,Burger King,https://www.swiggy.com/dapi/menu/pl?restaurantId=639290,mysore,Mysore South,"Burgers, American",4.4,13K+,1,0,₹350 for two
69580,KFC,https://www.swiggy.com/dapi/menu/pl?restaurantId=69580,mysore,Mysore South,"Burgers, Fast Food, Rolls & Wraps",4.4,7.6K+,1,0,₹400 for two
69630,Domino's Pizza,https://www.swiggy.com/dapi/menu/pl?restaurantId=69630,mysore,Mandi Mohalla,"Pizzas, Italian, Pastas, Desserts",4.6,12K+,1,0,₹700 for two
69273,McDonald's,https://www.swiggy.com/dapi/menu/pl?restaurantId=69273,mysore,Mysore South,"Burgers, Beverages, Cafe, Desserts",4.5,35K+,1,0,₹400 for two
780909,Theobroma,https://www.swiggy.com/dapi/menu/pl?restaurantId=780909,mysore,Mysore City,"Bakery, Desserts",4.6,2.7K+,1,0,₹400 for two
85267,Subway,https://www.swiggy.com/dapi/menu/pl?restaurantId=85267,mysore,Mysore City,"sandwich, Salads, wrap, Healthy Food",4.4,7.1K+,1,0,₹200 for two
69205,Crumbs,https://www.swiggy.com/dapi/menu/pl?restaurantId=69205,mysore,Mysore City,"Cakes & Pastries, Desserts, Burgers, American",4.5,30K+,1,0,₹200 for two
99881,TKS Iyengar,https://www.swiggy.com/dapi/menu/pl?restaurantId=99881,mysore,Mysore City,"South Indian, Beverages, Desserts",4.6,24K+,1,0,₹250 for two
68515,Sri Durga Bhavan,https://www.swiggy.com/dapi/menu/pl?restaurantId=68515,mysore,Mysore City,"South Indian, Indian",4.5,5.2K+,1,0,₹150 for two
90786,Lemon three,https://www.swiggy.com/dapi/menu/pl?restaurantId=90786,mysore,Bamboo Bazaar,"Biryani, Tandoor, Grill, Kebabs, Chinese",4.3,6.7K+,1,0,₹400 for two
81181,Pataka Mannar's,https://www.swiggy.com/dapi/menu/pl?restaurantId=81181,mysore,Mysore City,"Chaat, Desserts, Beverages",4.4,13K+,1,0,₹200 for two
598001,Chinese Wok,https://www.swiggy.com/dapi/menu/pl?restaurantId=598001,mysore,Mysore City,"Chinese, Asian, Tibetan, Desserts",4.5,4.8K+,1,0,₹250 for two
683068,Starbucks Coffee,https://www.swiggy.com/dapi/menu/pl?restaurantId=683068,mysore,Mysore City,"Beverages, Cafe, Snacks, Desserts, Bakery, Ice Cream",4.5,1.0K+,1,0,₹400 for two
359792,Grameen Kulfi,https://www.swiggy.com/dapi/menu/pl?restaurantId=359792,mysore,Mysore South,"Ice Cream, Desserts",4.7,1.6K+,1,0,₹120 for two
82173,Shree Mahalakshmi Sweets,https://www.swiggy.com/dapi/menu/pl?restaurantId=82173,mysore,Mysore City,"Sweets, Desserts, fast food, Thai",4.7,2.5K+,1,0,₹200 for two
434991,MTR,https://www.swiggy.com/dapi/menu/pl?restaurantId=434991,mysore,Mysore City,South Indian,4.7,10K+,1,0,₹300 for two
68402,Chinese Corner,https://www.swiggy.com/dapi/menu/pl?restaurantId=68402,mysore,Mysore City,Chinese,4.5,14K+,1,0,₹300 for two
774915,Myfroyoland - Premium Frozen Yogurt,https://www.swiggy.com/dapi/menu/pl?restaurantId=774915,mysore,Mysore City,"Ice Cream, Desserts, Healthy Food",4.5,101,1,0,₹500 for two
439813,A1 Biryani House,https://www.swiggy.com/dapi/menu/pl?restaurantId=439813,mysore,Mysore South,"Chinese, North Indian, Biryani",4.4,5.7K+,1,0,₹500 for two
70384,Pizza Hut,https://www.swiggy.com/dapi/menu/pl?restaurantId=70384,mysore,Mysore City,Pizzas,4.2,9.2K+,1,0,₹350 for two
639290,Burger King,https://www.swiggy.com/dapi/menu/pl?restaurantId=639290,mysore,Mysore South,"Burgers, American",4.4,13K+,1,0,₹350 for two
69580,KFC,https://www.swiggy.com/dapi/menu/pl?restaurantId=69580,mysore,Mysore South,"Burgers, Fast Food, Rolls & Wraps",4.4,7.6K+,1,0,₹400 for two
69630,Domino's Pizza,https://www.swiggy.com/dapi/menu/pl?restaurantId=69630,mysore,Mandi Mohalla,"Pizzas, Italian, Pastas, Desserts",4.6,12K+,1,0,₹700 for two
69273,McDonald's,https://www.swiggy.com/dapi/menu/pl?restaurantId=69273,mysore,Mysore South,"Burgers, Beverages, Cafe, Desserts",4.5,35K+,1,0,₹400 for two
1165597,Bakingo,https://www.swiggy.com/dapi/menu/pl?restaurantId=1165597,mysore,Mysore South,"Bakery, Desserts, Beverages, Snacks",4.8,797,1,0,₹299 for two
780909,Theobroma,https://www.swiggy.com/dapi/menu/pl?restaurantId=780909,mysore,Mysore City,"Bakery, Desserts",4.6,2.7K+,1,0,₹400 for two
85267,Subway,https://www.swiggy.com/dapi/menu/pl?restaurantId=85267,mysore,Mysore City,"sandwich, Salads, wrap, Healthy Food",4.4,7.1K+,1,0,₹200 for two
70384,Pizza Hut,https://www.swiggy.com/dapi/menu/pl?restaurantId=70384,mysore,Mysore City,Pizzas,4.2,9.2K+,1,0,₹350 for two
639290,Burger King,https://www.swiggy.com/dapi/menu/pl?restaurantId=639290,mysore,Mysore South,"Burgers, American",4.4,13K+,1,0,₹350 for two
69580,KFC,https://www.swiggy.com/dapi/menu/pl?restaurantId=69580,mysore,Mysore South,"Burgers, Fast Food, Rolls & Wraps",4.4,7.6K+,1,0,₹400 for two
69630,Domino's Pizza,https://www.swiggy.com/dapi/menu/pl?restaurantId=69630,mysore,Mandi Mohalla,"Pizzas, Italian, Pastas, Desserts",4.6,12K+,1,0,₹700 for two
69273,McDonald's,https://www.swiggy.com/dapi/menu/pl?restaurantId=69273,mysore,Mysore South,"Burgers, Beverages, Cafe, Desserts",4.5,35K+,1,0,₹400 for two
780909,Theobroma,https://www.swiggy.com/dapi/menu/pl?restaurantId=780909,mysore,Mysore City,"Bakery, Desserts",4.6,2.7K+,1,0,₹400 for two
85267,Subway,https://www.swiggy.com/dapi/menu/pl?restaurantId=85267,mysore,Mysore City,"sandwich, Salads, wrap, Healthy Food",4.4,7.1K+,1,0,₹200 for two
69205,Crumbs,https://www.swiggy.com/dapi/menu/pl?restaurantId=69205,mysore,Mysore City,"Cakes & Pastries, Desserts, Burgers, American",4.5,30K+,1,0,₹200 for two
99881,TKS Iyengar,https://www.swiggy.com/dapi/menu/pl?restaurantId=99881,mysore,Mysore City,"South Indian, Beverages, Desserts",4.6,24K+,1,0,₹250 for two
68515,Sri Durga Bhavan,https://www.swiggy.com/dapi/menu/pl?restaurantId=68515,mysore,Mysore City,"South Indian, Indian",4.5,5.2K+,1,0,₹150 for two
90786,Lemon three,https://www.swiggy.com/dapi/menu/pl?restaurantId=90786,mysore,Bamboo Bazaar,"Biryani, Tandoor, Grill, Kebabs, Chinese",4.3,6.7K+,1,0,₹400 for two
81181,Pataka Mannar's,https://www.swiggy.com/dapi/menu/pl?restaurantId=81181,mysore,Mysore City,"Chaat, Desserts, Beverages",4.4,13K+,1,0,₹200 for two
598001,Chinese Wok,https://www.swiggy.com/dapi/menu/pl?restaurantId=598001,mysore,Mysore City,"Chinese, Asian, Tibetan, Desserts",4.5,4.8K+,1,0,₹250 for two
683068,Starbucks Coffee,https://www.swiggy.com/dapi/menu/pl?restaurantId=683068,mysore,Mysore City,"Beverages, Cafe, Snacks, Desserts, Bakery, Ice Cream",4.5,1.0K+,1,0,₹400 for two
359792,Grameen Kulfi,https://www.swiggy.com/dapi/menu/pl?restaurantId=359792,mysore,Mysore South,"Ice Cream, Desserts",4.7,1.6K+,1,0,₹120 for two
82173,Shree Mahalakshmi Sweets,https://www.swiggy.com/dapi/menu/pl?restaurantId=82173,mysore,Mysore City,"Sweets, Desserts, fast food, Thai",4.7,2.5K+,1,0,₹200 for two
434991,MTR,https://www.swiggy.com/dapi/menu/pl?restaurantId=434991,mysore,Mysore City,South Indian,4.7,10K+,1,0,₹300 for two
68402,Chinese Corner,https://www.swiggy.com/dapi/menu/pl?restaurantId=68402,mysore,Mysore City,Chinese,4.5,14K+,1,0,₹300 for two
774915,Myfroyoland - Premium Frozen Yogurt,https://www.swiggy.com/dapi/menu/pl?restaurantId=774915,mysore,Mysore City,"Ice Cream, Desserts, Healthy Food",4.5,101,1,0,₹500 for two
439813,A1 Biryani House,https://www.swiggy.com/dapi/menu/pl?restaurantId=439813,mysore,Mysore South,"Chinese, North Indian, Biryani",4.4,5.7K+,1,0,₹500 for two
70384,Pizza Hut,https://www.swiggy.com/dapi/menu/pl?restaurantId=70384,mysore,Mysore City,Pizzas,4.2,9.2K+,1,0,₹350 for two
639290,Burger King,https://www.swiggy.com/dapi/menu/pl?restaurantId=639290,mysore,Mysore South,"Burgers, American",4.4,13K+,1,0,₹350 for two
69580,KFC,https://www.swiggy.com/dapi/menu/pl?restaurantId=69580,mysore,Mysore South,"Burgers, Fast Food, Rolls & Wraps",4.4,7.6K+,1,0,₹400 for two
69630,Domino's Pizza,https://www.swiggy.com/dapi/menu/pl?restaurantId=69630,mysore,Mandi Mohalla,"Pizzas, Italian, Pastas, Desserts",4.6,12K+,1,0,₹700 for two
69273,McDonald's,https://www.swiggy.com/dapi/menu/pl?restaurantId=69273,mysore,Mysore South,"Burgers, Beverages, Cafe, Desserts",4.5,35K+,1,0,₹400 for two
1165597,Bakingo,https://www.swiggy.com/dapi/menu/pl?restaurantId=1165597,mysore,Mysore South,"Bakery, Desserts, Beverages, Snacks",4.8,797,1,0,₹299 for two
780909,Theobroma,https://www.swiggy.com/dapi/menu/pl?restaurantId=780909,mysore,Mysore City,"Bakery, Desserts",4.6,2.7K+,1,0,₹400 for two
85267,Subway,https://www.swiggy.com/dapi/menu/pl?restaurantId=85267,mysore,Mysore City,"sandwich, Salads, wrap, Healthy Food",4.4,7.1K+,1,0,₹200 for two
336906,Pizza Hut,https://www.swiggy.com/dapi/menu/pl?restaurantId=336906,mysore,Mysore South,Pizzas,4.5,4.7K+,1,0,₹350 for two
69273,McDonald's,https://www.swiggy.com/dapi/menu/pl?restaurantId=69273,mysore,Mysore South,"Burgers, Beverages, Cafe, Desserts",4.5,35K+,1,0,₹400 for two
69580,KFC,https://www.swiggy.com/dapi/menu/pl?restaurantId=69580,mysore,Mysore South,"Burgers, Fast Food, Rolls & Wraps",4.4,7.6K+,1,0,₹400 for two
639290,Burger King,https://www.swiggy.com/dapi/menu/pl?restaurantId=639290,mysore,Mysore South,"Burgers, American",4.4,13K+,1,0,₹350 for two
712841,Theobroma,https://www.swiggy.com/dapi/menu/pl?restaurantId=712841,mysore,Mysore South,"Bakery, Desserts, Beverages",4.7,3.1K+,1,0,₹400 for two
69630,Domino's Pizza,https://www.swiggy.com/dapi/menu/pl?restaurantId=69630,mysore,Mandi Mohalla,"Pizzas, Italian, Pastas, Desserts",4.6,12K+,1,0,₹700 for two
714896,Subway,https://www.swiggy.com/dapi/menu/pl?restaurantId=714896,mysore,Mysore South,"sandwich, Salads, wrap, Healthy Food",4.4,1.9K+,1,0,₹350 for two
492264,Chinese Wok,https://www.swiggy.com/dapi/menu/pl?restaurantId=492264,mysore,Mysore South,"Chinese, Asian, Tibetan, Desserts",4.4,2.6K+,1,0,₹250 for two
69205,Crumbs,https://www.swiggy.com/dapi/menu/pl?restaurantId=69205,mysore,Mysore City,"Cakes & Pastries, Desserts, Burgers, American",4.5,30K+,1,0,₹200 for two
90786,Lemon three,https://www.swiggy.com/dapi/menu/pl?restaurantId=90786,mysore,Bamboo Bazaar,"Biryani, Tandoor, Grill, Kebabs, Chinese",4.3,6.7K+,1,0,₹400 for two
81181,Pataka Mannar's,https://www.swiggy.com/dapi/menu/pl?restaurantId=81181,mysore,Mysore City,"Chaat, Desserts, Beverages",4.4,13K+,1,0,₹200 for two
420298,McDonald's Gourmet Burger Collection,https://www.swiggy.com/dapi/menu/pl?restaurantId=420298,mysore,Mysore South,"Burgers, Beverages, Cafe, Desserts",4.6,394,1,0,₹500 for two
82173,Shree Mahalakshmi Sweets,https://www.swiggy.com/dapi/menu/pl?restaurantId=82173,mysore,Mysore City,"Sweets, Desserts, fast food, Thai",4.7,2.5K+,1,0,₹200 for two
434991,MTR,https://www.swiggy.com/dapi/menu/pl?restaurantId=434991,mysore,Mysore City,South Indian,4.7,10K+,1,0,₹300 for two
359792,Grameen Kulfi,https://www.swiggy.com/dapi/menu/pl?restaurantId=359792,mysore,Mysore South,"Ice Cream, Desserts",4.7,1.6K+,1,0,₹120 for two
439813,A1 Biryani House,https://www.swiggy.com/dapi/menu/pl?restaurantId=439813,mysore,Mysore South,"Chinese, North Indian, Biryani",4.4,5.7K+,1,0,₹500 for two
774915,Myfroyoland - Premium Frozen Yogurt,https://www.swiggy.com/dapi/menu/pl?restaurantId=774915,mysore,Mysore City,"Ice Cream, Desserts, Healthy Food",4.5,101,1,0,₹500 for two
69915,A2B - Adyar Ananda Bhavan,https://www.swiggy.com/dapi/menu/pl?restaurantId=69915,mysore,Mysore South,"South Indian, North Indian, Sweets, Chinese",4.6,34K+,1,0,₹300 for two
68515,Sri Durga Bhavan,https://www.swiggy.com/dapi/menu/pl?restaurantId=68515,mysore,Mysore City,"South Indian, Indian",4.5,5.2K+,1,0,₹150 for two
440155,Home Plate by EatFit,https://www.swiggy.com/dapi/menu/pl?restaurantId=440155,mysore,Mysore City,"North Indian, Home Food, Healthy Food, Indian, Punjabi, South Indian, Rajasthani, Maharashtrian, Snacks, Desserts",4.1,3.0K+,1,0,₹250 for two
336906,Pizza Hut,https://www.swiggy.com/dapi/menu/pl?restaurantId=336906,mysore,Mysore South,Pizzas,4.5,4.7K+,1,0,₹350 for two
69273,McDonald's,https://www.swiggy.com/dapi/menu/pl?restaurantId=69273,mysore,Mysore South,"Burgers, Beverages, Cafe, Desserts",4.5,35K+,1,0,₹400 for two
69580,KFC,https://www.swiggy.com/dapi/menu/pl?restaurantId=69580,mysore,Mysore South,"Burgers, Fast Food, Rolls & Wraps",4.4,7.6K+,1,0,₹400 for two
639290,Burger King,https://www.swiggy.com/dapi/menu/pl?restaurantId=639290,mysore,Mysore South,"Burgers, American",4.4,13K+,1,0,₹350 for two
1165597,Bakingo,https://www.swiggy.com/dapi/menu/pl?restaurantId=1165597,mysore,Mysore South,"Bakery, Desserts, Beverages, Snacks",4.8,797,1,0,₹299 for two
712841,Theobroma,https://www.swiggy.com/dapi/menu/pl?restaurantId=712841,mysore,Mysore South,"Bakery, Desserts, Beverages",4.7,3.1K+,1,0,₹400 for two
69630,Domino's Pizza,https://www.swiggy.com/dapi/menu/pl?restaurantId=69630,mysore,Mandi Mohalla,"Pizzas, Italian, Pastas, Desserts",4.6,12K+,1,0,₹700 for two
714896,Subway,https://www.swiggy.com/dapi/menu/pl?restaurantId=714896,mysore,Mysore South,"sandwich, Salads, wrap, Healthy Food",4.4,1.9K+,1,0,₹350 for two
336906,Pizza Hut,https://www.swiggy.com/dapi/menu/pl?restaurantId=336906,mysore,Mysore South,Pizzas,4.5,4.7K+,1,0,₹350 for two
69273,McDonald's,https://www.swiggy.com/dapi/menu/pl?restaurantId=69273,mysore,Mysore South,"Burgers, Beverages, Cafe, Desserts",4.5,35K+,1,0,₹400 for two
69580,KFC,https://www.swiggy.com/dapi/menu/pl?restaurantId=69580,mysore,Mysore South,"Burgers, Fast Food, Rolls & Wraps",4.4,7.6K+,1,0,₹400 for two
639290,Burger King,https://www.swiggy.com/dapi/menu/pl?restaurantId=639290,mysore,Mysore South,"Burgers, American",4.4,13K+,1,0,₹350 for two
712841,Theobroma,https://www.swiggy.com/dapi/menu/pl?restaurantId=712841,mysore,Mysore South,"Bakery, Desserts, Beverages",4.7,3.1K+,1,0,₹400 for two
69630,Domino's Pizza,https://www.swiggy.com/dapi/menu/pl?restaurantId=69630,mysore,Mandi Mohalla,"Pizzas, Italian, Pastas, Desserts",4.6,12K+,1,0,₹700 for two
714896,Subway,https://www.swiggy.com/dapi/menu/pl?restaurantId=714896,mysore,Mysore South,"sandwich, Salads, wrap, Healthy Food",4.4,1.9K+,1,0,₹350 for two
492264,Chinese Wok,https://www.swiggy.com/dapi/menu/pl?restaurantId=492264,mysore,Mysore South,"Chinese, Asian, Tibetan, Desserts",4.4,2.6K+,1,0,₹250 for two
69205,Crumbs,https://www.swiggy.com/dapi/menu/pl?restaurantId=69205,mysore,Mysore City,"Cakes & Pastries, Desserts, Burgers, American",4.5,30K+,1,0,₹200 for two
90786,Lemon three,https://www.swiggy.com/dapi/menu/pl?restaurantId=90786,mysore,Bamboo Bazaar,"Biryani, Tandoor, Grill, Kebabs, Chinese",4.3,6.7K+,1,0,₹400 for two
81181,Pataka Mannar's,https://www.swiggy.com/dapi/menu/pl?restaurantId=81181,mysore,Mysore City,"Chaat, Desserts, Beverages",4.4,13K+,1,0,₹200 for two
420298,McDonald's Gourmet Burger Collection,https://www.swiggy.com/dapi/menu/pl?restaurantId=420298,mysore,Mysore South,"Burgers, Beverages, Cafe, Desserts",4.6,394,1,0,₹500 for two
82173,Shree Mahalakshmi Sweets,https://www.swiggy.com/dapi/menu/pl?restaurantId=82173,mysore,Mysore City,"Sweets, Desserts, fast food, Thai",4.7,2.5K+,1,0,₹200 for two
434991,MTR,https://www.swiggy.com/dapi/menu/pl?restaurantId=434991,mysore,Mysore City,South Indian,4.7,10K+,1,0,₹300 for two
359792,Grameen Kulfi,https://www.swiggy.com/dapi/menu/pl?restaurantId=359792,mysore,Mysore South,"Ice Cream, Desserts",4.7,1.6K+,1,0,₹120 for two
439813,A1 Biryani House,https://www.swiggy.com/dapi/menu/pl?restaurantId=439813,mysore,Mysore South,"Chinese, North Indian, Biryani",4.4,5.7K+,1,0,₹500 for two
774915,Myfroyoland - Premium Frozen Yogurt,https://www.swiggy.com/dapi/menu/pl?restaurantId=774915,mysore,Mysore City,"Ice Cream, Desserts, Healthy Food",4.5,101,1,0,₹500 for two
69915,A2B - Adyar Ananda Bhavan,https://www.swiggy.com/dapi/menu/pl?restaurantId=69915,mysore,Mysore South,"South Indian, North Indian, Sweets, Chinese",4.6,34K+,1,0,₹300 for two
68515,Sri Durga Bhavan,https://www.swiggy.com/dapi/menu/pl?restaurantId=68515,mysore,Mysore City,"South Indian, Indian",4.5,5.2K+,1,0,₹150 for two
440155,Home Plate by EatFit,https://www.swiggy.com/dapi/menu/pl?restaurantId=440155,mysore,Mysore City,"North Indian, Home Food, Healthy Food, Indian, Punjabi, South Indian, Rajasthani, Maharashtrian, Snacks, Desserts",4.1,3.0K+,1,0,₹250 for two
336906,Pizza Hut,https://www.swiggy.com/dapi/menu/pl?restaurantId=336906,mysore,Mysore South,Pizzas,4.5,4.7K+,1,0,₹350 for two
69273,McDonald's,https://www.swiggy.com/dapi/menu/pl?restaurantId=69273,mysore,Mysore South,"Burgers, Beverages, Cafe, Desserts",4.5,35K+,1,0,₹400 for two
69580,KFC,https://www.swiggy.com/dapi/menu/pl?restaurantId=69580,mysore,Mysore South,"Burgers, Fast Food, Rolls & Wraps",4.4,7.6K+,1,0,₹400 for two
639290,Burger King,https://www.swiggy.com/dapi/menu/pl?restaurantId=639290,mysore,Mysore South,"Burgers, American",4.4,13K+,1,0,₹350 for two
1165597,Bakingo,https://www.swiggy.com/dapi/menu/pl?restaurantId=1165597,mysore,Mysore South,"Bakery, Desserts, Beverages, Snacks",4.8,797,1,0,₹299 for two
712841,Theobroma,https://www.swiggy.com/dapi/menu/pl?restaurantId=712841,mysore,Mysore South,"Bakery, Desserts, Beverages",4.7,3.1K+,1,0,₹400 for two
69630,Domino's Pizza,https://www.swiggy.com/dapi/menu/pl?restaurantId=69630,mysore,Mandi Mohalla,"Pizzas, Italian, Pastas, Desserts",4.6,12K+,1,0,₹700 for two
714896,Subway,https://www.swiggy.com/dapi/menu/pl?restaurantId=714896,mysore,Mysore South,"sandwich, Salads, wrap, Healthy Food",4.4,1.9K+,1,0,₹350 for two
336906,Pizza Hut,https://www.swiggy.com/dapi/menu/pl?restaurantId=336906,mysore,Mysore South,Pizzas,4.5,4.7K+,1,0,₹350 for two
69630,Domino's Pizza,https://www.swiggy.com/dapi/menu/pl?restaurantId=69630,mysore,Mandi Mohalla,"Pizzas, Italian, Pastas, Desserts",4.6,12K+,1,0,₹700 for two
69577,KFC,https://www.swiggy.com/dapi/menu/pl?restaurantId=69577,mysore,Mysore South,"Burgers, Fast Food, Rolls & Wraps",4.5,5.2K+,1,0,₹400 for two
69273,McDonald's,https://www.swiggy.com/dapi/menu/pl?restaurantId=69273,mysore,Mysore South,"Burgers, Beverages, Cafe, Desserts",4.5,35K+,1,0,₹400 for two
712841,Theobroma,https://www.swiggy.com/dapi/menu/pl?restaurantId=712841,mysore,Mysore South,"Bakery, Desserts, Beverages",4.7,3.1K+,1,0,₹400 for two
714896,Subway,https://www.swiggy.com/dapi/menu/pl?restaurantId=714896,mysore,Mysore South,"sandwich, Salads, wrap, Healthy Food",4.4,1.9K+,1,0,₹350 for two
492264,Chinese Wok,https://www.swiggy.com/dapi/menu/pl?restaurantId=492264,mysore,Mysore South,"Chinese, Asian, Tibetan, Desserts",4.4,2.6K+,1,0,₹250 for two
90786,Lemon three,https://www.swiggy.com/dapi/menu/pl?restaurantId=90786,mysore,Bamboo Bazaar,"Biryani, Tandoor, Grill, Kebabs, Chinese",4.3,6.7K+,1,0,₹400 for two
420298,McDonald's Gourmet Burger Collection,https://www.swiggy.com/dapi/menu/pl?restaurantId=420298,mysore,Mysore South,"Burgers, Beverages, Cafe, Desserts",4.6,394,1,0,₹500 for two
503696,Polar Bear,https://www.swiggy.com/dapi/menu/pl?restaurantId=503696,mysore,Mysore South,"Desserts, Ice Cream, Cakes & Pastries",4.7,2.9K+,1,0,₹350 for two
68515,Sri Durga Bhavan,https://www.swiggy.com/dapi/menu/pl?restaurantId=68515,mysore,Mysore City,"South Indian, Indian",4.5,5.2K+,1,0,₹150 for two
359792,Grameen Kulfi,https://www.swiggy.com/dapi/menu/pl?restaurantId=359792,mysore,Mysore South,"Ice Cream, Desserts",4.7,1.6K+,1,0,₹120 for two
81181,Pataka Mannar's,https://www.swiggy.com/dapi/menu/pl?restaurantId=81181,mysore,Mysore City,"Chaat, Desserts, Beverages",4.4,13K+,1,0,₹200 for two
197526,Kapoor's Cafe,https://www.swiggy.com/dapi/menu/pl?restaurantId=197526,mysore,Mysore South,North Indian,4.6,6.4K+,1,0,₹300 for two
82173,Shree Mahalakshmi Sweets,https://www.swiggy.com/dapi/menu/pl?restaurantId=82173,mysore,Mysore City,"Sweets, Desserts, fast food, Thai",4.7,2.5K+,1,0,₹200 for two
434991,MTR,https://www.swiggy.com/dapi/menu/pl?restaurantId=434991,mysore,Mysore City,South Indian,4.7,10K+,1,0,₹300 for two
639290,Burger King,https://www.swiggy.com/dapi/menu/pl?restaurantId=639290,mysore,Mysore South,"Burgers, American",4.4,13K+,1,0,₹350 for two
774915,Myfroyoland - Premium Frozen Yogurt,https://www.swiggy.com/dapi/menu/pl?restaurantId=774915,mysore,Mysore City,"Ice Cream, Desserts, Healthy Food",4.5,101,1,0,₹500 for two
488903,Big Bowl,https://www.swiggy.com/dapi/menu/pl?restaurantId=488903,mysore,Mysore South,"Chinese, Tibetan, Desserts",4.4,2.4K+,1,0,₹250 for two
96768,Baskin Robbins - Ice Cream Desserts,https://www.swiggy.com/dapi/menu/pl?restaurantId=96768,mysore,Mysore South,Desserts,4.5,766,1,0,₹120 for two
336906,Pizza Hut,https://www.swiggy.com/dapi/menu/pl?restaurantId=336906,mysore,Mysore South,Pizzas,4.5,4.7K+,1,0,₹350 for two
69273,McDonald's,https://www.swiggy.com/dapi/menu/pl?restaurantId=69273,mysore,Mysore South,"Burgers, Beverages, Cafe, Desserts",4.5,35K+,1,0,₹400 for two
69630,Domino's Pizza,https://www.swiggy.com/dapi/menu/pl?restaurantId=69630,mysore,Mandi Mohalla,"Pizzas, Italian, Pastas, Desserts",4.6,12K+,1,0,₹700 for two
69577,KFC,https://www.swiggy.com/dapi/menu/pl?restaurantId=69577,mysore,Mysore South,"Burgers, Fast Food, Rolls & Wraps",4.5,5.2K+,1,0,₹400 for two
1165597,Bakingo,https://www.swiggy.com/dapi/menu/pl?restaurantId=1165597,mysore,Mysore South,"Bakery, Desserts, Beverages, Snacks",4.8,797,1,0,₹299 for two
712841,Theobroma,https://www.swiggy.com/dapi/menu/pl?restaurantId=712841,mysore,Mysore South,"Bakery, Desserts, Beverages",4.7,3.1K+,1,0,₹400 for two
714896,Subway,https://www.swiggy.com/dapi/menu/pl?restaurantId=714896,mysore,Mysore South,"sandwich, Salads, wrap, Healthy Food",4.4,1.9K+,1,0,₹350 for two
945370,Aigiri Cafe,https://www.swiggy.com/dapi/menu/pl?restaurantId=945370,mysore,Mysore South,"South Indian, Beverages, Juices",4.7,11K+,1,0,₹300 for two
336906,Pizza Hut,https://www.swiggy.com/dapi/menu/pl?restaurantId=336906,mysore,Mysore South,Pizzas,4.5,4.7K+,1,0,₹350 for two
69630,Domino's Pizza,https://www.swiggy.com/dapi/menu/pl?restaurantId=69630,mysore,Mandi Mohalla,"Pizzas, Italian, Pastas, Desserts",4.6,12K+,1,0,₹700 for two
69577,KFC,https://www.swiggy.com/dapi/menu/pl?restaurantId=69577,mysore,Mysore South,"Burgers, Fast Food, Rolls & Wraps",4.5,5.2K+,1,0,₹400 for two
69273,McDonald's,https://www.swiggy.com/dapi/menu/pl?restaurantId=69273,mysore,Mysore South,"Burgers, Beverages, Cafe, Desserts",4.5,35K+,1,0,₹400 for two
712841,Theobroma,https://www.swiggy.com/dapi/menu/pl?restaurantId=712841,mysore,Mysore South,"Bakery, Desserts, Beverages",4.7,3.1K+,1,0,₹400 for two
714896,Subway,https://www.swiggy.com/dapi/menu/pl?restaurantId=714896,mysore,Mysore South,"sandwich, Salads, wrap, Healthy Food",4.4,1.9K+,1,0,₹350 for two
492264,Chinese Wok,https://www.swiggy.com/dapi/menu/pl?restaurantId=492264,mysore,Mysore South,"Chinese, Asian, Tibetan, Desserts",4.4,2.6K+,1,0,₹250 for two
90786,Lemon three,https://www.swiggy.com/dapi/menu/pl?restaurantId=90786,mysore,Bamboo Bazaar,"Biryani, Tandoor, Grill, Kebabs, Chinese",4.3,6.7K+,1,0,₹400 for two
420298,McDonald's Gourmet Burger Collection,https://www.swiggy.com/dapi/menu/pl?restaurantId=420298,mysore,Mysore South,"Burgers, Beverages, Cafe, Desserts",4.6,394,1,0,₹500 for two
503696,Polar Bear,https://www.swiggy.com/dapi/menu/pl?restaurantId=503696,mysore,Mysore South,"Desserts, Ice Cream, Cakes & Pastries",4.7,2.9K+,1,0,₹350 for two
68515,Sri Durga Bhavan,https://www.swiggy.com/dapi/menu/pl?restaurantId=68515,mysore,Mysore City,"South Indian, Indian",4.5,5.2K+,1,0,₹150 for two
359792,Grameen Kulfi,https://www.swiggy.com/dapi/menu/pl?restaurantId=359792,mysore,Mysore South,"Ice Cream, Desserts",4.7,1.6K+,1,0,₹120 for two
81181,Pataka Mannar's,https://www.swiggy.com/dapi/menu/pl?restaurantId=81181,mysore,Mysore City,"Chaat, Desserts, Beverages",4.4,13K+,1,0,₹200 for two
197526,Kapoor's Cafe,https://www.swiggy.com/dapi/menu/pl?restaurantId=197526,mysore,Mysore South,North Indian,4.6,6.4K+,1,0,₹300 for two
82173,Shree Mahalakshmi Sweets,https://www.swiggy.com/dapi/menu/pl?restaurantId=82173,mysore,Mysore City,"Sweets, Desserts, fast food, Thai",4.7,2.5K+,1,0,₹200 for two
434991,MTR,https://www.swiggy.com/dapi/menu/pl?restaurantId=434991,mysore,Mysore City,South Indian,4.7,10K+,1,0,₹300 for two
639290,Burger King,https://www.swiggy.com/dapi/menu/pl?restaurantId=639290,mysore,Mysore South,"Burgers, American",4.4,13K+,1,0,₹350 for two
774915,Myfroyoland - Premium Frozen Yogurt,https://www.swiggy.com/dapi/menu/pl?restaurantId=774915,mysore,Mysore City,"Ice Cream, Desserts, Healthy Food",4.5,101,1,0,₹500 for two
488903,Big Bowl,https://www.swiggy.com/dapi/menu/pl?restaurantId=488903,mysore,Mysore South,"Chinese, Tibetan, Desserts",4.4,2.4K+,1,0,₹250 for two
96768,Baskin Robbins - Ice Cream Desserts,https://www.swiggy.com/dapi/menu/pl?restaurantId=96768,mysore,Mysore South,Desserts,4.5,766,1,0,₹120 for two
336906,Pizza Hut,https://www.swiggy.com/dapi/menu/pl?restaurantId=336906,mysore,Mysore South,Pizzas,4.5,4.7K+,1,0,₹350 for two
69273,McDonald's,https://www.swiggy.com/dapi/menu/pl?restaurantId=69273,mysore,Mysore South,"Burgers, Beverages, Cafe, Desserts",4.5,35K+,1,0,₹400 for two
69630,Domino's Pizza,https://www.swiggy.com/dapi/menu/pl?restaurantId=69630,mysore,Mandi Mohalla,"Pizzas, Italian, Pastas, Desserts",4.6,12K+,1,0,₹700 for two
69577,KFC,https://www.swiggy.com/dapi/menu/pl?restaurantId=69577,mysore,Mysore South,"Burgers, Fast Food, Rolls & Wraps",4.5,5.2K+,1,0,₹400 for two
1165597,Bakingo,https://www.swiggy.com/dapi/menu/pl?restaurantId=1165597,mysore,Mysore South,"Bakery, Desserts, Beverages, Snacks",4.8,797,1,0,₹299 for two
712841,Theobroma,https://www.swiggy.com/dapi/menu/pl?restaurantId=712841,mysore,Mysore South,"Bakery, Desserts, Beverages",4.7,3.1K+,1,0,₹400 for two
714896,Subway,https://www.swiggy.com/dapi/menu/pl?restaurantId=714896,mysore,Mysore South,"sandwich, Salads, wrap, Healthy Food",4.4,1.9K+,1,0,₹350 for two
945370,Aigiri Cafe,https://www.swiggy.com/dapi/menu/pl?restaurantId=945370,mysore,Mysore South,"South Indian, Beverages, Juices",4.7,11K+,1,0,₹300 for two
492041,Pizza Hut,https://www.swiggy.com/dapi/menu/pl?restaurantId=492041,coimbatore,Peelamedu,Pizzas,4.3,5.7K+,1,0,₹350 for two
51905,Cock Ra Co,https://www.swiggy.com/dapi/menu/pl?restaurantId=51905,coimbatore,RS Puram,"Biryani, North Indian, South Indian, Chettinad, Chinese, Ice Cream, Desserts",4.5,28K+,1,0,₹400 for two
737927,KFC,https://www.swiggy.com/dapi/menu/pl?restaurantId=737927,coimbatore,Gandhipuram,"Burgers, Fast Food, Rolls & Wraps",4.5,4.6K+,1,0,₹400 for two
53332,Sree Aksshayam,https://www.swiggy.com/dapi/menu/pl?restaurantId=53332,coimbatore,Peelamedu,"South Indian, Biryani, Chaat, Snacks, Beverages",4.6,99K+,1,0,₹200 for two
60959,Denmarrk Drive-Inn Restaurant,https://www.swiggy.com/dapi/menu/pl?restaurantId=60959,coimbatore,Nehru Stadium,"Biryani, South Indian, Chinese, Rolls & Wraps, Tandoor",4.6,23K+,1,0,₹200 for two
56657,Cock Ra Co,https://www.swiggy.com/dapi/menu/pl?restaurantId=56657,coimbatore,Sivanandhapuram,"Biryani, North Indian, South Indian, Chettinad, Chinese, Ice Cream, Desserts",4.5,12K+,1,0,₹400 for two
61498,Geetha Canteen,https://www.swiggy.com/dapi/menu/pl?restaurantId=61498,coimbatore,Gandhipuram,"South Indian, Indian, Chinese",4.6,110K+,1,0,₹100 for two
580418,Amote Patisserie,https://www.swiggy.com/dapi/menu/pl?restaurantId=580418,coimbatore,RS Puram,"Desserts, Bakery, Ice Cream Cakes, Beverages",4.7,1.6K+,1,0,₹600 for two
61708,Courtallam Border Rahmath Kadai,https://www.swiggy.com/dapi/menu/pl?restaurantId=61708,coimbatore,Race Course,"South Indian, Biryani, Chinese, Indian, Fast Food, Snacks",4.5,12K+,1,0,₹200 for two
51201,Haribhavanam,https://www.swiggy.com/dapi/menu/pl?restaurantId=51201,coimbatore,Race Course,"Biryani, Chinese, South Indian",4.6,10K+,1,0,₹400 for two
797224,Subway,https://www.swiggy.com/dapi/menu/pl?restaurantId=797224,coimbatore,Brookefields Mall,"sandwich, Salads, wrap, Healthy Food",4.2,1.2K+,1,0,₹350 for two
575069,Veg Darbar by Behrouz Biryani,https://www.swiggy.com/dapi/menu/pl?restaurantId=575069,coimbatore,Ranganathapuram,"Biryani, North Indian, Kebabs, Mughlai, Lucknowi, Hyderabadi, Desserts, Beverages",4.3,182,1,0,₹700 for two
801315,Makhani Darbar,https://www.swiggy.com/dapi/menu/pl?restaurantId=801315,coimbatore,Mettupalayam road,"Kebabs, Mughlai, Beverages, Desserts",4.3,115,1,0,₹500 for two
403835,Grameen Kulfi,https://www.swiggy.com/dapi/menu/pl?restaurantId=403835,coimbatore,RS Puram,"Ice Cream, Desserts",4.8,688,1,0,₹120 for two
814692,Madno - House of Sundaes and Waffles,https://www.swiggy.com/dapi/menu/pl?restaurantId=814692,coimbatore,Ward-23,"Ice Cream, Desserts, Waffle",4.3,425,1,0,₹500 for two
722815,FNP Cakes By Ferns N Petals,https://www.swiggy.com/dapi/menu/pl?restaurantId=722815,coimbatore,PARK ROAD1,"Desserts, Bakery, Sweets, Ice Cream, Beverages, North Indian, Chinese",4.4,801,1,0,₹499 for two
604273,Chinese Wok,https://www.swiggy.com/dapi/menu/pl?restaurantId=604273,coimbatore,Sivanadha Colony,"Chinese, Asian, Tibetan, Desserts",4.4,5.1K+,1,0,₹250 for two
603726,The Momo Co.,https://www.swiggy.com/dapi/menu/pl?restaurantId=603726,coimbatore,Sivanadha Colony,"Chinese, Asian, Tibetan, Desserts",4.4,657,1,0,₹250 for two
799919,Minus 30,https://www.swiggy.com/dapi/menu/pl?restaurantId=799919,coimbatore,Race Course,Ice Cream,4.9,131,1,0,₹350 for two
51024,CakeBee,https://www.swiggy.com/dapi/menu/pl?restaurantId=51024,coimbatore,Sai Baba Colony,"Desserts, Bakery, Ice Cream Cakes, Beverages",4.6,4.0K+,1,0,₹250 for two
492041,Pizza Hut,https://www.swiggy.com/dapi/menu/pl?restaurantId=492041,coimbatore,Peelamedu,Pizzas,4.3,5.7K+,1,0,₹350 for two
51905,Cock Ra Co,https://www.swiggy.com/dapi/menu/pl?restaurantId=51905,coimbatore,RS Puram,"Biryani, North Indian, South Indian, Chettinad, Chinese, Ice Cream, Desserts",4.5,28K+,1,0,₹400 for two
737927,KFC,https://www.swiggy.com/dapi/menu/pl?restaurantId=737927,coimbatore,Gandhipuram,"Burgers, Fast Food, Rolls & Wraps",4.5,4.6K+,1,0,₹400 for two
53332,Sree Aksshayam,https://www.swiggy.com/dapi/menu/pl?restaurantId=53332,coimbatore,Peelamedu,"South Indian, Biryani, Chaat, Snacks, Beverages",4.6,99K+,1,0,₹200 for two
780547,Mfc Mysore Filter Coffee,https://www.swiggy.com/dapi/menu/pl?restaurantId=780547,coimbatore,Hopes,Indian,4.6,738,1,0,₹200 for two
60959,Denmarrk Drive-Inn Restaurant,https://www.swiggy.com/dapi/menu/pl?restaurantId=60959,coimbatore,Nehru Stadium,"Biryani, South Indian, Chinese, Rolls & Wraps, Tandoor",4.6,23K+,1,0,₹200 for two
810522,Snackers Republic,https://www.swiggy.com/dapi/menu/pl?restaurantId=810522,coimbatore,Hopes,"Fast Food, Burgers",4.3,362,1,0,₹500 for two
698311,Abitha Biriyani Hotel,https://www.swiggy.com/dapi/menu/pl?restaurantId=698311,coimbatore, Kottaimedu,"Biryani, South Indian, Indian, Grill, Chinese",4.4,10K+,1,0,₹250 for two
492041,Pizza Hut,https://www.swiggy.com/dapi/menu/pl?restaurantId=492041,coimbatore,Peelamedu,Pizzas,4.3,5.7K+,1,0,₹350 for two
51905,Cock Ra Co,https://www.swiggy.com/dapi/menu/pl?restaurantId=51905,coimbatore,RS Puram,"Biryani, North Indian, South Indian, Chettinad, Chinese, Ice Cream, Desserts",4.5,28K+,1,0,₹400 for two
737927,KFC,https://www.swiggy.com/dapi/menu/pl?restaurantId=737927,coimbatore,Gandhipuram,"Burgers, Fast Food, Rolls & Wraps",4.5,4.6K+,1,0,₹400 for two
53332,Sree Aksshayam,https://www.swiggy.com/dapi/menu/pl?restaurantId=53332,coimbatore,Peelamedu,"South Indian, Biryani, Chaat, Snacks, Beverages",4.6,99K+,1,0,₹200 for two
60959,Denmarrk Drive-Inn Restaurant,https://www.swiggy.com/dapi/menu/pl?restaurantId=60959,coimbatore,Nehru Stadium,"Biryani, South Indian, Chinese, Rolls & Wraps, Tandoor",4.6,23K+,1,0,₹200 for two
56657,Cock Ra Co,https://www.swiggy.com/dapi/menu/pl?restaurantId=56657,coimbatore,Sivanandhapuram,"Biryani, North Indian, South Indian, Chettinad, Chinese, Ice Cream, Desserts",4.5,12K+,1,0,₹400 for two
61498,Geetha Canteen,https://www.swiggy.com/dapi/menu/pl?restaurantId=61498,coimbatore,Gandhipuram,"South Indian, Indian, Chinese",4.6,110K+,1,0,₹100 for two
580418,Amote Patisserie,https://www.swiggy.com/dapi/menu/pl?restaurantId=580418,coimbatore,RS Puram,"Desserts, Bakery, Ice Cream Cakes, Beverages",4.7,1.6K+,1,0,₹600 for two
63464,HMR - Hotel Muthu Rowther,https://www.swiggy.com/dapi/menu/pl?restaurantId=63464,coimbatore,Town Hall,"Biryani, South Indian, Chinese, Indian, North Indian",4.4,40K+,1,0,₹300 for two
61708,Courtallam Border Rahmath Kadai,https://www.swiggy.com/dapi/menu/pl?restaurantId=61708,coimbatore,Race Course,"South Indian, Biryani, Chinese, Indian, Fast Food, Snacks",4.5,12K+,1,0,₹200 for two
51201,Haribhavanam,https://www.swiggy.com/dapi/menu/pl?restaurantId=51201,coimbatore,Race Course,"Biryani, Chinese, South Indian",4.6,10K+,1,0,₹400 for two
797224,Subway,https://www.swiggy.com/dapi/menu/pl?restaurantId=797224,coimbatore,Brookefields Mall,"sandwich, Salads, wrap, Healthy Food",4.2,1.2K+,1,0,₹350 for two
575069,Veg Darbar by Behrouz Biryani,https://www.swiggy.com/dapi/menu/pl?restaurantId=575069,coimbatore,Ranganathapuram,"Biryani, North Indian, Kebabs, Mughlai, Lucknowi, Hyderabadi, Desserts, Beverages",4.3,182,1,0,₹700 for two
801315,Makhani Darbar,https://www.swiggy.com/dapi/menu/pl?restaurantId=801315,coimbatore,Mettupalayam road,"Kebabs, Mughlai, Beverages, Desserts",4.3,115,1,0,₹500 for two
403835,Grameen Kulfi,https://www.swiggy.com/dapi/menu/pl?restaurantId=403835,coimbatore,RS Puram,"Ice Cream, Desserts",4.8,688,1,0,₹120 for two
814692,Madno - House of Sundaes and Waffles,https://www.swiggy.com/dapi/menu/pl?restaurantId=814692,coimbatore,Ward-23,"Ice Cream, Desserts, Waffle",4.3,425,1,0,₹500 for two
722815,FNP Cakes By Ferns N Petals,https://www.swiggy.com/dapi/menu/pl?restaurantId=722815,coimbatore,PARK ROAD1,"Desserts, Bakery, Sweets, Ice Cream, Beverages, North Indian, Chinese",4.4,801,1,0,₹499 for two
604273,Chinese Wok,https://www.swiggy.com/dapi/menu/pl?restaurantId=604273,coimbatore,Sivanadha Colony,"Chinese, Asian, Tibetan, Desserts",4.4,5.1K+,1,0,₹250 for two
603726,The Momo Co.,https://www.swiggy.com/dapi/menu/pl?restaurantId=603726,coimbatore,Sivanadha Colony,"Chinese, Asian, Tibetan, Desserts",4.4,657,1,0,₹250 for two
799919,Minus 30,https://www.swiggy.com/dapi/menu/pl?restaurantId=799919,coimbatore,Race Course,Ice Cream,4.9,131,1,0,₹350 for two
492041,Pizza Hut,https://www.swiggy.com/dapi/menu/pl?restaurantId=492041,coimbatore,Peelamedu,Pizzas,4.3,5.7K+,1,0,₹350 for two
51905,Cock Ra Co,https://www.swiggy.com/dapi/menu/pl?restaurantId=51905,coimbatore,RS Puram,"Biryani, North Indian, South Indian, Chettinad, Chinese, Ice Cream, Desserts",4.5,28K+,1,0,₹400 for two
737927,KFC,https://www.swiggy.com/dapi/menu/pl?restaurantId=737927,coimbatore,Gandhipuram,"Burgers, Fast Food, Rolls & Wraps",4.5,4.6K+,1,0,₹400 for two
53332,Sree Aksshayam,https://www.swiggy.com/dapi/menu/pl?restaurantId=53332,coimbatore,Peelamedu,"South Indian, Biryani, Chaat, Snacks, Beverages",4.6,99K+,1,0,₹200 for two
780547,Mfc Mysore Filter Coffee,https://www.swiggy.com/dapi/menu/pl?restaurantId=780547,coimbatore,Hopes,Indian,4.6,738,1,0,₹200 for two
60959,Denmarrk Drive-Inn Restaurant,https://www.swiggy.com/dapi/menu/pl?restaurantId=60959,coimbatore,Nehru Stadium,"Biryani, South Indian, Chinese, Rolls & Wraps, Tandoor",4.6,23K+,1,0,₹200 for two
810522,Snackers Republic,https://www.swiggy.com/dapi/menu/pl?restaurantId=810522,coimbatore,Hopes,"Fast Food, Burgers",4.3,362,1,0,₹500 for two
698311,Abitha Biriyani Hotel,https://www.swiggy.com/dapi/menu/pl?restaurantId=698311,coimbatore, Kottaimedu,"Biryani, South Indian, Indian, Grill, Chinese",4.4,10K+,1,0,₹250 for two
50314,Pizza Hut,https://www.swiggy.com/dapi/menu/pl?restaurantId=50314,coimbatore,RS Puram,Pizzas,4.4,16K+,1,0,₹400 for two
51905,Cock Ra Co,https://www.swiggy.com/dapi/menu/pl?restaurantId=51905,coimbatore,RS Puram,"Biryani, North Indian, South Indian, Chettinad, Chinese, Ice Cream, Desserts",4.5,28K+,1,0,₹400 for two
56657,Cock Ra Co,https://www.swiggy.com/dapi/menu/pl?restaurantId=56657,coimbatore,Sivanandhapuram,"Biryani, North Indian, South Indian, Chettinad, Chinese, Ice Cream, Desserts",4.5,12K+,1,0,₹400 for two
737927,KFC,https://www.swiggy.com/dapi/menu/pl?restaurantId=737927,coimbatore,Gandhipuram,"Burgers, Fast Food, Rolls & Wraps",4.5,4.6K+,1,0,₹400 for two
61498,Geetha Canteen,https://www.swiggy.com/dapi/menu/pl?restaurantId=61498,coimbatore,Gandhipuram,"South Indian, Indian, Chinese",4.6,110K+,1,0,₹100 for two
60959,Denmarrk Drive-Inn Restaurant,https://www.swiggy.com/dapi/menu/pl?restaurantId=60959,coimbatore,Nehru Stadium,"Biryani, South Indian, Chinese, Rolls & Wraps, Tandoor",4.6,23K+,1,0,₹200 for two
580418,Amote Patisserie,https://www.swiggy.com/dapi/menu/pl?restaurantId=580418,coimbatore,RS Puram,"Desserts, Bakery, Ice Cream Cakes, Beverages",4.7,1.6K+,1,0,₹600 for two
51024,CakeBee,https://www.swiggy.com/dapi/menu/pl?restaurantId=51024,coimbatore,Sai Baba Colony,"Desserts, Bakery, Ice Cream Cakes, Beverages",4.6,4.0K+,1,0,₹250 for two
575069,Veg Darbar by Behrouz Biryani,https://www.swiggy.com/dapi/menu/pl?restaurantId=575069,coimbatore,Ranganathapuram,"Biryani, North Indian, Kebabs, Mughlai, Lucknowi, Hyderabadi, Desserts, Beverages",4.3,182,1,0,₹700 for two
722815,FNP Cakes By Ferns N Petals,https://www.swiggy.com/dapi/menu/pl?restaurantId=722815,coimbatore,PARK ROAD1,"Desserts, Bakery, Sweets, Ice Cream, Beverages, North Indian, Chinese",4.4,801,1,0,₹499 for two
58343,HariBhavanam,https://www.swiggy.com/dapi/menu/pl?restaurantId=58343,coimbatore,RS Puram,"Biryani, Chinese, South Indian",4.4,6.2K+,1,0,₹400 for two
582498,Cheesecakes By CakeZone,https://www.swiggy.com/dapi/menu/pl?restaurantId=582498,coimbatore,NSR Road,"Desserts, Bakery",4.5,275,1,0,₹200 for two
403835,Grameen Kulfi,https://www.swiggy.com/dapi/menu/pl?restaurantId=403835,coimbatore,RS Puram,"Ice Cream, Desserts",4.8,688,1,0,₹120 for two
814692,Madno - House of Sundaes and Waffles,https://www.swiggy.com/dapi/menu/pl?restaurantId=814692,coimbatore,Ward-23,"Ice Cream, Desserts, Waffle",4.3,425,1,0,₹500 for two
604273,Chinese Wok,https://www.swiggy.com/dapi/menu/pl?restaurantId=604273,coimbatore,Sivanadha Colony,"Chinese, Asian, Tibetan, Desserts",4.4,5.1K+,1,0,₹250 for two
603726,The Momo Co.,https://www.swiggy.com/dapi/menu/pl?restaurantId=603726,coimbatore,Sivanadha Colony,"Chinese, Asian, Tibetan, Desserts",4.4,657,1,0,₹250 for two
797224,Subway,https://www.swiggy.com/dapi/menu/pl?restaurantId=797224,coimbatore,Brookefields Mall,"sandwich, Salads, wrap, Healthy Food",4.2,1.2K+,1,0,₹350 for two
50456,Burger King,https://www.swiggy.com/dapi/menu/pl?restaurantId=50456,coimbatore,Ram Nagar,"Burgers, American",4.4,35K+,1,0,₹350 for two
56504,McDonald's,https://www.swiggy.com/dapi/menu/pl?restaurantId=56504,coimbatore,RS Puram,"Burgers, Beverages, Cafe, Desserts",4.4,14K+,1,0,₹400 for two
50374,"Dindigul Thalappakatti - Since 1957
",https://www.swiggy.com/dapi/menu/pl?restaurantId=50374,coimbatore,Ram Nagar,"Biryani, Barbecue, South Indian, Chinese",4.4,14K+,1,0,₹400 for two
50314,Pizza Hut,https://www.swiggy.com/dapi/menu/pl?restaurantId=50314,coimbatore,RS Puram,Pizzas,4.4,16K+,1,0,₹400 for two
51905,Cock Ra Co,https://www.swiggy.com/dapi/menu/pl?restaurantId=51905,coimbatore,RS Puram,"Biryani, North Indian, South Indian, Chettinad, Chinese, Ice Cream, Desserts",4.5,28K+,1,0,₹400 for two
56657,Cock Ra Co,https://www.swiggy.com/dapi/menu/pl?restaurantId=56657,coimbatore,Sivanandhapuram,"Biryani, North Indian, South Indian, Chettinad, Chinese, Ice Cream, Desserts",4.5,12K+,1,0,₹400 for two
737927,KFC,https://www.swiggy.com/dapi/menu/pl?restaurantId=737927,coimbatore,Gandhipuram,"Burgers, Fast Food, Rolls & Wraps",4.5,4.6K+,1,0,₹400 for two
1289902,Domino's Pizza,https://www.swiggy.com/dapi/menu/pl?restaurantId=1289902,coimbatore,Gandhipuram,"Pizzas, Italian, Pastas, Desserts",4.5,264,1,0,₹400 for two
698311,Abitha Biriyani Hotel,https://www.swiggy.com/dapi/menu/pl?restaurantId=698311,coimbatore, Kottaimedu,"Biryani, South Indian, Indian, Grill, Chinese",4.4,10K+,1,0,₹250 for two
51204,The Donuts,https://www.swiggy.com/dapi/menu/pl?restaurantId=51204,coimbatore,Sai Baba Colony,"Desserts, Bakery",4.7,6.6K+,1,0,₹350 for two
76622,Geetha Canteen,https://www.swiggy.com/dapi/menu/pl?restaurantId=76622,coimbatore,Tatabad,"South Indian, Indian, Chinese",4.5,52K+,1,0,₹200 for two
50314,Pizza Hut,https://www.swiggy.com/dapi/menu/pl?restaurantId=50314,coimbatore,RS Puram,Pizzas,4.4,16K+,1,0,₹400 for two
51905,Cock Ra Co,https://www.swiggy.com/dapi/menu/pl?restaurantId=51905,coimbatore,RS Puram,"Biryani, North Indian, South Indian, Chettinad, Chinese, Ice Cream, Desserts",4.5,28K+,1,0,₹400 for two
56657,Cock Ra Co,https://www.swiggy.com/dapi/menu/pl?restaurantId=56657,coimbatore,Sivanandhapuram,"Biryani, North Indian, South Indian, Chettinad, Chinese, Ice Cream, Desserts",4.5,12K+,1,0,₹400 for two
737927,KFC,https://www.swiggy.com/dapi/menu/pl?restaurantId=737927,coimbatore,Gandhipuram,"Burgers, Fast Food, Rolls & Wraps",4.5,4.6K+,1,0,₹400 for two
61498,Geetha Canteen,https://www.swiggy.com/dapi/menu/pl?restaurantId=61498,coimbatore,Gandhipuram,"South Indian, Indian, Chinese",4.6,110K+,1,0,₹100 for two
60959,Denmarrk Drive-Inn Restaurant,https://www.swiggy.com/dapi/menu/pl?restaurantId=60959,coimbatore,Nehru Stadium,"Biryani, South Indian, Chinese, Rolls & Wraps, Tandoor",4.6,23K+,1,0,₹200 for two
580418,Amote Patisserie,https://www.swiggy.com/dapi/menu/pl?restaurantId=580418,coimbatore,RS Puram,"Desserts, Bakery, Ice Cream Cakes, Beverages",4.7,1.6K+,1,0,₹600 for two
51024,CakeBee,https://www.swiggy.com/dapi/menu/pl?restaurantId=51024,coimbatore,Sai Baba Colony,"Desserts, Bakery, Ice Cream Cakes, Beverages",4.6,4.0K+,1,0,₹250 for two
575069,Veg Darbar by Behrouz Biryani,https://www.swiggy.com/dapi/menu/pl?restaurantId=575069,coimbatore,Ranganathapuram,"Biryani, North Indian, Kebabs, Mughlai, Lucknowi, Hyderabadi, Desserts, Beverages",4.3,182,1,0,₹700 for two
722815,FNP Cakes By Ferns N Petals,https://www.swiggy.com/dapi/menu/pl?restaurantId=722815,coimbatore,PARK ROAD1,"Desserts, Bakery, Sweets, Ice Cream, Beverages, North Indian, Chinese",4.4,801,1,0,₹499 for two
58343,HariBhavanam,https://www.swiggy.com/dapi/menu/pl?restaurantId=58343,coimbatore,RS Puram,"Biryani, Chinese, South Indian",4.4,6.2K+,1,0,₹400 for two
582498,Cheesecakes By CakeZone,https://www.swiggy.com/dapi/menu/pl?restaurantId=582498,coimbatore,NSR Road,"Desserts, Bakery",4.5,275,1,0,₹200 for two
403835,Grameen Kulfi,https://www.swiggy.com/dapi/menu/pl?restaurantId=403835,coimbatore,RS Puram,"Ice Cream, Desserts",4.8,688,1,0,₹120 for two
814692,Madno - House of Sundaes and Waffles,https://www.swiggy.com/dapi/menu/pl?restaurantId=814692,coimbatore,Ward-23,"Ice Cream, Desserts, Waffle",4.3,425,1,0,₹500 for two
604273,Chinese Wok,https://www.swiggy.com/dapi/menu/pl?restaurantId=604273,coimbatore,Sivanadha Colony,"Chinese, Asian, Tibetan, Desserts",4.4,5.1K+,1,0,₹250 for two
603726,The Momo Co.,https://www.swiggy.com/dapi/menu/pl?restaurantId=603726,coimbatore,Sivanadha Colony,"Chinese, Asian, Tibetan, Desserts",4.4,657,1,0,₹250 for two
797224,Subway,https://www.swiggy.com/dapi/menu/pl?restaurantId=797224,coimbatore,Brookefields Mall,"sandwich, Salads, wrap, Healthy Food",4.2,1.2K+,1,0,₹350 for two
50456,Burger King,https://www.swiggy.com/dapi/menu/pl?restaurantId=50456,coimbatore,Ram Nagar,"Burgers, American",4.4,35K+,1,0,₹350 for two
56504,McDonald's,https://www.swiggy.com/dapi/menu/pl?restaurantId=56504,coimbatore,RS Puram,"Burgers, Beverages, Cafe, Desserts",4.4,14K+,1,0,₹400 for two
50374,"Dindigul Thalappakatti - Since 1957
",https://www.swiggy.com/dapi/menu/pl?restaurantId=50374,coimbatore,Ram Nagar,"Biryani, Barbecue, South Indian, Chinese",4.4,14K+,1,0,₹400 for two
50314,Pizza Hut,https://www.swiggy.com/dapi/menu/pl?restaurantId=50314,coimbatore,RS Puram,Pizzas,4.4,16K+,1,0,₹400 for two
51905,Cock Ra Co,https://www.swiggy.com/dapi/menu/pl?restaurantId=51905,coimbatore,RS Puram,"Biryani, North Indian, South Indian, Chettinad, Chinese, Ice Cream, Desserts",4.5,28K+,1,0,₹400 for two
56657,Cock Ra Co,https://www.swiggy.com/dapi/menu/pl?restaurantId=56657,coimbatore,Sivanandhapuram,"Biryani, North Indian, South Indian, Chettinad, Chinese, Ice Cream, Desserts",4.5,12K+,1,0,₹400 for two
737927,KFC,https://www.swiggy.com/dapi/menu/pl?restaurantId=737927,coimbatore,Gandhipuram,"Burgers, Fast Food, Rolls & Wraps",4.5,4.6K+,1,0,₹400 for two
1289902,Domino's Pizza,https://www.swiggy.com/dapi/menu/pl?restaurantId=1289902,coimbatore,Gandhipuram,"Pizzas, Italian, Pastas, Desserts",4.5,264,1,0,₹400 for two
698311,Abitha Biriyani Hotel,https://www.swiggy.com/dapi/menu/pl?restaurantId=698311,coimbatore, Kottaimedu,"Biryani, South Indian, Indian, Grill, Chinese",4.4,10K+,1,0,₹250 for two
51204,The Donuts,https://www.swiggy.com/dapi/menu/pl?restaurantId=51204,coimbatore,Sai Baba Colony,"Desserts, Bakery",4.7,6.6K+,1,0,₹350 for two
76622,Geetha Canteen,https://www.swiggy.com/dapi/menu/pl?restaurantId=76622,coimbatore,Tatabad,"South Indian, Indian, Chinese",4.5,52K+,1,0,₹200 for two
50314,Pizza Hut,https://www.swiggy.com/dapi/menu/pl?restaurantId=50314,coimbatore,RS Puram,Pizzas,4.4,16K+,1,0,₹400 for two
542486,KFC,https://www.swiggy.com/dapi/menu/pl?restaurantId=542486,coimbatore,Town Hall,"Burgers, Fast Food, Rolls & Wraps",4.4,3.3K+,1,0,₹400 for two
50456,Burger King,https://www.swiggy.com/dapi/menu/pl?restaurantId=50456,coimbatore,Ram Nagar,"Burgers, American",4.4,35K+,1,0,₹350 for two
63464,HMR - Hotel Muthu Rowther,https://www.swiggy.com/dapi/menu/pl?restaurantId=63464,coimbatore,Town Hall,"Biryani, South Indian, Chinese, Indian, North Indian",4.4,40K+,1,0,₹300 for two
60959,Denmarrk Drive-Inn Restaurant,https://www.swiggy.com/dapi/menu/pl?restaurantId=60959,coimbatore,Nehru Stadium,"Biryani, South Indian, Chinese, Rolls & Wraps, Tandoor",4.6,23K+,1,0,₹200 for two
580418,Amote Patisserie,https://www.swiggy.com/dapi/menu/pl?restaurantId=580418,coimbatore,RS Puram,"Desserts, Bakery, Ice Cream Cakes, Beverages",4.7,1.6K+,1,0,₹600 for two
61708,Courtallam Border Rahmath Kadai,https://www.swiggy.com/dapi/menu/pl?restaurantId=61708,coimbatore,Race Course,"South Indian, Biryani, Chinese, Indian, Fast Food, Snacks",4.5,12K+,1,0,₹200 for two
797224,Subway,https://www.swiggy.com/dapi/menu/pl?restaurantId=797224,coimbatore,Brookefields Mall,"sandwich, Salads, wrap, Healthy Food",4.2,1.2K+,1,0,₹350 for two
604273,Chinese Wok,https://www.swiggy.com/dapi/menu/pl?restaurantId=604273,coimbatore,Sivanadha Colony,"Chinese, Asian, Tibetan, Desserts",4.4,5.1K+,1,0,₹250 for two
639425,Dum Safar Biryani,https://www.swiggy.com/dapi/menu/pl?restaurantId=639425,coimbatore,Town Hall,"Biryani, Hyderabadi, Kebabs, North Indian, barbeque",4.1,907,1,0,₹500 for two
58343,HariBhavanam,https://www.swiggy.com/dapi/menu/pl?restaurantId=58343,coimbatore,RS Puram,"Biryani, Chinese, South Indian",4.4,6.2K+,1,0,₹400 for two
403835,Grameen Kulfi,https://www.swiggy.com/dapi/menu/pl?restaurantId=403835,coimbatore,RS Puram,"Ice Cream, Desserts",4.8,688,1,0,₹120 for two
814692,Madno - House of Sundaes and Waffles,https://www.swiggy.com/dapi/menu/pl?restaurantId=814692,coimbatore,Ward-23,"Ice Cream, Desserts, Waffle",4.3,425,1,0,₹500 for two
58534,Cookie Man,https://www.swiggy.com/dapi/menu/pl?restaurantId=58534,coimbatore,RS Puram,"Desserts, Ice Cream, Bakery",4.5,671,1,0,₹140 for two
450462,Gourmet Ice Cream Cakes by Baskin Robbins,https://www.swiggy.com/dapi/menu/pl?restaurantId=450462,coimbatore,BROOKEFIELDS MALL,"Desserts, Ice Cream",4.4,24,1,0,₹250 for two
722824,FNP Cakes By Ferns N Petals,https://www.swiggy.com/dapi/menu/pl?restaurantId=722824,coimbatore,Ward-71,"Desserts, Bakery, Sweets, Ice Cream, Beverages, North Indian, Chinese",4.1,264,1,0,₹499 for two
799919,Minus 30,https://www.swiggy.com/dapi/menu/pl?restaurantId=799919,coimbatore,Race Course,Ice Cream,4.9,131,1,0,₹350 for two
51020,CakeBee,https://www.swiggy.com/dapi/menu/pl?restaurantId=51020,coimbatore,Ramanathapuram,"Desserts, Bakery, Ice Cream Cakes, Beverages",4.4,4.3K+,1,0,₹250 for two
51052,A2B - Adyar Ananda Bhavan,https://www.swiggy.com/dapi/menu/pl?restaurantId=51052,coimbatore,Race Course,"South Indian, North Indian, Sweets, Chinese",4.6,26K+,1,0,₹300 for two
51905,Cock Ra Co,https://www.swiggy.com/dapi/menu/pl?restaurantId=51905,coimbatore,RS Puram,"Biryani, North Indian, South Indian, Chettinad, Chinese, Ice Cream, Desserts",4.5,28K+,1,0,₹400 for two
50314,Pizza Hut,https://www.swiggy.com/dapi/menu/pl?restaurantId=50314,coimbatore,RS Puram,Pizzas,4.4,16K+,1,0,₹400 for two
698311,Abitha Biriyani Hotel,https://www.swiggy.com/dapi/menu/pl?restaurantId=698311,coimbatore, Kottaimedu,"Biryani, South Indian, Indian, Grill, Chinese",4.4,10K+,1,0,₹250 for two
542486,KFC,https://www.swiggy.com/dapi/menu/pl?restaurantId=542486,coimbatore,Town Hall,"Burgers, Fast Food, Rolls & Wraps",4.4,3.3K+,1,0,₹400 for two
1300978,Tower Burger,https://www.swiggy.com/dapi/menu/pl?restaurantId=1300978,coimbatore,Podanur,"Chinese, Desserts, Burgers",3.2,4,1,0,₹300 for two
50456,Burger King,https://www.swiggy.com/dapi/menu/pl?restaurantId=50456,coimbatore,Ram Nagar,"Burgers, American",4.4,35K+,1,0,₹350 for two
1164129,The Maple Waffle,https://www.swiggy.com/dapi/menu/pl?restaurantId=1164129,coimbatore,Race Course,"Waffle, Desserts",4.7,195,1,0,₹250 for two
63464,HMR - Hotel Muthu Rowther,https://www.swiggy.com/dapi/menu/pl?restaurantId=63464,coimbatore,Town Hall,"Biryani, South Indian, Chinese, Indian, North Indian",4.4,40K+,1,0,₹300 for two
1122343,Bakingo,https://www.swiggy.com/dapi/menu/pl?restaurantId=1122343,coimbatore,KK Pudur,"Bakery, Desserts, Beverages, Snacks",4.7,805,1,0,₹299 for two
50314,Pizza Hut,https://www.swiggy.com/dapi/menu/pl?restaurantId=50314,coimbatore,RS Puram,Pizzas,4.4,16K+,1,0,₹400 for two
542486,KFC,https://www.swiggy.com/dapi/menu/pl?restaurantId=542486,coimbatore,Town Hall,"Burgers, Fast Food, Rolls & Wraps",4.4,3.3K+,1,0,₹400 for two
50456,Burger King,https://www.swiggy.com/dapi/menu/pl?restaurantId=50456,coimbatore,Ram Nagar,"Burgers, American",4.4,35K+,1,0,₹350 for two
63464,HMR - Hotel Muthu Rowther,https://www.swiggy.com/dapi/menu/pl?restaurantId=63464,coimbatore,Town Hall,"Biryani, South Indian, Chinese, Indian, North Indian",4.4,40K+,1,0,₹300 for two
60959,Denmarrk Drive-Inn Restaurant,https://www.swiggy.com/dapi/menu/pl?restaurantId=60959,coimbatore,Nehru Stadium,"Biryani, South Indian, Chinese, Rolls & Wraps, Tandoor",4.6,23K+,1,0,₹200 for two
580418,Amote Patisserie,https://www.swiggy.com/dapi/menu/pl?restaurantId=580418,coimbatore,RS Puram,"Desserts, Bakery, Ice Cream Cakes, Beverages",4.7,1.6K+,1,0,₹600 for two
61708,Courtallam Border Rahmath Kadai,https://www.swiggy.com/dapi/menu/pl?restaurantId=61708,coimbatore,Race Course,"South Indian, Biryani, Chinese, Indian, Fast Food, Snacks",4.5,12K+,1,0,₹200 for two
797224,Subway,https://www.swiggy.com/dapi/menu/pl?restaurantId=797224,coimbatore,Brookefields Mall,"sandwich, Salads, wrap, Healthy Food",4.2,1.2K+,1,0,₹350 for two
604273,Chinese Wok,https://www.swiggy.com/dapi/menu/pl?restaurantId=604273,coimbatore,Sivanadha Colony,"Chinese, Asian, Tibetan, Desserts",4.4,5.1K+,1,0,₹250 for two
639425,Dum Safar Biryani,https://www.swiggy.com/dapi/menu/pl?restaurantId=639425,coimbatore,Town Hall,"Biryani, Hyderabadi, Kebabs, North Indian, barbeque",4.1,907,1,0,₹500 for two
403835,Grameen Kulfi,https://www.swiggy.com/dapi/menu/pl?restaurantId=403835,coimbatore,RS Puram,"Ice Cream, Desserts",4.8,688,1,0,₹120 for two
814692,Madno - House of Sundaes and Waffles,https://www.swiggy.com/dapi/menu/pl?restaurantId=814692,coimbatore,Ward-23,"Ice Cream, Desserts, Waffle",4.3,425,1,0,₹500 for two
58534,Cookie Man,https://www.swiggy.com/dapi/menu/pl?restaurantId=58534,coimbatore,RS Puram,"Desserts, Ice Cream, Bakery",4.5,671,1,0,₹140 for two
450462,Gourmet Ice Cream Cakes by Baskin Robbins,https://www.swiggy.com/dapi/menu/pl?restaurantId=450462,coimbatore,BROOKEFIELDS MALL,"Desserts, Ice Cream",4.4,24,1,0,₹250 for two
722824,FNP Cakes By Ferns N Petals,https://www.swiggy.com/dapi/menu/pl?restaurantId=722824,coimbatore,Ward-71,"Desserts, Bakery, Sweets, Ice Cream, Beverages, North Indian, Chinese",4.1,264,1,0,₹499 for two
799919,Minus 30,https://www.swiggy.com/dapi/menu/pl?restaurantId=799919,coimbatore,Race Course,Ice Cream,4.9,131,1,0,₹350 for two
51020,CakeBee,https://www.swiggy.com/dapi/menu/pl?restaurantId=51020,coimbatore,Ramanathapuram,"Desserts, Bakery, Ice Cream Cakes, Beverages",4.4,4.3K+,1,0,₹250 for two
51052,A2B - Adyar Ananda Bhavan,https://www.swiggy.com/dapi/menu/pl?restaurantId=51052,coimbatore,Race Course,"South Indian, North Indian, Sweets, Chinese",4.6,26K+,1,0,₹300 for two
51905,Cock Ra Co,https://www.swiggy.com/dapi/menu/pl?restaurantId=51905,coimbatore,RS Puram,"Biryani, North Indian, South Indian, Chettinad, Chinese, Ice Cream, Desserts",4.5,28K+,1,0,₹400 for two
56504,McDonald's,https://www.swiggy.com/dapi/menu/pl?restaurantId=56504,coimbatore,RS Puram,"Burgers, Beverages, Cafe, Desserts",4.4,14K+,1,0,₹400 for two
50314,Pizza Hut,https://www.swiggy.com/dapi/menu/pl?restaurantId=50314,coimbatore,RS Puram,Pizzas,4.4,16K+,1,0,₹400 for two
698311,Abitha Biriyani Hotel,https://www.swiggy.com/dapi/menu/pl?restaurantId=698311,coimbatore, Kottaimedu,"Biryani, South Indian, Indian, Grill, Chinese",4.4,10K+,1,0,₹250 for two
542486,KFC,https://www.swiggy.com/dapi/menu/pl?restaurantId=542486,coimbatore,Town Hall,"Burgers, Fast Food, Rolls & Wraps",4.4,3.3K+,1,0,₹400 for two
1300978,Tower Burger,https://www.swiggy.com/dapi/menu/pl?restaurantId=1300978,coimbatore,Podanur,"Chinese, Desserts, Burgers",3.2,4,1,0,₹300 for two
50456,Burger King,https://www.swiggy.com/dapi/menu/pl?restaurantId=50456,coimbatore,Ram Nagar,"Burgers, American",4.4,35K+,1,0,₹350 for two
1164129,The Maple Waffle,https://www.swiggy.com/dapi/menu/pl?restaurantId=1164129,coimbatore,Race Course,"Waffle, Desserts",4.7,195,1,0,₹250 for two
63464,HMR - Hotel Muthu Rowther,https://www.swiggy.com/dapi/menu/pl?restaurantId=63464,coimbatore,Town Hall,"Biryani, South Indian, Chinese, Indian, North Indian",4.4,40K+,1,0,₹300 for two
1122343,Bakingo,https://www.swiggy.com/dapi/menu/pl?restaurantId=1122343,coimbatore,KK Pudur,"Bakery, Desserts, Beverages, Snacks",4.7,805,1,0,₹299 for two
50378,Pizza Hut,https://www.swiggy.com/dapi/menu/pl?restaurantId=50378,coimbatore,Avinashi Road,Pizzas,4.4,16K+,1,0,₹400 for two
686426,KFC,https://www.swiggy.com/dapi/menu/pl?restaurantId=686426,coimbatore,Trichy Road,"Burgers, Fast Food, Rolls & Wraps",4.2,5.9K+,1,0,₹400 for two
50456,Burger King,https://www.swiggy.com/dapi/menu/pl?restaurantId=50456,coimbatore,Ram Nagar,"Burgers, American",4.4,35K+,1,0,₹350 for two
56506,McDonald's,https://www.swiggy.com/dapi/menu/pl?restaurantId=56506,coimbatore,Avinashi Road,"Burgers, Beverages, Cafe, Desserts",4.4,30K+,1,0,₹400 for two
68851,Cock Ra Co,https://www.swiggy.com/dapi/menu/pl?restaurantId=68851,coimbatore,Ramanathapuram,"Biryani, North Indian, South Indian, Chettinad, Chinese, Ice Cream, Desserts",4.5,27K+,1,0,₹250 for two
67645,Night Lion by Madhampatty Pakashala,https://www.swiggy.com/dapi/menu/pl?restaurantId=67645,coimbatore,Hopes,"Biryani, Grill, Tandoor, South Indian, Rolls & Wraps",4.2,77K+,1,0,₹300 for two
587664,Subway,https://www.swiggy.com/dapi/menu/pl?restaurantId=587664,coimbatore,Ramanathapuram,"sandwich, Salads, wrap, Healthy Food",4.3,3.6K+,1,0,₹350 for two
187491,Taco Bell,https://www.swiggy.com/dapi/menu/pl?restaurantId=187491,coimbatore,Brookefields Mall,"Mexican, Fast Food, Snacks",4.4,5.5K+,1,0,₹300 for two
582150,Chinese Wok,https://www.swiggy.com/dapi/menu/pl?restaurantId=582150,coimbatore,Peelamedu,"Chinese, Asian, Tibetan, Desserts",4.3,4.7K+,1,0,₹250 for two
844594,Starbucks Coffee,https://www.swiggy.com/dapi/menu/pl?restaurantId=844594,coimbatore,Avinashi Road,"Beverages, Cafe, Snacks, Desserts, Bakery, Ice Cream",4.4,802,1,0,₹400 for two
53332,Sree Aksshayam,https://www.swiggy.com/dapi/menu/pl?restaurantId=53332,coimbatore,Peelamedu,"South Indian, Biryani, Chaat, Snacks, Beverages",4.6,99K+,1,0,₹200 for two
50261,HMR Hotel,https://www.swiggy.com/dapi/menu/pl?restaurantId=50261,coimbatore,RS Puram,"Biryani, South Indian, Chinese, Indian, North Indian",4.4,86K+,1,0,₹300 for two
575570,Nagerkovil Arya Bhavan,https://www.swiggy.com/dapi/menu/pl?restaurantId=575570,coimbatore,Peelamedu,"South Indian, Indian, Chinese",4.7,56K+,1,0,₹200 for two
51052,A2B - Adyar Ananda Bhavan,https://www.swiggy.com/dapi/menu/pl?restaurantId=51052,coimbatore,Race Course,"South Indian, North Indian, Sweets, Chinese",4.6,26K+,1,0,₹300 for two
104996,"Faasos - Wraps, Rolls & Shawarma",https://www.swiggy.com/dapi/menu/pl?restaurantId=104996,coimbatore,Ranganathapuram,"Kebabs, Fast Food, Snacks, American, Healthy Food, Desserts, Beverages",4.5,12K+,1,0,₹200 for two
120357,Sree Annapoorna,https://www.swiggy.com/dapi/menu/pl?restaurantId=120357,coimbatore,Podanur,"South Indian, Indian, North Indian, Chinese, Beverages, Juices",4.6,29K+,1,0,₹200 for two
90253,HMR - Hotel Muthu Rowther,https://www.swiggy.com/dapi/menu/pl?restaurantId=90253,coimbatore,Kuniyamuthur,"Biryani, South Indian, Chinese, Indian, North Indian",4.4,36K+,1,0,₹350 for two
61498,Geetha Canteen,https://www.swiggy.com/dapi/menu/pl?restaurantId=61498,coimbatore,Gandhipuram,"South Indian, Indian, Chinese",4.6,110K+,1,0,₹100 for two
60959,Denmarrk Drive-Inn Restaurant,https://www.swiggy.com/dapi/menu/pl?restaurantId=60959,coimbatore,Nehru Stadium,"Biryani, South Indian, Chinese, Rolls & Wraps, Tandoor",4.6,23K+,1,0,₹200 for two
707835,Amote Patisserie,https://www.swiggy.com/dapi/menu/pl?restaurantId=707835,coimbatore,Nava India,"Desserts, Bakery, Ice Cream Cakes, Beverages",4.7,1.3K+,1,0,₹250 for two
50378,Pizza Hut,https://www.swiggy.com/dapi/menu/pl?restaurantId=50378,coimbatore,Avinashi Road,Pizzas,4.4,16K+,1,0,₹400 for two
686426,KFC,https://www.swiggy.com/dapi/menu/pl?restaurantId=686426,coimbatore,Trichy Road,"Burgers, Fast Food, Rolls & Wraps",4.2,5.9K+,1,0,₹400 for two
1111660,Bakingo,https://www.swiggy.com/dapi/menu/pl?restaurantId=1111660,coimbatore,Masakalipalayam Main Road,"Bakery, Desserts, Beverages, Snacks",4.8,880,1,0,₹299 for two
324280,MSR Biriyani Hotel,https://www.swiggy.com/dapi/menu/pl?restaurantId=324280,coimbatore,Ramanathapuram,"Biryani, South Indian, Indian",4.2,6.3K+,1,0,₹350 for two
51203,The Donuts,https://www.swiggy.com/dapi/menu/pl?restaurantId=51203,coimbatore,Ramanathapuram,"Desserts, Bakery",4.7,5.5K+,1,0,₹200 for two
762489,Mouzy Banana Avilmilk,https://www.swiggy.com/dapi/menu/pl?restaurantId=762489,coimbatore,Podanur,"Beverages, Kerala",4.6,414,1,0,₹100 for two
1301289,Yaa Mohaideen Briyani,https://www.swiggy.com/dapi/menu/pl?restaurantId=1301289,coimbatore,Hopes,"Chinese, Biryani, North Indian",4.3,140,1,0,₹499 for two
384323,The Bay Grill,https://www.swiggy.com/dapi/menu/pl?restaurantId=384323,coimbatore,Kangayam Cross Road,"Grill, Biryani, Chinese",4.4,6.3K+,1,0,₹300 for two
50378,Pizza Hut,https://www.swiggy.com/dapi/menu/pl?restaurantId=50378,coimbatore,Avinashi Road,Pizzas,4.4,16K+,1,0,₹400 for two
686426,KFC,https://www.swiggy.com/dapi/menu/pl?restaurantId=686426,coimbatore,Trichy Road,"Burgers, Fast Food, Rolls & Wraps",4.2,5.9K+,1,0,₹400 for two
50456,Burger King,https://www.swiggy.com/dapi/menu/pl?restaurantId=50456,coimbatore,Ram Nagar,"Burgers, American",4.4,35K+,1,0,₹350 for two
56506,McDonald's,https://www.swiggy.com/dapi/menu/pl?restaurantId=56506,coimbatore,Avinashi Road,"Burgers, Beverages, Cafe, Desserts",4.4,30K+,1,0,₹400 for two
68851,Cock Ra Co,https://www.swiggy.com/dapi/menu/pl?restaurantId=68851,coimbatore,Ramanathapuram,"Biryani, North Indian, South Indian, Chettinad, Chinese, Ice Cream, Desserts",4.5,27K+,1,0,₹250 for two
67645,Night Lion by Madhampatty Pakashala,https://www.swiggy.com/dapi/menu/pl?restaurantId=67645,coimbatore,Hopes,"Biryani, Grill, Tandoor, South Indian, Rolls & Wraps",4.2,77K+,1,0,₹300 for two
587664,Subway,https://www.swiggy.com/dapi/menu/pl?restaurantId=587664,coimbatore,Ramanathapuram,"sandwich, Salads, wrap, Healthy Food",4.3,3.6K+,1,0,₹350 for two
187491,Taco Bell,https://www.swiggy.com/dapi/menu/pl?restaurantId=187491,coimbatore,Brookefields Mall,"Mexican, Fast Food, Snacks",4.4,5.5K+,1,0,₹300 for two
582150,Chinese Wok,https://www.swiggy.com/dapi/menu/pl?restaurantId=582150,coimbatore,Peelamedu,"Chinese, Asian, Tibetan, Desserts",4.3,4.7K+,1,0,₹250 for two
844594,Starbucks Coffee,https://www.swiggy.com/dapi/menu/pl?restaurantId=844594,coimbatore,Avinashi Road,"Beverages, Cafe, Snacks, Desserts, Bakery, Ice Cream",4.4,802,1,0,₹400 for two
53332,Sree Aksshayam,https://www.swiggy.com/dapi/menu/pl?restaurantId=53332,coimbatore,Peelamedu,"South Indian, Biryani, Chaat, Snacks, Beverages",4.6,99K+,1,0,₹200 for two
50261,HMR Hotel,https://www.swiggy.com/dapi/menu/pl?restaurantId=50261,coimbatore,RS Puram,"Biryani, South Indian, Chinese, Indian, North Indian",4.4,86K+,1,0,₹300 for two
575570,Nagerkovil Arya Bhavan,https://www.swiggy.com/dapi/menu/pl?restaurantId=575570,coimbatore,Peelamedu,"South Indian, Indian, Chinese",4.7,56K+,1,0,₹200 for two
51052,A2B - Adyar Ananda Bhavan,https://www.swiggy.com/dapi/menu/pl?restaurantId=51052,coimbatore,Race Course,"South Indian, North Indian, Sweets, Chinese",4.6,26K+,1,0,₹300 for two
104996,"Faasos - Wraps, Rolls & Shawarma",https://www.swiggy.com/dapi/menu/pl?restaurantId=104996,coimbatore,Ranganathapuram,"Kebabs, Fast Food, Snacks, American, Healthy Food, Desserts, Beverages",4.5,12K+,1,0,₹200 for two
120357,Sree Annapoorna,https://www.swiggy.com/dapi/menu/pl?restaurantId=120357,coimbatore,Podanur,"South Indian, Indian, North Indian, Chinese, Beverages, Juices",4.6,29K+,1,0,₹200 for two
90253,HMR - Hotel Muthu Rowther,https://www.swiggy.com/dapi/menu/pl?restaurantId=90253,coimbatore,Kuniyamuthur,"Biryani, South Indian, Chinese, Indian, North Indian",4.4,36K+,1,0,₹350 for two
61498,Geetha Canteen,https://www.swiggy.com/dapi/menu/pl?restaurantId=61498,coimbatore,Gandhipuram,"South Indian, Indian, Chinese",4.6,110K+,1,0,₹100 for two
60959,Denmarrk Drive-Inn Restaurant,https://www.swiggy.com/dapi/menu/pl?restaurantId=60959,coimbatore,Nehru Stadium,"Biryani, South Indian, Chinese, Rolls & Wraps, Tandoor",4.6,23K+,1,0,₹200 for two
707835,Amote Patisserie,https://www.swiggy.com/dapi/menu/pl?restaurantId=707835,coimbatore,Nava India,"Desserts, Bakery, Ice Cream Cakes, Beverages",4.7,1.3K+,1,0,₹250 for two
50378,Pizza Hut,https://www.swiggy.com/dapi/menu/pl?restaurantId=50378,coimbatore,Avinashi Road,Pizzas,4.4,16K+,1,0,₹400 for two
686426,KFC,https://www.swiggy.com/dapi/menu/pl?restaurantId=686426,coimbatore,Trichy Road,"Burgers, Fast Food, Rolls & Wraps",4.2,5.9K+,1,0,₹400 for two
1111660,Bakingo,https://www.swiggy.com/dapi/menu/pl?restaurantId=1111660,coimbatore,Masakalipalayam Main Road,"Bakery, Desserts, Beverages, Snacks",4.8,880,1,0,₹299 for two
324280,MSR Biriyani Hotel,https://www.swiggy.com/dapi/menu/pl?restaurantId=324280,coimbatore,Ramanathapuram,"Biryani, South Indian, Indian",4.2,6.3K+,1,0,₹350 for two
51203,The Donuts,https://www.swiggy.com/dapi/menu/pl?restaurantId=51203,coimbatore,Ramanathapuram,"Desserts, Bakery",4.7,5.5K+,1,0,₹200 for two
762489,Mouzy Banana Avilmilk,https://www.swiggy.com/dapi/menu/pl?restaurantId=762489,coimbatore,Podanur,"Beverages, Kerala",4.6,414,1,0,₹100 for two
1301289,Yaa Mohaideen Briyani,https://www.swiggy.com/dapi/menu/pl?restaurantId=1301289,coimbatore,Hopes,"Chinese, Biryani, North Indian",4.3,140,1,0,₹499 for two
384323,The Bay Grill,https://www.swiggy.com/dapi/menu/pl?restaurantId=384323,coimbatore,Kangayam Cross Road,"Grill, Biryani, Chinese",4.4,6.3K+,1,0,₹300 for two
