has_online_delivery,Desserts,Beverages,Snacks,Fast Food,Bakery,Burgers,Ice Cream,Pizzas,Chinese,North Indian,cuisine_count,votes_log,city_tier_1,city_tier_2,price_bucket_High,price_bucket_Low,price_bucket_Luxury,price_bucket_Medium,restaurant_density_High,restaurant_density_Low,restaurant_density_Medium,rating
1.0,0.0,0.0,0.0,0.0,0.0,0.0,0.0,1.0,0.0,0.0,-1.433108750509106,0.9935415127738976,1.0,0.0,0.0,0.0,0.0,1.0,0.0,1.0,0.0,4.3
1.0,0.0,0.0,0.0,0.0,0.0,1.0,0.0,0.0,0.0,0.0,-0.9324332356952423,1.7390707651387687,1.0,0.0,0.0,0.0,0.0,1.0,0.0,1.0,0.0,4.3
1.0,1.0,0.0,0.0,0.0,0.0,0.0,0.0,1.0,0.0,0.0,0.068917793932485,1.0443416798627745,1.0,0.0,0.0,0.0,0.0,1.0,0.0,1.0,0.0,4.3
1.0,0.0,0.0,0.0,1.0,0.0,1.0,0.0,0.0,0.0,0.0,-0.43175772088137865,0.22171937539869147,1.0,0.0,0.0,0.0,0.0,1.0,0.0,1.0,0.0,4.2
1.0,1.0,1.0,0.0,0.0,0.0,1.0,0.0,0.0,0.0,0.0,0.068917793932485,1.4819302480374092,1.0,0.0,0.0,0.0,0.0,1.0,0.0,1.0,0.0,4.4
1.0,1.0,0.0,0.0,1.0,0.0,0.0,0.0,0.0,0.0,0.0,2.572295368001803,1.3068339227839185,1.0,0.0,0.0,0.0,0.0,1.0,0.0,1.0,0.0,4.6
1.0,1.0,1.0,0.0,0.0,1.0,0.0,0.0,0.0,0.0,0.0,-0.43175772088137865,1.362992099752878,1.0,0.0,0.0,0.0,0.0,1.0,0.0,1.0,0.0,4.6
1.0,1.0,1.0,1.0,0.0,1.0,0.0,1.0,0.0,0.0,0.0,1.0702688235602122,0.579664506206143,1.0,0.0,0.0,0.0,0.0,1.0,0.0,1.0,0.0,4.2
1.0,0.0,0.0,0.0,0.0,0.0,0.0,0.0,0.0,0.0,0.0,-1.433108750509106,0.8746073618527217,1.0,0.0,0.0,0.0,0.0,1.0,0.0,1.0,0.0,4.5
1.0,1.0,1.0,1.0,0.0,1.0,0.0,0.0,0.0,0.0,0.0,0.068917793932485,0.6241042498897668,1.0,0.0,0.0,0.0,0.0,1.0,0.0,1.0,0.0,4.6
1.0,1.0,1.0,1.0,0.0,1.0,0.0,0.0,0.0,0.0,0.0,3.0729708828156665,-0.13641391974693565,1.0,0.0,0.0,0.0,0.0,1.0,0.0,1.0,0.0,4.6
1.0,1.0,1.0,1.0,1.0,1.0,0.0,0.0,0.0,0.0,1.0,3.0729708828156665,1.4711619427037288,1.0,0.0,0.0,1.0,0.0,0.0,0.0,1.0,0.0,4.4
1.0,0.0,1.0,0.0,0.0,1.0,0.0,0.0,0.0,0.0,0.0,-0.43175772088137865,0.3862526019482236,1.0,0.0,0.0,0.0,0.0,1.0,0.0,1.0,0.0,4.4
1.0,1.0,0.0,0.0,0.0,1.0,0.0,1.0,0.0,0.0,0.0,0.068917793932485,-1.1523064582028735,1.0,0.0,0.0,1.0,0.0,0.0,0.0,1.0,0.0,4.3
1.0,1.0,0.0,0.0,0.0,1.0,0.0,0.0,0.0,0.0,0.0,-0.9324332356952423,-0.15908955306369255,1.0,0.0,1.0,0.0,0.0,0.0,0.0,1.0,0.0,4.5
1.0,1.0,0.0,0.0,0.0,1.0,0.0,1.0,0.0,0.0,0.0,-0.43175772088137865,0.8746073618527217,1.0,0.0,0.0,0.0,0.0,1.0,0.0,1.0,0.0,4.7
1.0,0.0,1.0,1.0,1.0,1.0,0.0,0.0,0.0,1.0,1.0,2.572295368001803,0.8746073618527217,1.0,0.0,0.0,0.0,0.0,1.0,0.0,1.0,0.0,4.6
1.0,1.0,1.0,0.0,0.0,0.0,0.0,1.0,0.0,0.0,0.0,0.068917793932485,0.04917652355104378,1.0,0.0,0.0,1.0,0.0,0.0,0.0,1.0,0.0,4.4
1.0,1.0,0.0,0.0,0.0,1.0,0.0,0.0,0.0,0.0,0.0,-0.9324332356952423,-1.8579546932620459,1.0,0.0,0.0,1.0,0.0,0.0,0.0,1.0,0.0,4.3
1.0,0.0,0.0,0.0,0.0,0.0,0.0,0.0,0.0,0.0,1.0,0.068917793932485,0.3337903190893976,1.0,0.0,0.0,1.0,0.0,0.0,0.0,1.0,0.0,4.3
1.0,0.0,1.0,0.0,0.0,0.0,0.0,0.0,0.0,0.0,1.0,-0.43175772088137865,-2.1895227902840437,1.0,0.0,0.0,1.0,0.0,0.0,0.0,1.0,0.0,4.2
1.0,0.0,0.0,0.0,1.0,0.0,0.0,0.0,0.0,0.0,0.0,-0.9324332356952423,-0.352425464870366,1.0,0.0,0.0,0.0,0.0,1.0,0.0,1.0,0.0,4.5
1.0,0.0,0.0,0.0,0.0,0.0,0.0,0.0,0.0,0.0,0.0,-0.9324332356952423,1.7709975148211223,1.0,0.0,0.0,1.0,0.0,0.0,0.0,1.0,0.0,4.6
1.0,0.0,0.0,0.0,0.0,0.0,0.0,0.0,0.0,0.0,0.0,0.068917793932485,-0.07365743127361937,1.0,0.0,0.0,0.0,0.0,1.0,0.0,1.0,0.0,4.4
1.0,0.0,0.0,0.0,0.0,0.0,0.0,0.0,1.0,0.0,0.0,-1.433108750509106,0.44902450522090864,1.0,0.0,0.0,0.0,0.0,1.0,1.0,0.0,0.0,4.2
1.0,0.0,0.0,0.0,1.0,0.0,1.0,0.0,0.0,0.0,0.0,-0.43175772088137865,0.40265210356103304,1.0,0.0,0.0,0.0,0.0,1.0,1.0,0.0,0.0,4.2
1.0,1.0,0.0,0.0,0.0,0.0,0.0,0.0,1.0,0.0,0.0,0.068917793932485,0.9069197658148181,1.0,0.0,0.0,0.0,0.0,1.0,1.0,0.0,0.0,4.2
1.0,0.0,0.0,1.0,1.0,0.0,0.0,0.0,0.0,0.0,0.0,-0.43175772088137865,0.28574631127348243,1.0,0.0,0.0,0.0,0.0,1.0,1.0,0.0,0.0,4.4
1.0,1.0,1.0,1.0,0.0,0.0,0.0,0.0,0.0,0.0,0.0,2.0716198531879395,-0.602748841964004,1.0,0.0,0.0,0.0,0.0,1.0,1.0,0.0,0.0,4.3
1.0,1.0,0.0,0.0,0.0,1.0,0.0,0.0,0.0,0.0,0.0,-0.9324332356952423,-0.2896813027803648,1.0,0.0,1.0,0.0,0.0,0.0,1.0,0.0,0.0,4.4
1.0,0.0,0.0,1.0,1.0,0.0,1.0,0.0,0.0,0.0,0.0,0.068917793932485,-0.18277286902510956,1.0,0.0,0.0,0.0,0.0,1.0,0.0,1.0,0.0,4.1
1.0,1.0,1.0,1.0,0.0,1.0,0.0,0.0,0.0,0.0,0.0,0.068917793932485,0.3945154205457697,1.0,0.0,0.0,0.0,0.0,1.0,1.0,0.0,0.0,4.6
1.0,1.0,0.0,0.0,0.0,0.0,0.0,0.0,1.0,0.0,0.0,-0.43175772088137865,-0.5519946626504124,1.0,0.0,0.0,0.0,0.0,1.0,1.0,0.0,0.0,4.7
1.0,0.0,1.0,0.0,0.0,0.0,0.0,0.0,0.0,0.0,0.0,0.068917793932485,-0.7129751763994276,1.0,0.0,0.0,0.0,0.0,1.0,0.0,1.0,0.0,4.5
1.0,1.0,1.0,0.0,0.0,0.0,0.0,1.0,0.0,0.0,0.0,1.570944338374076,1.5423359871135018,1.0,0.0,0.0,0.0,0.0,1.0,1.0,0.0,0.0,4.2
1.0,1.0,0.0,0.0,0.0,0.0,0.0,1.0,0.0,0.0,0.0,-0.9324332356952423,-0.352425464870366,1.0,0.0,0.0,1.0,0.0,0.0,1.0,0.0,0.0,4.8
1.0,0.0,0.0,0.0,0.0,0.0,0.0,0.0,0.0,0.0,0.0,0.068917793932485,-0.5519946626504124,1.0,0.0,0.0,0.0,0.0,1.0,0.0,1.0,0.0,4.5
1.0,0.0,0.0,1.0,1.0,0.0,0.0,0.0,0.0,0.0,0.0,0.068917793932485,0.8746073618527217,1.0,0.0,0.0,1.0,0.0,0.0,1.0,0.0,0.0,4.3
1.0,0.0,0.0,0.0,1.0,0.0,1.0,0.0,0.0,0.0,0.0,-0.43175772088137865,-0.09376633249647051,1.0,0.0,0.0,0.0,0.0,1.0,0.0,1.0,0.0,4.2
1.0,1.0,0.0,0.0,0.0,0.0,0.0,1.0,0.0,0.0,0.0,-0.43175772088137865,-1.1318030168038036,1.0,0.0,0.0,0.0,0.0,1.0,1.0,0.0,0.0,4.0
1.0,0.0,0.0,0.0,0.0,0.0,1.0,0.0,1.0,1.0,0.0,3.0729708828156665,0.2652468130577722,1.0,0.0,0.0,0.0,0.0,1.0,1.0,0.0,0.0,4.4
1.0,1.0,1.0,0.0,0.0,0.0,0.0,0.0,0.0,0.0,1.0,1.0702688235602122,-1.110676456762222,1.0,0.0,0.0,1.0,0.0,0.0,1.0,0.0,0.0,4.3
1.0,1.0,0.0,0.0,0.0,1.0,0.0,0.0,0.0,0.0,0.0,-0.9324332356952423,-0.2896813027803648,1.0,0.0,0.0,0.0,0.0,1.0,1.0,0.0,0.0,4.6
1.0,1.0,0.0,1.0,0.0,0.0,0.0,0.0,0.0,0.0,1.0,3.0729708828156665,-0.3868038346788303,1.0,0.0,0.0,0.0,0.0,1.0,1.0,0.0,0.0,4.0
1.0,0.0,1.0,0.0,0.0,0.0,0.0,0.0,0.0,0.0,1.0,-0.43175772088137865,-2.3325138674107486,1.0,0.0,0.0,1.0,0.0,0.0,1.0,0.0,0.0,3.2
1.0,0.0,0.0,0.0,1.0,0.0,1.0,0.0,0.0,0.0,0.0,-0.43175772088137865,0.24392728447557765,1.0,0.0,0.0,0.0,0.0,1.0,0.0,1.0,0.0,3.9
1.0,0.0,0.0,0.0,1.0,0.0,0.0,0.0,0.0,0.0,0.0,-0.43175772088137865,-0.8791291804401806,1.0,0.0,0.0,0.0,0.0,1.0,1.0,0.0,0.0,4.4
1.0,1.0,1.0,1.0,1.0,1.0,0.0,0.0,0.0,0.0,1.0,3.0729708828156665,0.6241042498897668,1.0,0.0,0.0,1.0,0.0,0.0,1.0,0.0,0.0,4.3
1.0,0.0,0.0,0.0,0.0,0.0,0.0,0.0,0.0,0.0,1.0,-0.9324332356952423,-0.6038148898268237,1.0,0.0,0.0,0.0,0.0,1.0,1.0,0.0,0.0,4.5
1.0,1.0,1.0,1.0,1.0,0.0,0.0,0.0,0.0,0.0,0.0,3.0729708828156665,-0.09376633249647051,1.0,0.0,0.0,0.0,0.0,1.0,1.0,0.0,0.0,4.6
1.0,0.0,0.0,0.0,0.0,0.0,1.0,0.0,0.0,0.0,0.0,-0.43175772088137865,-0.6861587459445668,1.0,0.0,0.0,0.0,0.0,1.0,1.0,0.0,0.0,4.4
1.0,0.0,0.0,0.0,0.0,0.0,0.0,0.0,1.0,0.0,0.0,-1.433108750509106,1.0443416798627745,1.0,0.0,0.0,0.0,0.0,1.0,1.0,0.0,0.0,4.3
1.0,0.0,0.0,0.0,1.0,0.0,1.0,0.0,0.0,0.0,0.0,-0.43175772088137865,0.418562067065081,1.0,0.0,0.0,0.0,0.0,1.0,0.0,1.0,0.0,4.2
1.0,0.0,0.0,0.0,0.0,0.0,1.0,0.0,0.0,0.0,0.0,-0.9324332356952423,0.49847281421793177,1.0,0.0,0.0,0.0,0.0,1.0,0.0,1.0,0.0,4.3
1.0,1.0,1.0,0.0,0.0,0.0,1.0,0.0,0.0,0.0,0.0,0.068917793932485,1.6299119741229142,1.0,0.0,0.0,0.0,0.0,1.0,1.0,0.0,0.0,4.4
1.0,1.0,0.0,0.0,0.0,0.0,0.0,0.0,1.0,0.0,0.0,0.068917793932485,1.0195465601826168,1.0,0.0,0.0,0.0,0.0,1.0,1.0,0.0,0.0,4.4
1.0,1.0,1.0,1.0,0.0,1.0,0.0,0.0,0.0,0.0,0.0,0.068917793932485,0.7639383355221068,1.0,0.0,0.0,0.0,0.0,1.0,1.0,0.0,0.0,4.5
1.0,1.0,0.0,0.0,1.0,0.0,0.0,0.0,0.0,0.0,0.0,2.572295368001803,0.2957078001079926,1.0,0.0,0.0,0.0,0.0,1.0,1.0,0.0,0.0,4.6
1.0,1.0,1.0,0.0,0.0,0.0,0.0,0.0,0.0,0.0,0.0,0.068917793932485,0.5183368848219788,1.0,0.0,1.0,0.0,0.0,0.0,1.0,0.0,0.0,4.6
1.0,0.0,0.0,1.0,0.0,0.0,0.0,0.0,0.0,0.0,0.0,-0.43175772088137865,0.210258522052833,1.0,0.0,0.0,0.0,0.0,1.0,0.0,1.0,0.0,4.6
1.0,1.0,1.0,1.0,0.0,1.0,0.0,0.0,0.0,0.0,0.0,3.0729708828156665,0.3337903190893976,1.0,0.0,0.0,0.0,0.0,1.0,0.0,1.0,0.0,4.5
1.0,1.0,1.0,0.0,0.0,0.0,0.0,0.0,1.0,0.0,0.0,1.0702688235602122,0.03326893431222004,1.0,0.0,1.0,0.0,0.0,0.0,1.0,0.0,0.0,4.5
1.0,1.0,1.0,1.0,0.0,0.0,0.0,0.0,0.0,0.0,0.0,2.0716198531879395,-4.548351275721192e-05,1.0,0.0,0.0,0.0,0.0,1.0,0.0,1.0,0.0,4.4
1.0,1.0,0.0,0.0,0.0,0.0,0.0,0.0,0.0,1.0,0.0,0.068917793932485,0.4263424380716461,1.0,0.0,0.0,0.0,0.0,1.0,0.0,1.0,0.0,4.2
1.0,0.0,0.0,1.0,1.0,0.0,0.0,0.0,0.0,0.0,0.0,-0.43175772088137865,1.1333817478643098,1.0,0.0,0.0,0.0,0.0,1.0,1.0,0.0,0.0,4.4
1.0,0.0,0.0,0.0,0.0,0.0,0.0,0.0,0.0,0.0,0.0,-1.433108750509106,0.016871955321440563,1.0,0.0,1.0,0.0,0.0,0.0,1.0,0.0,0.0,4.3
1.0,1.0,0.0,0.0,0.0,0.0,0.0,0.0,1.0,0.0,0.0,-0.43175772088137865,-1.0568694977762598,1.0,0.0,0.0,0.0,0.0,1.0,0.0,1.0,0.0,4.5
1.0,1.0,0.0,0.0,0.0,0.0,0.0,0.0,0.0,0.0,0.0,-1.433108750509106,0.04917652355104378,1.0,0.0,0.0,0.0,0.0,1.0,1.0,0.0,0.0,4.5
1.0,0.0,0.0,0.0,0.0,0.0,0.0,0.0,0.0,0.0,1.0,0.5695933087463486,-0.7103623096294052,1.0,0.0,0.0,0.0,0.0,1.0,1.0,0.0,0.0,3.6
1.0,1.0,1.0,1.0,1.0,1.0,0.0,0.0,0.0,0.0,1.0,3.0729708828156665,0.9662023710801044,1.0,0.0,0.0,1.0,0.0,0.0,1.0,0.0,0.0,4.4
1.0,1.0,1.0,1.0,0.0,1.0,0.0,1.0,0.0,0.0,0.0,1.0702688235602122,-0.11466370709597222,1.0,0.0,0.0,0.0,0.0,1.0,0.0,0.0,1.0,4.6
1.0,0.0,1.0,0.0,0.0,0.0,0.0,0.0,0.0,0.0,1.0,-0.43175772088137865,-2.319018874362612,1.0,0.0,0.0,1.0,0.0,0.0,1.0,0.0,0.0,3.9
1.0,0.0,0.0,0.0,0.0,0.0,0.0,0.0,0.0,0.0,1.0,-0.9324332356952423,0.9069197658148181,1.0,0.0,0.0,1.0,0.0,0.0,1.0,0.0,0.0,4.3
1.0,0.0,0.0,0.0,0.0,0.0,0.0,0.0,0.0,0.0,0.0,-0.9324332356952423,0.6241042498897668,1.0,0.0,0.0,0.0,0.0,1.0,0.0,0.0,1.0,4.3
1.0,0.0,0.0,0.0,0.0,0.0,0.0,0.0,0.0,0.0,1.0,-1.433108750509106,-0.26087776660853007,1.0,0.0,0.0,0.0,0.0,1.0,1.0,0.0,0.0,4.4
1.0,1.0,1.0,0.0,0.0,1.0,0.0,0.0,0.0,0.0,0.0,-0.43175772088137865,0.4563756595758918,1.0,0.0,0.0,0.0,0.0,1.0,1.0,0.0,0.0,4.6
1.0,0.0,0.0,0.0,0.0,0.0,0.0,0.0,1.0,0.0,0.0,-1.433108750509106,0.8034367165364773,1.0,0.0,0.0,0.0,0.0,1.0,0.0,0.0,1.0,4.4
1.0,1.0,1.0,0.0,0.0,0.0,1.0,0.0,0.0,0.0,0.0,0.068917793932485,1.5879205568534829,1.0,0.0,0.0,0.0,0.0,1.0,0.0,1.0,0.0,4.3
1.0,0.0,0.0,0.0,1.0,0.0,1.0,0.0,0.0,0.0,0.0,-0.43175772088137865,0.5437207432468615,1.0,0.0,0.0,0.0,0.0,1.0,1.0,0.0,0.0,4.0
1.0,0.0,0.0,0.0,0.0,0.0,0.0,0.0,0.0,0.0,0.0,0.068917793932485,-0.23355124203917046,1.0,0.0,0.0,0.0,0.0,1.0,0.0,0.0,1.0,4.3
1.0,0.0,0.0,0.0,0.0,1.0,0.0,1.0,0.0,0.0,0.0,-0.9324332356952423,-0.6129634271901038,1.0,0.0,0.0,0.0,0.0,1.0,1.0,0.0,0.0,4.7
1.0,0.0,1.0,0.0,0.0,0.0,0.0,0.0,0.0,0.0,0.0,0.5695933087463486,1.1124769961195458,1.0,0.0,0.0,0.0,0.0,1.0,0.0,0.0,1.0,4.4
1.0,0.0,1.0,0.0,0.0,0.0,0.0,0.0,0.0,0.0,0.0,0.068917793932485,-0.2896813027803648,1.0,0.0,0.0,0.0,0.0,1.0,1.0,0.0,0.0,4.5
1.0,1.0,0.0,0.0,0.0,0.0,0.0,0.0,1.0,0.0,0.0,-0.43175772088137865,-0.7850868599874862,1.0,0.0,0.0,0.0,0.0,1.0,0.0,1.0,0.0,4.6
1.0,0.0,0.0,0.0,0.0,0.0,0.0,0.0,0.0,0.0,0.0,-0.43175772088137865,0.5051767606413141,1.0,0.0,0.0,0.0,0.0,1.0,1.0,0.0,0.0,4.5
1.0,1.0,1.0,1.0,0.0,1.0,0.0,0.0,0.0,0.0,0.0,1.0702688235602122,0.17431879987155185,1.0,0.0,0.0,1.0,0.0,0.0,0.0,0.0,1.0,4.5
1.0,1.0,0.0,1.0,1.0,0.0,0.0,0.0,0.0,0.0,1.0,0.068917793932485,-0.9047778828195286,1.0,0.0,0.0,0.0,0.0,1.0,0.0,1.0,0.0,4.5
1.0,0.0,0.0,0.0,1.0,0.0,1.0,0.0,0.0,0.0,0.0,-0.43175772088137865,0.32452171911680294,1.0,0.0,0.0,0.0,0.0,1.0,0.0,0.0,1.0,4.4
1.0,0.0,0.0,0.0,0.0,0.0,0.0,0.0,0.0,1.0,0.0,-0.43175772088137865,1.7892741965615142,1.0,0.0,0.0,0.0,0.0,1.0,0.0,0.0,1.0,4.5
1.0,1.0,0.0,0.0,0.0,1.0,0.0,1.0,0.0,0.0,0.0,-0.43175772088137865,-2.3751785319140377,1.0,0.0,0.0,1.0,0.0,0.0,0.0,1.0,0.0,4.6
1.0,1.0,0.0,0.0,0.0,0.0,0.0,1.0,0.0,0.0,0.0,-0.9324332356952423,-0.9132913091996026,1.0,0.0,0.0,1.0,0.0,0.0,0.0,0.0,1.0,4.4
1.0,0.0,0.0,1.0,1.0,0.0,0.0,0.0,0.0,0.0,1.0,0.068917793932485,-1.8413826718361421,1.0,0.0,0.0,0.0,0.0,1.0,0.0,0.0,1.0,4.5
1.0,1.0,1.0,0.0,0.0,0.0,0.0,0.0,0.0,0.0,0.0,0.068917793932485,-1.5262684877189057,1.0,0.0,0.0,0.0,0.0,1.0,0.0,1.0,0.0,4.5
1.0,1.0,0.0,1.0,0.0,0.0,0.0,0.0,0.0,0.0,0.0,-0.43175772088137865,-1.4079303016344866,1.0,0.0,0.0,0.0,0.0,1.0,0.0,1.0,0.0,4.6
1.0,0.0,1.0,0.0,0.0,0.0,0.0,0.0,0.0,1.0,0.0,0.5695933087463486,0.6187477205005569,1.0,0.0,0.0,0.0,0.0,1.0,0.0,0.0,1.0,4.2
1.0,0.0,1.0,0.0,0.0,0.0,0.0,0.0,0.0,0.0,1.0,-0.43175772088137865,-2.8418241645763573,1.0,0.0,0.0,1.0,0.0,0.0,0.0,1.0,0.0,3.8
1.0,1.0,1.0,1.0,1.0,0.0,0.0,0.0,0.0,0.0,0.0,1.570944338374076,-0.5519946626504124,1.0,0.0,0.0,1.0,0.0,0.0,0.0,1.0,0.0,4.3
1.0,0.0,0.0,0.0,0.0,0.0,0.0,0.0,0.0,0.0,0.0,-1.433108750509106,0.12228788695294104,1.0,0.0,0.0,1.0,0.0,0.0,0.0,1.0,0.0,4.5
1.0,0.0,0.0,0.0,0.0,0.0,0.0,0.0,0.0,1.0,0.0,1.570944338374076,1.0680344718486439,1.0,0.0,0.0,0.0,0.0,1.0,0.0,1.0,0.0,4.2
1.0,1.0,0.0,0.0,0.0,0.0,0.0,1.0,0.0,0.0,0.0,-0.43175772088137865,-1.4884907811889119,1.0,0.0,0.0,0.0,0.0,1.0,0.0,1.0,0.0,3.7
1.0,0.0,0.0,0.0,0.0,0.0,0.0,0.0,1.0,0.0,0.0,-1.433108750509106,1.0195465601826168,1.0,0.0,0.0,0.0,0.0,1.0,0.0,0.0,1.0,4.2
1.0,1.0,1.0,0.0,0.0,0.0,1.0,0.0,0.0,0.0,0.0,0.068917793932485,1.7189545269446618,1.0,0.0,0.0,0.0,0.0,1.0,0.0,0.0,1.0,4.4
1.0,1.0,0.0,0.0,0.0,0.0,0.0,0.0,1.0,0.0,0.0,0.068917793932485,0.9373848163092673,1.0,0.0,0.0,0.0,0.0,1.0,0.0,0.0,1.0,4.5
1.0,0.0,0.0,0.0,1.0,0.0,1.0,0.0,0.0,0.0,0.0,-0.43175772088137865,1.3889977816672303,1.0,0.0,0.0,0.0,0.0,1.0,0.0,0.0,1.0,4.2
1.0,1.0,1.0,1.0,0.0,1.0,0.0,1.0,0.0,0.0,0.0,1.0702688235602122,0.09423491229154198,1.0,0.0,0.0,0.0,0.0,1.0,0.0,0.0,1.0,4.4
1.0,1.0,0.0,0.0,1.0,0.0,0.0,0.0,0.0,0.0,0.0,2.572295368001803,0.17431879987155185,1.0,0.0,1.0,0.0,0.0,0.0,0.0,1.0,0.0,4.6
1.0,0.0,1.0,0.0,0.0,0.0,0.0,0.0,0.0,0.0,0.0,-0.43175772088137865,-0.09376633249647051,1.0,0.0,1.0,0.0,0.0,0.0,0.0,1.0,0.0,4.3
1.0,1.0,0.0,0.0,0.0,0.0,0.0,0.0,1.0,0.0,0.0,1.0702688235602122,-0.017517508399021615,1.0,0.0,0.0,0.0,1.0,0.0,0.0,1.0,0.0,4.4
1.0,1.0,1.0,1.0,1.0,0.0,0.0,0.0,0.0,0.0,0.0,3.0729708828156665,1.3889977816672303,1.0,0.0,0.0,0.0,0.0,1.0,0.0,0.0,1.0,4.6
1.0,0.0,0.0,1.0,1.0,0.0,0.0,0.0,0.0,0.0,0.0,-0.43175772088137865,0.36933247778155087,1.0,0.0,0.0,0.0,0.0,1.0,0.0,0.0,1.0,4.3
1.0,1.0,1.0,0.0,0.0,1.0,0.0,0.0,0.0,0.0,0.0,-0.43175772088137865,0.5854263583742599,1.0,0.0,0.0,0.0,0.0,1.0,0.0,0.0,1.0,4.5
1.0,1.0,1.0,1.0,0.0,1.0,0.0,0.0,0.0,0.0,0.0,3.0729708828156665,0.17431879987155185,1.0,0.0,0.0,0.0,0.0,1.0,0.0,0.0,1.0,4.5
1.0,1.0,1.0,1.0,1.0,1.0,0.0,0.0,0.0,0.0,1.0,3.0729708828156665,0.4340108735098001,1.0,0.0,0.0,1.0,0.0,0.0,0.0,0.0,1.0,4.4
1.0,0.0,1.0,0.0,0.0,0.0,0.0,0.0,0.0,0.0,0.0,-0.43175772088137865,-0.26087776660853007,1.0,0.0,0.0,0.0,0.0,1.0,0.0,0.0,1.0,4.5
1.0,1.0,0.0,0.0,0.0,1.0,0.0,0.0,0.0,0.0,0.0,-0.9324332356952423,0.14893796375712332,1.0,0.0,0.0,0.0,0.0,1.0,0.0,0.0,1.0,4.6
1.0,0.0,0.0,0.0,0.0,0.0,0.0,0.0,0.0,0.0,0.0,0.068917793932485,1.5129883567603202,1.0,0.0,0.0,0.0,0.0,1.0,0.0,0.0,1.0,4.3
1.0,1.0,0.0,0.0,0.0,0.0,0.0,1.0,0.0,0.0,0.0,-0.9324332356952423,-0.3868038346788303,1.0,0.0,0.0,0.0,0.0,1.0,0.0,1.0,0.0,4.7
1.0,0.0,1.0,0.0,0.0,0.0,0.0,0.0,0.0,0.0,1.0,-0.43175772088137865,1.0680344718486439,1.0,0.0,0.0,0.0,0.0,1.0,0.0,0.0,1.0,4.3
1.0,0.0,0.0,0.0,1.0,0.0,1.0,0.0,0.0,0.0,0.0,-0.43175772088137865,-0.7732249239304875,1.0,0.0,0.0,0.0,0.0,1.0,0.0,1.0,0.0,4.0
1.0,0.0,0.0,0.0,1.0,0.0,1.0,0.0,0.0,0.0,0.0,1.0702688235602122,0.18656994256954426,1.0,0.0,0.0,0.0,0.0,1.0,0.0,1.0,0.0,4.4
1.0,1.0,1.0,1.0,1.0,1.0,0.0,0.0,0.0,0.0,0.0,0.5695933087463486,0.4916834757863821,1.0,0.0,0.0,1.0,0.0,0.0,0.0,0.0,1.0,4.5
1.0,0.0,0.0,0.0,1.0,0.0,0.0,0.0,0.0,0.0,0.0,-0.9324332356952423,-0.3201306859621681,1.0,0.0,0.0,0.0,0.0,1.0,0.0,1.0,0.0,4.1
1.0,0.0,0.0,0.0,0.0,0.0,0.0,0.0,1.0,0.0,0.0,-1.433108750509106,1.2271323446677322,1.0,0.0,0.0,0.0,0.0,1.0,0.0,0.0,1.0,4.2
1.0,0.0,0.0,0.0,1.0,0.0,1.0,0.0,0.0,0.0,0.0,-0.43175772088137865,1.4015398005905115,1.0,0.0,0.0,0.0,0.0,1.0,0.0,0.0,1.0,4.0
1.0,0.0,0.0,0.0,0.0,0.0,1.0,0.0,0.0,0.0,0.0,-0.9324332356952423,1.0443416798627745,1.0,0.0,0.0,0.0,0.0,1.0,0.0,1.0,0.0,4.3
1.0,1.0,0.0,0.0,0.0,0.0,0.0,0.0,1.0,0.0,0.0,0.068917793932485,1.0680344718486439,1.0,0.0,0.0,0.0,0.0,1.0,0.0,1.0,0.0,4.0
1.0,1.0,1.0,1.0,0.0,1.0,0.0,0.0,0.0,0.0,0.0,0.068917793932485,0.37785967537725096,1.0,0.0,0.0,0.0,0.0,1.0,0.0,1.0,0.0,4.6
1.0,1.0,1.0,1.0,1.0,0.0,0.0,0.0,0.0,0.0,0.0,3.0729708828156665,0.8402090178443264,1.0,0.0,0.0,0.0,0.0,1.0,0.0,0.0,1.0,4.6
1.0,0.0,0.0,0.0,0.0,0.0,0.0,0.0,0.0,0.0,1.0,0.5695933087463486,-0.660627072226432,1.0,0.0,0.0,0.0,0.0,1.0,0.0,1.0,0.0,3.6
1.0,1.0,0.0,0.0,0.0,0.0,0.0,0.0,0.0,1.0,0.0,0.068917793932485,0.44902450522090864,1.0,0.0,0.0,0.0,0.0,1.0,0.0,0.0,1.0,4.2
1.0,0.0,0.0,0.0,0.0,0.0,0.0,0.0,0.0,0.0,0.0,0.068917793932485,0.6078704171401514,1.0,0.0,0.0,0.0,0.0,1.0,0.0,1.0,0.0,4.1
1.0,1.0,0.0,0.0,0.0,0.0,0.0,1.0,0.0,0.0,0.0,-0.43175772088137865,-0.4235533094499012,1.0,0.0,0.0,0.0,0.0,1.0,0.0,1.0,0.0,4.5
1.0,1.0,0.0,0.0,0.0,0.0,0.0,1.0,0.0,0.0,0.0,-0.9324332356952423,-0.13641391974693565,1.0,0.0,0.0,1.0,0.0,0.0,0.0,1.0,0.0,4.8
1.0,0.0,0.0,0.0,0.0,0.0,0.0,0.0,0.0,0.0,0.0,-0.9324332356952423,0.6241042498897668,1.0,0.0,0.0,0.0,0.0,1.0,0.0,0.0,1.0,4.4
1.0,1.0,0.0,0.0,0.0,0.0,0.0,1.0,0.0,0.0,0.0,-0.43175772088137865,-0.8135728854110531,1.0,0.0,0.0,1.0,0.0,0.0,0.0,0.0,1.0,4.4
1.0,1.0,0.0,0.0,0.0,0.0,0.0,1.0,0.0,0.0,0.0,-0.43175772088137865,-1.161340975399437,1.0,0.0,0.0,1.0,0.0,0.0,0.0,1.0,0.0,4.2
1.0,1.0,0.0,0.0,0.0,0.0,0.0,0.0,1.0,0.0,0.0,-0.43175772088137865,-0.9674417487542732,1.0,0.0,0.0,0.0,0.0,1.0,0.0,1.0,0.0,4.6
1.0,0.0,0.0,0.0,0.0,0.0,0.0,0.0,0.0,0.0,1.0,0.068917793932485,1.0443416798627745,1.0,0.0,0.0,0.0,0.0,1.0,0.0,0.0,1.0,4.4
1.0,1.0,1.0,0.0,0.0,0.0,0.0,0.0,0.0,0.0,0.0,0.068917793932485,-1.6474726749673247,1.0,0.0,0.0,0.0,0.0,1.0,0.0,1.0,0.0,4.2
1.0,1.0,0.0,1.0,0.0,0.0,0.0,0.0,0.0,0.0,0.0,-0.43175772088137865,-1.7202706793045035,1.0,0.0,0.0,0.0,0.0,1.0,0.0,1.0,0.0,4.6
1.0,1.0,0.0,1.0,1.0,0.0,0.0,0.0,0.0,0.0,1.0,0.068917793932485,-1.3464907618383941,1.0,0.0,0.0,0.0,0.0,1.0,0.0,1.0,0.0,4.4
1.0,0.0,0.0,1.0,1.0,0.0,0.0,0.0,0.0,0.0,1.0,0.068917793932485,-1.3573470180433385,1.0,0.0,0.0,0.0,0.0,1.0,0.0,1.0,0.0,4.6
1.0,0.0,0.0,0.0,0.0,0.0,0.0,0.0,1.0,0.0,0.0,-1.433108750509106,-1.7654692475788143,1.0,0.0,0.0,0.0,0.0,1.0,0.0,1.0,0.0,4.2
1.0,1.0,0.0,0.0,0.0,1.0,0.0,0.0,0.0,0.0,0.0,-0.9324332356952423,-0.23355124203917046,1.0,0.0,0.0,0.0,0.0,1.0,0.0,0.0,1.0,4.5
1.0,1.0,0.0,0.0,0.0,0.0,0.0,0.0,0.0,1.0,1.0,0.068917793932485,1.362992099752878,1.0,0.0,0.0,0.0,0.0,1.0,0.0,1.0,0.0,4.3
1.0,0.0,0.0,0.0,0.0,0.0,0.0,0.0,0.0,0.0,0.0,-0.9324332356952423,-0.3201306859621681,1.0,0.0,0.0,0.0,0.0,1.0,0.0,0.0,1.0,4.4
1.0,1.0,0.0,0.0,0.0,0.0,0.0,0.0,1.0,0.0,0.0,0.068917793932485,0.5679505141994073,1.0,0.0,0.0,0.0,0.0,1.0,0.0,1.0,0.0,4.5
1.0,0.0,0.0,0.0,0.0,0.0,1.0,0.0,0.0,0.0,0.0,-0.9324332356952423,1.872294196694972,1.0,0.0,0.0,0.0,0.0,1.0,1.0,0.0,0.0,4.1
1.0,1.0,0.0,0.0,0.0,1.0,0.0,0.0,0.0,0.0,0.0,-0.9324332356952423,-1.76077297267286,1.0,0.0,0.0,1.0,0.0,0.0,0.0,1.0,0.0,4.4
1.0,0.0,0.0,0.0,0.0,0.0,0.0,0.0,0.0,0.0,0.0,-1.433108750509106,-0.8845223841618237,1.0,0.0,0.0,0.0,0.0,1.0,1.0,0.0,0.0,4.5
1.0,0.0,0.0,0.0,0.0,0.0,0.0,0.0,1.0,0.0,0.0,-1.433108750509106,-0.18277286902510956,1.0,0.0,0.0,0.0,0.0,1.0,0.0,1.0,0.0,4.4
1.0,0.0,0.0,0.0,1.0,0.0,1.0,0.0,0.0,0.0,0.0,-0.43175772088137865,0.16177943652538965,1.0,0.0,0.0,0.0,0.0,1.0,0.0,1.0,0.0,4.0
1.0,1.0,1.0,0.0,0.0,0.0,1.0,0.0,0.0,0.0,0.0,0.068917793932485,0.531179904718934,1.0,0.0,0.0,0.0,0.0,1.0,0.0,0.0,1.0,4.5
1.0,0.0,0.0,0.0,0.0,0.0,1.0,0.0,0.0,0.0,0.0,-0.9324332356952423,0.5498822238735861,1.0,0.0,0.0,0.0,0.0,1.0,0.0,1.0,0.0,4.2
1.0,1.0,0.0,0.0,0.0,0.0,0.0,0.0,1.0,0.0,0.0,0.068917793932485,0.3606666430496909,1.0,0.0,0.0,0.0,0.0,1.0,0.0,1.0,0.0,4.4
1.0,0.0,0.0,0.0,0.0,0.0,0.0,0.0,0.0,0.0,0.0,0.068917793932485,0.9069197658148181,1.0,0.0,0.0,0.0,0.0,1.0,0.0,1.0,0.0,4.6
1.0,0.0,1.0,0.0,0.0,0.0,0.0,0.0,0.0,1.0,0.0,0.5695933087463486,0.22171937539869147,1.0,0.0,0.0,0.0,0.0,1.0,0.0,0.0,1.0,4.2
1.0,0.0,0.0,1.0,1.0,0.0,0.0,0.0,0.0,0.0,0.0,-0.43175772088137865,0.4263424380716461,1.0,0.0,0.0,0.0,0.0,1.0,0.0,0.0,1.0,4.2
1.0,1.0,1.0,0.0,0.0,1.0,0.0,0.0,0.0,0.0,0.0,-0.43175772088137865,-0.11466370709597222,1.0,0.0,0.0,0.0,0.0,1.0,0.0,1.0,0.0,4.4
1.0,0.0,0.0,1.0,1.0,0.0,1.0,0.0,0.0,0.0,0.0,0.068917793932485,0.18656994256954426,1.0,0.0,0.0,1.0,0.0,0.0,0.0,1.0,0.0,4.1
1.0,1.0,0.0,0.0,1.0,0.0,0.0,0.0,0.0,1.0,1.0,0.5695933087463486,1.5129883567603202,1.0,0.0,0.0,1.0,0.0,0.0,0.0,1.0,0.0,4.6
1.0,1.0,0.0,0.0,1.0,0.0,0.0,0.0,0.0,0.0,0.0,2.572295368001803,0.2957078001079926,1.0,0.0,0.0,0.0,0.0,1.0,0.0,1.0,0.0,4.6
1.0,1.0,0.0,0.0,0.0,0.0,0.0,0.0,0.0,1.0,0.0,0.068917793932485,0.32452171911680294,1.0,0.0,0.0,0.0,0.0,1.0,0.0,1.0,0.0,4.4
1.0,1.0,1.0,1.0,0.0,1.0,0.0,1.0,0.0,0.0,0.0,1.0702688235602122,-0.3868038346788303,1.0,0.0,0.0,0.0,0.0,1.0,0.0,1.0,0.0,4.3
1.0,1.0,1.0,1.0,1.0,1.0,0.0,0.0,0.0,0.0,1.0,3.0729708828156665,0.36933247778155087,1.0,0.0,0.0,1.0,0.0,0.0,0.0,1.0,0.0,4.5
1.0,1.0,0.0,0.0,0.0,1.0,0.0,0.0,0.0,0.0,0.0,-0.9324332356952423,-1.603936344278388,1.0,0.0,0.0,1.0,0.0,0.0,0.0,1.0,0.0,3.9
1.0,1.0,1.0,0.0,0.0,1.0,0.0,1.0,1.0,0.0,0.0,2.0716198531879395,-1.245027702940486,1.0,0.0,0.0,1.0,0.0,0.0,0.0,1.0,0.0,4.5
1.0,1.0,0.0,0.0,0.0,1.0,0.0,1.0,0.0,0.0,0.0,0.068917793932485,-0.7182396513294493,1.0,0.0,0.0,1.0,0.0,0.0,0.0,1.0,0.0,4.3
1.0,1.0,1.0,0.0,0.0,0.0,0.0,0.0,0.0,0.0,0.0,0.068917793932485,-2.130236884745994,1.0,0.0,0.0,0.0,0.0,1.0,0.0,1.0,0.0,3.7
1.0,1.0,1.0,0.0,0.0,1.0,0.0,0.0,0.0,0.0,0.0,-0.43175772088137865,0.07963460880487269,1.0,0.0,0.0,0.0,0.0,1.0,0.0,0.0,1.0,4.6
1.0,0.0,1.0,0.0,0.0,0.0,0.0,0.0,0.0,0.0,1.0,-0.43175772088137865,-2.3325138674107486,1.0,0.0,0.0,1.0,0.0,0.0,0.0,1.0,0.0,4.2
1.0,1.0,1.0,1.0,0.0,1.0,0.0,0.0,0.0,0.0,0.0,0.068917793932485,0.09423491229154198,1.0,0.0,0.0,0.0,0.0,1.0,0.0,1.0,0.0,4.6
1.0,0.0,0.0,0.0,0.0,0.0,0.0,0.0,0.0,0.0,1.0,1.570944338374076,0.12228788695294104,1.0,0.0,0.0,0.0,0.0,1.0,0.0,1.0,0.0,4.6
1.0,0.0,0.0,0.0,0.0,0.0,0.0,0.0,1.0,0.0,0.0,-1.433108750509106,1.0443416798627745,1.0,0.0,0.0,0.0,0.0,1.0,0.0,1.0,0.0,4.2
1.0,1.0,1.0,0.0,0.0,0.0,1.0,0.0,0.0,0.0,0.0,0.068917793932485,0.4707806371349857,1.0,0.0,0.0,0.0,0.0,1.0,0.0,1.0,0.0,4.3
1.0,0.0,0.0,0.0,1.0,0.0,1.0,0.0,0.0,0.0,0.0,-0.43175772088137865,1.0907187917020442,1.0,0.0,0.0,0.0,0.0,1.0,0.0,1.0,0.0,4.0
1.0,0.0,0.0,0.0,0.0,0.0,1.0,0.0,0.0,0.0,0.0,-0.9324332356952423,1.7771596365336229,1.0,0.0,0.0,0.0,0.0,1.0,0.0,1.0,0.0,4.3
1.0,0.0,0.0,1.0,1.0,0.0,0.0,0.0,0.0,0.0,0.0,-0.43175772088137865,0.13577946404708138,1.0,0.0,0.0,0.0,0.0,1.0,0.0,1.0,0.0,4.3
1.0,1.0,1.0,1.0,0.0,1.0,0.0,0.0,0.0,0.0,0.0,0.068917793932485,0.6241042498897668,1.0,0.0,0.0,0.0,0.0,1.0,0.0,1.0,0.0,4.6
1.0,1.0,0.0,0.0,0.0,0.0,0.0,0.0,1.0,0.0,0.0,-0.43175772088137865,-0.8529525416507472,1.0,0.0,0.0,0.0,0.0,1.0,0.0,1.0,0.0,4.4
1.0,0.0,0.0,0.0,0.0,0.0,0.0,0.0,0.0,1.0,1.0,0.068917793932485,1.0443416798627745,1.0,0.0,0.0,0.0,0.0,1.0,0.0,1.0,0.0,4.4
1.0,1.0,0.0,0.0,0.0,1.0,0.0,0.0,0.0,0.0,0.0,-0.9324332356952423,-1.8468496300554447,1.0,0.0,0.0,1.0,0.0,0.0,0.0,1.0,0.0,4.8
1.0,1.0,0.0,0.0,0.0,1.0,0.0,1.0,0.0,0.0,0.0,-0.43175772088137865,-1.8468496300554447,1.0,0.0,0.0,1.0,0.0,0.0,0.0,1.0,0.0,4.6
1.0,1.0,0.0,0.0,0.0,0.0,0.0,1.0,0.0,0.0,0.0,-0.43175772088137865,-0.3868038346788303,1.0,0.0,0.0,1.0,0.0,0.0,0.0,1.0,0.0,4.5
1.0,1.0,0.0,0.0,0.0,0.0,0.0,1.0,0.0,0.0,0.0,-0.9324332356952423,0.6749019944902666,1.0,0.0,0.0,0.0,0.0,1.0,0.0,1.0,0.0,4.6
1.0,1.0,0.0,0.0,0.0,1.0,0.0,0.0,0.0,0.0,0.0,-0.9324332356952423,-0.3868038346788303,1.0,0.0,0.0,0.0,0.0,1.0,0.0,1.0,0.0,4.7
1.0,0.0,0.0,1.0,1.0,0.0,0.0,0.0,0.0,0.0,1.0,0.068917793932485,-1.455846474170743,1.0,0.0,0.0,0.0,0.0,1.0,0.0,1.0,0.0,4.2
1.0,1.0,0.0,1.0,0.0,0.0,0.0,0.0,0.0,0.0,0.0,-0.43175772088137865,-1.3960053355056803,1.0,0.0,0.0,0.0,0.0,1.0,0.0,1.0,0.0,4.4
1.0,1.0,0.0,1.0,1.0,0.0,0.0,0.0,0.0,0.0,1.0,0.068917793932485,-1.4941312968267126,1.0,0.0,0.0,0.0,0.0,1.0,0.0,1.0,0.0,4.0
1.0,1.0,0.0,0.0,0.0,1.0,0.0,1.0,0.0,0.0,0.0,0.068917793932485,-2.52851991005465,1.0,0.0,0.0,0.0,0.0,1.0,0.0,1.0,0.0,4.8
1.0,0.0,0.0,0.0,0.0,0.0,0.0,0.0,0.0,0.0,0.0,-1.433108750509106,1.3068339227839185,1.0,0.0,0.0,1.0,0.0,0.0,0.0,1.0,0.0,4.5
1.0,1.0,0.0,0.0,0.0,1.0,0.0,0.0,0.0,0.0,0.0,-0.9324332356952423,-0.4235533094499012,1.0,0.0,0.0,0.0,0.0,1.0,1.0,0.0,0.0,4.7
1.0,1.0,0.0,0.0,0.0,0.0,0.0,1.0,0.0,0.0,0.0,-0.9324332356952423,-0.814364309095774,1.0,0.0,0.0,1.0,0.0,0.0,0.0,1.0,0.0,4.8
1.0,0.0,0.0,0.0,0.0,0.0,0.0,0.0,1.0,0.0,0.0,-1.433108750509106,-2.0684957756328135,1.0,0.0,0.0,0.0,0.0,1.0,0.0,1.0,0.0,4.0
1.0,0.0,1.0,0.0,0.0,0.0,0.0,0.0,0.0,0.0,1.0,-0.43175772088137865,-3.427410610582013,1.0,0.0,0.0,1.0,0.0,0.0,0.0,1.0,0.0,3.8
1.0,0.0,0.0,0.0,0.0,0.0,1.0,0.0,0.0,0.0,0.0,-0.9324332356952423,-0.13641391974693565,1.0,0.0,0.0,0.0,0.0,1.0,0.0,1.0,0.0,4.3
1.0,0.0,0.0,0.0,1.0,0.0,0.0,0.0,0.0,1.0,0.0,-0.9324332356952423,-0.8963982975202275,1.0,0.0,0.0,1.0,0.0,0.0,0.0,1.0,0.0,4.6
1.0,0.0,0.0,1.0,0.0,0.0,0.0,0.0,0.0,0.0,0.0,-0.43175772088137865,-0.4630253536373353,1.0,0.0,0.0,1.0,0.0,0.0,0.0,1.0,0.0,4.2
1.0,1.0,0.0,0.0,0.0,0.0,0.0,1.0,0.0,0.0,0.0,-0.43175772088137865,-1.1361307029890593,1.0,0.0,0.0,1.0,0.0,0.0,0.0,1.0,0.0,4.5
1.0,0.0,0.0,1.0,0.0,1.0,1.0,0.0,0.0,0.0,0.0,0.068917793932485,-0.7918770633263031,1.0,0.0,0.0,1.0,0.0,0.0,0.0,1.0,0.0,4.4
1.0,0.0,0.0,0.0,0.0,0.0,0.0,0.0,1.0,0.0,0.0,-1.433108750509106,0.7639383355221068,1.0,0.0,0.0,0.0,0.0,1.0,0.0,0.0,1.0,4.3
1.0,0.0,0.0,0.0,1.0,0.0,1.0,0.0,0.0,0.0,0.0,-0.43175772088137865,0.9662023710801044,1.0,0.0,0.0,0.0,0.0,1.0,0.0,0.0,1.0,4.3
1.0,0.0,0.0,0.0,0.0,0.0,1.0,0.0,0.0,0.0,0.0,-0.9324332356952423,1.532731868730305,1.0,0.0,0.0,0.0,0.0,1.0,0.0,1.0,0.0,4.1
1.0,1.0,0.0,0.0,0.0,0.0,0.0,0.0,1.0,0.0,0.0,0.068917793932485,-0.2896813027803648,1.0,0.0,0.0,0.0,0.0,1.0,0.0,1.0,0.0,4.3
1.0,1.0,1.0,0.0,0.0,1.0,0.0,0.0,0.0,0.0,0.0,-0.43175772088137865,-0.2896813027803648,1.0,0.0,0.0,0.0,0.0,1.0,0.0,0.0,1.0,4.5
1.0,1.0,0.0,0.0,1.0,0.0,0.0,0.0,0.0,0.0,0.0,2.572295368001803,0.41066644419266846,1.0,0.0,0.0,0.0,0.0,1.0,0.0,0.0,1.0,4.5
1.0,1.0,1.0,1.0,0.0,1.0,0.0,1.0,0.0,0.0,0.0,1.0702688235602122,0.2652468130577722,1.0,0.0,0.0,0.0,0.0,1.0,0.0,0.0,1.0,4.4
1.0,1.0,0.0,0.0,0.0,1.0,0.0,1.0,0.0,0.0,0.0,-0.43175772088137865,-0.8207383611808755,1.0,0.0,0.0,0.0,0.0,1.0,0.0,1.0,0.0,4.8
1.0,1.0,0.0,0.0,0.0,1.0,0.0,1.0,0.0,0.0,0.0,-0.43175772088137865,0.6749019944902666,1.0,0.0,0.0,0.0,0.0,1.0,0.0,0.0,1.0,4.6
1.0,0.0,0.0,1.0,1.0,0.0,0.0,0.0,0.0,0.0,0.0,-0.43175772088137865,-0.05427966107813933,1.0,0.0,0.0,0.0,0.0,1.0,0.0,1.0,0.0,4.1
1.0,1.0,1.0,0.0,0.0,0.0,0.0,1.0,0.0,0.0,0.0,-0.43175772088137865,0.6749019944902666,1.0,0.0,0.0,0.0,0.0,1.0,0.0,0.0,1.0,4.7
1.0,1.0,1.0,0.0,0.0,1.0,1.0,0.0,0.0,0.0,0.0,1.0702688235602122,-0.4235533094499012,1.0,0.0,1.0,0.0,0.0,0.0,0.0,0.0,1.0,4.4
1.0,0.0,1.0,0.0,0.0,0.0,0.0,0.0,0.0,0.0,0.0,-0.43175772088137865,-0.6075629376921267,1.0,0.0,0.0,0.0,0.0,1.0,0.0,1.0,0.0,4.5
1.0,1.0,0.0,0.0,0.0,1.0,0.0,1.0,0.0,0.0,0.0,-0.43175772088137865,-2.4904305848348476,1.0,0.0,0.0,1.0,0.0,0.0,0.0,1.0,0.0,4.4
1.0,0.0,0.0,0.0,0.0,0.0,0.0,0.0,0.0,0.0,0.0,-0.43175772088137865,0.13577946404708138,1.0,0.0,0.0,1.0,0.0,0.0,0.0,1.0,0.0,4.3
1.0,1.0,0.0,0.0,0.0,0.0,0.0,1.0,0.0,0.0,0.0,-0.9324332356952423,-0.2896813027803648,1.0,0.0,0.0,1.0,0.0,0.0,0.0,0.0,1.0,4.8
1.0,1.0,0.0,0.0,0.0,1.0,0.0,0.0,0.0,0.0,0.0,-0.9324332356952423,0.04917652355104378,1.0,0.0,0.0,0.0,0.0,1.0,0.0,1.0,0.0,4.6
1.0,1.0,1.0,1.0,0.0,1.0,0.0,0.0,0.0,0.0,0.0,1.0702688235602122,-1.5084993838517744,1.0,0.0,0.0,1.0,0.0,0.0,0.0,1.0,0.0,4.4
1.0,1.0,1.0,0.0,0.0,0.0,0.0,1.0,0.0,0.0,0.0,-0.43175772088137865,-0.23355124203917046,1.0,0.0,0.0,1.0,0.0,0.0,0.0,1.0,0.0,4.3
1.0,0.0,1.0,0.0,0.0,0.0,0.0,0.0,0.0,0.0,1.0,-0.43175772088137865,-2.130236884745994,1.0,0.0,0.0,1.0,0.0,0.0,0.0,0.0,1.0,4.0
1.0,0.0,0.0,0.0,0.0,0.0,0.0,0.0,0.0,0.0,1.0,-1.433108750509106,-1.5353802267560583,1.0,0.0,0.0,1.0,0.0,0.0,0.0,1.0,0.0,4.5
1.0,0.0,0.0,0.0,0.0,0.0,0.0,0.0,1.0,0.0,0.0,-1.433108750509106,1.0195465601826168,1.0,0.0,0.0,0.0,0.0,1.0,0.0,0.0,1.0,4.2
1.0,0.0,0.0,0.0,1.0,0.0,1.0,0.0,0.0,0.0,0.0,-0.43175772088137865,1.2918185992199207,1.0,0.0,0.0,0.0,0.0,1.0,0.0,0.0,1.0,4.3
1.0,1.0,0.0,0.0,0.0,0.0,0.0,0.0,0.0,0.0,0.0,-1.433108750509106,0.210258522052833,1.0,0.0,0.0,0.0,0.0,1.0,0.0,0.0,1.0,4.5
1.0,1.0,1.0,1.0,1.0,0.0,0.0,0.0,0.0,0.0,0.0,3.0729708828156665,0.8402090178443264,1.0,0.0,0.0,0.0,0.0,1.0,0.0,0.0,1.0,4.6
1.0,1.0,0.0,0.0,0.0,0.0,0.0,1.0,0.0,0.0,0.0,-0.43175772088137865,-0.7439815054808898,1.0,0.0,0.0,1.0,0.0,0.0,0.0,1.0,0.0,4.5
1.0,0.0,0.0,0.0,0.0,0.0,0.0,0.0,0.0,0.0,0.0,0.068917793932485,0.9373848163092673,1.0,0.0,0.0,0.0,0.0,1.0,0.0,1.0,0.0,4.3
1.0,1.0,0.0,1.0,1.0,1.0,0.0,0.0,0.0,0.0,0.0,0.5695933087463486,-0.18277286902510956,1.0,0.0,1.0,0.0,0.0,0.0,0.0,0.0,1.0,4.5
1.0,0.0,0.0,1.0,1.0,0.0,1.0,0.0,0.0,0.0,0.0,0.068917793932485,-0.05427966107813933,1.0,0.0,0.0,1.0,0.0,0.0,0.0,1.0,0.0,4.2
1.0,1.0,0.0,0.0,0.0,0.0,0.0,0.0,1.0,0.0,0.0,-0.43175772088137865,-0.602748841964004,1.0,0.0,0.0,0.0,0.0,1.0,0.0,0.0,1.0,4.6
1.0,1.0,0.0,0.0,0.0,0.0,0.0,1.0,0.0,0.0,0.0,-0.9324332356952423,-0.6255962145992348,1.0,0.0,0.0,1.0,0.0,0.0,0.0,1.0,0.0,4.7
1.0,1.0,0.0,0.0,0.0,1.0,0.0,1.0,0.0,0.0,0.0,-0.43175772088137865,-2.1895227902840437,1.0,0.0,0.0,1.0,0.0,0.0,0.0,0.0,1.0,4.7
1.0,0.0,1.0,0.0,0.0,0.0,0.0,0.0,0.0,1.0,0.0,0.5695933087463486,-0.03558171609757622,1.0,0.0,0.0,0.0,0.0,1.0,0.0,0.0,1.0,4.1
1.0,0.0,0.0,1.0,1.0,0.0,0.0,0.0,0.0,0.0,1.0,0.068917793932485,-1.317219358585293,1.0,0.0,0.0,0.0,0.0,1.0,0.0,1.0,0.0,4.6
1.0,1.0,1.0,0.0,0.0,0.0,0.0,0.0,0.0,0.0,1.0,1.0702688235602122,-1.0983911145091936,1.0,0.0,0.0,1.0,0.0,0.0,0.0,1.0,0.0,4.4
1.0,1.0,0.0,0.0,0.0,1.0,0.0,0.0,0.0,0.0,0.0,-0.9324332356952423,0.07963460880487269,1.0,0.0,0.0,0.0,0.0,1.0,0.0,0.0,1.0,4.6
1.0,1.0,0.0,1.0,1.0,0.0,0.0,0.0,0.0,0.0,1.0,0.068917793932485,-1.068224279307286,1.0,0.0,0.0,0.0,0.0,1.0,0.0,0.0,1.0,4.4
1.0,1.0,1.0,0.0,0.0,0.0,0.0,0.0,0.0,0.0,0.0,0.068917793932485,-1.6252601379036207,1.0,0.0,0.0,0.0,0.0,1.0,0.0,0.0,1.0,4.3
1.0,0.0,0.0,0.0,0.0,0.0,0.0,0.0,0.0,0.0,0.0,-1.433108750509106,-0.18277286902510956,1.0,0.0,0.0,0.0,0.0,1.0,0.0,0.0,1.0,4.6
1.0,1.0,0.0,0.0,0.0,0.0,0.0,1.0,0.0,0.0,0.0,-0.43175772088137865,-1.4969740969184695,1.0,0.0,0.0,1.0,0.0,0.0,0.0,0.0,1.0,4.6
1.0,1.0,1.0,0.0,0.0,0.0,0.0,0.0,0.0,0.0,0.0,0.068917793932485,-2.0602316759268002,1.0,0.0,0.0,0.0,0.0,1.0,0.0,1.0,0.0,4.3
1.0,1.0,1.0,0.0,0.0,0.0,1.0,0.0,0.0,0.0,0.0,0.068917793932485,-0.20755761043855708,1.0,0.0,0.0,0.0,0.0,1.0,0.0,1.0,0.0,4.4
1.0,0.0,0.0,0.0,0.0,0.0,0.0,0.0,0.0,0.0,0.0,0.068917793932485,-0.8563693722851727,1.0,0.0,0.0,0.0,0.0,1.0,0.0,1.0,0.0,4.3
1.0,1.0,1.0,1.0,1.0,1.0,0.0,0.0,0.0,0.0,1.0,3.0729708828156665,0.210258522052833,1.0,0.0,0.0,1.0,0.0,0.0,0.0,0.0,1.0,4.4
1.0,0.0,0.0,0.0,0.0,0.0,1.0,0.0,0.0,0.0,0.0,-0.9324332356952423,-0.2896813027803648,1.0,0.0,0.0,0.0,0.0,1.0,0.0,0.0,1.0,4.3
1.0,0.0,0.0,0.0,0.0,0.0,0.0,0.0,1.0,0.0,0.0,-1.433108750509106,0.6241042498897668,1.0,0.0,0.0,0.0,0.0,1.0,0.0,1.0,0.0,4.3
1.0,0.0,0.0,0.0,0.0,0.0,1.0,0.0,0.0,0.0,0.0,-0.9324332356952423,1.0443416798627745,1.0,0.0,0.0,0.0,0.0,1.0,1.0,0.0,0.0,4.3
1.0,0.0,0.0,0.0,1.0,0.0,1.0,0.0,0.0,0.0,0.0,-0.43175772088137865,0.27559510456842035,1.0,0.0,0.0,0.0,0.0,1.0,1.0,0.0,0.0,4.1
1.0,1.0,1.0,0.0,0.0,0.0,1.0,0.0,0.0,0.0,0.0,0.068917793932485,-0.09376633249647051,1.0,0.0,0.0,0.0,0.0,1.0,0.0,1.0,0.0,4.4
1.0,1.0,0.0,0.0,0.0,0.0,0.0,0.0,1.0,0.0,0.0,0.068917793932485,0.7639383355221068,1.0,0.0,0.0,0.0,0.0,1.0,1.0,0.0,0.0,4.1
1.0,0.0,0.0,0.0,0.0,0.0,0.0,0.0,0.0,0.0,0.0,0.068917793932485,0.8746073618527217,1.0,0.0,0.0,0.0,0.0,1.0,1.0,0.0,0.0,4.6
1.0,0.0,0.0,0.0,0.0,0.0,0.0,0.0,0.0,1.0,0.0,-0.43175772088137865,1.3889977816672303,1.0,0.0,0.0,0.0,0.0,1.0,0.0,1.0,0.0,4.6
1.0,0.0,0.0,1.0,1.0,0.0,0.0,0.0,0.0,0.0,0.0,-0.43175772088137865,0.03326893431222004,1.0,0.0,0.0,0.0,0.0,1.0,1.0,0.0,0.0,4.3
1.0,0.0,0.0,0.0,0.0,0.0,0.0,0.0,0.0,0.0,1.0,-0.43175772088137865,0.8402090178443264,1.0,0.0,0.0,1.0,0.0,0.0,1.0,0.0,0.0,4.5
1.0,1.0,0.0,0.0,0.0,0.0,0.0,0.0,0.0,1.0,0.0,0.068917793932485,0.210258522052833,1.0,0.0,0.0,0.0,0.0,1.0,0.0,1.0,0.0,4.3
1.0,1.0,0.0,0.0,0.0,1.0,0.0,0.0,0.0,0.0,0.0,-0.9324332356952423,-0.07365743127361937,1.0,0.0,0.0,0.0,0.0,1.0,1.0,0.0,0.0,4.4
1.0,1.0,1.0,1.0,0.0,1.0,0.0,0.0,0.0,0.0,0.0,0.068917793932485,0.2546936321978934,1.0,0.0,0.0,0.0,0.0,1.0,1.0,0.0,0.0,4.6
1.0,1.0,1.0,1.0,0.0,1.0,0.0,1.0,0.0,0.0,0.0,1.0702688235602122,-0.20755761043855708,1.0,0.0,0.0,0.0,0.0,1.0,0.0,1.0,0.0,4.2
1.0,1.0,1.0,1.0,1.0,0.0,0.0,0.0,0.0,0.0,0.0,3.0729708828156665,1.0443416798627745,1.0,0.0,0.0,0.0,0.0,1.0,1.0,0.0,0.0,4.7
1.0,1.0,0.0,0.0,0.0,0.0,0.0,1.0,0.0,0.0,0.0,-0.9324332356952423,0.6749019944902666,1.0,0.0,0.0,0.0,0.0,1.0,1.0,0.0,0.0,4.6
1.0,1.0,0.0,0.0,0.0,1.0,0.0,0.0,0.0,0.0,0.0,-0.9324332356952423,-0.13641391974693565,1.0,0.0,1.0,0.0,0.0,0.0,1.0,0.0,0.0,4.5
1.0,1.0,0.0,0.0,0.0,0.0,0.0,1.0,0.0,0.0,0.0,-0.43175772088137865,-1.8579546932620459,1.0,0.0,0.0,1.0,0.0,0.0,1.0,0.0,0.0,4.5
1.0,1.0,0.0,0.0,0.0,1.0,0.0,0.0,0.0,0.0,0.0,-0.9324332356952423,-0.18277286902510956,1.0,0.0,0.0,0.0,0.0,1.0,1.0,0.0,0.0,4.6
1.0,1.0,1.0,0.0,0.0,0.0,0.0,0.0,0.0,0.0,1.0,2.0716198531879395,-2.0940858298574305,1.0,0.0,1.0,0.0,0.0,0.0,1.0,0.0,0.0,4.0
1.0,1.0,1.0,1.0,0.0,1.0,0.0,0.0,0.0,0.0,0.0,1.0702688235602122,-0.05427966107813933,1.0,0.0,0.0,1.0,0.0,0.0,1.0,0.0,0.0,4.6
1.0,0.0,1.0,0.0,0.0,0.0,0.0,0.0,0.0,0.0,1.0,-0.43175772088137865,-2.71582333075165,1.0,0.0,0.0,1.0,0.0,0.0,1.0,0.0,0.0,3.8
1.0,1.0,0.0,0.0,0.0,0.0,0.0,0.0,0.0,0.0,0.0,-1.433108750509106,0.3862526019482236,1.0,0.0,0.0,0.0,0.0,1.0,1.0,0.0,0.0,4.7
1.0,1.0,1.0,0.0,0.0,1.0,0.0,1.0,0.0,0.0,0.0,0.068917793932485,-0.13641391974693565,1.0,0.0,0.0,0.0,0.0,1.0,1.0,0.0,0.0,3.9
1.0,1.0,1.0,0.0,0.0,0.0,0.0,1.0,0.0,0.0,0.0,0.068917793932485,0.03326893431222004,1.0,0.0,0.0,1.0,0.0,0.0,1.0,0.0,0.0,4.6
1.0,1.0,1.0,1.0,1.0,1.0,0.0,0.0,0.0,0.0,1.0,3.0729708828156665,1.0443416798627745,1.0,0.0,0.0,1.0,0.0,0.0,0.0,1.0,0.0,4.3
1.0,1.0,1.0,1.0,0.0,1.0,0.0,0.0,0.0,0.0,0.0,3.0729708828156665,0.12228788695294104,1.0,0.0,0.0,0.0,0.0,1.0,0.0,1.0,0.0,4.3
1.0,0.0,0.0,1.0,1.0,0.0,1.0,0.0,0.0,0.0,0.0,0.068917793932485,-0.09376633249647051,1.0,0.0,0.0,1.0,0.0,0.0,1.0,0.0,0.0,4.1
1.0,0.0,0.0,0.0,0.0,0.0,0.0,0.0,0.0,0.0,1.0,0.068917793932485,0.8034367165364773,1.0,0.0,0.0,0.0,0.0,1.0,0.0,1.0,0.0,4.2
1.0,0.0,0.0,0.0,0.0,0.0,0.0,0.0,0.0,0.0,0.0,0.5695933087463486,-0.3868038346788303,1.0,0.0,1.0,0.0,0.0,0.0,1.0,0.0,0.0,4.6
1.0,0.0,0.0,0.0,0.0,0.0,0.0,0.0,0.0,0.0,1.0,0.5695933087463486,-0.7255642653897143,1.0,0.0,0.0,0.0,0.0,1.0,1.0,0.0,0.0,4.0
1.0,0.0,0.0,0.0,0.0,0.0,0.0,0.0,1.0,0.0,0.0,-1.433108750509106,0.7212770875639902,1.0,0.0,0.0,0.0,0.0,1.0,1.0,0.0,0.0,4.3
1.0,1.0,1.0,0.0,0.0,0.0,1.0,0.0,0.0,0.0,0.0,0.068917793932485,1.5879205568534829,1.0,0.0,0.0,0.0,0.0,1.0,0.0,1.0,0.0,4.3
1.0,1.0,0.0,0.0,0.0,0.0,0.0,0.0,1.0,0.0,0.0,0.068917793932485,0.8034367165364773,1.0,0.0,0.0,0.0,0.0,1.0,1.0,0.0,0.0,4.4
1.0,0.0,0.0,0.0,0.0,0.0,1.0,0.0,0.0,0.0,0.0,-0.9324332356952423,1.6379273994267194,1.0,0.0,0.0,0.0,0.0,1.0,1.0,0.0,0.0,4.3
1.0,1.0,1.0,1.0,0.0,1.0,0.0,0.0,0.0,0.0,0.0,0.068917793932485,0.524797074840798,1.0,0.0,0.0,0.0,0.0,1.0,0.0,1.0,0.0,4.6
1.0,0.0,0.0,0.0,0.0,0.0,0.0,0.0,0.0,0.0,0.0,0.068917793932485,1.0907187917020442,1.0,0.0,0.0,0.0,0.0,1.0,1.0,0.0,0.0,4.3
1.0,1.0,1.0,0.0,0.0,1.0,0.0,0.0,0.0,0.0,0.0,-0.43175772088137865,0.6023473778412264,1.0,0.0,0.0,0.0,0.0,1.0,1.0,0.0,0.0,4.6
1.0,1.0,1.0,1.0,1.0,0.0,0.0,0.0,0.0,0.0,0.0,3.0729708828156665,1.2096551633473296,1.0,0.0,0.0,0.0,0.0,1.0,1.0,0.0,0.0,4.6
1.0,0.0,0.0,0.0,0.0,0.0,0.0,0.0,0.0,1.0,1.0,-0.43175772088137865,1.1728815930667376,1.0,0.0,0.0,0.0,0.0,1.0,1.0,0.0,0.0,4.1
1.0,1.0,1.0,1.0,0.0,1.0,0.0,1.0,0.0,0.0,0.0,1.0702688235602122,0.3606666430496909,1.0,0.0,0.0,0.0,0.0,1.0,1.0,0.0,0.0,4.4
1.0,1.0,0.0,0.0,1.0,0.0,0.0,0.0,0.0,0.0,0.0,2.572295368001803,0.7212770875639902,1.0,0.0,0.0,0.0,0.0,1.0,1.0,0.0,0.0,4.6
1.0,1.0,0.0,0.0,0.0,0.0,0.0,0.0,0.0,1.0,0.0,0.068917793932485,0.30548653251522023,1.0,0.0,0.0,0.0,0.0,1.0,0.0,1.0,0.0,4.3
1.0,0.0,0.0,0.0,0.0,0.0,0.0,0.0,0.0,1.0,1.0,0.068917793932485,0.7639383355221068,1.0,0.0,0.0,1.0,0.0,0.0,0.0,1.0,0.0,4.3
1.0,1.0,0.0,1.0,0.0,1.0,0.0,0.0,0.0,0.0,0.0,0.068917793932485,0.10844593140257397,1.0,0.0,1.0,0.0,0.0,0.0,1.0,0.0,0.0,4.6
1.0,0.0,1.0,0.0,1.0,1.0,0.0,0.0,0.0,1.0,1.0,2.0716198531879395,0.9373848163092673,1.0,0.0,0.0,0.0,0.0,1.0,0.0,1.0,0.0,4.6
1.0,0.0,1.0,0.0,1.0,0.0,0.0,0.0,0.0,0.0,0.0,1.0702688235602122,-0.352425464870366,1.0,0.0,0.0,1.0,0.0,0.0,0.0,1.0,0.0,4.3
1.0,1.0,0.0,0.0,0.0,0.0,0.0,1.0,0.0,0.0,0.0,-0.43175772088137865,-1.276121951176253,1.0,0.0,0.0,1.0,0.0,0.0,0.0,1.0,0.0,4.5
1.0,0.0,0.0,0.0,0.0,0.0,1.0,0.0,1.0,1.0,0.0,3.0729708828156665,0.016871955321440563,1.0,0.0,0.0,0.0,0.0,1.0,1.0,0.0,0.0,4.6
1.0,0.0,1.0,0.0,0.0,0.0,0.0,0.0,0.0,0.0,0.0,-0.43175772088137865,-0.8504042160618733,1.0,0.0,0.0,0.0,0.0,1.0,1.0,0.0,0.0,4.5
1.0,0.0,1.0,0.0,0.0,0.0,0.0,0.0,0.0,0.0,1.0,-0.43175772088137865,-2.59130106584656,1.0,0.0,0.0,1.0,0.0,0.0,0.0,1.0,0.0,4.8
1.0,1.0,1.0,1.0,0.0,1.0,0.0,0.0,0.0,0.0,0.0,0.068917793932485,-0.4630253536373353,1.0,0.0,0.0,0.0,0.0,1.0,0.0,1.0,0.0,4.6
1.0,1.0,0.0,1.0,0.0,0.0,0.0,0.0,0.0,0.0,0.0,-0.43175772088137865,-0.8685037703859799,1.0,0.0,0.0,0.0,0.0,1.0,1.0,0.0,0.0,4.5
1.0,0.0,0.0,0.0,0.0,0.0,1.0,0.0,0.0,0.0,0.0,-0.9324332356952423,1.2918185992199207,1.0,0.0,0.0,0.0,0.0,1.0,0.0,1.0,0.0,4.3
1.0,0.0,0.0,0.0,1.0,0.0,1.0,0.0,0.0,0.0,0.0,-0.43175772088137865,0.8402090178443264,1.0,0.0,0.0,0.0,0.0,1.0,0.0,1.0,0.0,4.0
1.0,1.0,0.0,0.0,0.0,1.0,0.0,0.0,0.0,0.0,0.0,-0.9324332356952423,-0.13641391974693565,1.0,0.0,0.0,0.0,0.0,1.0,0.0,1.0,0.0,4.6
1.0,1.0,1.0,0.0,0.0,0.0,1.0,0.0,0.0,0.0,0.0,0.068917793932485,0.4707806371349857,1.0,0.0,0.0,0.0,0.0,1.0,0.0,1.0,0.0,4.4
1.0,1.0,0.0,0.0,0.0,0.0,0.0,0.0,1.0,0.0,0.0,0.068917793932485,1.0195465601826168,1.0,0.0,0.0,0.0,0.0,1.0,0.0,1.0,0.0,4.4
1.0,1.0,0.0,0.0,1.0,0.0,0.0,0.0,0.0,0.0,0.0,2.572295368001803,0.12228788695294104,1.0,0.0,0.0,0.0,0.0,1.0,0.0,1.0,0.0,4.5
1.0,0.0,1.0,1.0,1.0,1.0,0.0,0.0,0.0,0.0,0.0,0.5695933087463486,0.32452171911680294,1.0,0.0,0.0,0.0,0.0,1.0,0.0,1.0,0.0,4.6
1.0,1.0,1.0,1.0,0.0,1.0,0.0,0.0,0.0,0.0,0.0,1.0702688235602122,0.8034367165364773,1.0,0.0,0.0,1.0,0.0,0.0,1.0,0.0,0.0,4.5
1.0,1.0,0.0,0.0,0.0,0.0,0.0,1.0,0.0,0.0,0.0,-0.9324332356952423,-0.602748841964004,1.0,0.0,0.0,1.0,0.0,0.0,1.0,0.0,0.0,4.8
1.0,1.0,0.0,0.0,0.0,0.0,0.0,0.0,1.0,0.0,0.0,-0.43175772088137865,-1.2241221311913466,1.0,0.0,0.0,0.0,0.0,1.0,0.0,1.0,0.0,4.3
1.0,1.0,0.0,0.0,0.0,1.0,0.0,1.0,0.0,0.0,0.0,-0.43175772088137865,-2.159055997981516,1.0,0.0,0.0,1.0,0.0,0.0,0.0,1.0,0.0,4.6
1.0,0.0,0.0,0.0,0.0,0.0,0.0,0.0,0.0,0.0,0.0,0.068917793932485,0.9662023710801044,1.0,0.0,0.0,0.0,0.0,1.0,0.0,1.0,0.0,4.3
1.0,1.0,0.0,0.0,0.0,0.0,0.0,1.0,0.0,0.0,0.0,-0.9324332356952423,0.531179904718934,1.0,0.0,0.0,0.0,0.0,1.0,0.0,1.0,0.0,4.7
1.0,1.0,1.0,0.0,0.0,0.0,0.0,0.0,0.0,0.0,1.0,2.0716198531879395,-2.1209666727617145,1.0,0.0,1.0,0.0,0.0,0.0,1.0,0.0,0.0,4.4
1.0,1.0,0.0,0.0,0.0,0.0,0.0,1.0,0.0,0.0,0.0,-0.43175772088137865,-1.1176260174455122,1.0,0.0,0.0,1.0,0.0,0.0,0.0,1.0,0.0,4.4
1.0,1.0,1.0,0.0,0.0,0.0,0.0,0.0,0.0,0.0,1.0,1.0702688235602122,-1.4584917587748827,1.0,0.0,0.0,1.0,0.0,0.0,1.0,0.0,0.0,4.2
1.0,1.0,1.0,0.0,0.0,0.0,0.0,0.0,0.0,0.0,0.0,0.068917793932485,-1.6512664543545752,1.0,0.0,0.0,0.0,0.0,1.0,0.0,1.0,0.0,4.1
1.0,1.0,0.0,1.0,1.0,0.0,0.0,0.0,0.0,0.0,1.0,0.068917793932485,-1.3866538017188572,1.0,0.0,0.0,0.0,0.0,1.0,0.0,1.0,0.0,4.2
1.0,1.0,1.0,1.0,1.0,0.0,0.0,0.0,0.0,0.0,0.0,3.0729708828156665,0.7212770875639902,1.0,0.0,0.0,0.0,0.0,1.0,0.0,1.0,0.0,4.7
1.0,1.0,1.0,1.0,0.0,1.0,0.0,0.0,0.0,0.0,0.0,0.068917793932485,-1.1736302518281057,1.0,0.0,0.0,0.0,0.0,1.0,0.0,1.0,0.0,4.7
1.0,0.0,0.0,0.0,0.0,0.0,0.0,0.0,1.0,0.0,0.0,-1.433108750509106,0.6241042498897668,1.0,0.0,0.0,0.0,0.0,1.0,0.0,1.0,0.0,4.2
1.0,0.0,0.0,0.0,0.0,0.0,0.0,0.0,1.0,0.0,0.0,-1.433108750509106,0.9373848163092673,1.0,0.0,0.0,0.0,0.0,1.0,0.0,1.0,0.0,4.2
1.0,1.0,0.0,0.0,0.0,1.0,0.0,0.0,0.0,0.0,0.0,-0.9324332356952423,0.5437207432468615,1.0,0.0,0.0,0.0,0.0,1.0,0.0,1.0,0.0,4.5
1.0,0.0,0.0,0.0,1.0,0.0,1.0,0.0,0.0,0.0,0.0,-0.43175772088137865,1.3214378266971476,1.0,0.0,0.0,0.0,0.0,1.0,0.0,1.0,0.0,4.3
1.0,1.0,0.0,0.0,0.0,0.0,0.0,0.0,1.0,0.0,0.0,0.068917793932485,1.1124769961195458,1.0,0.0,0.0,0.0,0.0,1.0,0.0,1.0,0.0,4.5
1.0,0.0,0.0,0.0,0.0,0.0,1.0,0.0,0.0,0.0,0.0,-0.9324332356952423,1.7771596365336229,1.0,0.0,0.0,0.0,0.0,1.0,0.0,1.0,0.0,4.2
1.0,1.0,1.0,1.0,0.0,1.0,0.0,0.0,0.0,0.0,0.0,0.068917793932485,0.12228788695294104,1.0,0.0,0.0,0.0,0.0,1.0,0.0,1.0,0.0,4.6
1.0,1.0,1.0,1.0,1.0,0.0,0.0,0.0,0.0,0.0,0.0,3.0729708828156665,1.1124769961195458,1.0,0.0,0.0,0.0,0.0,1.0,0.0,1.0,0.0,4.6
1.0,1.0,0.0,0.0,0.0,0.0,0.0,0.0,0.0,1.0,0.0,0.068917793932485,0.34290050075469924,1.0,0.0,0.0,0.0,0.0,1.0,0.0,1.0,0.0,4.2
1.0,0.0,0.0,0.0,0.0,0.0,0.0,0.0,0.0,0.0,0.0,1.570944338374076,-0.5519946626504124,1.0,0.0,1.0,0.0,0.0,0.0,0.0,1.0,0.0,4.3
1.0,1.0,1.0,1.0,0.0,1.0,0.0,1.0,0.0,0.0,0.0,1.0702688235602122,0.28574631127348243,1.0,0.0,0.0,0.0,0.0,1.0,0.0,1.0,0.0,4.4
1.0,0.0,0.0,0.0,0.0,0.0,0.0,0.0,0.0,0.0,0.0,-0.9324332356952423,-0.6471469185762203,1.0,0.0,0.0,0.0,1.0,0.0,0.0,1.0,0.0,4.3
1.0,0.0,0.0,0.0,0.0,0.0,0.0,0.0,0.0,0.0,0.0,0.5695933087463486,1.7456109357012322,1.0,0.0,0.0,0.0,0.0,1.0,0.0,1.0,0.0,4.3
1.0,0.0,1.0,1.0,0.0,0.0,0.0,0.0,0.0,0.0,0.0,2.0716198531879395,0.3862526019482236,1.0,0.0,0.0,0.0,0.0,1.0,0.0,1.0,0.0,4.4
1.0,1.0,0.0,0.0,0.0,0.0,0.0,0.0,1.0,0.0,0.0,-0.43175772088137865,-0.6081005310344549,1.0,0.0,0.0,0.0,0.0,1.0,0.0,1.0,0.0,4.5
1.0,0.0,0.0,1.0,1.0,0.0,0.0,0.0,0.0,0.0,0.0,-0.43175772088137865,0.5051767606413141,1.0,0.0,0.0,0.0,0.0,1.0,0.0,1.0,0.0,4.3
1.0,1.0,1.0,1.0,0.0,1.0,0.0,0.0,0.0,0.0,0.0,3.0729708828156665,0.4778397226108121,1.0,0.0,0.0,0.0,0.0,1.0,0.0,1.0,0.0,4.6
1.0,1.0,0.0,0.0,0.0,1.0,0.0,1.0,0.0,0.0,0.0,-0.43175772088137865,-1.6399651740451744,1.0,0.0,0.0,1.0,0.0,0.0,0.0,1.0,0.0,4.8
1.0,0.0,0.0,0.0,0.0,0.0,0.0,0.0,0.0,0.0,1.0,0.5695933087463486,-0.6714198229182479,1.0,0.0,0.0,0.0,0.0,1.0,0.0,1.0,0.0,3.7
1.0,0.0,0.0,0.0,0.0,0.0,0.0,0.0,0.0,0.0,0.0,-0.43175772088137865,0.524797074840798,1.0,0.0,0.0,0.0,0.0,1.0,0.0,1.0,0.0,4.4
1.0,0.0,0.0,0.0,0.0,0.0,0.0,0.0,0.0,0.0,0.0,0.068917793932485,-0.26087776660853007,1.0,0.0,0.0,0.0,0.0,1.0,0.0,1.0,0.0,4.5
1.0,0.0,1.0,0.0,0.0,0.0,0.0,0.0,0.0,0.0,1.0,-0.43175772088137865,-2.4723602525032233,1.0,0.0,0.0,1.0,0.0,0.0,0.0,1.0,0.0,4.1
1.0,1.0,0.0,1.0,0.0,1.0,1.0,0.0,0.0,0.0,0.0,1.0702688235602122,0.03326893431222004,1.0,0.0,0.0,1.0,0.0,0.0,0.0,1.0,0.0,4.4
1.0,0.0,0.0,1.0,1.0,0.0,0.0,0.0,0.0,0.0,0.0,-0.43175772088137865,-0.3868038346788303,1.0,0.0,0.0,1.0,0.0,0.0,0.0,1.0,0.0,4.6
1.0,0.0,0.0,0.0,0.0,0.0,0.0,0.0,1.0,0.0,0.0,-1.433108750509106,-0.23355124203917046,1.0,0.0,0.0,0.0,0.0,1.0,0.0,1.0,0.0,4.2
1.0,0.0,0.0,0.0,1.0,0.0,1.0,0.0,0.0,0.0,0.0,-0.43175772088137865,0.2652468130577722,1.0,0.0,0.0,0.0,0.0,1.0,0.0,1.0,0.0,4.2
1.0,0.0,0.0,0.0,0.0,1.0,0.0,0.0,0.0,0.0,0.0,-1.433108750509106,0.5854263583742599,1.0,0.0,0.0,0.0,0.0,1.0,0.0,1.0,0.0,4.5
1.0,0.0,0.0,0.0,0.0,0.0,0.0,0.0,1.0,0.0,0.0,-1.433108750509106,-0.352425464870366,1.0,0.0,1.0,0.0,0.0,0.0,0.0,1.0,0.0,4.1
1.0,1.0,0.0,0.0,0.0,0.0,0.0,0.0,1.0,0.0,0.0,1.0702688235602122,0.17431879987155185,1.0,0.0,1.0,0.0,0.0,0.0,0.0,1.0,0.0,4.5
1.0,0.0,0.0,0.0,0.0,0.0,0.0,0.0,0.0,0.0,0.0,0.068917793932485,0.016871955321440563,1.0,0.0,0.0,0.0,0.0,1.0,0.0,1.0,0.0,4.5
1.0,0.0,0.0,0.0,0.0,0.0,0.0,0.0,0.0,1.0,0.0,-0.43175772088137865,-0.5519946626504124,1.0,0.0,1.0,0.0,0.0,0.0,0.0,1.0,0.0,4.5
1.0,0.0,0.0,0.0,0.0,0.0,0.0,0.0,0.0,0.0,0.0,-0.9324332356952423,-4.548351275721192e-05,1.0,0.0,1.0,0.0,0.0,0.0,0.0,1.0,0.0,4.5
1.0,1.0,0.0,0.0,0.0,1.0,0.0,1.0,0.0,0.0,0.0,-0.43175772088137865,-1.9562597519987974,1.0,0.0,0.0,1.0,0.0,0.0,0.0,1.0,0.0,4.6
1.0,0.0,0.0,0.0,0.0,0.0,0.0,0.0,0.0,1.0,0.0,-0.43175772088137865,0.03326893431222004,1.0,0.0,0.0,0.0,0.0,1.0,0.0,1.0,0.0,4.4
1.0,1.0,1.0,0.0,0.0,0.0,1.0,0.0,0.0,0.0,0.0,0.068917793932485,0.5619955449465179,1.0,0.0,0.0,0.0,0.0,1.0,0.0,1.0,0.0,4.4
1.0,0.0,0.0,0.0,0.0,0.0,0.0,0.0,1.0,0.0,0.0,-1.433108750509106,-1.4127760054957896,1.0,0.0,0.0,0.0,0.0,1.0,0.0,1.0,0.0,4.0
1.0,0.0,0.0,0.0,0.0,0.0,0.0,0.0,0.0,0.0,0.0,-1.433108750509106,0.32452171911680294,1.0,0.0,0.0,0.0,0.0,1.0,0.0,1.0,0.0,4.6
1.0,0.0,0.0,0.0,0.0,0.0,0.0,0.0,1.0,0.0,0.0,-1.433108750509106,0.7639383355221068,1.0,0.0,0.0,0.0,0.0,1.0,1.0,0.0,0.0,4.1
1.0,1.0,1.0,0.0,0.0,0.0,1.0,0.0,0.0,0.0,0.0,0.068917793932485,0.198545817118695,1.0,0.0,0.0,0.0,0.0,1.0,1.0,0.0,0.0,4.4
1.0,1.0,0.0,0.0,0.0,0.0,0.0,0.0,1.0,0.0,0.0,0.068917793932485,1.0907187917020442,1.0,0.0,0.0,0.0,0.0,1.0,1.0,0.0,0.0,4.6
1.0,1.0,1.0,1.0,0.0,1.0,0.0,0.0,0.0,0.0,0.0,0.068917793932485,0.6749019944902666,1.0,0.0,0.0,0.0,0.0,1.0,0.0,0.0,1.0,4.6
1.0,0.0,0.0,1.0,1.0,0.0,0.0,0.0,0.0,0.0,0.0,-0.43175772088137865,0.17431879987155185,1.0,0.0,0.0,0.0,0.0,1.0,1.0,0.0,0.0,4.3
1.0,1.0,1.0,1.0,1.0,1.0,0.0,0.0,0.0,0.0,1.0,3.0729708828156665,1.1915854436659128,1.0,0.0,0.0,1.0,0.0,0.0,0.0,1.0,0.0,4.4
1.0,0.0,0.0,0.0,0.0,0.0,0.0,0.0,0.0,0.0,1.0,0.068917793932485,0.30548653251522023,1.0,0.0,0.0,1.0,0.0,0.0,0.0,1.0,0.0,4.4
1.0,1.0,1.0,1.0,0.0,1.0,0.0,0.0,0.0,0.0,0.0,3.0729708828156665,-0.20755761043855708,1.0,0.0,0.0,0.0,0.0,1.0,1.0,0.0,0.0,4.5
1.0,1.0,0.0,0.0,0.0,0.0,0.0,1.0,0.0,0.0,0.0,-0.43175772088137865,-0.9337012753772527,1.0,0.0,0.0,0.0,0.0,1.0,0.0,1.0,0.0,4.1
1.0,0.0,0.0,0.0,0.0,0.0,0.0,0.0,1.0,0.0,0.0,-1.433108750509106,-1.398369081081098,1.0,0.0,0.0,0.0,0.0,1.0,1.0,0.0,0.0,4.3
1.0,0.0,1.0,0.0,0.0,0.0,0.0,0.0,0.0,0.0,1.0,-0.43175772088137865,-2.421557662694732,1.0,0.0,0.0,1.0,0.0,0.0,0.0,1.0,0.0,4.0
1.0,0.0,1.0,0.0,1.0,0.0,0.0,0.0,0.0,0.0,1.0,1.0702688235602122,-0.7064668690000309,1.0,0.0,0.0,0.0,0.0,1.0,1.0,0.0,0.0,4.3
1.0,0.0,1.0,0.0,0.0,0.0,0.0,0.0,0.0,1.0,0.0,0.5695933087463486,-0.26087776660853007,1.0,0.0,0.0,0.0,0.0,1.0,0.0,0.0,1.0,4.1
1.0,1.0,0.0,0.0,0.0,0.0,0.0,0.0,0.0,0.0,0.0,-1.433108750509106,-1.2207162170231287,1.0,0.0,0.0,0.0,0.0,1.0,0.0,1.0,0.0,4.2
1.0,0.0,0.0,0.0,0.0,0.0,0.0,0.0,1.0,0.0,0.0,-1.433108750509106,0.28574631127348243,1.0,0.0,0.0,0.0,0.0,1.0,0.0,0.0,1.0,4.2
1.0,1.0,0.0,0.0,0.0,0.0,0.0,0.0,1.0,0.0,0.0,0.068917793932485,-0.26087776660853007,1.0,0.0,0.0,0.0,0.0,1.0,0.0,1.0,0.0,4.3
1.0,0.0,0.0,0.0,0.0,0.0,0.0,0.0,0.0,0.0,0.0,-1.433108750509106,0.7639383355221068,1.0,0.0,0.0,0.0,0.0,1.0,0.0,1.0,0.0,4.2
1.0,0.0,0.0,0.0,1.0,0.0,1.0,0.0,0.0,0.0,0.0,-0.43175772088137865,0.4778397226108121,1.0,0.0,0.0,0.0,0.0,1.0,0.0,0.0,1.0,4.1
1.0,1.0,0.0,0.0,0.0,0.0,0.0,0.0,0.0,1.0,0.0,0.068917793932485,0.2546936321978934,1.0,0.0,0.0,0.0,0.0,1.0,0.0,0.0,1.0,4.2
1.0,0.0,0.0,1.0,1.0,0.0,0.0,0.0,0.0,0.0,0.0,-0.43175772088137865,-0.11466370709597222,1.0,0.0,0.0,0.0,0.0,1.0,0.0,0.0,1.0,4.3
1.0,1.0,1.0,0.0,0.0,1.0,0.0,1.0,0.0,0.0,0.0,0.5695933087463486,-1.2139689908061841,1.0,0.0,0.0,1.0,0.0,0.0,0.0,1.0,0.0,3.8
1.0,1.0,0.0,0.0,0.0,0.0,0.0,1.0,0.0,0.0,0.0,-0.43175772088137865,-1.2241221311913466,1.0,0.0,0.0,0.0,0.0,1.0,0.0,1.0,0.0,3.8
1.0,0.0,0.0,0.0,0.0,0.0,0.0,0.0,0.0,0.0,0.0,0.068917793932485,0.04917652355104378,1.0,0.0,0.0,0.0,0.0,1.0,0.0,1.0,0.0,4.2
1.0,0.0,0.0,0.0,0.0,0.0,0.0,0.0,0.0,0.0,1.0,0.068917793932485,0.8034367165364773,1.0,0.0,0.0,0.0,0.0,1.0,0.0,0.0,1.0,4.1
1.0,1.0,0.0,0.0,0.0,0.0,0.0,0.0,1.0,0.0,0.0,-0.43175772088137865,-0.6339992854320258,1.0,0.0,0.0,0.0,0.0,1.0,0.0,0.0,1.0,4.5
1.0,1.0,1.0,0.0,1.0,0.0,0.0,0.0,0.0,0.0,0.0,0.5695933087463486,-0.9549239816017507,1.0,0.0,0.0,1.0,0.0,0.0,0.0,1.0,0.0,3.2
1.0,1.0,1.0,0.0,0.0,1.0,0.0,1.0,0.0,0.0,0.0,0.5695933087463486,-1.3295679514865457,1.0,0.0,0.0,1.0,0.0,0.0,0.0,1.0,0.0,4.0
1.0,1.0,1.0,0.0,1.0,0.0,1.0,0.0,0.0,0.0,0.0,0.5695933087463486,-1.0759307810731649,1.0,0.0,0.0,1.0,0.0,0.0,0.0,1.0,0.0,3.4
1.0,0.0,0.0,0.0,1.0,0.0,0.0,0.0,0.0,1.0,0.0,0.068917793932485,-1.051899543320165,1.0,0.0,0.0,1.0,0.0,0.0,0.0,0.0,1.0,3.8
1.0,1.0,1.0,0.0,0.0,0.0,0.0,0.0,0.0,0.0,1.0,2.0716198531879395,-1.8808839813352338,1.0,0.0,1.0,0.0,0.0,0.0,0.0,0.0,1.0,3.8
1.0,0.0,0.0,0.0,1.0,0.0,1.0,0.0,0.0,0.0,0.0,-0.43175772088137865,-0.05427966107813933,1.0,0.0,0.0,0.0,0.0,1.0,0.0,1.0,0.0,4.3
1.0,1.0,0.0,1.0,1.0,0.0,0.0,0.0,0.0,0.0,1.0,0.068917793932485,-1.3751904834833766,1.0,0.0,0.0,0.0,0.0,1.0,0.0,0.0,1.0,4.4
1.0,1.0,0.0,0.0,0.0,0.0,0.0,1.0,0.0,0.0,0.0,-0.43175772088137865,-1.550921378761191,1.0,0.0,0.0,1.0,0.0,0.0,0.0,1.0,0.0,4.3
1.0,1.0,1.0,0.0,0.0,0.0,0.0,0.0,0.0,0.0,0.0,0.068917793932485,-1.5084993838517744,1.0,0.0,0.0,0.0,0.0,1.0,0.0,0.0,1.0,4.3
1.0,0.0,1.0,0.0,0.0,0.0,0.0,0.0,0.0,0.0,1.0,-0.43175772088137865,-2.5486364013432703,1.0,0.0,0.0,1.0,0.0,0.0,0.0,0.0,1.0,3.7
1.0,1.0,1.0,0.0,0.0,1.0,0.0,0.0,0.0,0.0,0.0,-0.43175772088137865,-1.6437057069657965,1.0,0.0,0.0,0.0,0.0,1.0,0.0,1.0,0.0,4.3
1.0,1.0,1.0,1.0,0.0,1.0,0.0,1.0,0.0,0.0,0.0,1.0702688235602122,-1.295297535329578,1.0,0.0,0.0,0.0,0.0,1.0,0.0,0.0,1.0,4.5
1.0,0.0,0.0,0.0,1.0,0.0,1.0,0.0,0.0,0.0,0.0,-0.43175772088137865,0.7212770875639902,1.0,0.0,0.0,0.0,0.0,1.0,0.0,0.0,1.0,4.2
1.0,0.0,0.0,0.0,0.0,0.0,1.0,0.0,0.0,0.0,0.0,-0.9324332356952423,1.24405461771431,1.0,0.0,0.0,0.0,0.0,1.0,0.0,0.0,1.0,4.3
1.0,1.0,1.0,1.0,0.0,1.0,0.0,0.0,0.0,0.0,0.0,0.068917793932485,0.3337903190893976,1.0,0.0,0.0,0.0,0.0,1.0,0.0,1.0,0.0,4.7
1.0,1.0,0.0,0.0,0.0,0.0,0.0,0.0,1.0,0.0,0.0,0.068917793932485,1.1333817478643098,1.0,0.0,0.0,0.0,0.0,1.0,0.0,0.0,1.0,4.4
1.0,1.0,0.0,0.0,0.0,0.0,0.0,0.0,0.0,1.0,0.0,0.068917793932485,-0.18277286902510956,1.0,0.0,0.0,0.0,0.0,1.0,0.0,0.0,1.0,4.4
1.0,0.0,0.0,0.0,0.0,0.0,0.0,0.0,0.0,0.0,0.0,-0.43175772088137865,-0.13641391974693565,1.0,0.0,0.0,0.0,0.0,1.0,0.0,1.0,0.0,4.5
1.0,1.0,1.0,1.0,1.0,0.0,0.0,0.0,0.0,0.0,0.0,3.0729708828156665,1.1534974798884952,1.0,0.0,0.0,0.0,0.0,1.0,0.0,1.0,0.0,4.7
1.0,1.0,1.0,1.0,0.0,1.0,0.0,1.0,0.0,0.0,0.0,1.0702688235602122,0.09423491229154198,1.0,0.0,0.0,0.0,0.0,1.0,0.0,1.0,0.0,4.3
1.0,1.0,0.0,0.0,0.0,1.0,0.0,0.0,0.0,0.0,0.0,-0.9324332356952423,-1.3551580057111625,1.0,0.0,0.0,0.0,1.0,0.0,0.0,0.0,1.0,4.8
1.0,0.0,0.0,1.0,1.0,0.0,0.0,0.0,0.0,0.0,0.0,-0.43175772088137865,0.32452171911680294,1.0,0.0,0.0,0.0,0.0,1.0,0.0,0.0,1.0,4.5
1.0,1.0,0.0,1.0,0.0,1.0,0.0,0.0,0.0,0.0,0.0,0.068917793932485,0.6241042498897668,1.0,0.0,1.0,0.0,0.0,0.0,0.0,1.0,0.0,4.5
1.0,0.0,1.0,0.0,0.0,1.0,0.0,0.0,0.0,0.0,0.0,-0.43175772088137865,0.24392728447557765,1.0,0.0,0.0,0.0,0.0,1.0,0.0,1.0,0.0,4.4
1.0,1.0,0.0,0.0,0.0,0.0,0.0,0.0,0.0,0.0,0.0,-1.433108750509106,-0.23355124203917046,1.0,0.0,0.0,1.0,0.0,0.0,0.0,0.0,1.0,4.6
1.0,0.0,0.0,0.0,0.0,0.0,0.0,0.0,0.0,0.0,0.0,-0.43175772088137865,0.07963460880487269,1.0,0.0,0.0,1.0,0.0,0.0,0.0,1.0,0.0,4.3
1.0,0.0,0.0,0.0,0.0,0.0,0.0,0.0,0.0,1.0,1.0,0.068917793932485,1.1728815930667376,1.0,0.0,0.0,0.0,0.0,1.0,0.0,1.0,0.0,4.4
1.0,0.0,0.0,0.0,0.0,0.0,0.0,0.0,1.0,0.0,0.0,-1.433108750509106,0.5437207432468615,1.0,0.0,0.0,0.0,0.0,1.0,0.0,0.0,1.0,4.1
1.0,1.0,0.0,0.0,0.0,0.0,0.0,1.0,0.0,0.0,0.0,-0.43175772088137865,-1.317219358585293,1.0,0.0,0.0,1.0,0.0,0.0,0.0,1.0,0.0,4.8
1.0,1.0,1.0,0.0,0.0,0.0,0.0,0.0,0.0,0.0,1.0,1.0702688235602122,-1.3213038517805324,1.0,0.0,0.0,1.0,0.0,0.0,0.0,0.0,1.0,3.8
1.0,1.0,0.0,1.0,0.0,0.0,0.0,0.0,0.0,0.0,0.0,-0.43175772088137865,-1.4351439204220533,1.0,0.0,0.0,0.0,0.0,1.0,0.0,0.0,1.0,4.3
1.0,0.0,0.0,1.0,1.0,0.0,0.0,0.0,0.0,0.0,1.0,0.068917793932485,-1.4176661659766256,1.0,0.0,0.0,0.0,0.0,1.0,0.0,0.0,1.0,4.4
1.0,1.0,1.0,0.0,0.0,0.0,0.0,0.0,0.0,0.0,0.0,0.068917793932485,-1.9983624515014455,1.0,0.0,0.0,0.0,0.0,1.0,0.0,1.0,0.0,3.8
1.0,1.0,0.0,0.0,0.0,1.0,0.0,1.0,0.0,0.0,0.0,-0.43175772088137865,-2.085418585984662,1.0,0.0,0.0,1.0,0.0,0.0,0.0,0.0,1.0,4.7
1.0,1.0,0.0,0.0,0.0,0.0,0.0,0.0,0.0,1.0,0.0,0.068917793932485,-1.1176260174455122,1.0,0.0,0.0,0.0,0.0,1.0,0.0,0.0,1.0,3.9
1.0,1.0,1.0,0.0,0.0,0.0,1.0,0.0,0.0,0.0,0.0,0.068917793932485,0.8746073618527217,1.0,0.0,0.0,0.0,0.0,1.0,1.0,0.0,0.0,4.3
1.0,0.0,0.0,0.0,0.0,0.0,0.0,0.0,0.0,0.0,0.0,0.068917793932485,-1.1705312677863353,1.0,0.0,0.0,0.0,0.0,1.0,0.0,1.0,0.0,4.1
1.0,1.0,1.0,1.0,1.0,1.0,0.0,0.0,0.0,0.0,1.0,3.0729708828156665,0.07963460880487269,1.0,0.0,0.0,1.0,0.0,0.0,0.0,1.0,0.0,4.4
1.0,0.0,1.0,0.0,0.0,0.0,0.0,0.0,0.0,1.0,0.0,-0.43175772088137865,0.23293898040166228,1.0,0.0,0.0,1.0,0.0,0.0,0.0,0.0,1.0,4.6
1.0,1.0,1.0,1.0,0.0,1.0,0.0,0.0,0.0,0.0,0.0,0.068917793932485,-0.352425464870366,1.0,0.0,0.0,0.0,0.0,1.0,0.0,1.0,0.0,4.5
1.0,1.0,1.0,0.0,0.0,0.0,1.0,0.0,0.0,0.0,0.0,0.068917793932485,1.1534974798884952,1.0,0.0,0.0,0.0,0.0,1.0,0.0,1.0,0.0,4.4
1.0,0.0,0.0,0.0,1.0,0.0,1.0,0.0,0.0,0.0,0.0,-0.43175772088137865,1.2271323446677322,1.0,0.0,0.0,0.0,0.0,1.0,0.0,1.0,0.0,4.3
1.0,1.0,0.0,0.0,0.0,0.0,0.0,0.0,1.0,0.0,0.0,0.068917793932485,0.9373848163092673,1.0,0.0,0.0,0.0,0.0,1.0,0.0,1.0,0.0,4.4
1.0,0.0,0.0,0.0,0.0,0.0,0.0,0.0,0.0,0.0,0.0,0.068917793932485,1.1915854436659128,1.0,0.0,0.0,0.0,0.0,1.0,0.0,1.0,0.0,4.3
1.0,1.0,0.0,0.0,0.0,0.0,0.0,0.0,1.0,0.0,0.0,-0.43175772088137865,0.6241042498897668,1.0,0.0,1.0,0.0,0.0,0.0,0.0,1.0,0.0,4.7
1.0,0.0,0.0,0.0,0.0,0.0,0.0,0.0,0.0,0.0,0.0,-0.9324332356952423,0.30548653251522023,1.0,0.0,0.0,0.0,1.0,0.0,0.0,1.0,0.0,4.6
1.0,1.0,0.0,0.0,0.0,1.0,0.0,0.0,0.0,0.0,0.0,-0.9324332356952423,0.5183368848219788,1.0,0.0,0.0,0.0,0.0,1.0,0.0,0.0,1.0,4.6
1.0,0.0,0.0,0.0,0.0,0.0,0.0,0.0,0.0,1.0,0.0,0.068917793932485,0.7639383355221068,1.0,0.0,0.0,0.0,0.0,1.0,0.0,1.0,0.0,4.2
1.0,0.0,1.0,0.0,0.0,0.0,0.0,0.0,0.0,1.0,0.0,0.5695933087463486,0.36933247778155087,1.0,0.0,0.0,0.0,0.0,1.0,0.0,1.0,0.0,4.3
1.0,1.0,0.0,0.0,0.0,1.0,0.0,1.0,0.0,0.0,0.0,0.5695933087463486,-0.23355124203917046,1.0,0.0,1.0,0.0,0.0,0.0,0.0,1.0,0.0,4.6
1.0,1.0,1.0,0.0,0.0,0.0,0.0,0.0,0.0,0.0,0.0,-0.43175772088137865,0.9069197658148181,1.0,0.0,0.0,1.0,0.0,0.0,0.0,1.0,0.0,4.7
1.0,1.0,0.0,0.0,0.0,1.0,0.0,0.0,0.0,0.0,0.0,-0.9324332356952423,-0.07365743127361937,1.0,0.0,0.0,1.0,0.0,0.0,0.0,1.0,0.0,4.7
1.0,1.0,0.0,1.0,0.0,0.0,0.0,0.0,0.0,0.0,0.0,0.5695933087463486,1.362992099752878,1.0,0.0,0.0,0.0,0.0,1.0,0.0,1.0,0.0,4.6
1.0,1.0,0.0,0.0,0.0,1.0,0.0,0.0,0.0,0.0,0.0,-0.9324332356952423,-1.4031282533561422,1.0,0.0,0.0,1.0,0.0,0.0,0.0,1.0,0.0,4.3
1.0,0.0,0.0,0.0,0.0,0.0,0.0,0.0,0.0,0.0,0.0,-0.9324332356952423,-0.5056558773077074,1.0,0.0,0.0,0.0,0.0,1.0,0.0,0.0,1.0,4.7
1.0,1.0,0.0,0.0,0.0,0.0,0.0,0.0,1.0,0.0,0.0,-0.43175772088137865,-0.3868038346788303,1.0,0.0,0.0,0.0,0.0,1.0,0.0,0.0,1.0,4.4
1.0,1.0,1.0,1.0,0.0,1.0,0.0,0.0,0.0,0.0,0.0,3.0729708828156665,0.210258522052833,1.0,0.0,0.0,0.0,0.0,1.0,0.0,1.0,0.0,4.6
1.0,1.0,1.0,1.0,1.0,0.0,0.0,0.0,0.0,0.0,0.0,1.570944338374076,0.6749019944902666,1.0,0.0,0.0,1.0,0.0,0.0,0.0,1.0,0.0,4.2
1.0,0.0,0.0,0.0,0.0,0.0,0.0,0.0,0.0,0.0,1.0,0.068917793932485,0.9935415127738976,1.0,0.0,0.0,0.0,0.0,1.0,0.0,1.0,0.0,4.2
1.0,1.0,0.0,0.0,0.0,0.0,0.0,1.0,0.0,0.0,0.0,-0.9324332356952423,-0.6653968915612563,1.0,0.0,0.0,1.0,0.0,0.0,0.0,1.0,0.0,4.7
1.0,0.0,0.0,0.0,0.0,0.0,0.0,0.0,1.0,0.0,0.0,-1.433108750509106,1.1534974798884952,1.0,0.0,0.0,0.0,0.0,1.0,0.0,1.0,0.0,4.3
1.0,1.0,1.0,1.0,0.0,1.0,0.0,0.0,0.0,0.0,0.0,0.068917793932485,-0.9695569251558575,1.0,0.0,0.0,0.0,0.0,1.0,0.0,1.0,0.0,4.7
1.0,0.0,0.0,0.0,1.0,0.0,1.0,0.0,0.0,0.0,0.0,-0.43175772088137865,1.4924853097478572,1.0,0.0,0.0,1.0,0.0,0.0,0.0,1.0,0.0,4.5
1.0,0.0,1.0,0.0,0.0,0.0,0.0,0.0,0.0,1.0,1.0,1.0702688235602122,1.0443416798627745,1.0,0.0,0.0,0.0,0.0,1.0,0.0,1.0,0.0,4.4
1.0,0.0,0.0,0.0,0.0,0.0,0.0,0.0,1.0,0.0,0.0,-0.43175772088137865,1.1534974798884952,1.0,0.0,0.0,0.0,0.0,1.0,0.0,1.0,0.0,4.6
1.0,0.0,0.0,1.0,0.0,0.0,1.0,0.0,1.0,0.0,0.0,0.068917793932485,1.1333817478643098,1.0,0.0,0.0,0.0,1.0,0.0,0.0,1.0,0.0,4.5
1.0,0.0,0.0,0.0,1.0,0.0,1.0,0.0,0.0,0.0,0.0,-0.43175772088137865,0.8402090178443264,1.0,0.0,0.0,0.0,0.0,1.0,0.0,1.0,0.0,4.1
1.0,1.0,1.0,0.0,0.0,0.0,1.0,0.0,0.0,0.0,0.0,0.068917793932485,1.4819302480374092,1.0,0.0,0.0,0.0,0.0,1.0,0.0,1.0,0.0,4.4
1.0,0.0,0.0,0.0,0.0,0.0,1.0,0.0,0.0,0.0,0.0,-0.9324332356952423,1.5701517491880015,1.0,0.0,0.0,0.0,0.0,1.0,0.0,1.0,0.0,4.4
1.0,1.0,0.0,0.0,0.0,0.0,0.0,0.0,1.0,0.0,0.0,0.068917793932485,0.7212770875639902,1.0,0.0,0.0,0.0,0.0,1.0,0.0,1.0,0.0,4.2
1.0,0.0,0.0,0.0,0.0,0.0,0.0,0.0,0.0,0.0,1.0,0.5695933087463486,-0.9956162287089717,1.0,0.0,0.0,0.0,0.0,1.0,0.0,1.0,0.0,3.4
1.0,0.0,0.0,0.0,0.0,0.0,0.0,0.0,0.0,0.0,0.0,-1.433108750509106,0.016871955321440563,1.0,0.0,0.0,0.0,0.0,1.0,0.0,1.0,0.0,4.7
1.0,0.0,0.0,1.0,0.0,0.0,0.0,0.0,0.0,1.0,0.0,0.068917793932485,1.1728815930667376,1.0,0.0,0.0,1.0,0.0,0.0,0.0,1.0,0.0,4.7
1.0,0.0,0.0,0.0,0.0,0.0,0.0,0.0,0.0,1.0,0.0,0.068917793932485,1.4711619427037288,1.0,0.0,0.0,0.0,0.0,1.0,0.0,1.0,0.0,4.5
1.0,0.0,0.0,0.0,0.0,0.0,0.0,0.0,0.0,0.0,0.0,0.068917793932485,1.0443416798627745,1.0,0.0,0.0,0.0,0.0,1.0,0.0,1.0,0.0,4.2
1.0,0.0,1.0,0.0,0.0,0.0,0.0,0.0,0.0,1.0,0.0,0.5695933087463486,0.06462309137377105,1.0,0.0,0.0,0.0,0.0,1.0,0.0,1.0,0.0,4.5
1.0,1.0,0.0,1.0,0.0,0.0,0.0,0.0,0.0,0.0,0.0,0.5695933087463486,1.4489498685255167,1.0,0.0,0.0,0.0,0.0,1.0,0.0,1.0,0.0,4.6
1.0,1.0,1.0,0.0,0.0,0.0,0.0,0.0,0.0,0.0,0.0,-0.43175772088137865,0.8746073618527217,1.0,0.0,0.0,1.0,0.0,0.0,0.0,1.0,0.0,4.7
1.0,0.0,1.0,1.0,1.0,1.0,0.0,0.0,1.0,0.0,0.0,0.5695933087463486,-0.5056558773077074,1.0,0.0,0.0,0.0,0.0,1.0,0.0,1.0,0.0,4.4
1.0,0.0,0.0,1.0,1.0,0.0,1.0,0.0,0.0,0.0,0.0,0.068917793932485,0.2957078001079926,1.0,0.0,0.0,1.0,0.0,0.0,0.0,1.0,0.0,4.1
1.0,1.0,1.0,1.0,1.0,0.0,0.0,0.0,0.0,0.0,0.0,1.570944338374076,0.28574631127348243,1.0,0.0,0.0,1.0,0.0,0.0,0.0,1.0,0.0,4.3
1.0,1.0,0.0,0.0,0.0,1.0,0.0,0.0,0.0,0.0,0.0,-0.9324332356952423,0.6023473778412264,1.0,0.0,0.0,0.0,0.0,1.0,0.0,1.0,0.0,4.6
1.0,1.0,1.0,0.0,0.0,0.0,0.0,0.0,1.0,0.0,0.0,0.068917793932485,-1.7423910216514271,1.0,0.0,0.0,0.0,0.0,1.0,0.0,1.0,0.0,4.3
1.0,1.0,1.0,1.0,1.0,0.0,0.0,0.0,0.0,0.0,1.0,0.5695933087463486,-1.3936520259270468,1.0,0.0,0.0,0.0,0.0,1.0,0.0,1.0,0.0,4.2
1.0,1.0,1.0,0.0,0.0,0.0,0.0,0.0,0.0,0.0,1.0,1.0702688235602122,-1.2275499484950583,1.0,0.0,0.0,1.0,0.0,0.0,0.0,1.0,0.0,4.0
1.0,0.0,0.0,0.0,0.0,0.0,0.0,0.0,0.0,0.0,0.0,-0.43175772088137865,-1.2630980352721104,1.0,0.0,0.0,0.0,0.0,1.0,0.0,1.0,0.0,4.0
1.0,0.0,0.0,0.0,0.0,0.0,0.0,0.0,0.0,1.0,1.0,0.068917793932485,1.6612748968311681,1.0,0.0,0.0,0.0,0.0,1.0,0.0,1.0,0.0,4.7
1.0,0.0,0.0,1.0,0.0,1.0,0.0,0.0,0.0,0.0,0.0,0.068917793932485,0.2652468130577722,1.0,0.0,0.0,0.0,0.0,1.0,0.0,1.0,0.0,4.7
1.0,0.0,0.0,0.0,0.0,0.0,0.0,0.0,0.0,0.0,0.0,-1.433108750509106,1.5517701151541168,1.0,0.0,0.0,0.0,0.0,1.0,0.0,1.0,0.0,4.7
1.0,1.0,1.0,1.0,0.0,1.0,0.0,0.0,0.0,0.0,0.0,1.570944338374076,0.7212770875639902,1.0,0.0,0.0,0.0,0.0,1.0,0.0,1.0,0.0,4.6
1.0,0.0,0.0,0.0,0.0,0.0,0.0,0.0,1.0,0.0,0.0,-1.433108750509106,1.1333817478643098,1.0,0.0,0.0,0.0,0.0,1.0,1.0,0.0,0.0,4.1
1.0,1.0,1.0,0.0,0.0,0.0,1.0,0.0,0.0,0.0,0.0,0.068917793932485,1.6299119741229142,1.0,0.0,0.0,0.0,0.0,1.0,1.0,0.0,0.0,4.3
1.0,0.0,0.0,0.0,1.0,0.0,1.0,0.0,0.0,0.0,0.0,-0.43175772088137865,1.3068339227839185,1.0,0.0,0.0,0.0,0.0,1.0,1.0,0.0,0.0,4.1
1.0,1.0,0.0,0.0,0.0,0.0,0.0,0.0,1.0,0.0,0.0,0.068917793932485,0.9662023710801044,1.0,0.0,0.0,0.0,0.0,1.0,1.0,0.0,0.0,4.4
1.0,1.0,1.0,0.0,0.0,1.0,0.0,0.0,0.0,0.0,0.0,-0.43175772088137865,-0.05427966107813933,1.0,0.0,0.0,0.0,0.0,1.0,0.0,1.0,0.0,4.6
1.0,0.0,1.0,0.0,0.0,0.0,0.0,0.0,0.0,1.0,0.0,0.5695933087463486,0.07963460880487269,1.0,0.0,0.0,0.0,0.0,1.0,1.0,0.0,0.0,4.3
1.0,0.0,0.0,0.0,0.0,0.0,0.0,0.0,0.0,0.0,0.0,0.068917793932485,1.1728815930667376,1.0,0.0,0.0,0.0,0.0,1.0,0.0,1.0,0.0,4.3
1.0,1.0,0.0,0.0,0.0,0.0,0.0,1.0,0.0,0.0,0.0,-0.43175772088137865,0.5374872053138338,1.0,0.0,0.0,1.0,0.0,0.0,1.0,0.0,0.0,4.5
1.0,0.0,0.0,0.0,0.0,0.0,0.0,0.0,0.0,1.0,0.0,-0.43175772088137865,1.81840811022367,1.0,0.0,0.0,0.0,0.0,1.0,1.0,0.0,0.0,4.6
1.0,1.0,1.0,1.0,0.0,1.0,0.0,1.0,0.0,0.0,0.0,1.0702688235602122,-0.8917992719766548,1.0,0.0,0.0,0.0,0.0,1.0,1.0,0.0,0.0,4.4
1.0,0.0,0.0,0.0,0.0,0.0,0.0,0.0,0.0,1.0,0.0,0.068917793932485,0.8746073618527217,1.0,0.0,0.0,0.0,0.0,1.0,1.0,0.0,0.0,4.3
1.0,0.0,1.0,1.0,1.0,1.0,0.0,0.0,1.0,0.0,0.0,0.5695933087463486,0.524797074840798,1.0,0.0,0.0,0.0,0.0,1.0,0.0,1.0,0.0,4.3
1.0,0.0,0.0,0.0,0.0,0.0,0.0,0.0,0.0,0.0,0.0,-0.9324332356952423,0.4848065418757128,1.0,0.0,1.0,0.0,0.0,0.0,1.0,0.0,0.0,4.5
1.0,1.0,1.0,0.0,0.0,0.0,0.0,0.0,0.0,0.0,0.0,-0.43175772088137865,-0.23355124203917046,1.0,0.0,0.0,0.0,0.0,1.0,1.0,0.0,0.0,4.6
1.0,0.0,0.0,0.0,0.0,0.0,0.0,0.0,0.0,1.0,0.0,1.0702688235602122,1.4924853097478572,1.0,0.0,0.0,0.0,0.0,1.0,1.0,0.0,0.0,4.4
1.0,1.0,0.0,0.0,0.0,1.0,0.0,1.0,0.0,0.0,0.0,0.5695933087463486,-0.23355124203917046,1.0,0.0,1.0,0.0,0.0,0.0,1.0,0.0,0.0,4.5
1.0,0.0,0.0,0.0,0.0,1.0,0.0,0.0,0.0,0.0,0.0,0.068917793932485,-0.352425464870366,1.0,0.0,0.0,0.0,0.0,1.0,1.0,0.0,0.0,4.6
1.0,0.0,0.0,0.0,0.0,0.0,1.0,0.0,0.0,0.0,0.0,-0.43175772088137865,-0.3868038346788303,1.0,0.0,0.0,0.0,0.0,1.0,1.0,0.0,0.0,4.3
1.0,1.0,0.0,0.0,0.0,1.0,0.0,1.0,0.0,0.0,0.0,0.068917793932485,-0.352425464870366,1.0,0.0,0.0,1.0,0.0,0.0,0.0,1.0,0.0,4.3
1.0,1.0,1.0,1.0,1.0,0.0,0.0,0.0,0.0,0.0,0.0,1.570944338374076,0.9069197658148181,1.0,0.0,0.0,1.0,0.0,0.0,0.0,1.0,0.0,4.3
1.0,0.0,0.0,0.0,0.0,0.0,1.0,0.0,0.0,0.0,0.0,-0.9324332356952423,1.4819302480374092,1.0,0.0,0.0,0.0,0.0,1.0,1.0,0.0,0.0,4.3
1.0,0.0,0.0,1.0,0.0,0.0,0.0,0.0,0.0,0.0,0.0,-0.43175772088137865,-0.017517508399021615,1.0,0.0,0.0,0.0,0.0,1.0,1.0,0.0,0.0,4.5
1.0,0.0,0.0,1.0,0.0,0.0,0.0,0.0,0.0,1.0,0.0,0.068917793932485,-0.23355124203917046,1.0,0.0,0.0,0.0,0.0,1.0,1.0,0.0,0.0,4.6
1.0,1.0,1.0,0.0,0.0,1.0,0.0,0.0,0.0,0.0,0.0,-0.43175772088137865,-0.3201306859621681,1.0,0.0,0.0,0.0,0.0,1.0,1.0,0.0,0.0,4.6
1.0,1.0,1.0,1.0,1.0,0.0,0.0,0.0,0.0,0.0,0.0,3.0729708828156665,-0.2896813027803648,1.0,0.0,0.0,0.0,0.0,1.0,0.0,1.0,0.0,4.7
1.0,0.0,0.0,0.0,0.0,0.0,0.0,0.0,1.0,0.0,0.0,-1.433108750509106,0.7212770875639902,1.0,0.0,0.0,0.0,0.0,1.0,0.0,1.0,0.0,4.3
1.0,1.0,1.0,0.0,0.0,0.0,1.0,0.0,0.0,0.0,0.0,0.068917793932485,1.5517701151541168,1.0,0.0,0.0,0.0,0.0,1.0,0.0,1.0,0.0,4.5
1.0,1.0,0.0,0.0,0.0,0.0,0.0,0.0,1.0,0.0,0.0,0.068917793932485,-0.750967500025925,1.0,0.0,0.0,0.0,0.0,1.0,0.0,1.0,0.0,4.3
1.0,0.0,0.0,0.0,1.0,0.0,1.0,0.0,0.0,0.0,0.0,-0.43175772088137865,-0.07365743127361937,1.0,0.0,0.0,0.0,0.0,1.0,0.0,1.0,0.0,4.1
1.0,0.0,0.0,0.0,0.0,0.0,0.0,0.0,0.0,0.0,0.0,0.068917793932485,0.7639383355221068,1.0,0.0,0.0,0.0,0.0,1.0,0.0,1.0,0.0,4.0
1.0,0.0,1.0,0.0,0.0,0.0,0.0,0.0,0.0,1.0,0.0,0.5695933087463486,0.6749019944902666,1.0,0.0,0.0,0.0,0.0,1.0,0.0,1.0,0.0,4.3
1.0,0.0,0.0,1.0,1.0,0.0,1.0,0.0,0.0,0.0,0.0,0.068917793932485,0.16177943652538965,1.0,0.0,0.0,1.0,0.0,0.0,1.0,0.0,0.0,4.3
1.0,1.0,1.0,1.0,0.0,1.0,0.0,1.0,0.0,0.0,0.0,1.0702688235602122,-0.352425464870366,1.0,0.0,0.0,0.0,0.0,1.0,0.0,1.0,0.0,4.5
1.0,1.0,0.0,0.0,0.0,0.0,0.0,0.0,0.0,1.0,0.0,0.068917793932485,0.3862526019482236,1.0,0.0,0.0,0.0,0.0,1.0,0.0,1.0,0.0,4.3
1.0,0.0,0.0,1.0,1.0,0.0,0.0,0.0,0.0,0.0,0.0,-0.43175772088137865,-0.05427966107813933,1.0,0.0,0.0,0.0,0.0,1.0,1.0,0.0,0.0,4.1
1.0,1.0,0.0,0.0,0.0,1.0,0.0,1.0,0.0,0.0,0.0,0.5695933087463486,-0.26087776660853007,1.0,0.0,0.0,0.0,0.0,1.0,0.0,1.0,0.0,4.6
1.0,0.0,0.0,0.0,0.0,0.0,0.0,0.0,0.0,1.0,0.0,1.570944338374076,1.6299119741229142,1.0,0.0,0.0,0.0,0.0,1.0,0.0,1.0,0.0,4.4
1.0,0.0,0.0,0.0,0.0,0.0,0.0,0.0,0.0,1.0,0.0,0.068917793932485,1.2604561379837174,1.0,0.0,0.0,0.0,0.0,1.0,1.0,0.0,0.0,4.1
1.0,1.0,1.0,1.0,0.0,0.0,0.0,0.0,0.0,0.0,0.0,-0.43175772088137865,0.5437207432468615,1.0,0.0,0.0,1.0,0.0,0.0,1.0,0.0,0.0,4.4
1.0,1.0,0.0,0.0,0.0,0.0,0.0,1.0,0.0,0.0,0.0,-0.43175772088137865,-0.03558171609757622,1.0,0.0,0.0,0.0,0.0,1.0,1.0,0.0,0.0,4.8
1.0,0.0,0.0,0.0,1.0,0.0,1.0,0.0,0.0,0.0,0.0,-0.43175772088137865,-0.03558171609757622,1.0,0.0,0.0,0.0,0.0,1.0,0.0,1.0,0.0,4.2
1.0,1.0,1.0,1.0,0.0,1.0,0.0,0.0,0.0,0.0,0.0,0.068917793932485,-0.18277286902510956,1.0,0.0,0.0,0.0,0.0,1.0,0.0,1.0,0.0,4.6
1.0,0.0,0.0,0.0,0.0,0.0,0.0,0.0,1.0,0.0,0.0,-1.433108750509106,0.4563756595758918,1.0,0.0,0.0,0.0,0.0,1.0,0.0,0.0,1.0,4.3
1.0,0.0,0.0,0.0,1.0,0.0,1.0,0.0,0.0,0.0,0.0,-0.43175772088137865,1.2096551633473296,1.0,0.0,0.0,0.0,0.0,1.0,0.0,0.0,1.0,4.2
1.0,1.0,1.0,0.0,0.0,0.0,1.0,0.0,0.0,0.0,0.0,0.068917793932485,1.5879205568534829,1.0,0.0,0.0,0.0,0.0,1.0,0.0,1.0,0.0,4.4
1.0,1.0,0.0,0.0,0.0,0.0,0.0,0.0,1.0,0.0,0.0,0.068917793932485,0.9373848163092673,1.0,0.0,0.0,0.0,0.0,1.0,0.0,0.0,1.0,4.3
1.0,1.0,1.0,0.0,0.0,1.0,0.0,0.0,0.0,0.0,0.0,-0.43175772088137865,0.10844593140257397,1.0,0.0,0.0,0.0,0.0,1.0,0.0,0.0,1.0,4.6
1.0,0.0,1.0,0.0,0.0,0.0,0.0,0.0,0.0,1.0,0.0,0.5695933087463486,0.14893796375712332,1.0,0.0,0.0,0.0,0.0,1.0,0.0,1.0,0.0,4.4
1.0,1.0,1.0,1.0,0.0,1.0,0.0,1.0,0.0,0.0,0.0,1.0702688235602122,-0.7025996905829576,1.0,0.0,0.0,0.0,0.0,1.0,0.0,0.0,1.0,4.4
1.0,0.0,0.0,0.0,0.0,0.0,0.0,0.0,0.0,0.0,1.0,0.068917793932485,1.1534974798884952,1.0,0.0,0.0,0.0,0.0,1.0,0.0,1.0,0.0,4.2
1.0,0.0,0.0,0.0,0.0,0.0,0.0,0.0,0.0,1.0,0.0,0.5695933087463486,1.362992099752878,1.0,0.0,0.0,0.0,0.0,1.0,0.0,1.0,0.0,4.5
1.0,1.0,0.0,0.0,0.0,1.0,0.0,1.0,0.0,0.0,0.0,0.5695933087463486,-0.03558171609757622,1.0,0.0,1.0,0.0,0.0,0.0,0.0,1.0,0.0,4.5
1.0,0.0,0.0,0.0,0.0,0.0,0.0,0.0,0.0,0.0,0.0,0.068917793932485,1.276368001410333,1.0,0.0,0.0,0.0,0.0,1.0,0.0,0.0,1.0,4.2
1.0,0.0,0.0,0.0,0.0,0.0,0.0,0.0,0.0,0.0,0.0,-0.43175772088137865,-0.4235533094499012,1.0,0.0,0.0,0.0,0.0,1.0,0.0,1.0,0.0,4.3
1.0,0.0,1.0,1.0,1.0,1.0,0.0,0.0,1.0,0.0,0.0,0.5695933087463486,0.5854263583742599,1.0,0.0,0.0,0.0,0.0,1.0,0.0,1.0,0.0,4.5
1.0,1.0,0.0,0.0,0.0,0.0,0.0,0.0,1.0,0.0,0.0,-0.43175772088137865,-0.3868038346788303,1.0,0.0,0.0,0.0,0.0,1.0,0.0,1.0,0.0,4.4
1.0,1.0,0.0,0.0,0.0,1.0,0.0,1.0,0.0,0.0,0.0,0.068917793932485,-2.1690193488849734,1.0,0.0,0.0,1.0,0.0,0.0,0.0,1.0,0.0,4.9
1.0,1.0,0.0,0.0,0.0,0.0,0.0,1.0,0.0,0.0,0.0,-0.43175772088137865,-0.6936839121608919,1.0,0.0,0.0,1.0,0.0,0.0,0.0,1.0,0.0,4.5
1.0,1.0,0.0,0.0,0.0,0.0,0.0,1.0,0.0,0.0,0.0,-0.43175772088137865,-1.442813459270284,1.0,0.0,0.0,0.0,0.0,1.0,0.0,0.0,1.0,4.3
1.0,0.0,0.0,0.0,0.0,0.0,0.0,0.0,0.0,1.0,0.0,-0.43175772088137865,1.8924104981621095,1.0,0.0,0.0,0.0,0.0,1.0,0.0,0.0,1.0,4.5
1.0,0.0,0.0,0.0,0.0,0.0,0.0,0.0,0.0,0.0,1.0,0.5695933087463486,-0.6553115558388186,1.0,0.0,0.0,0.0,0.0,1.0,0.0,1.0,0.0,3.4
1.0,1.0,0.0,0.0,0.0,0.0,0.0,0.0,1.0,0.0,0.0,0.5695933087463486,0.32452171911680294,1.0,0.0,1.0,0.0,0.0,0.0,0.0,1.0,0.0,4.5
1.0,0.0,0.0,0.0,1.0,0.0,1.0,0.0,0.0,0.0,0.0,-0.43175772088137865,-0.602748841964004,1.0,0.0,0.0,0.0,0.0,1.0,0.0,1.0,0.0,4.2
1.0,1.0,1.0,0.0,0.0,0.0,1.0,0.0,0.0,0.0,0.0,0.068917793932485,0.14893796375712332,1.0,0.0,0.0,0.0,0.0,1.0,0.0,1.0,0.0,4.4
1.0,0.0,0.0,0.0,0.0,0.0,0.0,0.0,0.0,1.0,1.0,0.5695933087463486,-0.6118789430851016,1.0,0.0,0.0,0.0,0.0,1.0,0.0,0.0,1.0,4.4
1.0,1.0,1.0,1.0,1.0,0.0,0.0,0.0,0.0,0.0,0.0,3.0729708828156665,0.210258522052833,1.0,0.0,0.0,0.0,0.0,1.0,0.0,0.0,1.0,4.6
1.0,0.0,0.0,0.0,0.0,0.0,0.0,0.0,1.0,0.0,0.0,-1.433108750509106,0.5911265918642906,1.0,0.0,0.0,0.0,0.0,1.0,0.0,1.0,0.0,4.3
1.0,1.0,0.0,0.0,0.0,0.0,0.0,0.0,1.0,0.0,0.0,0.068917793932485,1.1124769961195458,1.0,0.0,0.0,0.0,0.0,1.0,0.0,1.0,0.0,4.4
1.0,1.0,1.0,0.0,0.0,0.0,1.0,0.0,0.0,0.0,0.0,0.068917793932485,0.7212770875639902,1.0,0.0,0.0,0.0,0.0,1.0,0.0,1.0,0.0,4.4
1.0,0.0,0.0,0.0,1.0,0.0,1.0,0.0,0.0,0.0,0.0,-0.43175772088137865,1.2096551633473296,1.0,0.0,0.0,0.0,0.0,1.0,0.0,1.0,0.0,4.2
1.0,0.0,1.0,0.0,0.0,0.0,0.0,0.0,0.0,1.0,0.0,0.5695933087463486,-0.3201306859621681,1.0,0.0,0.0,0.0,0.0,1.0,0.0,1.0,0.0,4.2
1.0,0.0,0.0,0.0,0.0,0.0,0.0,0.0,0.0,0.0,0.0,0.068917793932485,0.17431879987155185,1.0,0.0,0.0,0.0,0.0,1.0,0.0,1.0,0.0,4.2
1.0,0.0,0.0,0.0,0.0,0.0,0.0,0.0,0.0,1.0,0.0,0.068917793932485,1.1124769961195458,1.0,0.0,0.0,0.0,0.0,1.0,0.0,1.0,0.0,4.2
1.0,1.0,0.0,0.0,0.0,1.0,0.0,0.0,0.0,0.0,0.0,-0.9324332356952423,0.5183368848219788,1.0,0.0,0.0,1.0,0.0,0.0,0.0,1.0,0.0,4.6
1.0,0.0,0.0,0.0,0.0,0.0,0.0,0.0,0.0,0.0,0.0,0.068917793932485,-0.3201306859621681,1.0,0.0,0.0,0.0,0.0,1.0,0.0,1.0,0.0,3.5
1.0,0.0,0.0,0.0,0.0,0.0,0.0,0.0,0.0,0.0,1.0,0.5695933087463486,-0.8555131090428236,1.0,0.0,0.0,0.0,0.0,1.0,0.0,1.0,0.0,3.6
1.0,1.0,0.0,0.0,0.0,0.0,0.0,1.0,0.0,0.0,0.0,-0.43175772088137865,-0.017517508399021615,1.0,0.0,0.0,1.0,0.0,0.0,0.0,1.0,0.0,4.7
1.0,0.0,1.0,1.0,1.0,1.0,0.0,0.0,1.0,0.0,0.0,0.5695933087463486,0.13577946404708138,1.0,0.0,0.0,0.0,0.0,1.0,0.0,1.0,0.0,4.4
1.0,1.0,0.0,0.0,0.0,0.0,0.0,0.0,0.0,1.0,0.0,0.068917793932485,-0.09376633249647051,1.0,0.0,0.0,0.0,0.0,1.0,0.0,1.0,0.0,4.3
1.0,0.0,0.0,0.0,0.0,0.0,0.0,0.0,0.0,1.0,0.0,-0.43175772088137865,1.8671442184315596,1.0,0.0,0.0,0.0,0.0,1.0,0.0,1.0,0.0,4.5
1.0,1.0,0.0,0.0,0.0,0.0,0.0,1.0,0.0,0.0,0.0,-0.9324332356952423,-0.7474630577263011,1.0,0.0,0.0,1.0,0.0,0.0,0.0,1.0,0.0,4.7
1.0,0.0,0.0,0.0,1.0,0.0,1.0,0.0,0.0,0.0,0.0,-0.43175772088137865,-0.11466370709597222,1.0,0.0,0.0,0.0,0.0,1.0,0.0,1.0,0.0,4.3
1.0,0.0,0.0,0.0,0.0,0.0,0.0,0.0,0.0,0.0,0.0,0.068917793932485,-0.3868038346788303,1.0,0.0,0.0,0.0,0.0,1.0,0.0,1.0,0.0,4.7
1.0,1.0,0.0,0.0,0.0,0.0,0.0,0.0,0.0,0.0,1.0,0.5695933087463486,-0.352425464870366,1.0,0.0,1.0,0.0,0.0,0.0,0.0,1.0,0.0,4.5
1.0,1.0,0.0,0.0,0.0,0.0,0.0,0.0,0.0,1.0,0.0,0.5695933087463486,-1.2539862962349573,1.0,0.0,0.0,0.0,0.0,1.0,0.0,1.0,0.0,4.5
1.0,0.0,0.0,1.0,1.0,0.0,1.0,0.0,0.0,0.0,0.0,0.068917793932485,-0.15908955306369255,1.0,0.0,0.0,1.0,0.0,0.0,0.0,1.0,0.0,4.3
1.0,1.0,0.0,0.0,0.0,0.0,0.0,0.0,0.0,1.0,1.0,1.570944338374076,0.6749019944902666,1.0,0.0,0.0,0.0,0.0,1.0,0.0,1.0,0.0,4.3
1.0,0.0,1.0,0.0,0.0,0.0,0.0,0.0,0.0,0.0,1.0,1.0702688235602122,-4.548351275721192e-05,1.0,0.0,0.0,0.0,0.0,1.0,0.0,1.0,0.0,4.5
1.0,0.0,1.0,0.0,0.0,0.0,0.0,0.0,0.0,1.0,0.0,0.5695933087463486,0.12228788695294104,1.0,0.0,0.0,0.0,0.0,1.0,0.0,1.0,0.0,4.3
1.0,0.0,0.0,0.0,0.0,0.0,0.0,0.0,1.0,0.0,0.0,-1.433108750509106,0.8034367165364773,1.0,0.0,0.0,0.0,0.0,1.0,0.0,1.0,0.0,4.3
1.0,0.0,0.0,0.0,1.0,0.0,1.0,0.0,0.0,0.0,0.0,-0.43175772088137865,0.8034367165364773,1.0,0.0,0.0,0.0,0.0,1.0,0.0,0.0,1.0,4.3
1.0,1.0,1.0,0.0,0.0,0.0,1.0,0.0,0.0,0.0,0.0,0.068917793932485,0.06462309137377105,1.0,0.0,0.0,0.0,0.0,1.0,0.0,0.0,1.0,4.4
1.0,0.0,0.0,0.0,0.0,0.0,1.0,0.0,0.0,0.0,0.0,-0.9324332356952423,0.5679505141994073,1.0,0.0,0.0,0.0,0.0,1.0,0.0,1.0,0.0,4.4
1.0,0.0,1.0,0.0,0.0,0.0,0.0,0.0,0.0,1.0,0.0,0.5695933087463486,0.5183368848219788,1.0,0.0,0.0,0.0,0.0,1.0,0.0,0.0,1.0,4.4
1.0,1.0,0.0,0.0,0.0,0.0,0.0,1.0,0.0,0.0,0.0,-0.43175772088137865,-0.4235533094499012,1.0,0.0,0.0,1.0,0.0,0.0,0.0,1.0,0.0,4.8
1.0,1.0,0.0,0.0,0.0,1.0,0.0,1.0,0.0,0.0,0.0,0.5695933087463486,-0.13641391974693565,1.0,0.0,0.0,1.0,0.0,0.0,0.0,0.0,1.0,4.4
1.0,0.0,0.0,1.0,1.0,0.0,1.0,0.0,0.0,0.0,0.0,0.068917793932485,0.12228788695294104,1.0,0.0,0.0,1.0,0.0,0.0,0.0,1.0,0.0,4.2
1.0,1.0,0.0,0.0,0.0,0.0,0.0,0.0,0.0,1.0,0.0,0.068917793932485,-0.03558171609757622,1.0,0.0,0.0,0.0,0.0,1.0,0.0,1.0,0.0,4.3
1.0,1.0,1.0,1.0,1.0,0.0,0.0,0.0,0.0,0.0,0.0,1.570944338374076,0.6241042498897668,1.0,0.0,0.0,1.0,0.0,0.0,0.0,0.0,1.0,4.2
1.0,1.0,1.0,0.0,0.0,0.0,0.0,0.0,0.0,0.0,1.0,1.0702688235602122,-0.9759532869577601,1.0,0.0,0.0,1.0,0.0,0.0,0.0,0.0,1.0,4.2
1.0,1.0,1.0,0.0,0.0,0.0,0.0,0.0,0.0,0.0,0.0,0.068917793932485,-1.5143568466842523,1.0,0.0,0.0,0.0,0.0,1.0,0.0,1.0,0.0,4.2
1.0,1.0,0.0,0.0,0.0,0.0,0.0,1.0,0.0,0.0,0.0,-0.9324332356952423,-1.1463674134316826,1.0,0.0,0.0,1.0,0.0,0.0,0.0,1.0,0.0,4.3
1.0,1.0,1.0,0.0,0.0,0.0,0.0,0.0,1.0,0.0,0.0,0.068917793932485,-1.2894720811296718,1.0,0.0,0.0,0.0,0.0,1.0,0.0,0.0,1.0,4.4
1.0,1.0,1.0,1.0,1.0,0.0,0.0,0.0,0.0,0.0,1.0,0.5695933087463486,-1.3192576928235364,1.0,0.0,0.0,0.0,0.0,1.0,0.0,0.0,1.0,4.4
1.0,0.0,1.0,1.0,1.0,0.0,1.0,0.0,0.0,0.0,0.0,0.5695933087463486,-1.8523732417002918,1.0,0.0,0.0,0.0,0.0,1.0,0.0,0.0,1.0,3.7
1.0,1.0,0.0,0.0,0.0,0.0,0.0,0.0,0.0,1.0,0.0,0.068917793932485,-1.4505949661377762,1.0,0.0,0.0,0.0,0.0,1.0,0.0,1.0,0.0,4.1
1.0,1.0,0.0,0.0,0.0,0.0,0.0,1.0,0.0,0.0,0.0,-0.9324332356952423,-0.7116671419915082,1.0,0.0,0.0,1.0,0.0,0.0,0.0,0.0,1.0,4.7
1.0,1.0,1.0,0.0,0.0,0.0,1.0,0.0,0.0,0.0,0.0,0.068917793932485,-2.0768900239791352,1.0,0.0,0.0,0.0,0.0,1.0,0.0,0.0,1.0,4.5
1.0,1.0,1.0,0.0,0.0,0.0,0.0,0.0,0.0,0.0,0.0,-0.9324332356952423,-2.8418241645763573,1.0,0.0,0.0,0.0,0.0,1.0,0.0,0.0,1.0,4.7
1.0,0.0,0.0,0.0,0.0,0.0,0.0,0.0,1.0,0.0,0.0,-1.433108750509106,-1.6550874295250775,1.0,0.0,0.0,0.0,0.0,1.0,0.0,1.0,0.0,4.1
1.0,0.0,0.0,0.0,1.0,0.0,1.0,0.0,0.0,0.0,0.0,-0.43175772088137865,-0.20755761043855708,1.0,0.0,0.0,0.0,0.0,1.0,0.0,1.0,0.0,4.4
1.0,1.0,0.0,0.0,0.0,0.0,0.0,0.0,1.0,0.0,0.0,0.068917793932485,-1.1583124231965278,1.0,0.0,0.0,0.0,0.0,1.0,0.0,0.0,1.0,4.3
1.0,1.0,0.0,0.0,0.0,1.0,0.0,0.0,0.0,0.0,0.0,-0.9324332356952423,-0.9066580391031189,1.0,0.0,0.0,0.0,0.0,1.0,0.0,1.0,0.0,4.5
1.0,1.0,1.0,1.0,0.0,1.0,0.0,0.0,0.0,0.0,0.0,0.068917793932485,-1.3274898835377276,1.0,0.0,0.0,0.0,0.0,1.0,0.0,1.0,0.0,4.5
1.0,0.0,0.0,0.0,0.0,0.0,0.0,0.0,1.0,0.0,0.0,-1.433108750509106,1.0195465601826168,1.0,0.0,0.0,0.0,0.0,1.0,0.0,1.0,0.0,4.3
1.0,0.0,0.0,0.0,1.0,0.0,1.0,0.0,0.0,0.0,0.0,-0.43175772088137865,1.2271323446677322,1.0,0.0,0.0,0.0,0.0,1.0,0.0,0.0,1.0,4.3
1.0,1.0,0.0,0.0,0.0,0.0,0.0,0.0,1.0,0.0,0.0,0.068917793932485,0.8402090178443264,1.0,0.0,0.0,0.0,0.0,1.0,0.0,0.0,1.0,4.3
1.0,0.0,0.0,0.0,0.0,0.0,0.0,0.0,0.0,0.0,0.0,0.068917793932485,1.3761535237988725,1.0,0.0,0.0,0.0,0.0,1.0,0.0,1.0,0.0,4.2
1.0,0.0,0.0,0.0,0.0,0.0,0.0,0.0,0.0,0.0,0.0,-0.43175772088137865,-0.05427966107813933,1.0,0.0,0.0,0.0,1.0,0.0,0.0,1.0,0.0,4.7
1.0,0.0,0.0,0.0,0.0,1.0,0.0,0.0,0.0,0.0,0.0,-1.433108750509106,-0.5056558773077074,1.0,0.0,0.0,0.0,0.0,1.0,0.0,0.0,1.0,4.8
1.0,1.0,0.0,0.0,0.0,0.0,0.0,0.0,0.0,0.0,0.0,-0.43175772088137865,0.9373848163092673,1.0,0.0,1.0,0.0,0.0,0.0,0.0,0.0,1.0,4.5
1.0,0.0,1.0,0.0,0.0,0.0,0.0,0.0,0.0,1.0,0.0,0.5695933087463486,-4.548351275721192e-05,1.0,0.0,0.0,0.0,0.0,1.0,0.0,0.0,1.0,4.4
1.0,1.0,0.0,0.0,0.0,0.0,0.0,1.0,0.0,0.0,0.0,-0.43175772088137865,1.0195465601826168,1.0,0.0,0.0,0.0,0.0,1.0,0.0,0.0,1.0,4.8
1.0,1.0,0.0,0.0,0.0,0.0,0.0,1.0,0.0,0.0,0.0,-0.43175772088137865,0.6749019944902666,1.0,0.0,0.0,1.0,0.0,0.0,0.0,0.0,1.0,4.5
1.0,1.0,0.0,0.0,0.0,1.0,0.0,1.0,0.0,0.0,0.0,0.5695933087463486,0.418562067065081,1.0,0.0,1.0,0.0,0.0,0.0,0.0,0.0,1.0,4.5
1.0,0.0,0.0,1.0,0.0,0.0,0.0,0.0,0.0,1.0,0.0,0.068917793932485,1.3494974483779831,1.0,0.0,0.0,1.0,0.0,0.0,0.0,1.0,0.0,4.7
1.0,0.0,0.0,0.0,0.0,0.0,0.0,0.0,0.0,0.0,1.0,0.5695933087463486,-0.7467649256635189,1.0,0.0,0.0,0.0,0.0,1.0,0.0,1.0,0.0,4.0
1.0,1.0,1.0,1.0,0.0,1.0,0.0,0.0,0.0,0.0,0.0,0.068917793932485,-0.9933952931885782,1.0,0.0,0.0,0.0,0.0,1.0,0.0,1.0,0.0,4.7
1.0,0.0,0.0,0.0,0.0,0.0,0.0,0.0,0.0,1.0,0.0,-0.43175772088137865,1.8406204158422164,1.0,0.0,0.0,0.0,0.0,1.0,0.0,1.0,0.0,4.1
1.0,0.0,0.0,0.0,0.0,0.0,0.0,0.0,0.0,0.0,0.0,-1.433108750509106,1.3761535237988725,1.0,0.0,0.0,0.0,0.0,1.0,0.0,1.0,0.0,4.4
1.0,0.0,0.0,0.0,0.0,0.0,0.0,0.0,1.0,0.0,0.0,-1.433108750509106,0.6241042498897668,1.0,0.0,0.0,0.0,0.0,1.0,0.0,0.0,1.0,4.2
1.0,0.0,0.0,0.0,1.0,0.0,1.0,0.0,0.0,0.0,0.0,-0.43175772088137865,1.2918185992199207,1.0,0.0,0.0,0.0,0.0,1.0,0.0,0.0,1.0,4.3
1.0,0.0,0.0,0.0,0.0,0.0,1.0,0.0,0.0,0.0,0.0,-0.9324332356952423,1.0907187917020442,1.0,0.0,0.0,0.0,0.0,1.0,0.0,0.0,1.0,4.3
1.0,1.0,0.0,0.0,0.0,0.0,0.0,0.0,1.0,0.0,0.0,0.068917793932485,1.0195465601826168,1.0,0.0,0.0,0.0,0.0,1.0,0.0,1.0,0.0,4.4
1.0,0.0,0.0,0.0,0.0,0.0,0.0,0.0,0.0,0.0,0.0,-1.433108750509106,-0.15908955306369255,1.0,0.0,0.0,0.0,0.0,1.0,0.0,0.0,1.0,4.7
1.0,0.0,1.0,0.0,0.0,0.0,0.0,0.0,0.0,1.0,0.0,0.5695933087463486,0.07963460880487269,1.0,0.0,0.0,0.0,0.0,1.0,0.0,1.0,0.0,4.1
1.0,1.0,0.0,0.0,0.0,1.0,0.0,1.0,0.0,0.0,0.0,0.5695933087463486,-0.3868038346788303,1.0,0.0,1.0,0.0,0.0,0.0,0.0,1.0,0.0,4.4
1.0,1.0,0.0,0.0,0.0,0.0,0.0,1.0,0.0,0.0,0.0,-0.9324332356952423,-0.6500485248365218,1.0,0.0,0.0,1.0,0.0,0.0,0.0,0.0,1.0,4.8
1.0,0.0,0.0,0.0,0.0,0.0,0.0,0.0,0.0,0.0,0.0,0.068917793932485,-0.11466370709597222,1.0,0.0,0.0,0.0,0.0,1.0,0.0,1.0,0.0,3.7
1.0,1.0,0.0,0.0,0.0,0.0,0.0,0.0,0.0,1.0,0.0,0.068917793932485,0.09423491229154198,1.0,0.0,0.0,0.0,0.0,1.0,0.0,0.0,1.0,4.3
1.0,0.0,0.0,0.0,0.0,0.0,0.0,0.0,0.0,1.0,0.0,-0.43175772088137865,1.6908945358925862,1.0,0.0,0.0,0.0,0.0,1.0,0.0,0.0,1.0,4.5
1.0,1.0,0.0,0.0,0.0,0.0,0.0,0.0,0.0,1.0,0.0,0.068917793932485,-1.2156478071664045,1.0,0.0,0.0,0.0,0.0,1.0,0.0,0.0,1.0,3.8
1.0,0.0,0.0,0.0,0.0,0.0,0.0,0.0,0.0,0.0,0.0,0.068917793932485,0.28574631127348243,1.0,0.0,0.0,0.0,0.0,1.0,0.0,0.0,1.0,4.3
1.0,1.0,0.0,0.0,0.0,0.0,0.0,1.0,0.0,0.0,0.0,-0.43175772088137865,-0.03558171609757622,1.0,0.0,0.0,1.0,0.0,0.0,0.0,1.0,0.0,4.5
1.0,1.0,0.0,0.0,0.0,0.0,0.0,1.0,0.0,0.0,0.0,-0.43175772088137865,-1.2649392245077817,1.0,0.0,0.0,0.0,0.0,1.0,0.0,1.0,0.0,3.8
1.0,1.0,0.0,0.0,0.0,0.0,0.0,1.0,0.0,0.0,0.0,-0.9324332356952423,0.22171937539869147,1.0,0.0,0.0,1.0,0.0,0.0,0.0,1.0,0.0,4.7
1.0,0.0,0.0,0.0,0.0,0.0,0.0,0.0,0.0,1.0,1.0,0.5695933087463486,1.2271323446677322,1.0,0.0,0.0,0.0,0.0,1.0,0.0,0.0,1.0,4.1
1.0,0.0,1.0,1.0,0.0,0.0,0.0,0.0,0.0,1.0,0.0,0.5695933087463486,-0.602748841964004,1.0,0.0,0.0,0.0,0.0,1.0,0.0,1.0,0.0,3.8
1.0,0.0,0.0,0.0,0.0,0.0,0.0,0.0,0.0,0.0,0.0,-1.433108750509106,1.5517701151541168,1.0,0.0,0.0,0.0,0.0,1.0,0.0,0.0,1.0,4.6
1.0,1.0,1.0,0.0,0.0,0.0,1.0,0.0,0.0,0.0,0.0,0.068917793932485,1.4374867968267098,1.0,0.0,0.0,0.0,0.0,1.0,0.0,1.0,0.0,4.4
1.0,0.0,0.0,1.0,0.0,0.0,0.0,0.0,1.0,0.0,0.0,0.068917793932485,0.6749019944902666,1.0,0.0,0.0,1.0,0.0,0.0,0.0,0.0,1.0,4.1
1.0,0.0,0.0,0.0,0.0,0.0,0.0,0.0,0.0,0.0,0.0,-0.9324332356952423,1.4711619427037288,1.0,0.0,0.0,1.0,0.0,0.0,0.0,1.0,0.0,4.6
1.0,0.0,0.0,1.0,0.0,0.0,0.0,0.0,0.0,0.0,0.0,-0.43175772088137865,-0.6659961313699976,1.0,0.0,0.0,0.0,0.0,1.0,0.0,1.0,0.0,4.7
1.0,0.0,0.0,0.0,0.0,0.0,0.0,0.0,1.0,0.0,0.0,-1.433108750509106,0.5117974364164499,1.0,0.0,0.0,0.0,0.0,1.0,0.0,1.0,0.0,4.4
1.0,1.0,0.0,0.0,0.0,0.0,0.0,0.0,0.0,0.0,0.0,-1.433108750509106,-0.2896813027803648,1.0,0.0,0.0,0.0,0.0,1.0,0.0,1.0,0.0,4.4
1.0,1.0,1.0,0.0,0.0,0.0,0.0,0.0,0.0,0.0,0.0,-0.43175772088137865,-0.09376633249647051,1.0,0.0,1.0,0.0,0.0,0.0,0.0,1.0,0.0,4.7
1.0,1.0,0.0,0.0,0.0,1.0,0.0,0.0,0.0,0.0,0.0,1.0702688235602122,0.6023473778412264,1.0,0.0,1.0,0.0,0.0,0.0,1.0,0.0,0.0,4.5
1.0,0.0,0.0,0.0,0.0,0.0,0.0,0.0,0.0,0.0,0.0,-0.43175772088137865,0.6133368146934652,1.0,0.0,1.0,0.0,0.0,0.0,1.0,0.0,0.0,4.3
1.0,0.0,0.0,0.0,0.0,0.0,1.0,0.0,0.0,0.0,0.0,-0.9324332356952423,1.3889977816672303,1.0,0.0,0.0,0.0,0.0,1.0,0.0,1.0,0.0,4.3
1.0,0.0,0.0,0.0,0.0,1.0,0.0,0.0,0.0,0.0,0.0,-1.433108750509106,0.5619955449465179,1.0,0.0,0.0,0.0,0.0,1.0,0.0,1.0,0.0,4.6
1.0,1.0,0.0,0.0,0.0,0.0,0.0,0.0,0.0,0.0,0.0,0.5695933087463486,-0.09376633249647051,1.0,0.0,1.0,0.0,0.0,0.0,1.0,0.0,0.0,4.5
1.0,0.0,0.0,1.0,0.0,0.0,0.0,0.0,0.0,0.0,1.0,0.068917793932485,1.4711619427037288,1.0,0.0,0.0,0.0,0.0,1.0,1.0,0.0,0.0,4.6
1.0,1.0,0.0,0.0,0.0,1.0,0.0,0.0,0.0,0.0,0.0,-0.9324332356952423,-1.0360599576918677,1.0,0.0,0.0,0.0,1.0,0.0,1.0,0.0,0.0,4.8
1.0,0.0,0.0,0.0,0.0,0.0,0.0,0.0,0.0,1.0,0.0,0.5695933087463486,1.4819302480374092,1.0,0.0,0.0,0.0,0.0,1.0,0.0,1.0,0.0,4.3
1.0,1.0,0.0,0.0,0.0,1.0,0.0,0.0,0.0,0.0,0.0,-0.9324332356952423,0.5183368848219788,1.0,0.0,0.0,0.0,0.0,1.0,1.0,0.0,0.0,4.6
1.0,1.0,0.0,0.0,0.0,1.0,0.0,0.0,0.0,0.0,0.0,-0.9324332356952423,-0.26087776660853007,1.0,0.0,0.0,0.0,0.0,1.0,0.0,1.0,0.0,4.6
1.0,0.0,0.0,0.0,0.0,0.0,0.0,0.0,0.0,0.0,1.0,0.5695933087463486,-0.7084110307434957,1.0,0.0,0.0,0.0,0.0,1.0,0.0,1.0,0.0,3.7
1.0,1.0,0.0,0.0,0.0,0.0,0.0,0.0,1.0,0.0,0.0,-0.43175772088137865,-0.3868038346788303,1.0,0.0,0.0,0.0,0.0,1.0,0.0,1.0,0.0,4.5
1.0,1.0,1.0,1.0,0.0,1.0,0.0,1.0,0.0,0.0,0.0,1.0702688235602122,0.37785967537725096,1.0,0.0,0.0,0.0,0.0,1.0,1.0,0.0,0.0,4.4
1.0,1.0,1.0,1.0,0.0,0.0,0.0,0.0,0.0,0.0,0.0,0.068917793932485,0.8034367165364773,1.0,0.0,0.0,0.0,0.0,1.0,1.0,0.0,0.0,4.7
1.0,0.0,0.0,0.0,0.0,0.0,0.0,0.0,0.0,0.0,1.0,0.068917793932485,0.44902450522090864,1.0,0.0,0.0,0.0,0.0,1.0,1.0,0.0,0.0,4.1
1.0,1.0,0.0,0.0,0.0,1.0,0.0,1.0,0.0,0.0,0.0,-0.43175772088137865,-1.550921378761191,1.0,0.0,0.0,1.0,0.0,0.0,0.0,1.0,0.0,4.5
1.0,1.0,1.0,0.0,0.0,0.0,0.0,0.0,0.0,0.0,0.0,0.068917793932485,-1.4453946931462989,1.0,0.0,0.0,0.0,0.0,1.0,0.0,1.0,0.0,4.1
1.0,0.0,1.0,0.0,0.0,0.0,0.0,0.0,0.0,0.0,1.0,-0.43175772088137865,-2.3751785319140377,1.0,0.0,0.0,1.0,0.0,0.0,0.0,1.0,0.0,4.2
1.0,0.0,0.0,0.0,1.0,0.0,0.0,0.0,0.0,0.0,0.0,-1.433108750509106,0.9069197658148181,1.0,0.0,0.0,1.0,0.0,0.0,0.0,0.0,1.0,4.4
1.0,0.0,0.0,0.0,0.0,1.0,1.0,0.0,1.0,0.0,0.0,0.5695933087463486,1.0195465601826168,1.0,0.0,0.0,1.0,0.0,0.0,0.0,1.0,0.0,4.6
1.0,0.0,0.0,0.0,0.0,0.0,0.0,0.0,0.0,0.0,1.0,1.0702688235602122,0.016871955321440563,1.0,0.0,0.0,0.0,0.0,1.0,1.0,0.0,0.0,4.2
1.0,1.0,1.0,1.0,1.0,1.0,0.0,0.0,0.0,0.0,1.0,3.0729708828156665,0.23293898040166228,1.0,0.0,0.0,1.0,0.0,0.0,0.0,1.0,0.0,4.2
1.0,1.0,1.0,1.0,1.0,0.0,0.0,0.0,0.0,0.0,0.0,1.0702688235602122,1.3214378266971476,1.0,0.0,0.0,0.0,0.0,1.0,0.0,1.0,0.0,4.6
1.0,0.0,0.0,0.0,0.0,0.0,0.0,0.0,1.0,0.0,0.0,-1.433108750509106,0.3862526019482236,1.0,0.0,0.0,0.0,0.0,1.0,1.0,0.0,0.0,4.5
1.0,1.0,1.0,1.0,0.0,1.0,0.0,0.0,0.0,0.0,0.0,0.068917793932485,1.5129883567603202,1.0,0.0,0.0,1.0,0.0,0.0,0.0,1.0,0.0,4.7
1.0,0.0,0.0,0.0,0.0,0.0,1.0,0.0,0.0,0.0,0.0,-0.9324332356952423,1.0195465601826168,1.0,0.0,0.0,0.0,0.0,1.0,0.0,0.0,1.0,4.3
1.0,0.0,0.0,0.0,0.0,0.0,0.0,0.0,0.0,1.0,0.0,-0.43175772088137865,0.28574631127348243,1.0,0.0,1.0,0.0,0.0,0.0,1.0,0.0,0.0,4.4
1.0,1.0,0.0,0.0,0.0,0.0,0.0,0.0,0.0,0.0,0.0,-0.43175772088137865,0.6749019944902666,1.0,0.0,1.0,0.0,0.0,0.0,1.0,0.0,0.0,4.6
1.0,0.0,0.0,0.0,1.0,1.0,0.0,0.0,0.0,0.0,0.0,2.0716198531879395,1.1915854436659128,1.0,0.0,0.0,1.0,0.0,0.0,0.0,1.0,0.0,4.5
1.0,1.0,0.0,0.0,0.0,0.0,0.0,0.0,0.0,0.0,0.0,-0.9324332356952423,1.3214378266971476,1.0,0.0,0.0,0.0,0.0,1.0,0.0,0.0,1.0,4.7
1.0,0.0,0.0,0.0,0.0,0.0,0.0,0.0,0.0,1.0,0.0,-0.43175772088137865,0.6241042498897668,1.0,0.0,1.0,0.0,0.0,0.0,1.0,0.0,0.0,4.3
1.0,1.0,0.0,0.0,0.0,0.0,0.0,1.0,0.0,0.0,0.0,-0.9324332356952423,-0.623377590152657,1.0,0.0,0.0,1.0,0.0,0.0,0.0,1.0,0.0,4.6
1.0,0.0,1.0,0.0,0.0,0.0,0.0,0.0,0.0,1.0,0.0,-0.43175772088137865,0.6749019944902666,1.0,0.0,0.0,1.0,0.0,0.0,1.0,0.0,0.0,4.5
1.0,0.0,0.0,0.0,0.0,0.0,0.0,0.0,0.0,1.0,1.0,-0.43175772088137865,0.16177943652538965,1.0,0.0,0.0,0.0,0.0,1.0,0.0,1.0,0.0,4.2
1.0,1.0,0.0,0.0,0.0,0.0,0.0,0.0,0.0,0.0,0.0,-0.43175772088137865,0.6133368146934652,1.0,0.0,1.0,0.0,0.0,0.0,0.0,0.0,1.0,4.5
1.0,0.0,1.0,1.0,0.0,0.0,0.0,0.0,0.0,0.0,0.0,-0.9324332356952423,-2.4904305848348476,1.0,0.0,0.0,0.0,0.0,1.0,1.0,0.0,0.0,4.2
1.0,0.0,0.0,0.0,0.0,0.0,0.0,0.0,1.0,0.0,0.0,-1.433108750509106,1.2096551633473296,1.0,0.0,0.0,0.0,0.0,1.0,0.0,0.0,1.0,4.0
1.0,1.0,0.0,0.0,0.0,1.0,0.0,0.0,0.0,0.0,0.0,-0.9324332356952423,0.18656994256954426,1.0,0.0,0.0,0.0,0.0,1.0,0.0,0.0,1.0,4.4
1.0,1.0,0.0,0.0,0.0,0.0,0.0,0.0,0.0,0.0,0.0,-0.43175772088137865,0.28574631127348243,1.0,0.0,1.0,0.0,0.0,0.0,0.0,1.0,0.0,4.5
1.0,0.0,1.0,0.0,0.0,0.0,0.0,0.0,0.0,1.0,0.0,0.5695933087463486,-0.05427966107813933,1.0,0.0,0.0,0.0,0.0,1.0,0.0,0.0,1.0,4.2
1.0,0.0,0.0,0.0,0.0,0.0,0.0,0.0,0.0,0.0,0.0,-0.43175772088137865,1.930499483012187,1.0,0.0,0.0,0.0,0.0,1.0,0.0,1.0,0.0,4.3
1.0,1.0,1.0,0.0,0.0,0.0,1.0,0.0,0.0,0.0,0.0,0.068917793932485,1.861943996174763,1.0,0.0,0.0,0.0,0.0,1.0,0.0,0.0,1.0,4.3
1.0,0.0,0.0,0.0,1.0,0.0,1.0,0.0,0.0,0.0,0.0,-0.43175772088137865,0.524797074840798,1.0,0.0,0.0,0.0,0.0,1.0,0.0,1.0,0.0,4.2
1.0,1.0,1.0,1.0,1.0,0.0,0.0,0.0,0.0,0.0,0.0,1.570944338374076,0.44902450522090864,1.0,0.0,0.0,1.0,0.0,0.0,0.0,0.0,1.0,3.8
1.0,1.0,1.0,0.0,0.0,0.0,0.0,0.0,1.0,0.0,0.0,0.5695933087463486,0.3862526019482236,1.0,0.0,0.0,0.0,1.0,0.0,1.0,0.0,0.0,4.4
1.0,0.0,0.0,0.0,1.0,1.0,0.0,0.0,0.0,0.0,0.0,2.0716198531879395,1.4257717749582075,1.0,0.0,0.0,1.0,0.0,0.0,0.0,0.0,1.0,4.5
1.0,1.0,1.0,1.0,0.0,1.0,0.0,0.0,0.0,0.0,0.0,3.0729708828156665,-0.13641391974693565,1.0,0.0,0.0,0.0,0.0,1.0,0.0,1.0,0.0,4.5
1.0,1.0,1.0,1.0,0.0,1.0,0.0,1.0,0.0,0.0,0.0,1.0702688235602122,0.24392728447557765,1.0,0.0,0.0,0.0,0.0,1.0,0.0,1.0,0.0,4.5
1.0,0.0,0.0,0.0,0.0,0.0,0.0,0.0,0.0,1.0,0.0,-0.9324332356952423,0.7212770875639902,1.0,0.0,1.0,0.0,0.0,0.0,0.0,1.0,0.0,4.2
1.0,0.0,0.0,0.0,0.0,0.0,0.0,0.0,0.0,0.0,1.0,0.5695933087463486,2.071051262723299,1.0,0.0,0.0,0.0,0.0,1.0,0.0,1.0,0.0,4.2
1.0,1.0,1.0,0.0,0.0,0.0,0.0,0.0,0.0,0.0,0.0,-0.43175772088137865,0.4415705485682876,1.0,0.0,1.0,0.0,0.0,0.0,1.0,0.0,0.0,4.6
1.0,0.0,1.0,0.0,0.0,0.0,0.0,0.0,0.0,0.0,1.0,-0.43175772088137865,-2.960764977919694,1.0,0.0,0.0,1.0,0.0,0.0,0.0,1.0,0.0,3.7
1.0,0.0,1.0,1.0,1.0,0.0,0.0,0.0,0.0,0.0,0.0,1.570944338374076,-0.017517508399021615,1.0,0.0,0.0,1.0,0.0,0.0,0.0,0.0,1.0,4.4
1.0,1.0,0.0,0.0,0.0,0.0,1.0,0.0,1.0,0.0,0.0,0.5695933087463486,0.27559510456842035,1.0,0.0,0.0,0.0,1.0,0.0,1.0,0.0,0.0,4.4
1.0,0.0,1.0,1.0,1.0,0.0,0.0,0.0,1.0,1.0,1.0,1.570944338374076,0.5619955449465179,1.0,0.0,0.0,0.0,0.0,1.0,0.0,0.0,1.0,4.4
1.0,0.0,1.0,0.0,1.0,0.0,0.0,0.0,0.0,0.0,0.0,2.572295368001803,-2.8418241645763573,1.0,0.0,0.0,0.0,0.0,1.0,1.0,0.0,0.0,4.7
1.0,0.0,0.0,0.0,0.0,0.0,0.0,0.0,1.0,0.0,0.0,-1.433108750509106,0.17431879987155185,1.0,0.0,0.0,0.0,0.0,1.0,0.0,1.0,0.0,4.5
1.0,1.0,0.0,0.0,0.0,0.0,0.0,0.0,0.0,0.0,0.0,-1.433108750509106,0.6133368146934652,1.0,0.0,0.0,0.0,0.0,1.0,0.0,1.0,0.0,4.6
1.0,1.0,0.0,0.0,0.0,0.0,0.0,0.0,0.0,0.0,0.0,0.068917793932485,1.532731868730305,1.0,0.0,0.0,0.0,0.0,1.0,0.0,1.0,0.0,4.5
1.0,0.0,0.0,0.0,0.0,0.0,0.0,0.0,0.0,0.0,0.0,0.068917793932485,0.8746073618527217,1.0,0.0,0.0,0.0,0.0,1.0,0.0,1.0,0.0,4.4
1.0,1.0,1.0,1.0,0.0,1.0,0.0,1.0,0.0,0.0,0.0,1.0702688235602122,-0.4630253536373353,1.0,0.0,0.0,0.0,0.0,1.0,0.0,1.0,0.0,4.3
1.0,1.0,1.0,0.0,0.0,0.0,0.0,0.0,0.0,0.0,0.0,-0.43175772088137865,-0.05427966107813933,1.0,0.0,1.0,0.0,0.0,0.0,0.0,1.0,0.0,4.6
1.0,1.0,1.0,1.0,0.0,0.0,0.0,0.0,0.0,0.0,0.0,0.5695933087463486,1.3761535237988725,1.0,0.0,0.0,0.0,0.0,1.0,0.0,1.0,0.0,4.5
1.0,1.0,1.0,1.0,0.0,0.0,0.0,0.0,0.0,0.0,0.0,0.068917793932485,0.6241042498897668,1.0,0.0,0.0,0.0,0.0,1.0,0.0,1.0,0.0,4.7
1.0,0.0,0.0,0.0,1.0,0.0,1.0,0.0,0.0,0.0,0.0,-0.43175772088137865,0.06462309137377105,1.0,0.0,0.0,0.0,0.0,1.0,0.0,1.0,0.0,4.2
1.0,1.0,1.0,0.0,0.0,0.0,1.0,0.0,0.0,0.0,0.0,0.068917793932485,1.6051160853364337,1.0,0.0,0.0,0.0,0.0,1.0,0.0,1.0,0.0,4.4
1.0,1.0,1.0,1.0,0.0,1.0,0.0,0.0,0.0,0.0,0.0,0.068917793932485,0.7212770875639902,1.0,0.0,0.0,0.0,0.0,1.0,0.0,1.0,0.0,4.7
1.0,0.0,0.0,1.0,0.0,0.0,0.0,0.0,0.0,0.0,1.0,0.068917793932485,1.5517701151541168,1.0,0.0,0.0,0.0,0.0,1.0,0.0,1.0,0.0,4.6
1.0,1.0,0.0,0.0,0.0,1.0,0.0,0.0,0.0,0.0,0.0,-0.9324332356952423,-0.7903606362615838,1.0,0.0,0.0,0.0,0.0,1.0,0.0,1.0,0.0,4.6
1.0,0.0,0.0,0.0,0.0,0.0,0.0,0.0,0.0,1.0,0.0,0.5695933087463486,2.220850076927311,1.0,0.0,0.0,0.0,0.0,1.0,0.0,1.0,0.0,4.3
1.0,0.0,0.0,0.0,0.0,0.0,0.0,0.0,0.0,0.0,0.0,0.068917793932485,2.2046146782439435,1.0,0.0,0.0,0.0,0.0,1.0,0.0,1.0,0.0,4.5
1.0,1.0,0.0,0.0,0.0,0.0,0.0,0.0,1.0,0.0,0.0,-0.43175772088137865,-0.6618155314785092,1.0,0.0,0.0,0.0,0.0,1.0,0.0,1.0,0.0,4.5
1.0,1.0,1.0,0.0,0.0,1.0,0.0,0.0,0.0,0.0,0.0,-0.43175772088137865,0.8746073618527217,1.0,0.0,0.0,0.0,0.0,1.0,0.0,1.0,0.0,4.3
1.0,1.0,1.0,0.0,0.0,0.0,1.0,0.0,0.0,0.0,0.0,0.068917793932485,-1.0695009835194216,1.0,0.0,0.0,0.0,0.0,1.0,0.0,1.0,0.0,4.2
1.0,0.0,0.0,0.0,0.0,0.0,0.0,0.0,0.0,0.0,0.0,0.068917793932485,-0.18277286902510956,1.0,0.0,0.0,0.0,0.0,1.0,0.0,1.0,0.0,3.8
1.0,1.0,0.0,0.0,0.0,0.0,0.0,0.0,1.0,0.0,0.0,0.068917793932485,1.1915854436659128,1.0,0.0,0.0,0.0,0.0,1.0,0.0,1.0,0.0,4.3
1.0,0.0,1.0,0.0,1.0,0.0,0.0,0.0,0.0,1.0,1.0,1.570944338374076,1.4711619427037288,1.0,0.0,0.0,0.0,0.0,1.0,0.0,1.0,0.0,4.4
1.0,0.0,0.0,1.0,0.0,0.0,0.0,0.0,0.0,0.0,0.0,-0.9324332356952423,0.24392728447557765,1.0,0.0,0.0,1.0,0.0,0.0,0.0,1.0,0.0,4.5
1.0,1.0,0.0,0.0,0.0,0.0,0.0,0.0,0.0,1.0,1.0,1.0702688235602122,1.5701517491880015,1.0,0.0,0.0,0.0,0.0,1.0,0.0,1.0,0.0,4.0
1.0,0.0,1.0,0.0,0.0,0.0,0.0,0.0,0.0,1.0,0.0,0.5695933087463486,-0.13641391974693565,1.0,0.0,0.0,0.0,0.0,1.0,0.0,1.0,0.0,4.4
1.0,1.0,1.0,0.0,0.0,0.0,0.0,1.0,0.0,0.0,0.0,0.068917793932485,0.7212770875639902,1.0,0.0,0.0,1.0,0.0,0.0,0.0,1.0,0.0,4.6
1.0,0.0,0.0,0.0,0.0,0.0,0.0,0.0,0.0,1.0,0.0,-0.43175772088137865,1.3889977816672303,1.0,0.0,1.0,0.0,0.0,0.0,0.0,1.0,0.0,4.4
1.0,0.0,0.0,0.0,0.0,0.0,0.0,0.0,1.0,0.0,0.0,-1.433108750509106,0.210258522052833,1.0,0.0,0.0,0.0,0.0,1.0,0.0,1.0,0.0,4.3
1.0,0.0,0.0,0.0,0.0,0.0,0.0,0.0,0.0,0.0,0.0,0.068917793932485,0.8402090178443264,1.0,0.0,0.0,0.0,0.0,1.0,0.0,1.0,0.0,4.2
1.0,1.0,1.0,1.0,0.0,1.0,0.0,1.0,0.0,0.0,0.0,1.0702688235602122,-0.4630253536373353,1.0,0.0,0.0,0.0,0.0,1.0,0.0,1.0,0.0,4.4
1.0,1.0,0.0,0.0,0.0,0.0,0.0,0.0,0.0,1.0,0.0,0.068917793932485,0.22171937539869147,1.0,0.0,0.0,0.0,0.0,1.0,1.0,0.0,0.0,4.1
1.0,1.0,1.0,1.0,0.0,0.0,0.0,0.0,0.0,0.0,0.0,0.068917793932485,0.016871955321440563,1.0,0.0,0.0,0.0,0.0,1.0,0.0,1.0,0.0,4.7
1.0,0.0,0.0,0.0,1.0,0.0,1.0,0.0,0.0,0.0,0.0,-0.43175772088137865,0.04917652355104378,1.0,0.0,0.0,0.0,0.0,1.0,0.0,1.0,0.0,4.2
1.0,1.0,1.0,1.0,1.0,0.0,0.0,0.0,0.0,0.0,0.0,1.570944338374076,0.6749019944902666,1.0,0.0,0.0,1.0,0.0,0.0,0.0,1.0,0.0,4.1
1.0,1.0,1.0,0.0,0.0,0.0,0.0,0.0,0.0,0.0,0.0,-0.43175772088137865,0.03326893431222004,1.0,0.0,1.0,0.0,0.0,0.0,0.0,1.0,0.0,4.6
1.0,0.0,0.0,0.0,0.0,0.0,0.0,0.0,0.0,0.0,1.0,0.068917793932485,1.9117951401097146,1.0,0.0,0.0,0.0,0.0,1.0,0.0,1.0,0.0,4.2
1.0,1.0,1.0,1.0,0.0,1.0,0.0,0.0,0.0,0.0,0.0,1.0702688235602122,-0.13641391974693565,1.0,0.0,0.0,1.0,0.0,0.0,0.0,1.0,0.0,4.3
1.0,1.0,0.0,1.0,0.0,0.0,0.0,0.0,0.0,0.0,0.0,-0.43175772088137865,-1.2856235174519435,1.0,0.0,0.0,0.0,0.0,1.0,0.0,1.0,0.0,4.1
1.0,1.0,0.0,1.0,1.0,0.0,0.0,0.0,0.0,0.0,1.0,0.068917793932485,-1.120431412099059,1.0,0.0,0.0,0.0,0.0,1.0,0.0,1.0,0.0,4.4
1.0,0.0,0.0,1.0,1.0,0.0,0.0,0.0,0.0,0.0,1.0,0.068917793932485,-1.466507304615942,1.0,0.0,0.0,0.0,0.0,1.0,0.0,1.0,0.0,4.7
1.0,1.0,1.0,1.0,1.0,1.0,0.0,0.0,0.0,0.0,1.0,3.0729708828156665,-1.1798828015731588,1.0,0.0,0.0,1.0,0.0,0.0,0.0,1.0,0.0,4.1
1.0,0.0,0.0,0.0,0.0,0.0,0.0,0.0,1.0,0.0,0.0,-1.433108750509106,0.9069197658148181,1.0,0.0,0.0,0.0,0.0,1.0,1.0,0.0,0.0,4.3
1.0,1.0,0.0,0.0,0.0,0.0,0.0,0.0,0.0,0.0,0.0,-1.433108750509106,0.7212770875639902,1.0,0.0,0.0,0.0,0.0,1.0,0.0,1.0,0.0,4.4
1.0,0.0,0.0,0.0,0.0,1.0,0.0,0.0,0.0,0.0,0.0,-1.433108750509106,0.4778397226108121,1.0,0.0,0.0,0.0,0.0,1.0,1.0,0.0,0.0,4.7
1.0,1.0,1.0,1.0,0.0,0.0,0.0,0.0,0.0,0.0,0.0,0.5695933087463486,1.0195465601826168,1.0,0.0,0.0,0.0,0.0,1.0,1.0,0.0,0.0,4.3
1.0,0.0,0.0,0.0,0.0,0.0,0.0,0.0,0.0,0.0,0.0,0.068917793932485,1.1333817478643098,1.0,0.0,0.0,0.0,0.0,1.0,1.0,0.0,0.0,4.0
1.0,0.0,0.0,1.0,1.0,0.0,1.0,0.0,0.0,0.0,0.0,0.068917793932485,0.198545817118695,1.0,0.0,0.0,1.0,0.0,0.0,1.0,0.0,0.0,4.3
1.0,1.0,1.0,1.0,0.0,1.0,0.0,0.0,0.0,0.0,0.0,3.0729708828156665,0.3150890936701433,1.0,0.0,0.0,0.0,0.0,1.0,1.0,0.0,0.0,4.6
1.0,0.0,0.0,0.0,1.0,0.0,1.0,0.0,0.0,0.0,0.0,-0.43175772088137865,1.4489498685255167,1.0,0.0,0.0,0.0,0.0,1.0,1.0,0.0,0.0,4.0
1.0,1.0,1.0,0.0,0.0,0.0,1.0,0.0,0.0,0.0,0.0,0.068917793932485,1.1915854436659128,1.0,0.0,0.0,0.0,0.0,1.0,0.0,1.0,0.0,4.3
1.0,0.0,1.0,0.0,0.0,0.0,0.0,0.0,0.0,1.0,0.0,0.5695933087463486,0.3337903190893976,1.0,0.0,0.0,0.0,0.0,1.0,1.0,0.0,0.0,4.2
1.0,0.0,1.0,0.0,0.0,0.0,0.0,0.0,0.0,1.0,0.0,3.0729708828156665,0.14893796375712332,1.0,0.0,1.0,0.0,0.0,0.0,1.0,0.0,0.0,4.4
1.0,1.0,0.0,0.0,0.0,1.0,0.0,0.0,0.0,0.0,0.0,-0.9324332356952423,-0.8685037703859799,1.0,0.0,0.0,0.0,1.0,0.0,1.0,0.0,0.0,4.8
1.0,0.0,0.0,0.0,0.0,1.0,0.0,0.0,0.0,0.0,0.0,-0.9324332356952423,0.14893796375712332,1.0,0.0,0.0,0.0,0.0,1.0,0.0,1.0,0.0,4.5
1.0,0.0,0.0,0.0,0.0,0.0,0.0,0.0,0.0,0.0,0.0,-0.43175772088137865,0.5051767606413141,1.0,0.0,0.0,0.0,0.0,1.0,1.0,0.0,0.0,4.5
1.0,0.0,0.0,0.0,0.0,0.0,0.0,0.0,0.0,0.0,0.0,-0.9324332356952423,-0.20755761043855708,1.0,0.0,1.0,0.0,0.0,0.0,1.0,0.0,0.0,4.3
1.0,0.0,0.0,0.0,0.0,0.0,0.0,0.0,0.0,1.0,0.0,0.068917793932485,1.4374867968267098,1.0,0.0,1.0,0.0,0.0,0.0,1.0,0.0,0.0,4.3
1.0,1.0,1.0,1.0,0.0,1.0,0.0,1.0,0.0,0.0,0.0,1.0702688235602122,0.4707806371349857,1.0,0.0,0.0,0.0,0.0,1.0,1.0,0.0,0.0,4.4
1.0,0.0,0.0,0.0,0.0,1.0,0.0,0.0,0.0,0.0,0.0,2.0716198531879395,1.4711619427037288,1.0,0.0,0.0,1.0,0.0,0.0,1.0,0.0,0.0,4.5
1.0,0.0,1.0,0.0,0.0,0.0,0.0,0.0,0.0,1.0,0.0,0.068917793932485,0.41066644419266846,1.0,0.0,1.0,0.0,0.0,0.0,1.0,0.0,0.0,4.3
1.0,0.0,1.0,0.0,0.0,0.0,0.0,0.0,0.0,0.0,1.0,-0.43175772088137865,-3.546351423925349,1.0,0.0,0.0,1.0,0.0,0.0,1.0,0.0,0.0,3.7
1.0,0.0,0.0,0.0,0.0,0.0,0.0,0.0,0.0,1.0,1.0,-0.43175772088137865,1.3889977816672303,1.0,0.0,0.0,0.0,0.0,1.0,1.0,0.0,0.0,4.2
1.0,1.0,1.0,1.0,1.0,0.0,0.0,0.0,0.0,0.0,0.0,3.0729708828156665,-0.2896813027803648,1.0,0.0,0.0,0.0,0.0,1.0,0.0,1.0,0.0,4.7
1.0,0.0,0.0,0.0,0.0,0.0,0.0,0.0,0.0,0.0,0.0,-1.433108750509106,-0.5056558773077074,1.0,0.0,0.0,0.0,0.0,1.0,1.0,0.0,0.0,4.4
1.0,0.0,0.0,0.0,0.0,1.0,0.0,0.0,0.0,0.0,0.0,-1.433108750509106,-0.602748841964004,1.0,0.0,0.0,0.0,0.0,1.0,1.0,0.0,0.0,4.6
1.0,0.0,0.0,0.0,0.0,0.0,0.0,0.0,1.0,0.0,0.0,-1.433108750509106,0.7639383355221068,1.0,0.0,0.0,0.0,0.0,1.0,0.0,1.0,0.0,4.1
1.0,1.0,0.0,0.0,0.0,0.0,0.0,0.0,0.0,0.0,0.0,-1.433108750509106,0.06462309137377105,1.0,0.0,0.0,0.0,0.0,1.0,0.0,1.0,0.0,4.6
1.0,0.0,1.0,0.0,0.0,0.0,0.0,0.0,0.0,1.0,0.0,0.5695933087463486,-0.602748841964004,1.0,0.0,0.0,0.0,0.0,1.0,0.0,1.0,0.0,4.2
1.0,1.0,0.0,0.0,0.0,0.0,0.0,0.0,0.0,1.0,0.0,0.068917793932485,0.18656994256954426,1.0,0.0,0.0,0.0,0.0,1.0,0.0,1.0,0.0,4.0
1.0,0.0,0.0,0.0,1.0,0.0,1.0,0.0,0.0,0.0,0.0,-0.43175772088137865,0.18656994256954426,1.0,0.0,0.0,0.0,0.0,1.0,0.0,1.0,0.0,4.1
1.0,0.0,0.0,0.0,0.0,0.0,1.0,0.0,0.0,0.0,0.0,-0.9324332356952423,1.613510201486486,1.0,0.0,0.0,0.0,0.0,1.0,0.0,1.0,0.0,4.2
1.0,1.0,1.0,0.0,0.0,0.0,1.0,0.0,0.0,0.0,0.0,0.068917793932485,1.4601715994606521,1.0,0.0,0.0,0.0,0.0,1.0,0.0,1.0,0.0,4.3
1.0,0.0,0.0,0.0,0.0,0.0,0.0,0.0,0.0,1.0,1.0,0.5695933087463486,1.276368001410333,1.0,0.0,0.0,0.0,0.0,1.0,0.0,1.0,0.0,4.3
1.0,1.0,1.0,1.0,0.0,1.0,0.0,0.0,0.0,0.0,0.0,0.068917793932485,0.7639383355221068,1.0,0.0,0.0,0.0,0.0,1.0,0.0,1.0,0.0,4.6
1.0,1.0,1.0,1.0,1.0,0.0,0.0,0.0,0.0,0.0,0.0,1.570944338374076,0.49847281421793177,1.0,0.0,0.0,1.0,0.0,0.0,0.0,1.0,0.0,4.0
1.0,0.0,0.0,0.0,0.0,0.0,0.0,0.0,0.0,1.0,1.0,0.5695933087463486,1.2096551633473296,1.0,0.0,0.0,0.0,0.0,1.0,0.0,1.0,0.0,4.2
1.0,1.0,0.0,0.0,0.0,0.0,0.0,0.0,1.0,0.0,0.0,-0.43175772088137865,-0.11466370709597222,1.0,0.0,0.0,0.0,0.0,1.0,0.0,1.0,0.0,4.6
1.0,0.0,0.0,0.0,0.0,0.0,0.0,0.0,0.0,0.0,0.0,-0.43175772088137865,0.4707806371349857,1.0,0.0,0.0,0.0,0.0,1.0,0.0,1.0,0.0,4.0
1.0,1.0,1.0,1.0,0.0,0.0,0.0,0.0,0.0,0.0,0.0,0.5695933087463486,1.0907187917020442,1.0,0.0,0.0,0.0,0.0,1.0,0.0,1.0,0.0,4.3
1.0,0.0,0.0,0.0,0.0,0.0,0.0,0.0,0.0,1.0,0.0,0.068917793932485,1.2604561379837174,1.0,0.0,0.0,0.0,0.0,1.0,0.0,1.0,0.0,4.3
1.0,1.0,0.0,0.0,0.0,1.0,0.0,1.0,0.0,0.0,0.0,-0.43175772088137865,-1.040883734991382,1.0,0.0,0.0,1.0,0.0,0.0,0.0,1.0,0.0,4.7
1.0,0.0,0.0,0.0,0.0,0.0,0.0,0.0,0.0,0.0,1.0,0.5695933087463486,-0.7828425461297396,1.0,0.0,0.0,0.0,0.0,1.0,0.0,1.0,0.0,3.8
1.0,1.0,0.0,0.0,0.0,0.0,0.0,1.0,0.0,0.0,0.0,-0.9324332356952423,-0.20755761043855708,1.0,0.0,0.0,1.0,0.0,0.0,0.0,1.0,0.0,4.7
1.0,1.0,0.0,1.0,1.0,0.0,0.0,0.0,0.0,0.0,1.0,0.068917793932485,-0.8555131090428236,1.0,0.0,0.0,0.0,0.0,1.0,0.0,1.0,0.0,4.6
1.0,1.0,1.0,0.0,0.0,0.0,0.0,0.0,0.0,0.0,0.0,0.068917793932485,-1.2780087628941907,1.0,0.0,0.0,0.0,0.0,1.0,0.0,1.0,0.0,4.4
1.0,1.0,0.0,0.0,0.0,0.0,0.0,0.0,0.0,1.0,0.0,-0.43175772088137865,-0.6818176326227466,1.0,0.0,0.0,0.0,0.0,1.0,0.0,1.0,0.0,4.2
1.0,0.0,1.0,0.0,1.0,0.0,0.0,0.0,0.0,1.0,0.0,0.5695933087463486,-0.13641391974693565,1.0,0.0,0.0,0.0,0.0,1.0,0.0,1.0,0.0,4.2
1.0,1.0,1.0,0.0,0.0,0.0,0.0,1.0,0.0,0.0,0.0,0.068917793932485,-0.9889809925658408,1.0,0.0,0.0,1.0,0.0,0.0,0.0,1.0,0.0,4.6
1.0,0.0,1.0,0.0,0.0,0.0,0.0,0.0,0.0,1.0,0.0,0.5695933087463486,-1.3551580057111625,1.0,0.0,0.0,0.0,0.0,1.0,0.0,1.0,0.0,4.3
1.0,1.0,1.0,1.0,1.0,1.0,0.0,0.0,0.0,0.0,1.0,3.0729708828156665,-0.602748841964004,1.0,0.0,0.0,1.0,0.0,0.0,0.0,1.0,0.0,4.1
1.0,1.0,0.0,0.0,0.0,0.0,0.0,0.0,1.0,0.0,0.0,0.068917793932485,0.7639383355221068,1.0,0.0,0.0,0.0,0.0,1.0,1.0,0.0,0.0,4.1
1.0,1.0,0.0,0.0,0.0,0.0,0.0,0.0,1.0,0.0,0.0,-0.43175772088137865,-1.603936344278388,1.0,0.0,0.0,0.0,0.0,1.0,1.0,0.0,0.0,4.2
1.0,1.0,0.0,1.0,0.0,0.0,0.0,0.0,0.0,0.0,0.0,-0.43175772088137865,-1.9699277766192167,1.0,0.0,0.0,0.0,0.0,1.0,1.0,0.0,0.0,4.5
1.0,0.0,0.0,1.0,1.0,0.0,0.0,0.0,0.0,0.0,0.0,-0.43175772088137865,-2.390194278500843,1.0,0.0,0.0,0.0,0.0,1.0,1.0,0.0,0.0,4.3
1.0,1.0,1.0,0.0,0.0,0.0,0.0,0.0,0.0,0.0,0.0,0.068917793932485,-2.2562377185707017,1.0,0.0,0.0,0.0,0.0,1.0,1.0,0.0,0.0,3.8
1.0,1.0,0.0,1.0,1.0,0.0,0.0,0.0,0.0,0.0,0.0,-0.43175772088137865,-1.8523732417002918,1.0,0.0,0.0,0.0,0.0,1.0,1.0,0.0,0.0,4.3
1.0,1.0,1.0,0.0,0.0,0.0,0.0,0.0,1.0,0.0,0.0,0.068917793932485,-4.548351275721192e-05,1.0,0.0,0.0,0.0,0.0,1.0,0.0,1.0,0.0,4.4
1.0,0.0,0.0,0.0,0.0,0.0,0.0,0.0,0.0,0.0,0.0,-0.9324332356952423,-1.983955527086754,1.0,0.0,0.0,0.0,0.0,1.0,1.0,0.0,0.0,4.4
1.0,1.0,1.0,0.0,0.0,0.0,0.0,0.0,1.0,0.0,0.0,0.5695933087463486,0.3150890936701433,1.0,0.0,0.0,0.0,0.0,1.0,1.0,0.0,0.0,4.3
1.0,0.0,0.0,1.0,0.0,0.0,0.0,0.0,0.0,0.0,0.0,0.068917793932485,-1.3151887894486791,1.0,0.0,0.0,0.0,0.0,1.0,1.0,0.0,0.0,4.6
1.0,0.0,0.0,0.0,0.0,0.0,0.0,0.0,0.0,0.0,0.0,-0.43175772088137865,-0.7149432663414655,1.0,0.0,0.0,1.0,0.0,0.0,1.0,0.0,0.0,4.6
1.0,1.0,0.0,0.0,1.0,0.0,0.0,0.0,1.0,0.0,0.0,0.068917793932485,-0.9621902407213061,1.0,0.0,0.0,0.0,0.0,1.0,1.0,0.0,0.0,4.4
1.0,0.0,0.0,0.0,0.0,0.0,0.0,0.0,0.0,0.0,0.0,-0.43175772088137865,-1.5701893954474224,1.0,0.0,0.0,0.0,0.0,1.0,1.0,0.0,0.0,4.6
1.0,0.0,0.0,0.0,0.0,0.0,0.0,0.0,0.0,0.0,0.0,-0.9324332356952423,-1.4719187597630081,1.0,0.0,0.0,0.0,0.0,1.0,1.0,0.0,0.0,4.2
1.0,0.0,0.0,0.0,0.0,0.0,0.0,0.0,0.0,0.0,0.0,-0.9324332356952423,-1.276121951176253,1.0,0.0,0.0,0.0,0.0,1.0,1.0,0.0,0.0,4.4
1.0,0.0,0.0,0.0,0.0,0.0,0.0,0.0,0.0,0.0,0.0,-0.43175772088137865,-2.0768900239791352,1.0,0.0,0.0,1.0,0.0,0.0,1.0,0.0,0.0,4.3
1.0,1.0,1.0,0.0,1.0,0.0,0.0,0.0,1.0,0.0,0.0,0.5695933087463486,-2.0768900239791352,1.0,0.0,0.0,1.0,0.0,0.0,1.0,0.0,0.0,4.0
1.0,0.0,0.0,0.0,0.0,0.0,0.0,0.0,0.0,0.0,1.0,-0.43175772088137865,-1.9983624515014455,1.0,0.0,0.0,1.0,0.0,0.0,1.0,0.0,0.0,4.4
1.0,0.0,0.0,0.0,0.0,0.0,0.0,0.0,1.0,0.0,0.0,-1.433108750509106,-0.26087776660853007,1.0,0.0,0.0,0.0,0.0,1.0,0.0,1.0,0.0,4.2
1.0,1.0,1.0,0.0,0.0,0.0,1.0,0.0,0.0,0.0,0.0,0.068917793932485,1.4711619427037288,1.0,0.0,0.0,0.0,0.0,1.0,0.0,1.0,0.0,4.5
1.0,0.0,0.0,0.0,0.0,0.0,1.0,0.0,0.0,0.0,0.0,-0.9324332356952423,0.24392728447557765,1.0,0.0,0.0,0.0,0.0,1.0,0.0,1.0,0.0,4.1
1.0,1.0,0.0,0.0,0.0,0.0,0.0,0.0,1.0,0.0,0.0,0.068917793932485,0.9069197658148181,1.0,0.0,0.0,0.0,0.0,1.0,0.0,1.0,0.0,4.2
1.0,0.0,0.0,0.0,0.0,1.0,0.0,0.0,0.0,0.0,0.0,-1.433108750509106,-0.7103623096294052,1.0,0.0,0.0,0.0,0.0,1.0,0.0,0.0,1.0,4.8
1.0,1.0,0.0,0.0,0.0,0.0,0.0,0.0,0.0,0.0,0.0,-1.433108750509106,-0.4235533094499012,1.0,0.0,1.0,0.0,0.0,0.0,0.0,0.0,1.0,4.9
1.0,1.0,0.0,0.0,0.0,1.0,0.0,0.0,0.0,0.0,0.0,-0.9324332356952423,-1.0644124126177816,1.0,0.0,1.0,0.0,0.0,0.0,0.0,0.0,1.0,4.6
1.0,0.0,1.0,0.0,0.0,0.0,0.0,0.0,0.0,0.0,0.0,-0.43175772088137865,-4.548351275721192e-05,1.0,0.0,0.0,0.0,0.0,1.0,0.0,1.0,0.0,4.7
1.0,1.0,0.0,0.0,0.0,1.0,0.0,0.0,0.0,0.0,0.0,-0.9324332356952423,0.6749019944902666,1.0,0.0,0.0,0.0,0.0,1.0,0.0,1.0,0.0,4.7
1.0,0.0,0.0,0.0,0.0,0.0,0.0,0.0,0.0,0.0,0.0,-1.433108750509106,0.4916834757863821,1.0,0.0,0.0,0.0,0.0,1.0,0.0,1.0,0.0,4.7
1.0,0.0,0.0,0.0,0.0,0.0,0.0,0.0,1.0,0.0,0.0,-0.43175772088137865,0.016871955321440563,1.0,0.0,0.0,0.0,0.0,1.0,0.0,1.0,0.0,4.3
1.0,1.0,0.0,1.0,0.0,0.0,0.0,0.0,0.0,0.0,0.0,-0.43175772088137865,-0.15908955306369255,1.0,0.0,1.0,0.0,0.0,0.0,0.0,1.0,0.0,4.7
1.0,0.0,0.0,0.0,1.0,0.0,1.0,0.0,0.0,0.0,0.0,-0.43175772088137865,0.210258522052833,1.0,0.0,0.0,0.0,0.0,1.0,0.0,0.0,1.0,4.3
1.0,1.0,0.0,1.0,0.0,0.0,0.0,0.0,0.0,0.0,0.0,0.068917793932485,0.6023473778412264,1.0,0.0,0.0,1.0,0.0,0.0,0.0,0.0,1.0,4.8
1.0,1.0,0.0,0.0,0.0,1.0,0.0,0.0,0.0,0.0,0.0,-0.43175772088137865,0.46362680872533973,1.0,0.0,1.0,0.0,0.0,0.0,0.0,0.0,1.0,4.8
1.0,1.0,0.0,0.0,0.0,0.0,0.0,1.0,0.0,0.0,0.0,-0.9324332356952423,-0.8982490763023874,1.0,0.0,1.0,0.0,0.0,0.0,0.0,0.0,1.0,4.5
1.0,1.0,1.0,1.0,1.0,0.0,0.0,0.0,0.0,0.0,0.0,1.570944338374076,0.04917652355104378,1.0,0.0,0.0,1.0,0.0,0.0,0.0,1.0,0.0,4.3
1.0,0.0,1.0,0.0,1.0,0.0,1.0,0.0,0.0,0.0,0.0,0.068917793932485,0.6241042498897668,1.0,0.0,0.0,0.0,0.0,1.0,0.0,0.0,1.0,4.6
1.0,1.0,0.0,0.0,0.0,0.0,0.0,0.0,1.0,0.0,0.0,-0.43175772088137865,-1.0593719613104917,1.0,0.0,0.0,0.0,0.0,1.0,0.0,1.0,0.0,4.6
1.0,1.0,0.0,0.0,0.0,1.0,0.0,1.0,0.0,0.0,0.0,0.068917793932485,-2.052093750621598,1.0,0.0,0.0,0.0,0.0,1.0,0.0,1.0,0.0,4.8
1.0,1.0,1.0,0.0,0.0,1.0,0.0,0.0,0.0,0.0,0.0,0.068917793932485,0.06462309137377105,1.0,0.0,0.0,0.0,0.0,1.0,0.0,0.0,1.0,4.6
1.0,0.0,0.0,1.0,0.0,0.0,0.0,0.0,0.0,0.0,0.0,0.068917793932485,0.531179904718934,1.0,0.0,0.0,1.0,0.0,0.0,0.0,0.0,1.0,4.5
1.0,1.0,0.0,0.0,0.0,1.0,0.0,0.0,0.0,0.0,0.0,0.5695933087463486,-1.0265414234325463,1.0,0.0,0.0,0.0,0.0,1.0,0.0,0.0,1.0,4.6
1.0,0.0,0.0,0.0,0.0,0.0,0.0,0.0,0.0,0.0,0.0,-1.433108750509106,0.9373848163092673,1.0,0.0,0.0,0.0,0.0,1.0,1.0,0.0,0.0,4.2
1.0,1.0,1.0,0.0,0.0,0.0,1.0,0.0,0.0,0.0,0.0,0.068917793932485,0.40265210356103304,1.0,0.0,0.0,0.0,0.0,1.0,0.0,1.0,0.0,4.5
1.0,0.0,0.0,0.0,1.0,0.0,1.0,0.0,0.0,0.0,0.0,-0.43175772088137865,1.2918185992199207,1.0,0.0,0.0,0.0,0.0,1.0,1.0,0.0,0.0,4.3
1.0,1.0,0.0,0.0,0.0,0.0,0.0,1.0,0.0,0.0,0.0,-0.9324332356952423,-1.4532142527536778,1.0,0.0,1.0,0.0,0.0,0.0,1.0,0.0,0.0,4.6
1.0,1.0,0.0,1.0,0.0,0.0,0.0,1.0,0.0,0.0,1.0,2.572295368001803,0.3606666430496909,1.0,0.0,0.0,1.0,0.0,0.0,1.0,0.0,0.0,4.4
1.0,0.0,1.0,0.0,1.0,0.0,1.0,0.0,0.0,0.0,0.0,-0.43175772088137865,-0.017517508399021615,1.0,0.0,0.0,0.0,0.0,1.0,1.0,0.0,0.0,4.6
1.0,1.0,0.0,1.0,0.0,0.0,0.0,0.0,0.0,0.0,0.0,-0.43175772088137865,-0.5519946626504124,1.0,0.0,1.0,0.0,0.0,0.0,1.0,0.0,0.0,4.6
1.0,0.0,0.0,0.0,0.0,0.0,0.0,0.0,1.0,0.0,0.0,-0.43175772088137865,0.09423491229154198,1.0,0.0,0.0,0.0,0.0,1.0,1.0,0.0,0.0,4.4
1.0,1.0,0.0,0.0,0.0,0.0,0.0,0.0,0.0,0.0,0.0,-1.433108750509106,0.27559510456842035,1.0,0.0,0.0,0.0,0.0,1.0,1.0,0.0,0.0,4.6
1.0,1.0,1.0,1.0,0.0,1.0,0.0,0.0,0.0,0.0,0.0,0.068917793932485,0.03326893431222004,1.0,0.0,0.0,0.0,0.0,1.0,0.0,1.0,0.0,4.6
1.0,0.0,1.0,0.0,0.0,0.0,0.0,0.0,0.0,1.0,0.0,0.5695933087463486,0.23293898040166228,1.0,0.0,0.0,0.0,0.0,1.0,0.0,1.0,0.0,4.2
1.0,0.0,1.0,0.0,1.0,0.0,1.0,0.0,0.0,0.0,0.0,0.068917793932485,0.18656994256954426,1.0,0.0,0.0,0.0,0.0,1.0,1.0,0.0,0.0,4.5
1.0,0.0,0.0,1.0,0.0,0.0,0.0,0.0,0.0,0.0,0.0,0.068917793932485,1.1728815930667376,1.0,0.0,0.0,0.0,0.0,1.0,1.0,0.0,0.0,4.6
1.0,1.0,0.0,0.0,0.0,1.0,0.0,1.0,0.0,0.0,0.0,-0.43175772088137865,-2.59130106584656,1.0,0.0,0.0,1.0,0.0,0.0,1.0,0.0,0.0,3.0
1.0,0.0,0.0,0.0,0.0,0.0,0.0,0.0,0.0,0.0,0.0,0.068917793932485,1.2271323446677322,1.0,0.0,0.0,0.0,0.0,1.0,1.0,0.0,0.0,4.5
1.0,1.0,1.0,0.0,0.0,1.0,0.0,0.0,0.0,0.0,0.0,-0.43175772088137865,-0.6981231600408289,1.0,0.0,0.0,0.0,0.0,1.0,1.0,0.0,0.0,4.7
1.0,1.0,0.0,1.0,0.0,1.0,0.0,0.0,0.0,0.0,0.0,-0.43175772088137865,-0.5056558773077074,1.0,0.0,0.0,0.0,0.0,1.0,1.0,0.0,0.0,4.6
1.0,1.0,0.0,0.0,0.0,0.0,0.0,0.0,0.0,1.0,0.0,0.068917793932485,0.5374872053138338,1.0,0.0,0.0,0.0,0.0,1.0,1.0,0.0,0.0,4.3
1.0,1.0,1.0,0.0,0.0,0.0,1.0,0.0,0.0,0.0,0.0,0.068917793932485,-1.82005887821091,1.0,0.0,0.0,0.0,0.0,1.0,0.0,1.0,0.0,4.8
1.0,1.0,0.0,0.0,0.0,1.0,0.0,0.0,0.0,0.0,0.0,-0.9324332356952423,-0.7343524274265435,1.0,0.0,0.0,0.0,0.0,1.0,1.0,0.0,0.0,4.6
1.0,1.0,0.0,0.0,0.0,0.0,0.0,0.0,1.0,0.0,0.0,0.068917793932485,-0.9327114445380462,1.0,0.0,0.0,0.0,0.0,1.0,0.0,1.0,0.0,4.1
1.0,0.0,1.0,0.0,1.0,0.0,1.0,0.0,0.0,0.0,0.0,1.0702688235602122,-0.4630253536373353,1.0,0.0,0.0,0.0,0.0,1.0,0.0,1.0,0.0,4.7
1.0,1.0,1.0,0.0,1.0,0.0,0.0,0.0,0.0,0.0,0.0,1.570944338374076,0.17431879987155185,1.0,0.0,0.0,0.0,0.0,1.0,1.0,0.0,0.0,4.5
1.0,0.0,0.0,1.0,0.0,0.0,0.0,0.0,0.0,0.0,0.0,-0.43175772088137865,0.30548653251522023,1.0,0.0,0.0,1.0,0.0,0.0,1.0,0.0,0.0,4.6
1.0,1.0,0.0,0.0,0.0,1.0,0.0,0.0,0.0,0.0,0.0,-0.9324332356952423,-2.437959687705947,1.0,0.0,0.0,0.0,0.0,1.0,1.0,0.0,0.0,4.8
1.0,0.0,0.0,0.0,0.0,0.0,0.0,0.0,1.0,0.0,0.0,-1.433108750509106,0.7212770875639902,1.0,0.0,0.0,0.0,0.0,1.0,0.0,0.0,1.0,4.2
1.0,1.0,1.0,0.0,0.0,0.0,1.0,0.0,0.0,0.0,0.0,0.068917793932485,1.2604561379837174,1.0,0.0,0.0,0.0,0.0,1.0,0.0,0.0,1.0,4.4
1.0,0.0,0.0,0.0,0.0,0.0,1.0,0.0,0.0,0.0,0.0,-0.9324332356952423,0.9662023710801044,1.0,0.0,0.0,0.0,0.0,1.0,0.0,0.0,1.0,4.1
1.0,1.0,0.0,0.0,0.0,0.0,0.0,0.0,1.0,0.0,0.0,0.068917793932485,0.6749019944902666,1.0,0.0,0.0,0.0,0.0,1.0,0.0,1.0,0.0,4.3
1.0,0.0,1.0,0.0,0.0,0.0,0.0,0.0,0.0,0.0,0.0,-0.43175772088137865,0.9373848163092673,1.0,0.0,0.0,0.0,0.0,1.0,0.0,0.0,1.0,4.5
1.0,0.0,0.0,0.0,0.0,0.0,0.0,0.0,0.0,1.0,0.0,-0.9324332356952423,1.982969949360343,1.0,0.0,0.0,0.0,0.0,1.0,0.0,0.0,1.0,4.6
1.0,1.0,0.0,0.0,0.0,0.0,0.0,1.0,0.0,0.0,0.0,-0.9324332356952423,-1.3379621998328672,1.0,0.0,0.0,0.0,0.0,1.0,0.0,1.0,0.0,4.5
1.0,1.0,0.0,0.0,0.0,0.0,0.0,1.0,0.0,0.0,0.0,-0.9324332356952423,-0.3868038346788303,1.0,0.0,0.0,1.0,0.0,0.0,0.0,0.0,1.0,4.7
1.0,1.0,0.0,1.0,0.0,0.0,0.0,0.0,0.0,0.0,0.0,-0.43175772088137865,-0.602748841964004,1.0,0.0,1.0,0.0,0.0,0.0,0.0,0.0,1.0,4.7
1.0,1.0,0.0,0.0,0.0,1.0,0.0,0.0,0.0,0.0,0.0,-0.9324332356952423,0.6187477205005569,1.0,0.0,0.0,0.0,0.0,1.0,0.0,0.0,1.0,4.5
1.0,0.0,1.0,1.0,1.0,0.0,0.0,0.0,0.0,0.0,0.0,0.5695933087463486,0.5183368848219788,1.0,0.0,0.0,1.0,0.0,0.0,0.0,0.0,1.0,4.3
1.0,1.0,1.0,1.0,0.0,0.0,0.0,0.0,0.0,0.0,0.0,-0.43175772088137865,-0.4235533094499012,1.0,0.0,0.0,0.0,0.0,1.0,0.0,0.0,1.0,3.4
1.0,1.0,0.0,1.0,0.0,0.0,0.0,0.0,0.0,0.0,0.0,0.068917793932485,0.49847281421793177,1.0,0.0,0.0,1.0,0.0,0.0,0.0,0.0,1.0,4.7
1.0,1.0,0.0,0.0,0.0,0.0,0.0,0.0,1.0,0.0,0.0,-0.43175772088137865,-1.1361307029890593,1.0,0.0,0.0,0.0,0.0,1.0,0.0,0.0,1.0,4.5
1.0,0.0,0.0,0.0,0.0,0.0,0.0,0.0,0.0,0.0,0.0,-0.9324332356952423,-0.3201306859621681,1.0,0.0,0.0,0.0,0.0,1.0,0.0,1.0,0.0,3.5
1.0,1.0,1.0,0.0,0.0,0.0,0.0,1.0,0.0,0.0,0.0,0.068917793932485,0.7212770875639902,1.0,0.0,0.0,1.0,0.0,0.0,0.0,0.0,1.0,4.2
1.0,1.0,0.0,0.0,0.0,0.0,0.0,1.0,0.0,0.0,0.0,-0.43175772088137865,-0.7377714497569651,1.0,0.0,0.0,1.0,0.0,0.0,0.0,1.0,0.0,4.5
1.0,0.0,0.0,0.0,0.0,0.0,0.0,0.0,0.0,0.0,1.0,0.068917793932485,0.28574631127348243,1.0,0.0,0.0,0.0,0.0,1.0,0.0,0.0,1.0,4.3
1.0,1.0,0.0,0.0,0.0,0.0,0.0,1.0,0.0,0.0,0.0,-0.43175772088137865,-0.9142456939733508,1.0,0.0,0.0,1.0,0.0,0.0,0.0,1.0,0.0,4.7
1.0,1.0,0.0,0.0,0.0,0.0,0.0,1.0,0.0,0.0,0.0,-0.43175772088137865,-1.4152154777343375,1.0,0.0,0.0,0.0,0.0,1.0,0.0,1.0,0.0,4.2
1.0,1.0,1.0,0.0,0.0,1.0,0.0,0.0,0.0,0.0,0.0,0.068917793932485,0.7639383355221068,1.0,0.0,0.0,1.0,0.0,0.0,0.0,0.0,1.0,4.6
1.0,0.0,1.0,0.0,1.0,0.0,0.0,0.0,0.0,0.0,0.0,-0.43175772088137865,-1.5734695519758606,1.0,0.0,0.0,0.0,0.0,1.0,0.0,1.0,0.0,4.6
1.0,1.0,1.0,0.0,1.0,0.0,0.0,0.0,0.0,0.0,0.0,1.570944338374076,-0.05427966107813933,1.0,0.0,0.0,0.0,0.0,1.0,0.0,1.0,0.0,4.4
1.0,0.0,0.0,0.0,0.0,0.0,0.0,0.0,1.0,0.0,0.0,-1.433108750509106,-0.2896813027803648,1.0,0.0,0.0,0.0,0.0,1.0,0.0,1.0,0.0,4.4
1.0,1.0,1.0,0.0,0.0,0.0,1.0,0.0,0.0,0.0,0.0,0.068917793932485,1.4015398005905115,1.0,0.0,0.0,0.0,0.0,1.0,0.0,0.0,1.0,4.4
1.0,0.0,0.0,0.0,1.0,0.0,1.0,0.0,0.0,0.0,0.0,-0.43175772088137865,0.3862526019482236,1.0,0.0,0.0,0.0,0.0,1.0,0.0,0.0,1.0,4.3
1.0,0.0,0.0,0.0,0.0,0.0,1.0,0.0,0.0,0.0,0.0,-0.9324332356952423,0.9662023710801044,1.0,0.0,0.0,0.0,0.0,1.0,0.0,0.0,1.0,4.3
1.0,1.0,0.0,0.0,0.0,0.0,0.0,0.0,1.0,0.0,0.0,0.068917793932485,0.5374872053138338,1.0,0.0,0.0,0.0,0.0,1.0,0.0,0.0,1.0,4.3
1.0,1.0,0.0,1.0,0.0,0.0,0.0,0.0,0.0,0.0,0.0,0.068917793932485,0.22171937539869147,1.0,0.0,0.0,0.0,0.0,1.0,0.0,1.0,0.0,4.6
1.0,1.0,0.0,0.0,0.0,1.0,0.0,0.0,0.0,0.0,0.0,-0.9324332356952423,0.8034367165364773,1.0,0.0,0.0,0.0,0.0,1.0,0.0,0.0,1.0,4.6
1.0,1.0,1.0,1.0,1.0,0.0,0.0,0.0,1.0,0.0,0.0,2.572295368001803,-0.3201306859621681,1.0,0.0,0.0,0.0,0.0,1.0,0.0,1.0,0.0,4.2
1.0,1.0,0.0,0.0,0.0,1.0,0.0,0.0,0.0,0.0,0.0,0.068917793932485,-0.6368300077182253,1.0,0.0,0.0,0.0,0.0,1.0,0.0,0.0,1.0,4.5
1.0,0.0,1.0,0.0,0.0,0.0,0.0,0.0,0.0,0.0,0.0,-0.43175772088137865,-0.9911835731947692,1.0,0.0,0.0,0.0,0.0,1.0,0.0,1.0,0.0,4.6
1.0,0.0,1.0,0.0,1.0,0.0,1.0,0.0,0.0,0.0,0.0,0.068917793932485,0.03326893431222004,1.0,0.0,0.0,0.0,0.0,1.0,0.0,0.0,1.0,4.6
1.0,1.0,1.0,1.0,0.0,1.0,0.0,0.0,0.0,0.0,0.0,0.068917793932485,0.016871955321440563,1.0,0.0,0.0,0.0,0.0,1.0,0.0,1.0,0.0,4.6
1.0,1.0,1.0,0.0,0.0,0.0,0.0,1.0,0.0,0.0,0.0,0.068917793932485,0.6241042498897668,1.0,0.0,0.0,1.0,0.0,0.0,0.0,0.0,1.0,4.6
1.0,1.0,1.0,0.0,0.0,1.0,0.0,0.0,0.0,0.0,0.0,-0.43175772088137865,-1.4079303016344866,1.0,0.0,0.0,0.0,0.0,1.0,0.0,1.0,0.0,4.5
1.0,0.0,0.0,0.0,0.0,0.0,0.0,0.0,0.0,0.0,1.0,0.068917793932485,0.22171937539869147,1.0,0.0,0.0,0.0,0.0,1.0,0.0,1.0,0.0,4.3
1.0,0.0,0.0,0.0,1.0,0.0,0.0,0.0,0.0,0.0,0.0,0.5695933087463486,0.3518575885853902,1.0,0.0,0.0,0.0,0.0,1.0,0.0,0.0,1.0,4.6
1.0,1.0,1.0,1.0,0.0,0.0,0.0,0.0,0.0,0.0,0.0,-0.43175772088137865,-1.2914068337211795,1.0,0.0,0.0,0.0,0.0,1.0,0.0,1.0,0.0,4.2
1.0,1.0,0.0,0.0,0.0,1.0,0.0,1.0,0.0,0.0,0.0,0.068917793932485,-2.8785990039173126,1.0,0.0,0.0,0.0,0.0,1.0,0.0,1.0,0.0,4.6
1.0,0.0,1.0,1.0,1.0,0.0,0.0,0.0,0.0,0.0,0.0,0.5695933087463486,0.5911265918642906,1.0,0.0,0.0,1.0,0.0,0.0,0.0,0.0,1.0,4.3
1.0,1.0,0.0,0.0,0.0,0.0,0.0,0.0,0.0,1.0,0.0,0.068917793932485,0.37785967537725096,1.0,0.0,0.0,0.0,0.0,1.0,0.0,0.0,1.0,4.3
1.0,0.0,0.0,0.0,0.0,0.0,0.0,0.0,0.0,0.0,0.0,0.068917793932485,1.0680344718486439,1.0,0.0,0.0,0.0,0.0,1.0,0.0,0.0,1.0,4.3
1.0,0.0,0.0,0.0,1.0,0.0,0.0,0.0,0.0,0.0,0.0,-1.433108750509106,0.531179904718934,1.0,0.0,0.0,1.0,0.0,0.0,0.0,0.0,1.0,4.3
1.0,0.0,0.0,1.0,0.0,0.0,0.0,0.0,0.0,0.0,0.0,-1.433108750509106,-1.942933464048994,1.0,0.0,0.0,0.0,0.0,1.0,0.0,1.0,0.0,3.8
1.0,1.0,1.0,1.0,0.0,1.0,0.0,1.0,0.0,0.0,0.0,1.0702688235602122,-0.9094907672250008,1.0,0.0,0.0,0.0,0.0,1.0,0.0,0.0,1.0,4.7
1.0,1.0,0.0,1.0,0.0,0.0,0.0,0.0,0.0,0.0,0.0,0.068917793932485,0.34290050075469924,1.0,0.0,0.0,1.0,0.0,0.0,0.0,1.0,0.0,4.7
1.0,0.0,0.0,0.0,1.0,0.0,1.0,0.0,0.0,0.0,0.0,-0.43175772088137865,0.14893796375712332,1.0,0.0,0.0,0.0,0.0,1.0,0.0,0.0,1.0,4.3
1.0,1.0,1.0,0.0,0.0,0.0,1.0,0.0,0.0,0.0,0.0,0.068917793932485,0.7212770875639902,1.0,0.0,0.0,0.0,0.0,1.0,0.0,1.0,0.0,4.6
1.0,0.0,0.0,0.0,0.0,0.0,1.0,0.0,0.0,0.0,0.0,-0.9324332356952423,1.4137934781726555,1.0,0.0,0.0,0.0,0.0,1.0,0.0,0.0,1.0,4.4
1.0,1.0,1.0,0.0,0.0,0.0,0.0,0.0,0.0,1.0,1.0,3.0729708828156665,0.14893796375712332,1.0,0.0,0.0,0.0,0.0,1.0,0.0,0.0,1.0,4.6
1.0,1.0,1.0,1.0,0.0,1.0,0.0,0.0,0.0,0.0,0.0,0.068917793932485,0.2546936321978934,1.0,0.0,0.0,0.0,0.0,1.0,0.0,1.0,0.0,4.6
1.0,0.0,0.0,0.0,0.0,0.0,0.0,0.0,0.0,0.0,0.0,0.068917793932485,0.24392728447557765,1.0,0.0,0.0,0.0,0.0,1.0,0.0,1.0,0.0,4.2
1.0,1.0,0.0,1.0,0.0,0.0,0.0,0.0,0.0,0.0,0.0,-0.43175772088137865,-0.7956871135282413,1.0,0.0,1.0,0.0,0.0,0.0,0.0,1.0,0.0,4.7
1.0,0.0,1.0,0.0,0.0,0.0,0.0,0.0,0.0,1.0,1.0,2.0716198531879395,-0.9307372802304694,1.0,0.0,0.0,0.0,1.0,0.0,0.0,1.0,0.0,4.4
1.0,1.0,1.0,0.0,0.0,1.0,0.0,0.0,0.0,0.0,0.0,-0.43175772088137865,-0.03558171609757622,1.0,0.0,0.0,0.0,0.0,1.0,0.0,0.0,1.0,4.5
1.0,0.0,1.0,0.0,0.0,0.0,0.0,0.0,0.0,1.0,0.0,0.5695933087463486,-0.3201306859621681,1.0,0.0,0.0,0.0,0.0,1.0,0.0,1.0,0.0,4.3
1.0,1.0,1.0,1.0,0.0,0.0,0.0,0.0,0.0,0.0,0.0,1.0702688235602122,0.8746073618527217,1.0,0.0,0.0,0.0,0.0,1.0,0.0,1.0,0.0,4.7
1.0,0.0,1.0,0.0,1.0,0.0,1.0,0.0,0.0,0.0,0.0,0.068917793932485,0.28574631127348243,1.0,0.0,0.0,0.0,0.0,1.0,0.0,0.0,1.0,4.6
1.0,1.0,1.0,1.0,0.0,1.0,0.0,1.0,0.0,0.0,0.0,1.0702688235602122,-1.0746386016433906,1.0,0.0,0.0,0.0,0.0,1.0,0.0,1.0,0.0,4.5
1.0,1.0,1.0,1.0,0.0,1.0,0.0,0.0,0.0,0.0,0.0,3.0729708828156665,0.06462309137377105,1.0,0.0,0.0,0.0,0.0,1.0,0.0,1.0,0.0,4.4
1.0,0.0,0.0,0.0,0.0,0.0,0.0,0.0,0.0,0.0,1.0,0.068917793932485,0.41066644419266846,1.0,0.0,0.0,0.0,0.0,1.0,0.0,1.0,0.0,4.1
1.0,1.0,0.0,0.0,0.0,1.0,0.0,1.0,0.0,0.0,0.0,0.068917793932485,-2.390194278500843,1.0,0.0,0.0,1.0,0.0,0.0,0.0,1.0,0.0,4.8
1.0,1.0,0.0,0.0,0.0,0.0,0.0,1.0,0.0,0.0,0.0,-0.43175772088137865,0.09423491229154198,1.0,0.0,0.0,1.0,0.0,0.0,0.0,1.0,0.0,4.4
1.0,1.0,1.0,0.0,0.0,0.0,1.0,0.0,0.0,0.0,0.0,0.068917793932485,-1.0837503406805438,1.0,0.0,0.0,0.0,0.0,1.0,0.0,0.0,1.0,4.6
1.0,1.0,0.0,0.0,0.0,0.0,0.0,0.0,1.0,0.0,0.0,-0.43175772088137865,-0.9889809925658408,1.0,0.0,0.0,0.0,0.0,1.0,0.0,0.0,1.0,4.7
1.0,1.0,1.0,1.0,1.0,0.0,0.0,0.0,0.0,0.0,0.0,1.570944338374076,0.7639383355221068,1.0,0.0,0.0,1.0,0.0,0.0,0.0,0.0,1.0,4.2
1.0,0.0,0.0,1.0,1.0,0.0,0.0,0.0,0.0,0.0,0.0,0.068917793932485,0.12228788695294104,1.0,0.0,0.0,1.0,0.0,0.0,0.0,1.0,0.0,4.4
1.0,0.0,0.0,1.0,0.0,0.0,0.0,0.0,0.0,0.0,0.0,-0.9324332356952423,-0.03558171609757622,1.0,0.0,0.0,1.0,0.0,0.0,0.0,0.0,1.0,4.7
1.0,0.0,0.0,0.0,0.0,0.0,0.0,0.0,0.0,0.0,1.0,1.570944338374076,-1.0348608036343903,1.0,0.0,0.0,0.0,0.0,1.0,0.0,1.0,0.0,4.3
1.0,0.0,0.0,1.0,0.0,1.0,0.0,0.0,0.0,0.0,0.0,-0.43175772088137865,-0.5519946626504124,1.0,0.0,0.0,0.0,0.0,1.0,0.0,1.0,0.0,4.5
1.0,0.0,0.0,0.0,0.0,0.0,0.0,0.0,0.0,0.0,0.0,-1.433108750509106,-1.0148774185404275,1.0,0.0,0.0,0.0,0.0,1.0,0.0,1.0,0.0,4.1
1.0,1.0,0.0,0.0,0.0,0.0,0.0,1.0,0.0,0.0,0.0,-0.43175772088137865,-0.3868038346788303,1.0,0.0,0.0,0.0,0.0,1.0,0.0,1.0,0.0,4.7
1.0,0.0,0.0,0.0,0.0,0.0,0.0,0.0,1.0,0.0,0.0,-1.433108750509106,0.5911265918642906,1.0,0.0,0.0,0.0,0.0,1.0,0.0,1.0,0.0,4.1
1.0,0.0,0.0,0.0,0.0,0.0,1.0,0.0,0.0,0.0,0.0,-0.9324332356952423,0.3862526019482236,1.0,0.0,0.0,0.0,0.0,1.0,0.0,1.0,0.0,4.3
1.0,1.0,1.0,0.0,0.0,0.0,1.0,0.0,0.0,0.0,0.0,0.068917793932485,1.1534974798884952,1.0,0.0,0.0,0.0,0.0,1.0,0.0,1.0,0.0,4.6
1.0,1.0,0.0,0.0,0.0,0.0,0.0,0.0,1.0,0.0,0.0,0.068917793932485,0.9662023710801044,1.0,0.0,0.0,0.0,0.0,1.0,0.0,1.0,0.0,4.5
1.0,0.0,0.0,0.0,0.0,0.0,0.0,0.0,0.0,0.0,0.0,0.068917793932485,0.8402090178443264,1.0,0.0,0.0,0.0,0.0,1.0,0.0,1.0,0.0,4.3
1.0,1.0,0.0,0.0,0.0,1.0,0.0,0.0,0.0,0.0,0.0,-0.9324332356952423,0.6749019944902666,1.0,0.0,0.0,0.0,0.0,1.0,0.0,1.0,0.0,4.6
1.0,1.0,1.0,1.0,0.0,1.0,0.0,0.0,0.0,0.0,0.0,0.068917793932485,0.210258522052833,1.0,0.0,0.0,0.0,0.0,1.0,0.0,1.0,0.0,4.7
1.0,0.0,1.0,0.0,1.0,0.0,1.0,0.0,0.0,0.0,0.0,0.068917793932485,0.12228788695294104,1.0,0.0,0.0,0.0,0.0,1.0,0.0,1.0,0.0,4.6
1.0,0.0,1.0,0.0,0.0,0.0,0.0,0.0,0.0,1.0,0.0,0.5695933087463486,-0.602748841964004,1.0,0.0,0.0,0.0,0.0,1.0,0.0,1.0,0.0,4.3
1.0,1.0,1.0,0.0,0.0,1.0,0.0,1.0,1.0,0.0,0.0,2.0716198531879395,-1.3751904834833766,1.0,0.0,0.0,1.0,0.0,0.0,0.0,1.0,0.0,4.6
1.0,1.0,0.0,0.0,0.0,1.0,0.0,0.0,0.0,0.0,0.0,-0.9324332356952423,-0.7703002320728981,1.0,0.0,0.0,0.0,0.0,1.0,0.0,1.0,0.0,4.6
1.0,1.0,0.0,0.0,0.0,0.0,0.0,0.0,1.0,0.0,0.0,-0.43175772088137865,-0.9113876509128142,1.0,0.0,0.0,0.0,0.0,1.0,0.0,1.0,0.0,4.5
1.0,0.0,0.0,0.0,1.0,0.0,0.0,0.0,0.0,0.0,0.0,0.5695933087463486,0.6241042498897668,1.0,0.0,0.0,0.0,0.0,1.0,0.0,1.0,0.0,4.5
1.0,1.0,0.0,1.0,0.0,0.0,0.0,0.0,0.0,0.0,0.0,0.068917793932485,0.6241042498897668,1.0,0.0,0.0,1.0,0.0,0.0,0.0,1.0,0.0,4.8
1.0,1.0,0.0,0.0,0.0,0.0,0.0,1.0,0.0,0.0,0.0,-0.9324332356952423,-0.3201306859621681,1.0,0.0,0.0,1.0,0.0,0.0,0.0,1.0,0.0,4.8
1.0,1.0,0.0,0.0,0.0,0.0,0.0,1.0,0.0,0.0,0.0,-0.43175772088137865,-1.1318030168038036,1.0,0.0,0.0,1.0,0.0,0.0,0.0,1.0,0.0,4.4
1.0,1.0,0.0,1.0,1.0,0.0,0.0,0.0,0.0,0.0,1.0,0.068917793932485,-1.5262684877189057,1.0,0.0,0.0,0.0,0.0,1.0,0.0,1.0,0.0,4.1
1.0,0.0,0.0,0.0,0.0,0.0,0.0,0.0,0.0,0.0,1.0,0.068917793932485,0.22171937539869147,1.0,0.0,0.0,0.0,0.0,1.0,0.0,1.0,0.0,4.3
1.0,1.0,0.0,1.0,0.0,0.0,0.0,0.0,0.0,0.0,0.0,-0.43175772088137865,-1.4638220407315488,1.0,0.0,0.0,0.0,0.0,1.0,0.0,1.0,0.0,4.5
1.0,1.0,1.0,0.0,0.0,0.0,0.0,0.0,0.0,0.0,0.0,0.068917793932485,-1.8148586052194327,1.0,0.0,0.0,0.0,0.0,1.0,0.0,1.0,0.0,4.3
1.0,0.0,0.0,0.0,1.0,0.0,1.0,0.0,0.0,0.0,0.0,-0.43175772088137865,-1.9172405988000956,1.0,0.0,0.0,0.0,0.0,1.0,0.0,1.0,0.0,4.1
1.0,1.0,1.0,1.0,0.0,0.0,0.0,0.0,0.0,0.0,0.0,0.5695933087463486,-1.3960053355056803,1.0,0.0,1.0,0.0,0.0,0.0,0.0,1.0,0.0,4.4
1.0,1.0,0.0,0.0,0.0,0.0,0.0,0.0,0.0,0.0,0.0,-1.433108750509106,-2.52851991005465,1.0,0.0,0.0,0.0,0.0,1.0,0.0,1.0,0.0,4.6
1.0,1.0,0.0,0.0,0.0,1.0,0.0,1.0,0.0,0.0,0.0,0.068917793932485,-0.8026145955622799,1.0,0.0,0.0,1.0,0.0,0.0,0.0,1.0,0.0,4.6
1.0,0.0,0.0,0.0,0.0,0.0,0.0,0.0,1.0,0.0,0.0,-1.433108750509106,0.36933247778155087,1.0,0.0,0.0,0.0,0.0,1.0,0.0,1.0,0.0,4.2
1.0,1.0,1.0,0.0,0.0,0.0,1.0,0.0,0.0,0.0,0.0,0.068917793932485,1.5965876597915378,1.0,0.0,0.0,0.0,0.0,1.0,0.0,1.0,0.0,4.5
1.0,0.0,0.0,0.0,0.0,0.0,1.0,0.0,0.0,0.0,0.0,-0.9324332356952423,1.7257446437828363,1.0,0.0,0.0,0.0,0.0,1.0,0.0,1.0,0.0,4.2
1.0,1.0,0.0,0.0,0.0,0.0,0.0,0.0,1.0,0.0,0.0,0.068917793932485,0.09423491229154198,1.0,0.0,0.0,0.0,0.0,1.0,0.0,1.0,0.0,4.4
1.0,1.0,0.0,0.0,0.0,0.0,0.0,0.0,1.0,0.0,0.0,-0.43175772088137865,-1.1942251131319939,1.0,0.0,0.0,0.0,0.0,1.0,0.0,1.0,0.0,4.4
1.0,0.0,0.0,0.0,0.0,1.0,0.0,0.0,0.0,0.0,0.0,-1.433108750509106,-0.6547242017807791,1.0,0.0,0.0,0.0,0.0,1.0,0.0,1.0,0.0,4.5
1.0,1.0,0.0,0.0,0.0,1.0,0.0,0.0,0.0,0.0,0.0,-0.9324332356952423,0.6749019944902666,1.0,0.0,0.0,0.0,0.0,1.0,0.0,1.0,0.0,4.7
1.0,0.0,1.0,0.0,0.0,0.0,0.0,0.0,0.0,1.0,0.0,0.5695933087463486,-0.3868038346788303,1.0,0.0,0.0,0.0,0.0,1.0,0.0,1.0,0.0,4.2
1.0,1.0,0.0,0.0,0.0,0.0,0.0,0.0,0.0,0.0,0.0,-1.433108750509106,-1.4829093296271578,1.0,0.0,1.0,0.0,0.0,0.0,0.0,1.0,0.0,4.8
1.0,1.0,0.0,1.0,1.0,0.0,0.0,0.0,0.0,0.0,1.0,0.068917793932485,-0.7926368977439772,1.0,0.0,0.0,0.0,0.0,1.0,0.0,1.0,0.0,4.5
1.0,1.0,0.0,1.0,0.0,0.0,0.0,0.0,0.0,0.0,0.0,-0.43175772088137865,-1.3529779464196723,1.0,0.0,0.0,0.0,0.0,1.0,0.0,1.0,0.0,4.2
1.0,0.0,0.0,1.0,1.0,0.0,0.0,0.0,0.0,0.0,1.0,0.068917793932485,-1.8359712166890758,1.0,0.0,0.0,0.0,0.0,1.0,0.0,1.0,0.0,4.6
1.0,0.0,1.0,1.0,1.0,0.0,0.0,0.0,0.0,0.0,0.0,0.5695933087463486,-0.18277286902510956,1.0,0.0,0.0,1.0,0.0,0.0,0.0,1.0,0.0,4.5
1.0,1.0,1.0,0.0,0.0,0.0,0.0,0.0,0.0,0.0,0.0,0.068917793932485,-1.5292884604078518,1.0,0.0,0.0,0.0,0.0,1.0,0.0,1.0,0.0,4.1
1.0,1.0,0.0,0.0,0.0,1.0,0.0,1.0,0.0,0.0,0.0,-0.43175772088137865,-2.1791724892701363,1.0,0.0,0.0,1.0,0.0,0.0,0.0,1.0,0.0,4.8
1.0,1.0,1.0,1.0,0.0,1.0,0.0,1.0,0.0,0.0,0.0,1.0702688235602122,-0.3868038346788303,1.0,0.0,0.0,0.0,0.0,1.0,0.0,1.0,0.0,4.7
1.0,1.0,1.0,1.0,1.0,0.0,0.0,0.0,0.0,0.0,0.0,1.570944338374076,0.9662023710801044,1.0,0.0,0.0,1.0,0.0,0.0,0.0,1.0,0.0,4.3
1.0,1.0,1.0,0.0,0.0,0.0,0.0,0.0,1.0,0.0,0.0,1.0702688235602122,0.07963460880487269,1.0,0.0,1.0,0.0,0.0,0.0,0.0,1.0,0.0,4.3
1.0,1.0,0.0,1.0,0.0,0.0,0.0,0.0,0.0,0.0,0.0,0.068917793932485,0.7212770875639902,1.0,0.0,0.0,1.0,0.0,0.0,0.0,1.0,0.0,4.8
1.0,1.0,1.0,0.0,0.0,0.0,0.0,0.0,0.0,0.0,1.0,1.0702688235602122,-2.0768900239791352,1.0,0.0,1.0,0.0,0.0,0.0,0.0,1.0,0.0,4.4
1.0,1.0,1.0,1.0,1.0,0.0,0.0,0.0,1.0,0.0,0.0,1.570944338374076,0.7212770875639902,1.0,0.0,0.0,0.0,0.0,1.0,0.0,1.0,0.0,4.6
1.0,0.0,1.0,1.0,0.0,0.0,0.0,0.0,0.0,0.0,0.0,-0.43175772088137865,0.524797074840798,1.0,0.0,0.0,1.0,0.0,0.0,0.0,1.0,0.0,4.7
1.0,0.0,0.0,1.0,0.0,0.0,0.0,0.0,0.0,0.0,0.0,-1.433108750509106,0.8746073618527217,1.0,0.0,0.0,1.0,0.0,0.0,0.0,1.0,0.0,4.5
1.0,1.0,1.0,0.0,0.0,0.0,0.0,0.0,0.0,0.0,0.0,0.5695933087463486,-1.7334324283569558,1.0,0.0,0.0,0.0,0.0,1.0,0.0,1.0,0.0,4.1
1.0,0.0,0.0,0.0,0.0,0.0,0.0,0.0,1.0,0.0,0.0,-1.433108750509106,0.3150890936701433,1.0,0.0,0.0,0.0,0.0,1.0,0.0,1.0,0.0,4.4
1.0,0.0,1.0,0.0,1.0,0.0,0.0,0.0,0.0,0.0,0.0,-0.43175772088137865,0.198545817118695,1.0,0.0,0.0,0.0,0.0,1.0,0.0,0.0,1.0,4.6
1.0,0.0,0.0,0.0,1.0,0.0,1.0,0.0,0.0,0.0,0.0,-0.43175772088137865,0.6749019944902666,1.0,0.0,0.0,0.0,0.0,1.0,0.0,0.0,1.0,4.5
1.0,1.0,0.0,0.0,0.0,0.0,0.0,0.0,1.0,0.0,0.0,0.068917793932485,-0.352425464870366,1.0,0.0,0.0,0.0,0.0,1.0,0.0,0.0,1.0,4.5
1.0,0.0,0.0,0.0,0.0,0.0,1.0,0.0,0.0,0.0,0.0,-0.9324332356952423,1.4257717749582075,1.0,0.0,0.0,0.0,0.0,1.0,0.0,0.0,1.0,4.4
1.0,1.0,1.0,1.0,0.0,1.0,0.0,0.0,0.0,0.0,0.0,0.068917793932485,0.7639383355221068,1.0,0.0,0.0,0.0,0.0,1.0,0.0,1.0,0.0,4.6
1.0,1.0,0.0,0.0,0.0,1.0,0.0,0.0,0.0,0.0,0.0,-0.9324332356952423,0.8034367165364773,1.0,0.0,0.0,0.0,0.0,1.0,0.0,0.0,1.0,4.6
1.0,0.0,1.0,0.0,0.0,0.0,0.0,0.0,0.0,1.0,0.0,0.5695933087463486,-0.3201306859621681,1.0,0.0,0.0,0.0,0.0,1.0,0.0,1.0,0.0,4.1
1.0,0.0,0.0,0.0,0.0,0.0,0.0,0.0,0.0,0.0,0.0,0.068917793932485,0.418562067065081,1.0,0.0,0.0,0.0,0.0,1.0,0.0,1.0,0.0,4.3
1.0,1.0,1.0,1.0,1.0,0.0,0.0,0.0,0.0,0.0,0.0,2.0716198531879395,0.8402090178443264,1.0,0.0,0.0,0.0,0.0,1.0,0.0,0.0,1.0,4.3
1.0,1.0,1.0,1.0,0.0,1.0,0.0,1.0,0.0,0.0,0.0,1.0702688235602122,0.016871955321440563,1.0,0.0,0.0,0.0,0.0,1.0,0.0,0.0,1.0,4.6
1.0,0.0,0.0,1.0,0.0,0.0,0.0,0.0,0.0,0.0,1.0,0.068917793932485,0.9373848163092673,1.0,0.0,0.0,0.0,0.0,1.0,0.0,0.0,1.0,4.4
1.0,1.0,0.0,0.0,0.0,0.0,0.0,1.0,0.0,0.0,0.0,-0.43175772088137865,-0.4630253536373353,1.0,0.0,0.0,1.0,0.0,0.0,0.0,0.0,1.0,4.7
1.0,1.0,1.0,1.0,1.0,0.0,0.0,0.0,0.0,0.0,0.0,1.570944338374076,0.9373848163092673,1.0,0.0,0.0,1.0,0.0,0.0,0.0,0.0,1.0,4.3
1.0,1.0,1.0,1.0,0.0,1.0,0.0,0.0,0.0,0.0,0.0,3.0729708828156665,0.6241042498897668,1.0,0.0,0.0,0.0,0.0,1.0,0.0,0.0,1.0,4.7
1.0,0.0,0.0,1.0,1.0,0.0,0.0,0.0,0.0,0.0,0.0,-0.43175772088137865,0.596766510674148,1.0,0.0,0.0,0.0,0.0,1.0,0.0,0.0,1.0,4.6
1.0,0.0,0.0,0.0,0.0,0.0,0.0,0.0,0.0,0.0,0.0,-0.43175772088137865,0.17431879987155185,1.0,0.0,0.0,0.0,0.0,1.0,0.0,0.0,1.0,4.4
1.0,0.0,0.0,0.0,0.0,0.0,0.0,1.0,0.0,0.0,0.0,-1.433108750509106,0.3337903190893976,1.0,0.0,0.0,0.0,0.0,1.0,0.0,1.0,0.0,4.2
1.0,1.0,0.0,1.0,0.0,0.0,0.0,0.0,0.0,0.0,1.0,3.0729708828156665,0.016871955321440563,1.0,0.0,0.0,0.0,0.0,1.0,0.0,1.0,0.0,4.1
1.0,0.0,1.0,0.0,0.0,0.0,0.0,0.0,0.0,0.0,0.0,-0.43175772088137865,-0.352425464870366,1.0,0.0,0.0,0.0,0.0,1.0,0.0,0.0,1.0,4.7
1.0,0.0,1.0,0.0,0.0,0.0,0.0,0.0,0.0,0.0,1.0,-0.43175772088137865,-3.007144108700387,1.0,0.0,0.0,1.0,0.0,0.0,0.0,1.0,0.0,4.3
1.0,0.0,0.0,0.0,0.0,0.0,1.0,0.0,0.0,0.0,0.0,-0.9324332356952423,-0.9856940936380284,1.0,0.0,0.0,0.0,0.0,1.0,0.0,1.0,0.0,4.6
1.0,0.0,0.0,1.0,1.0,0.0,0.0,0.0,0.0,1.0,1.0,2.0716198531879395,0.7639383355221068,1.0,0.0,0.0,1.0,0.0,0.0,0.0,1.0,0.0,4.5
1.0,0.0,0.0,0.0,0.0,0.0,0.0,0.0,1.0,0.0,0.0,-1.433108750509106,0.6241042498897668,1.0,0.0,0.0,0.0,0.0,1.0,0.0,1.0,0.0,4.4
1.0,0.0,1.0,0.0,1.0,0.0,0.0,0.0,0.0,0.0,0.0,-0.43175772088137865,1.2604561379837174,1.0,0.0,0.0,0.0,0.0,1.0,0.0,1.0,0.0,4.6
1.0,0.0,0.0,0.0,0.0,0.0,0.0,0.0,0.0,0.0,0.0,-1.433108750509106,0.40265210356103304,1.0,0.0,0.0,0.0,0.0,1.0,0.0,1.0,0.0,4.5
1.0,0.0,0.0,0.0,1.0,0.0,1.0,0.0,0.0,0.0,0.0,-0.43175772088137865,0.14893796375712332,1.0,0.0,0.0,0.0,0.0,1.0,0.0,1.0,0.0,4.5
1.0,1.0,0.0,0.0,0.0,0.0,0.0,0.0,1.0,0.0,0.0,0.068917793932485,0.7639383355221068,1.0,0.0,0.0,0.0,0.0,1.0,0.0,1.0,0.0,4.6
1.0,1.0,0.0,0.0,0.0,1.0,0.0,0.0,0.0,0.0,0.0,-0.9324332356952423,0.4340108735098001,1.0,0.0,0.0,0.0,0.0,1.0,0.0,1.0,0.0,4.6
1.0,1.0,1.0,0.0,0.0,0.0,0.0,0.0,1.0,0.0,0.0,0.5695933087463486,1.0680344718486439,1.0,0.0,0.0,0.0,0.0,1.0,0.0,1.0,0.0,4.3
1.0,0.0,0.0,0.0,0.0,0.0,0.0,0.0,0.0,0.0,0.0,0.068917793932485,0.04917652355104378,1.0,0.0,0.0,0.0,0.0,1.0,0.0,1.0,0.0,4.4
1.0,0.0,1.0,0.0,0.0,0.0,0.0,0.0,0.0,1.0,0.0,0.5695933087463486,-0.3868038346788303,1.0,0.0,0.0,0.0,0.0,1.0,0.0,1.0,0.0,4.1
1.0,1.0,0.0,0.0,0.0,0.0,0.0,1.0,0.0,0.0,0.0,-0.43175772088137865,-0.23355124203917046,1.0,0.0,0.0,1.0,0.0,0.0,0.0,1.0,0.0,4.6
1.0,1.0,1.0,1.0,0.0,1.0,0.0,0.0,0.0,0.0,0.0,0.068917793932485,0.7639383355221068,1.0,0.0,0.0,0.0,0.0,1.0,0.0,1.0,0.0,4.7
1.0,0.0,0.0,0.0,0.0,0.0,0.0,0.0,0.0,0.0,0.0,-1.433108750509106,-0.05427966107813933,1.0,0.0,1.0,0.0,0.0,0.0,0.0,1.0,0.0,4.5
1.0,1.0,0.0,1.0,0.0,0.0,0.0,0.0,0.0,0.0,1.0,3.0729708828156665,-0.26087776660853007,1.0,0.0,0.0,0.0,0.0,1.0,0.0,1.0,0.0,4.2
1.0,1.0,1.0,1.0,0.0,1.0,0.0,1.0,0.0,0.0,0.0,1.0702688235602122,-0.13641391974693565,1.0,0.0,0.0,0.0,0.0,1.0,0.0,1.0,0.0,4.4
1.0,1.0,1.0,1.0,0.0,1.0,0.0,0.0,0.0,0.0,0.0,3.0729708828156665,0.32452171911680294,1.0,0.0,0.0,0.0,0.0,1.0,0.0,1.0,0.0,4.6
1.0,0.0,0.0,1.0,0.0,0.0,0.0,0.0,0.0,0.0,0.0,-0.43175772088137865,1.1728815930667376,1.0,0.0,0.0,0.0,0.0,1.0,0.0,1.0,0.0,4.6
1.0,1.0,0.0,0.0,0.0,0.0,0.0,0.0,0.0,1.0,0.0,0.068917793932485,0.03326893431222004,1.0,0.0,0.0,0.0,0.0,1.0,0.0,1.0,0.0,4.3
1.0,0.0,0.0,0.0,0.0,0.0,0.0,0.0,0.0,0.0,0.0,-1.433108750509106,0.12228788695294104,1.0,0.0,0.0,0.0,0.0,1.0,0.0,1.0,0.0,4.4
1.0,0.0,0.0,0.0,0.0,0.0,0.0,0.0,0.0,0.0,0.0,-0.43175772088137865,-0.23355124203917046,1.0,0.0,1.0,0.0,0.0,0.0,0.0,1.0,0.0,4.6
1.0,0.0,0.0,1.0,1.0,0.0,1.0,0.0,0.0,0.0,0.0,0.068917793932485,0.23293898040166228,1.0,0.0,0.0,1.0,0.0,0.0,0.0,1.0,0.0,4.3
1.0,0.0,0.0,0.0,1.0,0.0,1.0,0.0,0.0,0.0,0.0,-0.43175772088137865,-0.18277286902510956,1.0,0.0,0.0,0.0,0.0,1.0,0.0,1.0,0.0,4.6
1.0,0.0,0.0,1.0,0.0,0.0,0.0,0.0,0.0,0.0,0.0,-0.9324332356952423,0.4340108735098001,1.0,0.0,0.0,1.0,0.0,0.0,0.0,1.0,0.0,4.6
1.0,1.0,0.0,0.0,0.0,0.0,0.0,0.0,0.0,0.0,0.0,-0.9324332356952423,0.8034367165364773,1.0,0.0,0.0,0.0,0.0,1.0,1.0,0.0,0.0,4.7
1.0,0.0,0.0,0.0,0.0,0.0,0.0,0.0,1.0,0.0,0.0,-1.433108750509106,0.7639383355221068,1.0,0.0,0.0,0.0,0.0,1.0,0.0,0.0,1.0,4.3
1.0,0.0,0.0,0.0,1.0,0.0,1.0,0.0,0.0,0.0,0.0,-0.43175772088137865,1.0680344718486439,1.0,0.0,0.0,0.0,0.0,1.0,0.0,0.0,1.0,4.3
1.0,0.0,0.0,0.0,0.0,0.0,1.0,0.0,0.0,0.0,0.0,-0.9324332356952423,1.7520718304767684,1.0,0.0,0.0,0.0,0.0,1.0,0.0,0.0,1.0,4.4
1.0,0.0,1.0,0.0,1.0,0.0,0.0,0.0,0.0,0.0,0.0,-0.43175772088137865,1.3214378266971476,1.0,0.0,0.0,0.0,0.0,1.0,0.0,0.0,1.0,4.5
1.0,1.0,0.0,0.0,0.0,0.0,0.0,0.0,1.0,0.0,0.0,0.068917793932485,0.9069197658148181,1.0,0.0,0.0,0.0,0.0,1.0,0.0,0.0,1.0,4.3
1.0,1.0,0.0,0.0,0.0,1.0,0.0,0.0,0.0,0.0,0.0,-0.9324332356952423,0.24392728447557765,1.0,0.0,0.0,0.0,0.0,1.0,1.0,0.0,0.0,4.7
1.0,1.0,1.0,1.0,0.0,1.0,0.0,0.0,0.0,0.0,0.0,0.068917793932485,1.1333817478643098,1.0,0.0,0.0,0.0,0.0,1.0,0.0,1.0,0.0,4.6
1.0,1.0,1.0,0.0,0.0,0.0,0.0,0.0,1.0,0.0,0.0,0.5695933087463486,0.6749019944902666,1.0,0.0,0.0,0.0,0.0,1.0,1.0,0.0,0.0,4.1
1.0,0.0,0.0,0.0,0.0,0.0,0.0,0.0,0.0,0.0,0.0,0.068917793932485,0.04917652355104378,1.0,0.0,0.0,0.0,0.0,1.0,0.0,1.0,0.0,4.5
1.0,1.0,0.0,0.0,0.0,0.0,0.0,1.0,0.0,0.0,0.0,-0.43175772088137865,-0.017517508399021615,1.0,0.0,0.0,1.0,0.0,0.0,0.0,0.0,1.0,4.6
1.0,0.0,1.0,0.0,0.0,0.0,0.0,0.0,0.0,1.0,0.0,0.5695933087463486,0.04917652355104378,1.0,0.0,0.0,0.0,0.0,1.0,0.0,0.0,1.0,4.3
1.0,0.0,0.0,0.0,0.0,0.0,0.0,0.0,0.0,0.0,0.0,0.5695933087463486,0.4778397226108121,1.0,0.0,1.0,0.0,0.0,0.0,0.0,1.0,0.0,4.6
1.0,1.0,1.0,1.0,0.0,1.0,0.0,0.0,0.0,0.0,0.0,3.0729708828156665,0.418562067065081,1.0,0.0,0.0,0.0,0.0,1.0,0.0,0.0,1.0,4.6
1.0,1.0,1.0,1.0,0.0,1.0,0.0,1.0,0.0,0.0,0.0,1.0702688235602122,-0.15908955306369255,1.0,0.0,0.0,0.0,0.0,1.0,0.0,0.0,1.0,4.3
1.0,1.0,1.0,1.0,0.0,0.0,0.0,0.0,0.0,0.0,0.0,0.5695933087463486,1.2604561379837174,1.0,0.0,0.0,0.0,0.0,1.0,1.0,0.0,0.0,4.5
1.0,1.0,0.0,0.0,0.0,1.0,0.0,0.0,0.0,0.0,0.0,-0.43175772088137865,-1.2705012619720404,1.0,0.0,1.0,0.0,0.0,0.0,1.0,0.0,0.0,4.4
1.0,0.0,0.0,0.0,0.0,0.0,0.0,0.0,0.0,1.0,1.0,2.0716198531879395,0.596766510674148,1.0,0.0,0.0,0.0,0.0,1.0,0.0,1.0,0.0,4.2
1.0,0.0,0.0,1.0,1.0,0.0,1.0,0.0,0.0,0.0,0.0,0.068917793932485,0.03326893431222004,1.0,0.0,0.0,0.0,0.0,1.0,1.0,0.0,0.0,4.3
1.0,1.0,1.0,1.0,1.0,0.0,0.0,0.0,0.0,0.0,0.0,1.570944338374076,1.0443416798627745,1.0,0.0,0.0,1.0,0.0,0.0,1.0,0.0,0.0,4.3
1.0,0.0,0.0,0.0,0.0,0.0,0.0,0.0,0.0,1.0,1.0,-0.43175772088137865,0.7212770875639902,1.0,0.0,0.0,0.0,0.0,1.0,0.0,0.0,1.0,4.4
1.0,1.0,1.0,0.0,0.0,0.0,0.0,0.0,0.0,0.0,1.0,-0.43175772088137865,-1.7159546739115281,1.0,0.0,0.0,1.0,0.0,0.0,1.0,0.0,0.0,4.1
1.0,1.0,0.0,0.0,0.0,1.0,0.0,0.0,0.0,0.0,0.0,-0.9324332356952423,0.4263424380716461,1.0,0.0,0.0,0.0,0.0,1.0,0.0,0.0,1.0,4.6
1.0,1.0,1.0,1.0,0.0,1.0,0.0,0.0,0.0,0.0,0.0,0.068917793932485,-0.7623391047306697,1.0,0.0,0.0,0.0,0.0,1.0,0.0,1.0,0.0,4.7
1.0,1.0,0.0,1.0,0.0,0.0,0.0,0.0,0.0,0.0,1.0,3.0729708828156665,-0.11466370709597222,1.0,0.0,0.0,0.0,0.0,1.0,0.0,1.0,0.0,4.2
1.0,0.0,0.0,0.0,0.0,0.0,0.0,0.0,1.0,0.0,0.0,-1.433108750509106,0.596766510674148,1.0,0.0,0.0,0.0,0.0,1.0,0.0,1.0,0.0,4.4
1.0,0.0,1.0,0.0,1.0,0.0,0.0,0.0,0.0,0.0,0.0,-0.43175772088137865,0.6241042498897668,1.0,0.0,0.0,0.0,0.0,1.0,0.0,1.0,0.0,4.6
1.0,0.0,0.0,0.0,1.0,0.0,1.0,0.0,0.0,0.0,0.0,-0.43175772088137865,0.9373848163092673,1.0,0.0,0.0,0.0,0.0,1.0,0.0,1.0,0.0,4.4
1.0,1.0,0.0,0.0,0.0,0.0,0.0,0.0,1.0,0.0,0.0,0.068917793932485,0.8402090178443264,1.0,0.0,0.0,0.0,0.0,1.0,0.0,1.0,0.0,4.5
1.0,0.0,0.0,0.0,0.0,0.0,1.0,0.0,0.0,0.0,0.0,-0.9324332356952423,0.4916834757863821,1.0,0.0,0.0,0.0,0.0,1.0,0.0,1.0,0.0,4.4
1.0,1.0,0.0,0.0,0.0,1.0,0.0,0.0,0.0,0.0,0.0,-0.9324332356952423,0.36933247778155087,1.0,0.0,0.0,0.0,0.0,1.0,0.0,1.0,0.0,4.6
1.0,1.0,1.0,1.0,0.0,1.0,0.0,0.0,0.0,0.0,0.0,0.068917793932485,0.4848065418757128,1.0,0.0,0.0,0.0,0.0,1.0,0.0,1.0,0.0,4.6
1.0,0.0,1.0,0.0,0.0,0.0,0.0,0.0,0.0,1.0,0.0,0.5695933087463486,-0.11466370709597222,1.0,0.0,0.0,0.0,0.0,1.0,0.0,1.0,0.0,4.3
1.0,0.0,0.0,0.0,1.0,0.0,0.0,0.0,1.0,0.0,0.0,0.068917793932485,0.8034367165364773,1.0,0.0,0.0,0.0,0.0,1.0,0.0,1.0,0.0,4.1
1.0,0.0,0.0,0.0,0.0,0.0,0.0,0.0,0.0,0.0,0.0,0.068917793932485,0.34290050075469924,1.0,0.0,0.0,0.0,0.0,1.0,0.0,1.0,0.0,4.3
1.0,1.0,0.0,0.0,0.0,0.0,0.0,1.0,0.0,0.0,0.0,-0.43175772088137865,0.2546936321978934,1.0,0.0,0.0,1.0,0.0,0.0,0.0,1.0,0.0,4.6
1.0,0.0,0.0,0.0,0.0,0.0,0.0,0.0,1.0,0.0,0.0,0.5695933087463486,-0.03558171609757622,1.0,0.0,0.0,0.0,0.0,1.0,0.0,1.0,0.0,4.6
1.0,0.0,0.0,0.0,0.0,0.0,0.0,0.0,0.0,0.0,0.0,-0.43175772088137865,0.5183368848219788,1.0,0.0,1.0,0.0,0.0,0.0,0.0,1.0,0.0,4.6
1.0,1.0,1.0,1.0,0.0,1.0,0.0,0.0,0.0,0.0,0.0,3.0729708828156665,0.8034367165364773,1.0,0.0,0.0,0.0,0.0,1.0,0.0,1.0,0.0,4.7
1.0,0.0,0.0,1.0,1.0,0.0,0.0,0.0,0.0,0.0,0.0,-0.43175772088137865,0.5559732940843298,1.0,0.0,0.0,0.0,0.0,1.0,0.0,1.0,0.0,4.5
1.0,1.0,1.0,1.0,0.0,1.0,0.0,1.0,0.0,0.0,0.0,1.0702688235602122,-0.09376633249647051,1.0,0.0,0.0,0.0,0.0,1.0,0.0,1.0,0.0,4.6
1.0,1.0,1.0,1.0,0.0,0.0,0.0,0.0,0.0,0.0,0.0,0.5695933087463486,0.3945154205457697,1.0,0.0,0.0,0.0,0.0,1.0,0.0,1.0,0.0,4.5
1.0,1.0,0.0,1.0,0.0,0.0,0.0,0.0,0.0,0.0,1.0,0.5695933087463486,0.8746073618527217,1.0,0.0,0.0,0.0,0.0,1.0,0.0,1.0,0.0,4.5
1.0,1.0,0.0,0.0,0.0,0.0,0.0,0.0,0.0,1.0,0.0,0.068917793932485,0.3150890936701433,1.0,0.0,0.0,0.0,0.0,1.0,0.0,1.0,0.0,4.3
1.0,0.0,0.0,0.0,1.0,0.0,1.0,0.0,0.0,0.0,0.0,-0.43175772088137865,-0.778382070278166,1.0,0.0,0.0,0.0,0.0,1.0,0.0,1.0,0.0,4.5
1.0,0.0,1.0,0.0,0.0,0.0,0.0,0.0,0.0,0.0,0.0,-0.9324332356952423,0.3150890936701433,1.0,0.0,0.0,0.0,0.0,1.0,0.0,1.0,0.0,4.5
1.0,0.0,0.0,1.0,1.0,0.0,1.0,0.0,0.0,0.0,0.0,0.068917793932485,0.4263424380716461,1.0,0.0,0.0,0.0,0.0,1.0,0.0,1.0,0.0,4.3
1.0,0.0,0.0,0.0,0.0,0.0,0.0,0.0,1.0,0.0,0.0,-1.433108750509106,0.46362680872533973,1.0,0.0,0.0,0.0,0.0,1.0,0.0,1.0,0.0,4.4
1.0,0.0,1.0,0.0,1.0,0.0,0.0,0.0,0.0,0.0,0.0,-0.43175772088137865,0.7639383355221068,1.0,0.0,0.0,0.0,0.0,1.0,0.0,1.0,0.0,4.5
1.0,0.0,0.0,0.0,1.0,0.0,1.0,0.0,0.0,0.0,0.0,-0.43175772088137865,0.5911265918642906,1.0,0.0,0.0,0.0,0.0,1.0,0.0,1.0,0.0,4.3
1.0,0.0,0.0,0.0,0.0,0.0,1.0,0.0,0.0,0.0,0.0,-0.9324332356952423,1.6299119741229142,1.0,0.0,0.0,0.0,0.0,1.0,0.0,1.0,0.0,4.4
1.0,0.0,0.0,0.0,0.0,0.0,0.0,0.0,0.0,0.0,0.0,0.068917793932485,0.9373848163092673,1.0,0.0,0.0,0.0,0.0,1.0,0.0,1.0,0.0,4.4
1.0,1.0,1.0,0.0,0.0,0.0,0.0,0.0,1.0,0.0,0.0,0.5695933087463486,0.7212770875639902,1.0,0.0,0.0,0.0,0.0,1.0,0.0,1.0,0.0,4.2
1.0,1.0,1.0,1.0,1.0,0.0,0.0,0.0,0.0,0.0,0.0,1.570944338374076,0.8402090178443264,1.0,0.0,0.0,1.0,0.0,0.0,0.0,1.0,0.0,4.2
1.0,1.0,0.0,1.0,0.0,0.0,0.0,0.0,0.0,0.0,1.0,3.0729708828156665,0.24392728447557765,1.0,0.0,0.0,0.0,0.0,1.0,0.0,1.0,0.0,4.2
1.0,1.0,1.0,1.0,0.0,1.0,0.0,1.0,0.0,0.0,0.0,1.0702688235602122,-0.5519946626504124,1.0,0.0,0.0,0.0,0.0,1.0,0.0,1.0,0.0,4.5
1.0,1.0,1.0,1.0,0.0,1.0,0.0,0.0,0.0,0.0,0.0,3.0729708828156665,0.579664506206143,1.0,0.0,0.0,0.0,0.0,1.0,0.0,0.0,1.0,4.7
1.0,0.0,0.0,1.0,1.0,0.0,1.0,0.0,0.0,0.0,0.0,0.068917793932485,0.04917652355104378,1.0,0.0,0.0,1.0,0.0,0.0,0.0,1.0,0.0,4.2
1.0,0.0,0.0,0.0,0.0,0.0,0.0,0.0,0.0,0.0,0.0,-1.433108750509106,-0.3868038346788303,1.0,0.0,1.0,0.0,0.0,0.0,0.0,1.0,0.0,4.6
1.0,1.0,0.0,1.0,0.0,0.0,0.0,0.0,0.0,0.0,1.0,0.5695933087463486,0.7212770875639902,1.0,0.0,0.0,0.0,0.0,1.0,0.0,1.0,0.0,4.5
1.0,1.0,0.0,0.0,0.0,0.0,0.0,1.0,0.0,0.0,0.0,-0.9324332356952423,-0.6886553488870072,1.0,0.0,0.0,1.0,0.0,0.0,0.0,1.0,0.0,4.8
1.0,0.0,0.0,0.0,0.0,0.0,0.0,0.0,1.0,0.0,0.0,-1.433108750509106,-0.4235533094499012,1.0,0.0,0.0,0.0,0.0,1.0,0.0,1.0,0.0,4.3
1.0,1.0,0.0,0.0,0.0,0.0,0.0,0.0,1.0,0.0,0.0,0.068917793932485,-1.892729441123994,1.0,0.0,0.0,0.0,0.0,1.0,0.0,1.0,0.0,4.5
1.0,0.0,0.0,0.0,0.0,0.0,0.0,0.0,0.0,0.0,0.0,-0.9324332356952423,0.016871955321440563,1.0,0.0,0.0,0.0,0.0,1.0,0.0,1.0,0.0,4.6
1.0,1.0,0.0,0.0,0.0,0.0,0.0,0.0,1.0,0.0,0.0,-0.43175772088137865,-1.1958427888918102,1.0,0.0,0.0,0.0,0.0,1.0,0.0,0.0,1.0,4.5
1.0,1.0,0.0,1.0,1.0,0.0,0.0,0.0,0.0,0.0,0.0,-0.43175772088137865,-1.6437057069657965,1.0,0.0,0.0,0.0,0.0,1.0,0.0,0.0,1.0,4.0
1.0,1.0,1.0,0.0,0.0,0.0,0.0,0.0,0.0,0.0,0.0,0.068917793932485,-1.8808839813352338,1.0,0.0,0.0,0.0,0.0,1.0,0.0,0.0,1.0,3.8
1.0,1.0,0.0,1.0,0.0,0.0,0.0,0.0,0.0,0.0,0.0,-0.43175772088137865,-1.6325619473452444,1.0,0.0,0.0,0.0,0.0,1.0,0.0,0.0,1.0,4.4
1.0,0.0,0.0,1.0,1.0,0.0,0.0,0.0,0.0,0.0,0.0,-0.43175772088137865,-1.9495549622894777,1.0,0.0,0.0,0.0,0.0,1.0,0.0,0.0,1.0,4.6
1.0,1.0,0.0,0.0,0.0,1.0,0.0,1.0,0.0,0.0,0.0,-0.43175772088137865,-2.613986351281595,1.0,0.0,0.0,1.0,0.0,0.0,0.0,0.0,1.0,4.7
1.0,0.0,0.0,0.0,0.0,0.0,0.0,0.0,0.0,0.0,0.0,-0.9324332356952423,-1.6216464036975236,1.0,0.0,0.0,0.0,0.0,1.0,0.0,0.0,1.0,4.6
1.0,1.0,1.0,0.0,0.0,0.0,0.0,0.0,1.0,0.0,0.0,0.5695933087463486,0.46362680872533973,1.0,0.0,0.0,0.0,0.0,1.0,0.0,1.0,0.0,4.1
1.0,1.0,0.0,0.0,1.0,0.0,0.0,0.0,1.0,0.0,0.0,0.068917793932485,-0.9759532869577601,1.0,0.0,0.0,0.0,0.0,1.0,0.0,0.0,1.0,4.3
1.0,0.0,0.0,0.0,0.0,0.0,0.0,0.0,0.0,0.0,0.0,-0.43175772088137865,-0.3201306859621681,1.0,0.0,0.0,1.0,0.0,0.0,0.0,0.0,1.0,4.5
1.0,0.0,0.0,1.0,0.0,0.0,0.0,0.0,0.0,0.0,0.0,0.068917793932485,-0.900106303804131,1.0,0.0,0.0,0.0,0.0,1.0,0.0,0.0,1.0,4.6
1.0,0.0,0.0,0.0,0.0,0.0,0.0,0.0,0.0,0.0,0.0,-0.9324332356952423,-0.7559127525638607,1.0,0.0,0.0,0.0,0.0,1.0,0.0,0.0,1.0,4.5
1.0,0.0,0.0,0.0,0.0,0.0,0.0,0.0,0.0,0.0,0.0,-0.9324332356952423,-0.7695715597055071,1.0,0.0,0.0,0.0,0.0,1.0,0.0,0.0,1.0,4.6
1.0,0.0,0.0,0.0,0.0,0.0,0.0,0.0,0.0,0.0,0.0,-0.43175772088137865,-0.7242250090225051,1.0,0.0,0.0,0.0,0.0,1.0,0.0,0.0,1.0,4.4
1.0,0.0,0.0,0.0,0.0,0.0,0.0,0.0,1.0,0.0,0.0,-1.433108750509106,-0.6714198229182479,1.0,0.0,1.0,0.0,0.0,0.0,0.0,1.0,0.0,4.6
1.0,1.0,1.0,0.0,1.0,0.0,0.0,0.0,1.0,0.0,0.0,0.5695933087463486,-1.420128173835248,1.0,0.0,0.0,1.0,0.0,0.0,0.0,0.0,1.0,4.6
1.0,0.0,0.0,0.0,0.0,0.0,0.0,0.0,1.0,0.0,0.0,-1.433108750509106,-0.03558171609757622,1.0,0.0,0.0,0.0,0.0,1.0,1.0,0.0,0.0,4.4
1.0,0.0,1.0,0.0,1.0,0.0,0.0,0.0,0.0,0.0,0.0,-0.43175772088137865,1.1124769961195458,1.0,0.0,0.0,0.0,0.0,1.0,1.0,0.0,0.0,4.5
1.0,0.0,0.0,0.0,0.0,0.0,1.0,0.0,0.0,0.0,0.0,-0.9324332356952423,0.6749019944902666,1.0,0.0,0.0,0.0,0.0,1.0,0.0,1.0,0.0,4.4
1.0,0.0,0.0,0.0,1.0,0.0,1.0,0.0,0.0,0.0,0.0,-0.43175772088137865,0.9373848163092673,1.0,0.0,0.0,0.0,0.0,1.0,1.0,0.0,0.0,4.4
1.0,1.0,0.0,0.0,0.0,0.0,0.0,1.0,0.0,0.0,0.0,-0.43175772088137865,-0.3868038346788303,1.0,0.0,0.0,1.0,0.0,0.0,1.0,0.0,0.0,4.6
1.0,1.0,1.0,0.0,0.0,0.0,0.0,0.0,1.0,0.0,0.0,0.5695933087463486,0.44902450522090864,1.0,0.0,0.0,0.0,0.0,1.0,1.0,0.0,0.0,4.2
1.0,0.0,0.0,0.0,0.0,0.0,0.0,0.0,0.0,0.0,0.0,0.068917793932485,0.8746073618527217,1.0,0.0,0.0,0.0,0.0,1.0,1.0,0.0,0.0,4.2
1.0,0.0,1.0,0.0,0.0,0.0,0.0,0.0,0.0,1.0,0.0,0.5695933087463486,0.6749019944902666,1.0,0.0,0.0,0.0,0.0,1.0,1.0,0.0,0.0,4.1
1.0,1.0,0.0,1.0,0.0,0.0,0.0,0.0,0.0,1.0,0.0,0.5695933087463486,1.8351535136946882,1.0,0.0,0.0,0.0,0.0,1.0,0.0,1.0,0.0,4.6
1.0,1.0,1.0,1.0,0.0,1.0,0.0,0.0,0.0,0.0,0.0,3.0729708828156665,0.5374872053138338,1.0,0.0,0.0,0.0,0.0,1.0,1.0,0.0,0.0,4.5
1.0,1.0,1.0,1.0,0.0,1.0,0.0,0.0,0.0,0.0,0.0,0.068917793932485,0.22171937539869147,1.0,0.0,0.0,0.0,0.0,1.0,0.0,1.0,0.0,4.7
1.0,0.0,0.0,0.0,0.0,0.0,0.0,0.0,0.0,0.0,0.0,-0.43175772088137865,0.44902450522090864,1.0,0.0,0.0,0.0,0.0,1.0,1.0,0.0,0.0,4.5
1.0,0.0,0.0,0.0,0.0,0.0,0.0,0.0,0.0,1.0,0.0,-0.9324332356952423,-0.09376633249647051,1.0,0.0,0.0,0.0,0.0,1.0,1.0,0.0,0.0,4.2
1.0,1.0,0.0,0.0,0.0,0.0,0.0,0.0,0.0,1.0,0.0,0.068917793932485,0.210258522052833,1.0,0.0,0.0,0.0,0.0,1.0,1.0,0.0,0.0,4.1
1.0,0.0,0.0,1.0,1.0,0.0,1.0,0.0,0.0,0.0,0.0,0.068917793932485,0.5854263583742599,1.0,0.0,0.0,0.0,0.0,1.0,1.0,0.0,0.0,4.2
1.0,1.0,0.0,0.0,0.0,1.0,0.0,0.0,0.0,0.0,0.0,-0.9324332356952423,0.5117974364164499,1.0,0.0,0.0,0.0,0.0,1.0,1.0,0.0,0.0,4.6
1.0,1.0,0.0,1.0,0.0,0.0,0.0,0.0,0.0,1.0,1.0,0.5695933087463486,0.8034367165364773,1.0,0.0,0.0,0.0,0.0,1.0,1.0,0.0,0.0,4.3
1.0,1.0,1.0,1.0,1.0,0.0,0.0,0.0,0.0,0.0,0.0,1.570944338374076,0.9935415127738976,1.0,0.0,0.0,1.0,0.0,0.0,1.0,0.0,0.0,4.3
1.0,0.0,0.0,1.0,1.0,0.0,0.0,0.0,0.0,0.0,0.0,-0.43175772088137865,0.2652468130577722,1.0,0.0,0.0,0.0,0.0,1.0,1.0,0.0,0.0,4.4
1.0,0.0,0.0,0.0,0.0,0.0,0.0,0.0,0.0,1.0,0.0,-0.43175772088137865,-0.352425464870366,1.0,0.0,0.0,0.0,0.0,1.0,0.0,1.0,0.0,4.3
1.0,0.0,0.0,0.0,0.0,0.0,1.0,0.0,0.0,0.0,0.0,-0.9324332356952423,1.5965876597915378,1.0,0.0,0.0,0.0,0.0,1.0,1.0,0.0,0.0,4.5
1.0,0.0,1.0,0.0,1.0,0.0,0.0,0.0,0.0,0.0,0.0,-0.43175772088137865,0.18656994256954426,1.0,0.0,0.0,0.0,0.0,1.0,0.0,1.0,0.0,4.5
1.0,1.0,0.0,0.0,0.0,0.0,0.0,0.0,1.0,0.0,0.0,0.068917793932485,-0.8872395884508449,1.0,0.0,0.0,0.0,0.0,1.0,0.0,1.0,0.0,4.6
1.0,0.0,0.0,1.0,0.0,0.0,0.0,0.0,0.0,0.0,0.0,-0.43175772088137865,0.09423491229154198,1.0,0.0,0.0,1.0,0.0,0.0,1.0,0.0,0.0,4.4
1.0,1.0,1.0,1.0,1.0,0.0,0.0,0.0,0.0,0.0,0.0,3.0729708828156665,0.3606666430496909,1.0,0.0,0.0,0.0,0.0,1.0,1.0,0.0,0.0,4.7
1.0,0.0,0.0,0.0,0.0,0.0,0.0,0.0,0.0,1.0,1.0,-0.43175772088137865,-0.602748841964004,1.0,0.0,0.0,0.0,0.0,1.0,1.0,0.0,0.0,4.4
1.0,0.0,0.0,0.0,0.0,0.0,0.0,0.0,1.0,0.0,0.0,-1.433108750509106,0.5559732940843298,1.0,0.0,0.0,0.0,0.0,1.0,1.0,0.0,0.0,4.2
1.0,0.0,1.0,0.0,1.0,0.0,0.0,0.0,0.0,0.0,0.0,-0.43175772088137865,1.1728815930667376,1.0,0.0,0.0,0.0,0.0,1.0,1.0,0.0,0.0,4.5
1.0,0.0,0.0,0.0,1.0,0.0,1.0,0.0,0.0,0.0,0.0,-0.43175772088137865,0.8402090178443264,1.0,0.0,0.0,0.0,0.0,1.0,1.0,0.0,0.0,4.5
1.0,0.0,0.0,0.0,0.0,0.0,1.0,0.0,0.0,0.0,0.0,-0.9324332356952423,1.6217741730637756,1.0,0.0,0.0,0.0,0.0,1.0,1.0,0.0,0.0,4.4
1.0,1.0,0.0,0.0,0.0,0.0,0.0,0.0,1.0,0.0,0.0,0.068917793932485,0.9662023710801044,1.0,0.0,0.0,0.0,0.0,1.0,1.0,0.0,0.0,4.7
1.0,1.0,0.0,0.0,0.0,1.0,0.0,0.0,0.0,0.0,0.0,-0.9324332356952423,0.27559510456842035,1.0,0.0,0.0,0.0,0.0,1.0,1.0,0.0,0.0,4.6
1.0,0.0,0.0,0.0,0.0,0.0,0.0,0.0,0.0,0.0,0.0,0.068917793932485,-0.07365743127361937,1.0,0.0,0.0,0.0,0.0,1.0,1.0,0.0,0.0,4.2
1.0,1.0,1.0,0.0,0.0,0.0,0.0,1.0,0.0,0.0,0.0,0.068917793932485,-0.4235533094499012,1.0,0.0,0.0,1.0,0.0,0.0,0.0,1.0,0.0,4.5
1.0,1.0,1.0,1.0,1.0,0.0,0.0,0.0,0.0,0.0,0.0,1.570944338374076,0.8746073618527217,1.0,0.0,0.0,1.0,0.0,0.0,1.0,0.0,0.0,4.4
1.0,1.0,1.0,1.0,0.0,1.0,0.0,0.0,0.0,0.0,0.0,0.068917793932485,0.5498822238735861,1.0,0.0,0.0,0.0,0.0,1.0,1.0,0.0,0.0,4.6
1.0,0.0,0.0,0.0,1.0,0.0,0.0,0.0,1.0,0.0,0.0,0.068917793932485,0.9662023710801044,1.0,0.0,0.0,0.0,0.0,1.0,1.0,0.0,0.0,4.3
1.0,1.0,0.0,0.0,0.0,0.0,0.0,0.0,0.0,1.0,0.0,0.068917793932485,-0.017517508399021615,1.0,0.0,0.0,0.0,0.0,1.0,1.0,0.0,0.0,4.2
1.0,1.0,1.0,1.0,0.0,1.0,0.0,0.0,0.0,0.0,0.0,3.0729708828156665,0.2652468130577722,1.0,0.0,0.0,0.0,0.0,1.0,1.0,0.0,0.0,4.6
1.0,0.0,0.0,1.0,1.0,0.0,1.0,0.0,0.0,0.0,0.0,0.068917793932485,0.5374872053138338,1.0,0.0,0.0,1.0,0.0,0.0,0.0,1.0,0.0,4.3
1.0,1.0,1.0,1.0,0.0,1.0,0.0,1.0,0.0,0.0,0.0,1.0702688235602122,-0.8072834466134322,1.0,0.0,0.0,0.0,0.0,1.0,1.0,0.0,0.0,4.7
1.0,0.0,1.0,0.0,0.0,0.0,0.0,0.0,0.0,1.0,0.0,0.5695933087463486,0.6749019944902666,1.0,0.0,0.0,0.0,0.0,1.0,0.0,1.0,0.0,4.3
1.0,0.0,0.0,1.0,0.0,0.0,0.0,0.0,0.0,0.0,1.0,0.068917793932485,1.24405461771431,1.0,0.0,0.0,0.0,0.0,1.0,1.0,0.0,0.0,4.4
1.0,1.0,0.0,1.0,0.0,0.0,0.0,0.0,0.0,0.0,1.0,3.0729708828156665,0.10844593140257397,1.0,0.0,0.0,0.0,0.0,1.0,1.0,0.0,0.0,4.2
1.0,0.0,0.0,1.0,1.0,0.0,0.0,0.0,0.0,0.0,0.0,-0.43175772088137865,0.8034367165364773,1.0,0.0,0.0,0.0,0.0,1.0,1.0,0.0,0.0,4.3
1.0,1.0,0.0,1.0,0.0,0.0,0.0,0.0,0.0,0.0,1.0,0.5695933087463486,0.6241042498897668,1.0,0.0,0.0,0.0,0.0,1.0,1.0,0.0,0.0,4.5
1.0,0.0,0.0,1.0,0.0,0.0,0.0,0.0,0.0,0.0,0.0,-0.9324332356952423,1.24405461771431,1.0,0.0,0.0,0.0,0.0,1.0,1.0,0.0,0.0,4.4
1.0,1.0,1.0,1.0,1.0,0.0,0.0,0.0,0.0,0.0,0.0,3.0729708828156665,0.3606666430496909,1.0,0.0,0.0,0.0,0.0,1.0,1.0,0.0,0.0,4.7
1.0,0.0,0.0,0.0,0.0,0.0,0.0,0.0,1.0,0.0,0.0,-1.433108750509106,-0.15908955306369255,1.0,0.0,0.0,0.0,0.0,1.0,0.0,1.0,0.0,4.2
1.0,0.0,1.0,0.0,1.0,0.0,0.0,0.0,0.0,0.0,0.0,-0.43175772088137865,0.9935415127738976,1.0,0.0,0.0,0.0,0.0,1.0,0.0,1.0,0.0,4.4
1.0,0.0,0.0,0.0,0.0,0.0,1.0,0.0,0.0,0.0,0.0,-0.9324332356952423,1.2096551633473296,1.0,0.0,0.0,0.0,0.0,1.0,0.0,1.0,0.0,4.3
1.0,0.0,0.0,0.0,1.0,0.0,1.0,0.0,0.0,0.0,0.0,-0.43175772088137865,0.7212770875639902,1.0,0.0,0.0,0.0,0.0,1.0,0.0,1.0,0.0,4.3
1.0,1.0,0.0,0.0,0.0,0.0,0.0,0.0,1.0,0.0,0.0,0.068917793932485,0.7212770875639902,1.0,0.0,0.0,0.0,0.0,1.0,0.0,1.0,0.0,4.5
1.0,1.0,1.0,1.0,0.0,1.0,0.0,0.0,0.0,0.0,0.0,0.068917793932485,0.06462309137377105,1.0,0.0,0.0,0.0,0.0,1.0,0.0,1.0,0.0,4.6
1.0,0.0,0.0,0.0,0.0,0.0,0.0,0.0,0.0,0.0,0.0,0.068917793932485,1.1124769961195458,1.0,0.0,0.0,0.0,0.0,1.0,0.0,1.0,0.0,4.4
1.0,1.0,0.0,0.0,0.0,0.0,0.0,1.0,0.0,0.0,0.0,-0.43175772088137865,-0.4630253536373353,1.0,0.0,0.0,1.0,0.0,0.0,0.0,1.0,0.0,4.7
1.0,0.0,1.0,0.0,0.0,0.0,0.0,0.0,0.0,1.0,0.0,0.5695933087463486,-0.2896813027803648,1.0,0.0,0.0,0.0,0.0,1.0,0.0,1.0,0.0,4.2
1.0,1.0,1.0,0.0,0.0,0.0,0.0,0.0,1.0,0.0,0.0,0.5695933087463486,0.18656994256954426,1.0,0.0,0.0,0.0,0.0,1.0,0.0,1.0,0.0,3.9
1.0,1.0,0.0,0.0,0.0,1.0,0.0,0.0,0.0,0.0,0.0,-0.43175772088137865,-0.9663872998372313,1.0,0.0,1.0,0.0,0.0,0.0,0.0,1.0,0.0,4.6
1.0,1.0,1.0,0.0,0.0,1.0,0.0,0.0,0.0,0.0,0.0,-0.43175772088137865,-0.4630253536373353,1.0,0.0,0.0,0.0,0.0,1.0,0.0,1.0,0.0,4.6
1.0,1.0,1.0,1.0,1.0,0.0,0.0,0.0,0.0,0.0,0.0,1.570944338374076,0.8746073618527217,1.0,0.0,0.0,1.0,0.0,0.0,0.0,1.0,0.0,4.2
1.0,1.0,1.0,1.0,0.0,1.0,0.0,0.0,0.0,0.0,0.0,3.0729708828156665,-0.11466370709597222,1.0,0.0,0.0,0.0,0.0,1.0,0.0,1.0,0.0,4.6
1.0,1.0,0.0,0.0,0.0,0.0,0.0,0.0,0.0,1.0,0.0,0.068917793932485,-0.03558171609757622,1.0,0.0,0.0,0.0,0.0,1.0,0.0,1.0,0.0,4.3
1.0,1.0,1.0,1.0,0.0,1.0,0.0,1.0,0.0,0.0,0.0,1.0702688235602122,-0.7979862849740295,1.0,0.0,0.0,0.0,0.0,1.0,0.0,1.0,0.0,4.6
1.0,1.0,0.0,1.0,0.0,0.0,0.0,0.0,0.0,0.0,1.0,3.0729708828156665,-0.4235533094499012,1.0,0.0,0.0,0.0,0.0,1.0,0.0,1.0,0.0,4.1
1.0,0.0,0.0,0.0,0.0,0.0,0.0,0.0,0.0,0.0,0.0,-0.43175772088137865,-0.6391054594288657,1.0,0.0,0.0,0.0,0.0,1.0,0.0,1.0,0.0,4.5
1.0,0.0,1.0,0.0,0.0,0.0,0.0,0.0,0.0,0.0,0.0,-0.43175772088137865,-0.05427966107813933,1.0,0.0,0.0,0.0,0.0,1.0,0.0,1.0,0.0,4.7
1.0,0.0,0.0,1.0,1.0,0.0,1.0,0.0,0.0,0.0,0.0,0.068917793932485,0.3337903190893976,1.0,0.0,0.0,1.0,0.0,0.0,0.0,1.0,0.0,4.1
1.0,0.0,0.0,0.0,0.0,0.0,1.0,0.0,0.0,0.0,0.0,-0.9324332356952423,0.04917652355104378,1.0,0.0,0.0,0.0,0.0,1.0,0.0,1.0,0.0,4.3
1.0,0.0,1.0,0.0,1.0,0.0,0.0,0.0,0.0,0.0,0.0,-0.43175772088137865,-1.0457515656612035,1.0,0.0,0.0,0.0,0.0,1.0,0.0,1.0,0.0,4.6
1.0,0.0,0.0,0.0,1.0,0.0,1.0,0.0,0.0,0.0,0.0,-0.43175772088137865,-0.8312615713011545,1.0,0.0,0.0,0.0,0.0,1.0,0.0,1.0,0.0,4.3
1.0,1.0,1.0,1.0,1.0,0.0,0.0,0.0,0.0,0.0,0.0,3.0729708828156665,-0.11466370709597222,1.0,0.0,0.0,0.0,0.0,1.0,0.0,1.0,0.0,4.7
1.0,0.0,0.0,0.0,0.0,0.0,0.0,0.0,0.0,0.0,0.0,0.068917793932485,-1.6004638645460827,1.0,0.0,0.0,0.0,0.0,1.0,0.0,1.0,0.0,4.2
1.0,0.0,0.0,0.0,0.0,0.0,0.0,0.0,1.0,0.0,0.0,-1.433108750509106,0.30548653251522023,0.0,1.0,0.0,0.0,0.0,1.0,0.0,1.0,0.0,4.5
1.0,0.0,0.0,0.0,1.0,0.0,1.0,0.0,0.0,0.0,0.0,-0.43175772088137865,0.7639383355221068,0.0,1.0,0.0,0.0,0.0,1.0,1.0,0.0,0.0,4.5
1.0,1.0,1.0,0.0,0.0,0.0,1.0,0.0,0.0,0.0,0.0,0.068917793932485,0.16177943652538965,0.0,1.0,0.0,0.0,0.0,1.0,1.0,0.0,0.0,4.6
1.0,1.0,1.0,0.0,0.0,0.0,0.0,0.0,0.0,0.0,0.0,0.5695933087463486,0.8034367165364773,0.0,1.0,0.0,0.0,0.0,1.0,0.0,0.0,1.0,4.7
1.0,1.0,0.0,0.0,0.0,0.0,0.0,0.0,1.0,0.0,0.0,0.068917793932485,0.9069197658148181,0.0,1.0,0.0,0.0,0.0,1.0,0.0,1.0,0.0,4.6
1.0,0.0,0.0,0.0,0.0,0.0,0.0,0.0,0.0,0.0,0.0,0.068917793932485,1.0443416798627745,0.0,1.0,0.0,0.0,0.0,1.0,0.0,0.0,1.0,4.5
1.0,1.0,1.0,1.0,0.0,1.0,0.0,1.0,0.0,0.0,0.0,1.0702688235602122,-0.6272662642800078,0.0,1.0,0.0,0.0,0.0,1.0,0.0,1.0,0.0,4.5
1.0,0.0,1.0,0.0,0.0,0.0,1.0,0.0,0.0,0.0,0.0,0.5695933087463486,0.9069197658148181,0.0,1.0,0.0,0.0,0.0,1.0,0.0,0.0,1.0,4.6
1.0,1.0,1.0,1.0,1.0,0.0,0.0,0.0,0.0,0.0,0.0,1.570944338374076,0.04917652355104378,0.0,1.0,0.0,1.0,0.0,0.0,1.0,0.0,0.0,4.3
1.0,0.0,0.0,0.0,0.0,0.0,0.0,1.0,0.0,1.0,1.0,0.068917793932485,1.6051160853364337,0.0,1.0,0.0,1.0,0.0,0.0,0.0,0.0,1.0,4.7
1.0,0.0,0.0,0.0,0.0,1.0,0.0,0.0,0.0,0.0,0.0,-1.433108750509106,-0.352425464870366,0.0,1.0,0.0,1.0,0.0,0.0,0.0,1.0,0.0,4.6
1.0,1.0,0.0,0.0,0.0,0.0,0.0,1.0,0.0,0.0,0.0,-0.9324332356952423,-0.7255642653897143,0.0,1.0,0.0,1.0,0.0,0.0,1.0,0.0,0.0,4.8
1.0,1.0,0.0,0.0,0.0,1.0,0.0,1.0,0.0,0.0,0.0,0.068917793932485,-1.983955527086754,0.0,1.0,0.0,1.0,0.0,0.0,0.0,0.0,1.0,4.9
1.0,1.0,0.0,0.0,0.0,1.0,0.0,0.0,0.0,0.0,0.0,-0.9324332356952423,-0.3201306859621681,0.0,1.0,0.0,0.0,0.0,1.0,0.0,0.0,1.0,4.4
1.0,1.0,0.0,0.0,0.0,0.0,0.0,0.0,0.0,1.0,0.0,0.068917793932485,0.2957078001079926,0.0,1.0,0.0,0.0,0.0,1.0,0.0,1.0,0.0,4.3
1.0,1.0,1.0,0.0,0.0,0.0,1.0,0.0,0.0,0.0,0.0,0.068917793932485,-0.7495629570426441,0.0,1.0,0.0,0.0,0.0,1.0,1.0,0.0,0.0,4.7
1.0,1.0,0.0,0.0,0.0,0.0,0.0,0.0,0.0,1.0,0.0,0.068917793932485,-1.1958427888918102,0.0,1.0,0.0,0.0,0.0,1.0,0.0,1.0,0.0,4.1
1.0,0.0,0.0,0.0,0.0,0.0,0.0,0.0,0.0,0.0,0.0,-0.9324332356952423,2.3397903572492917,0.0,1.0,0.0,0.0,0.0,1.0,0.0,0.0,1.0,4.7
1.0,0.0,0.0,0.0,0.0,0.0,0.0,0.0,0.0,0.0,1.0,-0.43175772088137865,0.13577946404708138,0.0,1.0,0.0,1.0,0.0,0.0,1.0,0.0,0.0,4.4
1.0,0.0,0.0,0.0,0.0,0.0,0.0,0.0,0.0,0.0,0.0,-1.433108750509106,0.5738396886109954,0.0,1.0,0.0,0.0,0.0,1.0,0.0,1.0,0.0,4.5
1.0,0.0,0.0,0.0,0.0,0.0,0.0,0.0,0.0,0.0,0.0,-1.433108750509106,-0.11466370709597222,0.0,1.0,0.0,0.0,0.0,1.0,0.0,0.0,1.0,4.2
1.0,0.0,0.0,0.0,0.0,0.0,0.0,0.0,0.0,0.0,1.0,-1.433108750509106,1.2271323446677322,0.0,1.0,0.0,0.0,0.0,1.0,0.0,0.0,1.0,4.7
1.0,0.0,0.0,0.0,0.0,0.0,1.0,0.0,0.0,0.0,0.0,-0.9324332356952423,0.28574631127348243,0.0,1.0,0.0,1.0,0.0,0.0,0.0,0.0,1.0,4.5
1.0,0.0,0.0,1.0,0.0,0.0,0.0,0.0,0.0,0.0,0.0,0.068917793932485,0.3862526019482236,0.0,1.0,0.0,0.0,0.0,1.0,0.0,0.0,1.0,4.6
1.0,1.0,1.0,0.0,0.0,0.0,0.0,0.0,0.0,0.0,0.0,0.068917793932485,-1.466507304615942,0.0,1.0,0.0,0.0,0.0,1.0,0.0,1.0,0.0,4.2
1.0,0.0,0.0,0.0,0.0,0.0,0.0,0.0,1.0,0.0,0.0,-1.433108750509106,0.6241042498897668,0.0,1.0,0.0,0.0,0.0,1.0,1.0,0.0,0.0,4.5
1.0,0.0,0.0,0.0,0.0,0.0,0.0,0.0,0.0,0.0,0.0,0.068917793932485,0.12228788695294104,0.0,1.0,0.0,0.0,0.0,1.0,0.0,1.0,0.0,4.2
1.0,1.0,1.0,1.0,0.0,1.0,0.0,1.0,0.0,0.0,0.0,1.0702688235602122,-0.3201306859621681,0.0,1.0,0.0,0.0,0.0,1.0,1.0,0.0,0.0,4.5
1.0,0.0,1.0,0.0,0.0,0.0,1.0,0.0,0.0,0.0,0.0,0.5695933087463486,0.4778397226108121,0.0,1.0,0.0,0.0,0.0,1.0,1.0,0.0,0.0,4.6
1.0,0.0,0.0,1.0,0.0,0.0,0.0,0.0,0.0,0.0,1.0,0.068917793932485,1.3068339227839185,0.0,1.0,0.0,1.0,0.0,0.0,0.0,1.0,0.0,4.6
1.0,0.0,0.0,0.0,0.0,0.0,0.0,0.0,0.0,0.0,0.0,0.068917793932485,-0.03558171609757622,0.0,1.0,0.0,0.0,0.0,1.0,1.0,0.0,0.0,4.0
1.0,0.0,0.0,0.0,0.0,1.0,0.0,0.0,0.0,0.0,0.0,-1.433108750509106,0.03326893431222004,0.0,1.0,0.0,1.0,0.0,0.0,1.0,0.0,0.0,4.6
1.0,1.0,0.0,0.0,0.0,1.0,0.0,1.0,0.0,0.0,0.0,-0.43175772088137865,-1.143422523323502,0.0,1.0,0.0,0.0,0.0,1.0,0.0,1.0,0.0,4.8
1.0,1.0,0.0,0.0,0.0,0.0,0.0,0.0,1.0,0.0,0.0,0.068917793932485,0.8034367165364773,0.0,1.0,0.0,0.0,0.0,1.0,1.0,0.0,0.0,4.4
1.0,0.0,0.0,0.0,0.0,0.0,1.0,0.0,0.0,0.0,0.0,-0.9324332356952423,1.1915854436659128,0.0,1.0,0.0,0.0,0.0,1.0,1.0,0.0,0.0,4.6
1.0,1.0,1.0,1.0,1.0,0.0,0.0,0.0,0.0,0.0,1.0,0.5695933087463486,-1.1218396659003453,0.0,1.0,0.0,0.0,0.0,1.0,1.0,0.0,0.0,4.2
1.0,1.0,1.0,0.0,0.0,0.0,0.0,0.0,0.0,0.0,1.0,2.0716198531879395,-1.61449161501362,0.0,1.0,1.0,0.0,0.0,0.0,1.0,0.0,0.0,3.9
1.0,1.0,1.0,0.0,0.0,0.0,0.0,0.0,0.0,0.0,1.0,0.068917793932485,-0.9770268497652601,0.0,1.0,0.0,1.0,0.0,0.0,1.0,0.0,0.0,4.4
1.0,0.0,0.0,0.0,0.0,0.0,0.0,0.0,0.0,0.0,0.0,-0.43175772088137865,1.3356522567660236,0.0,1.0,0.0,0.0,0.0,1.0,1.0,0.0,0.0,4.7
1.0,0.0,1.0,0.0,1.0,0.0,1.0,0.0,0.0,0.0,0.0,-0.43175772088137865,-0.23355124203917046,0.0,1.0,0.0,1.0,0.0,0.0,1.0,0.0,0.0,4.5
1.0,0.0,1.0,0.0,0.0,0.0,0.0,0.0,0.0,0.0,0.0,-0.9324332356952423,0.418562067065081,0.0,1.0,0.0,0.0,0.0,1.0,1.0,0.0,0.0,4.5
1.0,0.0,0.0,0.0,0.0,0.0,0.0,0.0,0.0,1.0,0.0,-0.43175772088137865,0.2957078001079926,0.0,1.0,0.0,1.0,0.0,0.0,1.0,0.0,0.0,4.5
1.0,0.0,1.0,0.0,0.0,0.0,0.0,0.0,0.0,1.0,1.0,1.0702688235602122,1.1333817478643098,0.0,1.0,0.0,1.0,0.0,0.0,0.0,1.0,0.0,4.5
1.0,0.0,1.0,0.0,1.0,0.0,1.0,0.0,0.0,0.0,0.0,0.068917793932485,0.03326893431222004,0.0,1.0,0.0,0.0,0.0,1.0,0.0,1.0,0.0,4.7
1.0,0.0,1.0,0.0,0.0,0.0,0.0,0.0,0.0,1.0,0.0,1.0702688235602122,1.0907187917020442,0.0,1.0,0.0,0.0,0.0,1.0,0.0,1.0,0.0,4.7
1.0,0.0,0.0,0.0,0.0,0.0,0.0,0.0,0.0,0.0,0.0,-1.433108750509106,-0.5519946626504124,0.0,1.0,1.0,0.0,0.0,0.0,0.0,1.0,0.0,4.4
1.0,0.0,1.0,0.0,0.0,0.0,0.0,0.0,0.0,0.0,0.0,-1.433108750509106,0.4916834757863821,0.0,1.0,0.0,1.0,0.0,0.0,1.0,0.0,0.0,4.4
1.0,0.0,1.0,0.0,0.0,0.0,0.0,0.0,0.0,0.0,0.0,1.0702688235602122,1.0907187917020442,0.0,1.0,0.0,0.0,0.0,1.0,1.0,0.0,0.0,4.5
1.0,0.0,0.0,0.0,0.0,0.0,0.0,0.0,0.0,1.0,1.0,0.068917793932485,0.3606666430496909,0.0,1.0,0.0,0.0,0.0,1.0,0.0,1.0,0.0,4.3
1.0,1.0,1.0,1.0,0.0,1.0,0.0,0.0,0.0,0.0,0.0,0.5695933087463486,-1.2875443258503405,0.0,1.0,0.0,0.0,0.0,1.0,1.0,0.0,0.0,4.5
1.0,0.0,0.0,0.0,0.0,0.0,0.0,0.0,1.0,0.0,0.0,-1.433108750509106,0.7212770875639902,0.0,1.0,0.0,0.0,0.0,1.0,0.0,1.0,0.0,4.4
1.0,0.0,0.0,0.0,1.0,0.0,1.0,0.0,0.0,0.0,0.0,-0.43175772088137865,0.6241042498897668,0.0,1.0,0.0,0.0,0.0,1.0,0.0,1.0,0.0,4.5
1.0,1.0,1.0,0.0,0.0,0.0,1.0,0.0,0.0,0.0,0.0,0.068917793932485,1.1333817478643098,0.0,1.0,0.0,0.0,0.0,1.0,0.0,1.0,0.0,4.5
1.0,0.0,0.0,0.0,0.0,0.0,0.0,0.0,0.0,1.0,0.0,0.068917793932485,1.1534974798884952,0.0,1.0,0.0,0.0,0.0,1.0,0.0,1.0,0.0,4.6
1.0,1.0,1.0,1.0,0.0,1.0,0.0,1.0,0.0,0.0,0.0,1.0702688235602122,-0.3868038346788303,0.0,1.0,0.0,0.0,0.0,1.0,0.0,1.0,0.0,4.5
1.0,0.0,0.0,1.0,0.0,0.0,0.0,0.0,0.0,0.0,1.0,0.068917793932485,1.3494974483779831,0.0,1.0,0.0,0.0,0.0,1.0,0.0,1.0,0.0,4.7
1.0,0.0,1.0,0.0,0.0,0.0,1.0,0.0,1.0,0.0,0.0,-0.43175772088137865,-0.4630253536373353,0.0,1.0,0.0,0.0,0.0,1.0,0.0,1.0,0.0,4.6
1.0,1.0,0.0,0.0,0.0,0.0,0.0,1.0,0.0,0.0,0.0,-0.9324332356952423,-0.09376633249647051,0.0,1.0,0.0,1.0,0.0,0.0,0.0,1.0,0.0,4.7
1.0,0.0,0.0,0.0,0.0,0.0,0.0,0.0,0.0,1.0,0.0,-0.43175772088137865,1.276368001410333,0.0,1.0,0.0,0.0,0.0,1.0,0.0,1.0,0.0,4.6
1.0,1.0,0.0,0.0,0.0,1.0,0.0,1.0,0.0,0.0,0.0,0.068917793932485,-1.4176661659766256,0.0,1.0,0.0,0.0,0.0,1.0,0.0,1.0,0.0,4.9
1.0,1.0,0.0,0.0,0.0,0.0,0.0,0.0,0.0,1.0,0.0,0.068917793932485,-1.430091524738706,0.0,1.0,0.0,0.0,0.0,1.0,0.0,1.0,0.0,3.9
1.0,0.0,1.0,0.0,0.0,0.0,1.0,0.0,0.0,0.0,0.0,0.5695933087463486,-0.09376633249647051,0.0,1.0,0.0,0.0,0.0,1.0,0.0,1.0,0.0,4.7
1.0,1.0,0.0,0.0,0.0,0.0,0.0,0.0,0.0,1.0,0.0,0.068917793932485,0.016871955321440563,0.0,1.0,0.0,0.0,0.0,1.0,0.0,1.0,0.0,4.3
1.0,0.0,0.0,0.0,0.0,1.0,0.0,0.0,0.0,0.0,0.0,-1.433108750509106,-0.13641391974693565,0.0,1.0,0.0,0.0,0.0,1.0,0.0,1.0,0.0,4.7
1.0,1.0,0.0,0.0,0.0,0.0,0.0,1.0,0.0,0.0,0.0,-0.9324332356952423,-0.602748841964004,0.0,1.0,0.0,1.0,0.0,0.0,0.0,1.0,0.0,4.7
1.0,1.0,1.0,0.0,0.0,0.0,0.0,0.0,1.0,0.0,0.0,0.5695933087463486,0.7639383355221068,0.0,1.0,0.0,0.0,0.0,1.0,0.0,1.0,0.0,4.4
1.0,1.0,1.0,0.0,0.0,0.0,0.0,1.0,0.0,0.0,0.0,0.068917793932485,0.03326893431222004,0.0,1.0,0.0,1.0,0.0,0.0,0.0,1.0,0.0,4.8
1.0,1.0,1.0,0.0,0.0,0.0,0.0,1.0,0.0,0.0,0.0,-0.43175772088137865,0.4415705485682876,0.0,1.0,0.0,1.0,0.0,0.0,0.0,1.0,0.0,4.6
1.0,0.0,0.0,0.0,0.0,0.0,0.0,0.0,0.0,0.0,0.0,0.068917793932485,0.8402090178443264,0.0,1.0,0.0,0.0,0.0,1.0,0.0,1.0,0.0,4.5
1.0,0.0,1.0,0.0,0.0,0.0,0.0,0.0,0.0,0.0,0.0,0.068917793932485,0.4415705485682876,0.0,1.0,0.0,0.0,0.0,1.0,0.0,1.0,0.0,4.6
1.0,0.0,0.0,1.0,0.0,0.0,0.0,0.0,0.0,0.0,0.0,-1.433108750509106,-0.7350344796677007,0.0,1.0,0.0,1.0,0.0,0.0,0.0,1.0,0.0,4.6
1.0,0.0,0.0,0.0,0.0,0.0,0.0,0.0,0.0,0.0,0.0,-0.9324332356952423,0.4916834757863821,0.0,1.0,0.0,1.0,0.0,0.0,0.0,1.0,0.0,4.6
1.0,0.0,0.0,0.0,0.0,0.0,0.0,1.0,0.0,0.0,0.0,-1.433108750509106,-2.0361814121434314,0.0,1.0,0.0,0.0,0.0,1.0,0.0,1.0,0.0,4.9
1.0,0.0,0.0,0.0,0.0,0.0,0.0,0.0,1.0,0.0,0.0,-1.433108750509106,0.04917652355104378,0.0,1.0,0.0,0.0,0.0,1.0,0.0,1.0,0.0,4.5
1.0,1.0,1.0,0.0,0.0,0.0,1.0,0.0,0.0,0.0,0.0,0.068917793932485,1.1124769961195458,0.0,1.0,0.0,0.0,0.0,1.0,0.0,1.0,0.0,4.5
1.0,0.0,0.0,0.0,1.0,0.0,1.0,0.0,0.0,0.0,0.0,-0.43175772088137865,-0.3201306859621681,0.0,1.0,0.0,0.0,0.0,1.0,0.0,1.0,0.0,4.5
1.0,0.0,0.0,0.0,0.0,0.0,1.0,0.0,0.0,0.0,0.0,-0.9324332356952423,0.12228788695294104,0.0,1.0,0.0,0.0,0.0,1.0,0.0,1.0,0.0,4.6
1.0,0.0,0.0,0.0,0.0,0.0,0.0,0.0,0.0,1.0,0.0,-0.43175772088137865,1.3068339227839185,0.0,1.0,0.0,0.0,0.0,1.0,0.0,1.0,0.0,4.5
1.0,0.0,0.0,1.0,0.0,0.0,0.0,0.0,0.0,0.0,1.0,2.0716198531879395,-0.4630253536373353,0.0,1.0,0.0,0.0,0.0,1.0,0.0,1.0,0.0,4.3
1.0,0.0,0.0,1.0,1.0,0.0,0.0,0.0,0.0,0.0,0.0,-0.43175772088137865,-0.4235533094499012,0.0,1.0,0.0,0.0,0.0,1.0,0.0,1.0,0.0,4.4
1.0,1.0,1.0,0.0,0.0,0.0,1.0,0.0,0.0,0.0,0.0,0.068917793932485,-0.9956162287089717,0.0,1.0,0.0,0.0,0.0,1.0,0.0,1.0,0.0,4.4
1.0,0.0,0.0,0.0,1.0,0.0,1.0,0.0,0.0,0.0,0.0,-0.43175772088137865,0.10844593140257397,0.0,1.0,0.0,0.0,0.0,1.0,0.0,1.0,0.0,4.4
1.0,0.0,0.0,0.0,0.0,0.0,0.0,0.0,0.0,1.0,1.0,0.5695933087463486,-1.2432539117736452,0.0,1.0,0.0,0.0,0.0,1.0,0.0,1.0,0.0,4.4
1.0,0.0,0.0,1.0,0.0,0.0,0.0,0.0,0.0,0.0,1.0,-0.43175772088137865,0.8746073618527217,0.0,1.0,0.0,1.0,0.0,0.0,0.0,1.0,0.0,4.7
1.0,0.0,0.0,0.0,0.0,0.0,0.0,0.0,0.0,0.0,1.0,-0.43175772088137865,-0.4630253536373353,0.0,1.0,0.0,0.0,0.0,1.0,0.0,1.0,0.0,4.4
1.0,0.0,0.0,0.0,0.0,0.0,1.0,0.0,0.0,0.0,0.0,-0.9324332356952423,1.2918185992199207,0.0,1.0,0.0,0.0,0.0,1.0,0.0,1.0,0.0,4.6
1.0,0.0,0.0,0.0,0.0,0.0,0.0,0.0,0.0,0.0,0.0,0.068917793932485,0.198545817118695,0.0,1.0,0.0,0.0,0.0,1.0,0.0,1.0,0.0,4.6
1.0,0.0,0.0,0.0,0.0,0.0,0.0,1.0,0.0,0.0,0.0,-1.433108750509106,0.9373848163092673,0.0,1.0,0.0,0.0,0.0,1.0,0.0,1.0,0.0,4.7
1.0,0.0,0.0,0.0,0.0,0.0,0.0,1.0,0.0,0.0,0.0,-1.433108750509106,0.2546936321978934,0.0,1.0,0.0,0.0,0.0,1.0,0.0,1.0,0.0,4.7
1.0,0.0,0.0,0.0,0.0,0.0,0.0,0.0,0.0,1.0,0.0,-0.43175772088137865,0.9662023710801044,0.0,1.0,0.0,0.0,0.0,1.0,0.0,1.0,0.0,4.6
1.0,0.0,1.0,1.0,0.0,0.0,0.0,0.0,0.0,0.0,0.0,-0.43175772088137865,0.7639383355221068,0.0,1.0,0.0,0.0,0.0,1.0,0.0,1.0,0.0,4.8
1.0,0.0,0.0,0.0,0.0,0.0,0.0,0.0,1.0,0.0,0.0,-1.433108750509106,0.6749019944902666,0.0,1.0,0.0,0.0,0.0,1.0,0.0,0.0,1.0,4.5
1.0,1.0,1.0,0.0,0.0,0.0,1.0,0.0,0.0,0.0,0.0,0.068917793932485,0.7212770875639902,0.0,1.0,0.0,0.0,0.0,1.0,0.0,0.0,1.0,4.5
1.0,1.0,1.0,0.0,0.0,0.0,1.0,0.0,0.0,0.0,0.0,0.068917793932485,-0.7710299019387076,0.0,1.0,0.0,0.0,0.0,1.0,0.0,0.0,1.0,4.6
1.0,0.0,0.0,0.0,1.0,0.0,1.0,0.0,0.0,0.0,0.0,-0.43175772088137865,0.6749019944902666,0.0,1.0,0.0,0.0,0.0,1.0,0.0,0.0,1.0,4.3
1.0,0.0,0.0,0.0,0.0,0.0,0.0,0.0,0.0,1.0,0.0,-0.43175772088137865,0.9069197658148181,0.0,1.0,0.0,0.0,0.0,1.0,0.0,0.0,1.0,4.7
1.0,0.0,0.0,0.0,0.0,1.0,0.0,0.0,0.0,0.0,0.0,-1.433108750509106,-0.017517508399021615,0.0,1.0,0.0,0.0,0.0,1.0,0.0,0.0,1.0,4.6
1.0,0.0,1.0,1.0,1.0,0.0,0.0,0.0,1.0,0.0,0.0,1.570944338374076,0.8034367165364773,0.0,1.0,0.0,0.0,0.0,1.0,0.0,0.0,1.0,4.3
1.0,1.0,1.0,0.0,0.0,0.0,0.0,1.0,0.0,0.0,0.0,-0.43175772088137865,-0.5519946626504124,0.0,1.0,0.0,0.0,0.0,1.0,0.0,1.0,0.0,4.3
1.0,0.0,0.0,0.0,0.0,0.0,0.0,0.0,0.0,1.0,0.0,0.068917793932485,1.3494974483779831,0.0,1.0,0.0,0.0,0.0,1.0,0.0,0.0,1.0,4.5
1.0,0.0,1.0,0.0,0.0,0.0,1.0,0.0,0.0,0.0,0.0,0.5695933087463486,0.3945154205457697,0.0,1.0,0.0,0.0,0.0,1.0,0.0,1.0,0.0,4.6
1.0,1.0,0.0,0.0,0.0,0.0,0.0,1.0,0.0,0.0,0.0,-0.9324332356952423,-0.5519946626504124,0.0,1.0,0.0,1.0,0.0,0.0,0.0,0.0,1.0,4.8
1.0,0.0,1.0,0.0,0.0,0.0,0.0,0.0,0.0,0.0,0.0,-0.9324332356952423,0.8402090178443264,0.0,1.0,0.0,0.0,0.0,1.0,0.0,0.0,1.0,4.5
1.0,0.0,0.0,0.0,0.0,0.0,0.0,0.0,0.0,0.0,0.0,-0.9324332356952423,0.8034367165364773,0.0,1.0,0.0,0.0,0.0,1.0,0.0,1.0,0.0,4.6
1.0,0.0,0.0,0.0,0.0,0.0,0.0,1.0,0.0,0.0,0.0,-0.43175772088137865,0.7639383355221068,0.0,1.0,0.0,0.0,0.0,1.0,0.0,0.0,1.0,4.4
1.0,0.0,1.0,1.0,0.0,1.0,0.0,0.0,0.0,0.0,0.0,0.5695933087463486,-2.0283999052759394,0.0,1.0,0.0,0.0,0.0,1.0,0.0,0.0,1.0,4.7
1.0,0.0,1.0,1.0,0.0,0.0,0.0,0.0,0.0,0.0,0.0,-0.43175772088137865,-1.1674501970471634,0.0,1.0,0.0,0.0,0.0,1.0,0.0,1.0,0.0,4.6
1.0,0.0,0.0,0.0,0.0,1.0,0.0,0.0,0.0,0.0,0.0,-1.433108750509106,0.9662023710801044,0.0,1.0,0.0,0.0,0.0,1.0,0.0,0.0,1.0,4.4
1.0,0.0,1.0,0.0,0.0,0.0,0.0,0.0,0.0,0.0,0.0,-1.433108750509106,0.4778397226108121,0.0,1.0,0.0,1.0,0.0,0.0,0.0,0.0,1.0,4.6
1.0,1.0,0.0,0.0,0.0,0.0,0.0,1.0,0.0,0.0,0.0,-0.9324332356952423,-1.61094991591186,0.0,1.0,0.0,0.0,0.0,1.0,0.0,1.0,0.0,4.2
1.0,1.0,0.0,0.0,0.0,1.0,0.0,1.0,0.0,0.0,0.0,0.068917793932485,-3.057946698508879,0.0,1.0,0.0,1.0,0.0,0.0,0.0,1.0,0.0,4.9
1.0,0.0,0.0,0.0,0.0,0.0,0.0,0.0,0.0,1.0,1.0,-0.43175772088137865,0.5679505141994073,0.0,1.0,0.0,0.0,0.0,1.0,0.0,1.0,0.0,4.5
1.0,1.0,1.0,0.0,0.0,0.0,0.0,0.0,0.0,0.0,0.0,-0.9324332356952423,-4.285279248071617,0.0,1.0,0.0,0.0,0.0,1.0,0.0,1.0,0.0,4.4
1.0,0.0,0.0,0.0,0.0,0.0,0.0,0.0,0.0,0.0,0.0,-0.9324332356952423,-1.2275499484950583,0.0,1.0,1.0,0.0,0.0,0.0,0.0,1.0,0.0,3.5
1.0,0.0,0.0,0.0,0.0,0.0,0.0,0.0,0.0,0.0,1.0,0.068917793932485,-0.20755761043855708,0.0,1.0,0.0,1.0,0.0,0.0,0.0,0.0,1.0,4.6
1.0,0.0,0.0,0.0,0.0,0.0,0.0,0.0,0.0,0.0,0.0,-0.9324332356952423,-1.9172405988000956,0.0,1.0,1.0,0.0,0.0,0.0,0.0,1.0,0.0,4.2
1.0,0.0,0.0,0.0,0.0,0.0,0.0,0.0,0.0,0.0,0.0,-1.433108750509106,-0.7987548846079054,0.0,1.0,0.0,0.0,0.0,1.0,0.0,1.0,0.0,4.2
1.0,0.0,1.0,0.0,0.0,0.0,1.0,0.0,0.0,0.0,0.0,0.068917793932485,-0.11466370709597222,0.0,1.0,0.0,0.0,0.0,1.0,0.0,1.0,0.0,4.6
1.0,0.0,1.0,0.0,0.0,1.0,0.0,1.0,0.0,0.0,0.0,0.068917793932485,0.22171937539869147,0.0,1.0,0.0,1.0,0.0,0.0,0.0,0.0,1.0,4.6
1.0,0.0,0.0,0.0,0.0,1.0,0.0,0.0,0.0,0.0,0.0,-1.433108750509106,-0.11466370709597222,0.0,1.0,0.0,0.0,0.0,1.0,0.0,1.0,0.0,4.7
1.0,1.0,0.0,0.0,0.0,1.0,0.0,1.0,0.0,0.0,0.0,0.068917793932485,-3.3302288899928274,0.0,1.0,0.0,1.0,0.0,0.0,0.0,1.0,0.0,4.9
1.0,1.0,1.0,1.0,0.0,1.0,0.0,0.0,0.0,0.0,0.0,0.5695933087463486,-1.229272159213777,0.0,1.0,0.0,0.0,0.0,1.0,0.0,1.0,0.0,4.6
1.0,1.0,0.0,0.0,0.0,0.0,0.0,0.0,1.0,0.0,0.0,0.068917793932485,0.4707806371349857,0.0,1.0,0.0,0.0,0.0,1.0,0.0,1.0,0.0,4.4
1.0,0.0,0.0,0.0,0.0,0.0,0.0,0.0,0.0,0.0,0.0,-1.433108750509106,-1.4402446651238685,0.0,1.0,0.0,0.0,0.0,1.0,0.0,1.0,0.0,4.8
1.0,0.0,0.0,0.0,0.0,0.0,0.0,1.0,0.0,1.0,0.0,0.068917793932485,0.5738396886109954,0.0,1.0,0.0,0.0,0.0,1.0,0.0,1.0,0.0,4.5
1.0,0.0,0.0,0.0,0.0,0.0,0.0,0.0,0.0,0.0,0.0,0.068917793932485,0.016871955321440563,0.0,1.0,0.0,1.0,0.0,0.0,0.0,1.0,0.0,4.1
1.0,1.0,0.0,0.0,0.0,0.0,0.0,0.0,1.0,0.0,0.0,0.068917793932485,-4.548351275721192e-05,1.0,0.0,0.0,0.0,0.0,1.0,0.0,1.0,0.0,4.6
1.0,1.0,0.0,0.0,0.0,0.0,0.0,0.0,1.0,0.0,0.0,-0.43175772088137865,-1.0171898896457232,1.0,0.0,0.0,0.0,0.0,1.0,0.0,1.0,0.0,4.3
1.0,0.0,0.0,0.0,0.0,0.0,0.0,0.0,0.0,0.0,0.0,-0.43175772088137865,-1.4611502368730078,1.0,0.0,0.0,1.0,0.0,0.0,0.0,1.0,0.0,4.5
1.0,1.0,1.0,0.0,1.0,0.0,0.0,0.0,1.0,0.0,0.0,0.5695933087463486,-1.420128173835248,1.0,0.0,0.0,1.0,0.0,0.0,0.0,1.0,0.0,4.6
1.0,0.0,0.0,0.0,0.0,0.0,0.0,0.0,0.0,0.0,1.0,-0.43175772088137865,-1.4103476470645158,1.0,0.0,0.0,1.0,0.0,0.0,0.0,1.0,0.0,4.4
1.0,1.0,0.0,1.0,0.0,0.0,0.0,0.0,0.0,0.0,0.0,-0.43175772088137865,-1.8046078324951873,1.0,0.0,0.0,0.0,0.0,1.0,0.0,1.0,0.0,4.5
1.0,1.0,1.0,0.0,0.0,0.0,0.0,0.0,0.0,0.0,0.0,0.068917793932485,-1.9110063317816817,1.0,0.0,0.0,0.0,0.0,1.0,0.0,1.0,0.0,4.2
1.0,1.0,0.0,1.0,1.0,0.0,0.0,0.0,0.0,0.0,0.0,-0.43175772088137865,-1.7246219177842963,1.0,0.0,0.0,0.0,0.0,1.0,0.0,1.0,0.0,4.5
1.0,0.0,0.0,0.0,0.0,0.0,0.0,0.0,1.0,0.0,0.0,-1.433108750509106,0.14893796375712332,1.0,0.0,0.0,0.0,0.0,1.0,0.0,1.0,0.0,4.2
1.0,0.0,0.0,0.0,1.0,0.0,1.0,0.0,0.0,0.0,0.0,-0.43175772088137865,0.28574631127348243,1.0,0.0,0.0,0.0,0.0,1.0,0.0,1.0,0.0,4.4
1.0,0.0,0.0,0.0,0.0,0.0,1.0,0.0,0.0,0.0,0.0,-0.9324332356952423,0.44902450522090864,1.0,0.0,0.0,0.0,0.0,1.0,1.0,0.0,0.0,4.4
1.0,0.0,1.0,0.0,1.0,0.0,0.0,0.0,0.0,0.0,0.0,-0.43175772088137865,0.13577946404708138,1.0,0.0,0.0,0.0,0.0,1.0,0.0,1.0,0.0,4.6
1.0,0.0,1.0,0.0,0.0,0.0,0.0,0.0,0.0,1.0,0.0,0.5695933087463486,0.7639383355221068,1.0,0.0,0.0,0.0,0.0,1.0,0.0,1.0,0.0,4.4
1.0,1.0,1.0,0.0,0.0,0.0,0.0,0.0,1.0,0.0,0.0,0.5695933087463486,0.6187477205005569,1.0,0.0,0.0,0.0,0.0,1.0,0.0,1.0,0.0,4.1
1.0,0.0,0.0,0.0,0.0,0.0,0.0,0.0,0.0,0.0,0.0,0.068917793932485,1.0907187917020442,1.0,0.0,0.0,0.0,0.0,1.0,0.0,1.0,0.0,4.5
1.0,1.0,0.0,0.0,0.0,0.0,0.0,0.0,1.0,0.0,0.0,-0.43175772088137865,-0.4630253536373353,1.0,0.0,0.0,0.0,0.0,1.0,0.0,1.0,0.0,4.7
1.0,1.0,1.0,0.0,0.0,0.0,0.0,0.0,1.0,0.0,0.0,0.068917793932485,-1.5701893954474224,1.0,0.0,0.0,0.0,0.0,1.0,1.0,0.0,0.0,4.2
1.0,1.0,1.0,0.0,0.0,0.0,0.0,0.0,0.0,0.0,1.0,1.0702688235602122,-1.466507304615942,1.0,0.0,1.0,0.0,0.0,0.0,1.0,0.0,0.0,4.0
1.0,1.0,1.0,0.0,0.0,0.0,0.0,0.0,0.0,0.0,1.0,0.068917793932485,-0.6129634271901038,1.0,0.0,0.0,1.0,0.0,0.0,1.0,0.0,0.0,4.3
1.0,1.0,1.0,0.0,0.0,0.0,0.0,0.0,0.0,0.0,1.0,1.0702688235602122,-1.5446504387403381,1.0,0.0,0.0,0.0,0.0,1.0,0.0,1.0,0.0,3.8
1.0,1.0,1.0,1.0,1.0,0.0,0.0,0.0,0.0,0.0,1.0,0.5695933087463486,-0.8945539228297001,1.0,0.0,0.0,0.0,0.0,1.0,1.0,0.0,0.0,4.4
1.0,1.0,0.0,0.0,0.0,1.0,0.0,0.0,0.0,0.0,0.0,-0.9324332356952423,-1.9911103157706573,1.0,0.0,0.0,1.0,0.0,0.0,0.0,1.0,0.0,4.3
1.0,1.0,0.0,1.0,0.0,1.0,0.0,0.0,0.0,0.0,0.0,0.068917793932485,0.4563756595758918,1.0,0.0,0.0,1.0,0.0,0.0,0.0,1.0,0.0,4.5
1.0,1.0,1.0,1.0,0.0,1.0,0.0,1.0,0.0,0.0,0.0,1.0702688235602122,0.03326893431222004,1.0,0.0,0.0,0.0,0.0,1.0,0.0,1.0,0.0,4.6
1.0,1.0,0.0,0.0,0.0,1.0,0.0,1.0,0.0,0.0,0.0,0.068917793932485,-0.9200081690565378,1.0,0.0,0.0,1.0,0.0,0.0,0.0,1.0,0.0,4.5
1.0,1.0,1.0,0.0,0.0,1.0,0.0,1.0,1.0,0.0,0.0,2.0716198531879395,-0.9047778828195286,1.0,0.0,0.0,1.0,0.0,0.0,0.0,1.0,0.0,4.5
1.0,0.0,0.0,1.0,1.0,0.0,0.0,0.0,0.0,0.0,1.0,0.068917793932485,-1.2992168452948865,1.0,0.0,0.0,0.0,0.0,1.0,0.0,1.0,0.0,4.7
1.0,1.0,0.0,1.0,1.0,0.0,0.0,0.0,0.0,0.0,1.0,0.068917793932485,-1.2397239402382219,1.0,0.0,0.0,0.0,0.0,1.0,0.0,1.0,0.0,4.6
1.0,0.0,0.0,0.0,0.0,0.0,1.0,0.0,0.0,0.0,0.0,-0.9324332356952423,0.22171937539869147,1.0,0.0,0.0,0.0,0.0,1.0,0.0,1.0,0.0,4.4
1.0,0.0,0.0,0.0,0.0,0.0,0.0,0.0,0.0,1.0,0.0,-1.433108750509106,1.1915854436659128,1.0,0.0,0.0,1.0,0.0,0.0,0.0,1.0,0.0,4.5
1.0,0.0,0.0,1.0,0.0,0.0,0.0,0.0,0.0,0.0,0.0,-1.433108750509106,0.46362680872533973,1.0,0.0,0.0,1.0,0.0,0.0,0.0,1.0,0.0,4.5
1.0,0.0,0.0,0.0,0.0,0.0,0.0,0.0,0.0,0.0,0.0,0.068917793932485,-0.26087776660853007,1.0,0.0,0.0,0.0,0.0,1.0,0.0,1.0,0.0,4.4
1.0,0.0,0.0,0.0,0.0,0.0,0.0,0.0,1.0,0.0,0.0,-1.433108750509106,0.9373848163092673,1.0,0.0,0.0,0.0,0.0,1.0,0.0,1.0,0.0,4.3
1.0,0.0,0.0,0.0,1.0,0.0,1.0,0.0,0.0,0.0,0.0,-0.43175772088137865,1.1915854436659128,1.0,0.0,0.0,0.0,0.0,1.0,0.0,1.0,0.0,4.5
1.0,1.0,0.0,0.0,0.0,0.0,0.0,0.0,1.0,0.0,0.0,0.068917793932485,0.6241042498897668,1.0,0.0,0.0,0.0,0.0,1.0,0.0,1.0,0.0,4.5
1.0,0.0,1.0,0.0,0.0,0.0,0.0,0.0,0.0,1.0,0.0,0.5695933087463486,0.13577946404708138,1.0,0.0,0.0,0.0,0.0,1.0,1.0,0.0,0.0,4.5
1.0,0.0,0.0,0.0,0.0,0.0,0.0,0.0,0.0,1.0,1.0,1.570944338374076,1.6762904319035898,1.0,0.0,0.0,0.0,0.0,1.0,0.0,1.0,0.0,4.1
1.0,0.0,1.0,0.0,0.0,0.0,0.0,0.0,0.0,0.0,0.0,-0.43175772088137865,-0.3201306859621681,1.0,0.0,0.0,0.0,0.0,1.0,0.0,1.0,0.0,4.6
1.0,1.0,0.0,0.0,0.0,0.0,0.0,0.0,1.0,0.0,0.0,-0.43175772088137865,-0.5519946626504124,1.0,0.0,0.0,0.0,0.0,1.0,1.0,0.0,0.0,4.7
1.0,1.0,1.0,0.0,0.0,0.0,0.0,0.0,1.0,0.0,0.0,0.068917793932485,-1.3091430865973455,1.0,0.0,0.0,0.0,0.0,1.0,0.0,1.0,0.0,4.3
1.0,1.0,1.0,0.0,0.0,0.0,0.0,0.0,0.0,0.0,1.0,1.0702688235602122,-1.3595450572560235,1.0,0.0,1.0,0.0,0.0,0.0,1.0,0.0,0.0,4.2
1.0,1.0,1.0,1.0,1.0,0.0,0.0,0.0,0.0,0.0,1.0,0.5695933087463486,-0.8908842095137443,1.0,0.0,0.0,0.0,0.0,1.0,1.0,0.0,0.0,4.3
1.0,1.0,0.0,0.0,0.0,0.0,0.0,1.0,0.0,0.0,0.0,-0.9324332356952423,-0.9759532869577601,1.0,0.0,0.0,1.0,0.0,0.0,1.0,0.0,0.0,4.5
1.0,1.0,1.0,0.0,0.0,0.0,0.0,0.0,0.0,0.0,1.0,1.0702688235602122,-1.4692061648311159,1.0,0.0,0.0,0.0,0.0,1.0,1.0,0.0,0.0,4.3
1.0,0.0,0.0,0.0,0.0,0.0,0.0,0.0,0.0,0.0,0.0,-1.433108750509106,-4.548351275721192e-05,1.0,0.0,1.0,0.0,0.0,0.0,0.0,1.0,0.0,4.4
1.0,0.0,0.0,0.0,0.0,0.0,0.0,0.0,0.0,0.0,0.0,-0.43175772088137865,-0.017517508399021615,1.0,0.0,1.0,0.0,0.0,0.0,1.0,0.0,0.0,4.5
1.0,1.0,0.0,0.0,0.0,1.0,0.0,1.0,0.0,0.0,0.0,-0.43175772088137865,-2.421557662694732,1.0,0.0,0.0,0.0,0.0,1.0,1.0,0.0,0.0,4.9
1.0,1.0,0.0,0.0,0.0,0.0,0.0,1.0,0.0,0.0,0.0,-0.9324332356952423,-0.09376633249647051,1.0,0.0,0.0,1.0,0.0,0.0,0.0,1.0,0.0,4.7
1.0,1.0,1.0,0.0,0.0,0.0,0.0,1.0,0.0,0.0,0.0,0.068917793932485,-0.26087776660853007,1.0,0.0,0.0,1.0,0.0,0.0,1.0,0.0,0.0,4.3
1.0,0.0,0.0,0.0,0.0,0.0,0.0,0.0,0.0,1.0,0.0,-0.9324332356952423,-1.0956990696266036,1.0,0.0,0.0,1.0,0.0,0.0,0.0,1.0,0.0,4.4
1.0,0.0,0.0,0.0,0.0,0.0,0.0,0.0,0.0,0.0,0.0,0.068917793932485,-1.0850648265593905,1.0,0.0,0.0,0.0,0.0,1.0,0.0,1.0,0.0,4.4
1.0,0.0,0.0,0.0,0.0,0.0,0.0,0.0,1.0,0.0,0.0,-1.433108750509106,-0.20755761043855708,1.0,0.0,0.0,0.0,0.0,1.0,0.0,1.0,0.0,4.4
1.0,0.0,0.0,0.0,1.0,0.0,1.0,0.0,0.0,0.0,0.0,-0.43175772088137865,0.12228788695294104,1.0,0.0,0.0,0.0,0.0,1.0,0.0,1.0,0.0,4.5
1.0,0.0,0.0,0.0,0.0,0.0,1.0,0.0,0.0,0.0,0.0,-0.9324332356952423,0.5911265918642906,1.0,0.0,0.0,0.0,0.0,1.0,0.0,1.0,0.0,4.4
1.0,0.0,1.0,0.0,1.0,0.0,0.0,0.0,0.0,0.0,0.0,-0.43175772088137865,0.6078704171401514,1.0,0.0,0.0,0.0,0.0,1.0,0.0,1.0,0.0,4.5
1.0,0.0,1.0,0.0,0.0,0.0,0.0,0.0,0.0,1.0,0.0,0.5695933087463486,0.23293898040166228,1.0,0.0,0.0,0.0,0.0,1.0,0.0,1.0,0.0,4.6
1.0,1.0,1.0,0.0,0.0,0.0,0.0,0.0,1.0,0.0,0.0,0.5695933087463486,-0.3201306859621681,1.0,0.0,0.0,0.0,0.0,1.0,0.0,1.0,0.0,4.2
1.0,0.0,0.0,0.0,0.0,0.0,0.0,0.0,0.0,0.0,0.0,0.068917793932485,0.4848065418757128,1.0,0.0,0.0,0.0,0.0,1.0,0.0,1.0,0.0,4.5
1.0,1.0,0.0,0.0,0.0,0.0,0.0,1.0,0.0,0.0,0.0,-0.43175772088137865,-0.8827185795512555,1.0,0.0,0.0,1.0,0.0,0.0,0.0,1.0,0.0,4.7
1.0,1.0,1.0,1.0,1.0,0.0,0.0,0.0,0.0,0.0,0.0,1.570944338374076,0.24392728447557765,1.0,0.0,0.0,1.0,0.0,0.0,0.0,1.0,0.0,4.5
1.0,0.0,0.0,0.0,0.0,0.0,0.0,0.0,0.0,0.0,0.0,0.068917793932485,-0.3868038346788303,1.0,0.0,0.0,0.0,0.0,1.0,0.0,1.0,0.0,4.1
1.0,0.0,0.0,0.0,0.0,0.0,0.0,0.0,0.0,0.0,1.0,0.5695933087463486,-1.0850648265593905,1.0,0.0,0.0,0.0,0.0,1.0,0.0,1.0,0.0,3.8
1.0,0.0,1.0,1.0,1.0,0.0,0.0,0.0,0.0,1.0,0.0,0.5695933087463486,-0.4630253536373353,1.0,0.0,0.0,0.0,0.0,1.0,0.0,1.0,0.0,4.2
1.0,1.0,1.0,1.0,1.0,0.0,0.0,0.0,0.0,0.0,0.0,0.068917793932485,-1.6667175000702974,1.0,0.0,0.0,0.0,0.0,1.0,0.0,1.0,0.0,4.4
1.0,1.0,1.0,1.0,0.0,0.0,0.0,0.0,0.0,0.0,0.0,-0.43175772088137865,-0.602748841964004,1.0,0.0,0.0,0.0,0.0,1.0,0.0,1.0,0.0,4.4
1.0,1.0,1.0,0.0,0.0,0.0,0.0,0.0,1.0,0.0,0.0,0.068917793932485,-1.6004638645460827,1.0,0.0,0.0,0.0,0.0,1.0,0.0,1.0,0.0,4.3
1.0,0.0,0.0,0.0,1.0,0.0,0.0,0.0,0.0,0.0,0.0,0.5695933087463486,0.03326893431222004,1.0,0.0,0.0,0.0,0.0,1.0,0.0,1.0,0.0,4.5
1.0,0.0,1.0,1.0,0.0,0.0,0.0,0.0,0.0,0.0,0.0,-0.9324332356952423,-0.8667532802946926,1.0,0.0,0.0,1.0,0.0,0.0,0.0,1.0,0.0,4.3
1.0,1.0,1.0,0.0,0.0,0.0,0.0,1.0,0.0,0.0,0.0,0.068917793932485,0.23293898040166228,1.0,0.0,0.0,1.0,0.0,0.0,0.0,1.0,0.0,4.5
1.0,1.0,0.0,0.0,0.0,0.0,0.0,1.0,0.0,0.0,0.0,-0.9324332356952423,-1.0772261006747499,1.0,0.0,0.0,1.0,0.0,0.0,0.0,1.0,0.0,4.7
1.0,1.0,1.0,0.0,0.0,0.0,0.0,0.0,0.0,0.0,1.0,1.0702688235602122,-1.7159546739115281,1.0,0.0,0.0,0.0,0.0,1.0,0.0,1.0,0.0,4.3
1.0,0.0,0.0,0.0,0.0,0.0,0.0,0.0,1.0,0.0,0.0,-1.433108750509106,0.8402090178443264,1.0,0.0,0.0,0.0,0.0,1.0,0.0,1.0,0.0,4.3
1.0,0.0,0.0,0.0,1.0,0.0,1.0,0.0,0.0,0.0,0.0,-0.43175772088137865,1.3889977816672303,1.0,0.0,0.0,0.0,0.0,1.0,0.0,1.0,0.0,4.4
1.0,1.0,0.0,0.0,0.0,0.0,0.0,0.0,1.0,0.0,0.0,0.068917793932485,0.6023473778412264,1.0,0.0,0.0,0.0,0.0,1.0,0.0,1.0,0.0,4.5
1.0,0.0,1.0,0.0,0.0,0.0,0.0,0.0,0.0,1.0,0.0,0.5695933087463486,0.6749019944902666,1.0,0.0,0.0,0.0,0.0,1.0,0.0,1.0,0.0,4.4
1.0,0.0,0.0,0.0,0.0,0.0,0.0,0.0,0.0,0.0,0.0,0.068917793932485,0.6241042498897668,1.0,0.0,0.0,0.0,0.0,1.0,0.0,1.0,0.0,4.6
1.0,1.0,1.0,0.0,0.0,1.0,0.0,1.0,0.0,0.0,0.0,0.5695933087463486,-0.7896040374777208,1.0,0.0,0.0,1.0,0.0,0.0,0.0,1.0,0.0,4.7
1.0,1.0,0.0,0.0,0.0,0.0,0.0,0.0,1.0,0.0,0.0,-0.43175772088137865,-0.3868038346788303,1.0,0.0,0.0,0.0,0.0,1.0,0.0,1.0,0.0,4.7
1.0,1.0,0.0,0.0,0.0,0.0,0.0,0.0,0.0,0.0,1.0,0.068917793932485,0.6241042498897668,1.0,0.0,0.0,0.0,0.0,1.0,0.0,1.0,0.0,4.5
1.0,0.0,0.0,0.0,0.0,0.0,0.0,0.0,0.0,0.0,1.0,0.5695933087463486,-0.7149432663414655,1.0,0.0,0.0,0.0,0.0,1.0,0.0,1.0,0.0,4.1
1.0,0.0,0.0,0.0,0.0,0.0,0.0,0.0,0.0,1.0,0.0,-0.43175772088137865,1.4711619427037288,1.0,0.0,0.0,0.0,0.0,1.0,1.0,0.0,0.0,4.6
1.0,1.0,0.0,0.0,0.0,0.0,0.0,0.0,0.0,0.0,0.0,0.5695933087463486,0.6133368146934652,1.0,0.0,1.0,0.0,0.0,0.0,0.0,1.0,0.0,4.3
1.0,1.0,1.0,0.0,0.0,0.0,0.0,1.0,0.0,0.0,0.0,0.068917793932485,0.8034367165364773,1.0,0.0,0.0,1.0,0.0,0.0,0.0,1.0,0.0,4.7
1.0,1.0,1.0,0.0,0.0,1.0,0.0,1.0,0.0,0.0,0.0,1.570944338374076,-1.976895506605382,1.0,0.0,0.0,1.0,0.0,0.0,0.0,1.0,0.0,4.7
1.0,1.0,0.0,1.0,1.0,0.0,0.0,0.0,0.0,0.0,0.0,-0.43175772088137865,-1.2705012619720404,1.0,0.0,0.0,0.0,0.0,1.0,0.0,1.0,0.0,4.6
1.0,0.0,0.0,1.0,1.0,0.0,0.0,0.0,0.0,0.0,0.0,-0.43175772088137865,-1.1375811086560679,1.0,0.0,0.0,0.0,0.0,1.0,0.0,1.0,0.0,4.8
1.0,1.0,1.0,0.0,1.0,0.0,0.0,0.0,1.0,0.0,0.0,0.5695933087463486,-0.8453438259615642,1.0,0.0,1.0,0.0,0.0,0.0,0.0,1.0,0.0,4.4
1.0,0.0,0.0,1.0,0.0,0.0,0.0,0.0,0.0,0.0,0.0,-1.433108750509106,-0.11466370709597222,1.0,0.0,0.0,1.0,0.0,0.0,0.0,1.0,0.0,4.6
1.0,1.0,0.0,0.0,0.0,0.0,0.0,1.0,0.0,0.0,0.0,-0.9324332356952423,-0.20755761043855708,1.0,0.0,0.0,1.0,0.0,0.0,1.0,0.0,0.0,4.8
1.0,1.0,1.0,0.0,1.0,0.0,0.0,0.0,1.0,0.0,0.0,0.068917793932485,-1.0160324000405163,1.0,0.0,1.0,0.0,0.0,0.0,0.0,1.0,0.0,4.5
1.0,0.0,0.0,0.0,0.0,0.0,0.0,0.0,0.0,1.0,0.0,0.5695933087463486,0.6241042498897668,1.0,0.0,0.0,1.0,0.0,0.0,1.0,0.0,0.0,4.4
1.0,0.0,0.0,0.0,0.0,0.0,0.0,0.0,0.0,0.0,0.0,0.068917793932485,-0.05427966107813933,1.0,0.0,0.0,0.0,0.0,1.0,0.0,1.0,0.0,4.5
1.0,1.0,1.0,0.0,0.0,0.0,0.0,1.0,0.0,0.0,0.0,0.068917793932485,-1.0877035634025833,1.0,0.0,0.0,1.0,0.0,0.0,0.0,1.0,0.0,4.6
1.0,0.0,0.0,0.0,0.0,0.0,0.0,0.0,1.0,0.0,0.0,-1.433108750509106,0.7212770875639902,1.0,0.0,0.0,0.0,0.0,1.0,1.0,0.0,0.0,4.2
1.0,0.0,0.0,0.0,0.0,0.0,1.0,0.0,0.0,0.0,0.0,-0.9324332356952423,0.9069197658148181,1.0,0.0,0.0,0.0,0.0,1.0,1.0,0.0,0.0,4.2
1.0,0.0,0.0,0.0,1.0,0.0,1.0,0.0,0.0,0.0,0.0,-0.43175772088137865,0.9373848163092673,1.0,0.0,0.0,0.0,0.0,1.0,1.0,0.0,0.0,4.2
1.0,1.0,1.0,0.0,0.0,0.0,1.0,0.0,0.0,0.0,0.0,0.068917793932485,1.4489498685255167,1.0,0.0,0.0,0.0,0.0,1.0,1.0,0.0,0.0,4.3
1.0,0.0,0.0,0.0,0.0,0.0,0.0,0.0,0.0,0.0,0.0,0.068917793932485,0.8402090178443264,1.0,0.0,0.0,0.0,0.0,1.0,1.0,0.0,0.0,4.0
1.0,0.0,1.0,0.0,0.0,0.0,0.0,0.0,0.0,1.0,0.0,0.5695933087463486,-0.6529660129835716,1.0,0.0,0.0,0.0,0.0,1.0,0.0,1.0,0.0,4.0
1.0,1.0,0.0,0.0,0.0,0.0,0.0,1.0,0.0,0.0,0.0,-0.43175772088137865,-0.4630253536373353,1.0,0.0,0.0,1.0,0.0,0.0,0.0,1.0,0.0,4.6
1.0,1.0,0.0,0.0,0.0,0.0,0.0,0.0,0.0,0.0,0.0,-1.433108750509106,-0.20755761043855708,1.0,0.0,0.0,0.0,0.0,1.0,1.0,0.0,0.0,4.4
1.0,0.0,0.0,1.0,1.0,0.0,1.0,0.0,0.0,0.0,0.0,0.068917793932485,0.210258522052833,1.0,0.0,0.0,1.0,0.0,0.0,1.0,0.0,0.0,4.3
1.0,1.0,1.0,0.0,0.0,0.0,0.0,0.0,0.0,0.0,1.0,1.0702688235602122,-1.9562597519987974,1.0,0.0,1.0,0.0,0.0,0.0,1.0,0.0,0.0,3.9
1.0,1.0,1.0,0.0,0.0,0.0,0.0,0.0,1.0,0.0,0.0,0.068917793932485,-1.82005887821091,1.0,0.0,0.0,0.0,0.0,1.0,1.0,0.0,0.0,4.0
1.0,1.0,1.0,0.0,0.0,0.0,0.0,0.0,0.0,0.0,1.0,1.0702688235602122,-2.1895227902840437,1.0,0.0,0.0,0.0,0.0,1.0,0.0,1.0,0.0,4.3
1.0,0.0,0.0,0.0,1.0,0.0,1.0,0.0,0.0,0.0,0.0,-0.43175772088137865,-0.26087776660853007,1.0,0.0,0.0,0.0,0.0,1.0,1.0,0.0,0.0,4.4
1.0,1.0,1.0,0.0,0.0,0.0,0.0,0.0,0.0,1.0,1.0,2.572295368001803,1.1915854436659128,1.0,0.0,0.0,0.0,0.0,1.0,1.0,0.0,0.0,4.2
1.0,1.0,1.0,1.0,0.0,1.0,0.0,0.0,0.0,0.0,0.0,3.0729708828156665,0.16177943652538965,1.0,0.0,0.0,0.0,0.0,1.0,1.0,0.0,0.0,4.5
1.0,1.0,1.0,0.0,0.0,0.0,0.0,0.0,0.0,0.0,1.0,0.068917793932485,-1.27236824725639,1.0,0.0,0.0,1.0,0.0,0.0,0.0,1.0,0.0,4.4
1.0,1.0,0.0,0.0,0.0,0.0,0.0,1.0,0.0,0.0,0.0,-0.43175772088137865,-1.1419561571889658,1.0,0.0,0.0,1.0,0.0,0.0,0.0,1.0,0.0,4.5
1.0,1.0,1.0,0.0,0.0,0.0,1.0,0.0,0.0,0.0,0.0,0.068917793932485,-1.5767700192004246,1.0,0.0,0.0,0.0,0.0,1.0,1.0,0.0,0.0,4.4
1.0,0.0,0.0,1.0,1.0,0.0,0.0,0.0,0.0,0.0,0.0,-0.43175772088137865,-0.07365743127361937,1.0,0.0,0.0,0.0,0.0,1.0,1.0,0.0,0.0,4.3
1.0,1.0,0.0,0.0,0.0,0.0,0.0,1.0,0.0,0.0,0.0,-0.9324332356952423,-0.6750665218884939,1.0,0.0,0.0,1.0,0.0,0.0,1.0,0.0,0.0,4.8
1.0,0.0,1.0,1.0,1.0,0.0,0.0,0.0,0.0,0.0,0.0,0.5695933087463486,-0.23355124203917046,1.0,0.0,0.0,1.0,0.0,0.0,1.0,0.0,0.0,4.5
1.0,0.0,0.0,0.0,0.0,0.0,0.0,0.0,1.0,0.0,0.0,-1.433108750509106,0.6241042498897668,1.0,0.0,0.0,0.0,0.0,1.0,0.0,0.0,1.0,4.2
1.0,1.0,1.0,0.0,0.0,0.0,1.0,0.0,0.0,0.0,0.0,0.068917793932485,0.4916834757863821,1.0,0.0,0.0,0.0,0.0,1.0,0.0,0.0,1.0,4.5
1.0,0.0,0.0,0.0,0.0,0.0,1.0,0.0,0.0,0.0,0.0,-0.9324332356952423,0.7639383355221068,1.0,0.0,0.0,0.0,0.0,1.0,0.0,0.0,1.0,4.3
1.0,1.0,0.0,0.0,0.0,0.0,0.0,0.0,1.0,0.0,0.0,0.068917793932485,0.9069197658148181,1.0,0.0,0.0,0.0,0.0,1.0,0.0,0.0,1.0,4.1
1.0,0.0,0.0,0.0,1.0,0.0,1.0,0.0,0.0,0.0,0.0,-0.43175772088137865,1.0195465601826168,1.0,0.0,0.0,0.0,0.0,1.0,0.0,0.0,1.0,4.1
1.0,1.0,0.0,0.0,0.0,1.0,0.0,0.0,0.0,0.0,0.0,-0.9324332356952423,0.5854263583742599,1.0,0.0,0.0,0.0,0.0,1.0,0.0,0.0,1.0,4.6
1.0,1.0,1.0,1.0,0.0,1.0,0.0,0.0,0.0,0.0,0.0,0.068917793932485,-4.548351275721192e-05,1.0,0.0,0.0,0.0,0.0,1.0,0.0,1.0,0.0,4.6
1.0,0.0,0.0,0.0,0.0,0.0,0.0,0.0,0.0,0.0,0.0,0.068917793932485,0.9662023710801044,1.0,0.0,0.0,0.0,0.0,1.0,0.0,1.0,0.0,4.1
1.0,1.0,1.0,0.0,0.0,0.0,0.0,1.0,0.0,0.0,0.0,0.068917793932485,0.6241042498897668,1.0,0.0,0.0,1.0,0.0,0.0,0.0,1.0,0.0,4.6
1.0,0.0,1.0,1.0,0.0,0.0,0.0,0.0,0.0,0.0,1.0,0.5695933087463486,1.2271323446677322,1.0,0.0,0.0,0.0,0.0,1.0,0.0,0.0,1.0,4.4
1.0,0.0,0.0,0.0,1.0,0.0,1.0,0.0,0.0,0.0,0.0,-0.43175772088137865,0.07963460880487269,1.0,0.0,0.0,0.0,0.0,1.0,0.0,0.0,1.0,4.6
1.0,1.0,0.0,0.0,1.0,0.0,1.0,0.0,0.0,0.0,0.0,0.5695933087463486,1.1333817478643098,1.0,0.0,0.0,0.0,0.0,1.0,0.0,0.0,1.0,4.5
1.0,1.0,0.0,0.0,0.0,0.0,0.0,0.0,0.0,1.0,0.0,0.068917793932485,0.3606666430496909,1.0,0.0,0.0,0.0,0.0,1.0,0.0,0.0,1.0,4.2
1.0,0.0,0.0,1.0,1.0,0.0,0.0,0.0,0.0,0.0,0.0,-0.43175772088137865,0.10844593140257397,1.0,0.0,0.0,0.0,0.0,1.0,0.0,0.0,1.0,4.4
1.0,1.0,1.0,1.0,0.0,1.0,0.0,1.0,0.0,0.0,0.0,1.0702688235602122,-0.07365743127361937,1.0,0.0,0.0,0.0,0.0,1.0,0.0,1.0,0.0,4.3
1.0,1.0,1.0,0.0,0.0,0.0,0.0,0.0,0.0,0.0,1.0,0.068917793932485,-0.9738126264350481,1.0,0.0,0.0,1.0,0.0,0.0,0.0,1.0,0.0,4.3
1.0,1.0,1.0,1.0,1.0,1.0,0.0,0.0,0.0,0.0,0.0,2.0716198531879395,1.1124769961195458,1.0,0.0,0.0,1.0,0.0,0.0,0.0,0.0,1.0,4.6
1.0,0.0,1.0,1.0,1.0,0.0,0.0,0.0,0.0,0.0,0.0,0.068917793932485,0.8034367165364773,1.0,0.0,0.0,1.0,0.0,0.0,0.0,0.0,1.0,4.5
1.0,1.0,1.0,0.0,0.0,0.0,0.0,0.0,1.0,0.0,0.0,0.068917793932485,-1.4913035779734793,1.0,0.0,0.0,0.0,0.0,1.0,0.0,1.0,0.0,4.0
1.0,1.0,1.0,1.0,1.0,0.0,0.0,0.0,0.0,0.0,1.0,0.5695933087463486,-1.000086055772442,1.0,0.0,0.0,0.0,0.0,1.0,0.0,1.0,0.0,4.1
1.0,0.0,0.0,0.0,1.0,0.0,0.0,0.0,0.0,1.0,0.0,0.5695933087463486,-0.13641391974693565,1.0,0.0,0.0,1.0,0.0,0.0,0.0,1.0,0.0,4.4
1.0,0.0,0.0,1.0,0.0,0.0,0.0,0.0,0.0,0.0,0.0,-0.9324332356952423,-1.3820388486154462,1.0,0.0,0.0,1.0,0.0,0.0,0.0,0.0,1.0,4.0
1.0,1.0,0.0,0.0,0.0,0.0,0.0,0.0,1.0,0.0,0.0,0.068917793932485,0.16177943652538965,1.0,0.0,0.0,0.0,0.0,1.0,0.0,1.0,0.0,4.2
1.0,1.0,1.0,1.0,0.0,1.0,0.0,1.0,0.0,0.0,0.0,1.0702688235602122,-1.021845148526592,1.0,0.0,0.0,0.0,0.0,1.0,0.0,1.0,0.0,4.3
1.0,1.0,1.0,0.0,0.0,1.0,0.0,1.0,1.0,0.0,0.0,2.0716198531879395,-1.1926123320113058,1.0,0.0,0.0,1.0,0.0,0.0,0.0,1.0,0.0,4.3
1.0,1.0,0.0,0.0,0.0,1.0,0.0,1.0,0.0,0.0,0.0,0.068917793932485,-0.5519946626504124,1.0,0.0,0.0,1.0,0.0,0.0,0.0,1.0,0.0,4.5
1.0,0.0,0.0,0.0,0.0,0.0,1.0,0.0,0.0,0.0,0.0,-0.43175772088137865,-0.5056558773077074,1.0,0.0,0.0,0.0,0.0,1.0,1.0,0.0,0.0,4.5
1.0,1.0,1.0,0.0,0.0,0.0,0.0,0.0,0.0,0.0,0.0,-0.43175772088137865,-1.8359712166890758,1.0,0.0,0.0,0.0,0.0,1.0,1.0,0.0,0.0,3.3
1.0,1.0,1.0,0.0,0.0,1.0,0.0,1.0,0.0,0.0,0.0,0.5695933087463486,-0.602748841964004,1.0,0.0,0.0,1.0,0.0,0.0,0.0,1.0,0.0,3.6
1.0,1.0,1.0,1.0,0.0,1.0,0.0,0.0,0.0,0.0,0.0,3.0729708828156665,-0.20755761043855708,1.0,0.0,0.0,0.0,0.0,1.0,0.0,1.0,0.0,4.6
1.0,1.0,1.0,1.0,1.0,0.0,0.0,0.0,0.0,0.0,0.0,1.570944338374076,0.198545817118695,1.0,0.0,0.0,1.0,0.0,0.0,1.0,0.0,0.0,4.3
1.0,0.0,1.0,1.0,1.0,0.0,0.0,0.0,0.0,0.0,0.0,0.5695933087463486,0.7639383355221068,1.0,0.0,0.0,1.0,0.0,0.0,1.0,0.0,0.0,4.4
1.0,0.0,0.0,1.0,0.0,0.0,0.0,0.0,0.0,1.0,1.0,0.068917793932485,1.5028354097763192,1.0,0.0,0.0,0.0,0.0,1.0,1.0,0.0,0.0,4.1
1.0,0.0,0.0,0.0,0.0,0.0,0.0,0.0,0.0,0.0,1.0,-1.433108750509106,1.4257717749582075,1.0,0.0,0.0,0.0,0.0,1.0,0.0,1.0,0.0,4.3
1.0,0.0,0.0,0.0,0.0,0.0,0.0,0.0,1.0,0.0,0.0,-1.433108750509106,1.0680344718486439,1.0,0.0,0.0,0.0,0.0,1.0,1.0,0.0,0.0,4.3
1.0,1.0,1.0,0.0,0.0,0.0,1.0,0.0,0.0,0.0,0.0,0.068917793932485,1.2096551633473296,1.0,0.0,0.0,0.0,0.0,1.0,1.0,0.0,0.0,4.5
1.0,0.0,0.0,0.0,1.0,0.0,1.0,0.0,0.0,0.0,0.0,-0.43175772088137865,-0.017517508399021615,1.0,0.0,0.0,0.0,0.0,1.0,1.0,0.0,0.0,4.2
1.0,0.0,0.0,0.0,0.0,0.0,1.0,0.0,0.0,0.0,0.0,-0.9324332356952423,1.7051091555071343,1.0,0.0,0.0,0.0,0.0,1.0,1.0,0.0,0.0,4.2
1.0,1.0,0.0,0.0,0.0,0.0,0.0,0.0,1.0,0.0,0.0,0.068917793932485,0.46362680872533973,1.0,0.0,0.0,0.0,0.0,1.0,1.0,0.0,0.0,4.3
1.0,1.0,0.0,0.0,0.0,1.0,0.0,0.0,0.0,0.0,0.0,-0.9324332356952423,0.5911265918642906,1.0,0.0,0.0,0.0,0.0,1.0,1.0,0.0,0.0,4.7
1.0,0.0,1.0,0.0,0.0,0.0,0.0,0.0,0.0,1.0,0.0,0.5695933087463486,0.10844593140257397,1.0,0.0,0.0,1.0,0.0,0.0,1.0,0.0,0.0,4.2
1.0,0.0,0.0,0.0,0.0,0.0,0.0,0.0,0.0,0.0,0.0,0.068917793932485,0.2652468130577722,1.0,0.0,0.0,0.0,0.0,1.0,0.0,1.0,0.0,4.4
1.0,1.0,0.0,0.0,0.0,0.0,0.0,1.0,0.0,0.0,0.0,-0.43175772088137865,0.5619955449465179,1.0,0.0,0.0,1.0,0.0,0.0,1.0,0.0,0.0,4.5
1.0,1.0,1.0,1.0,1.0,0.0,0.0,0.0,0.0,0.0,0.0,1.570944338374076,0.41066644419266846,1.0,0.0,0.0,1.0,0.0,0.0,0.0,1.0,0.0,4.4
1.0,1.0,0.0,0.0,0.0,0.0,0.0,0.0,0.0,1.0,0.0,0.068917793932485,0.7212770875639902,1.0,0.0,0.0,0.0,0.0,1.0,1.0,0.0,0.0,4.3
1.0,1.0,1.0,1.0,0.0,1.0,0.0,1.0,0.0,0.0,0.0,1.0702688235602122,0.03326893431222004,1.0,0.0,0.0,0.0,0.0,1.0,1.0,0.0,0.0,4.4
1.0,1.0,0.0,0.0,0.0,0.0,0.0,0.0,0.0,0.0,1.0,0.068917793932485,-0.20755761043855708,1.0,0.0,0.0,0.0,0.0,1.0,0.0,1.0,0.0,4.0
1.0,1.0,1.0,0.0,0.0,0.0,1.0,0.0,0.0,0.0,0.0,0.068917793932485,-1.0556226580177008,1.0,0.0,0.0,0.0,0.0,1.0,1.0,0.0,0.0,4.4
1.0,1.0,0.0,0.0,0.0,0.0,0.0,1.0,0.0,0.0,0.0,-0.43175772088137865,-1.0618862289616693,1.0,0.0,0.0,1.0,0.0,0.0,1.0,0.0,0.0,4.6
1.0,1.0,0.0,0.0,0.0,0.0,0.0,0.0,0.0,1.0,0.0,0.068917793932485,-1.0531376942920778,1.0,0.0,0.0,0.0,0.0,1.0,1.0,0.0,0.0,3.7
1.0,1.0,1.0,0.0,0.0,0.0,0.0,0.0,0.0,0.0,0.0,-0.43175772088137865,-1.8692960520521402,1.0,0.0,0.0,0.0,0.0,1.0,1.0,0.0,0.0,4.1
1.0,1.0,1.0,0.0,0.0,1.0,0.0,1.0,0.0,0.0,0.0,0.5695933087463486,-0.4630253536373353,1.0,0.0,0.0,1.0,0.0,0.0,0.0,1.0,0.0,4.2
1.0,1.0,1.0,0.0,1.0,0.0,1.0,0.0,0.0,0.0,0.0,0.5695933087463486,-0.5519946626504124,1.0,0.0,0.0,1.0,0.0,0.0,1.0,0.0,0.0,3.7
1.0,1.0,0.0,0.0,0.0,0.0,0.0,1.0,0.0,0.0,0.0,-0.43175772088137865,-1.0125749365423125,1.0,0.0,0.0,1.0,0.0,0.0,1.0,0.0,0.0,4.5
1.0,0.0,0.0,0.0,1.0,0.0,0.0,0.0,0.0,0.0,0.0,-1.433108750509106,-2.390194278500843,1.0,0.0,0.0,1.0,0.0,0.0,1.0,0.0,0.0,4.9
1.0,0.0,1.0,0.0,1.0,0.0,1.0,0.0,1.0,0.0,0.0,0.5695933087463486,0.6749019944902666,1.0,0.0,0.0,1.0,0.0,0.0,1.0,0.0,0.0,4.6
1.0,1.0,1.0,1.0,1.0,0.0,0.0,0.0,0.0,0.0,0.0,3.0729708828156665,-1.0079995972588247,1.0,0.0,0.0,0.0,0.0,1.0,1.0,0.0,0.0,4.6
1.0,0.0,0.0,0.0,0.0,0.0,0.0,0.0,0.0,0.0,0.0,0.068917793932485,0.32452171911680294,1.0,0.0,0.0,1.0,0.0,0.0,0.0,1.0,0.0,4.5
1.0,0.0,0.0,0.0,0.0,0.0,0.0,0.0,1.0,0.0,0.0,-1.433108750509106,0.6241042498897668,1.0,0.0,0.0,0.0,0.0,1.0,0.0,1.0,0.0,4.3
1.0,1.0,1.0,0.0,0.0,0.0,1.0,0.0,0.0,0.0,0.0,0.068917793932485,1.0680344718486439,1.0,0.0,0.0,0.0,0.0,1.0,0.0,1.0,0.0,4.6
1.0,1.0,0.0,0.0,0.0,0.0,0.0,0.0,1.0,0.0,0.0,0.068917793932485,0.9935415127738976,1.0,0.0,0.0,0.0,0.0,1.0,0.0,1.0,0.0,4.2
1.0,0.0,0.0,0.0,1.0,0.0,1.0,0.0,0.0,0.0,0.0,-0.43175772088137865,0.9069197658148181,1.0,0.0,0.0,0.0,0.0,1.0,0.0,1.0,0.0,4.3
1.0,0.0,0.0,0.0,0.0,0.0,1.0,0.0,0.0,0.0,0.0,-0.9324332356952423,1.4015398005905115,1.0,0.0,0.0,0.0,0.0,1.0,0.0,1.0,0.0,4.1
1.0,1.0,0.0,0.0,0.0,1.0,0.0,0.0,0.0,0.0,0.0,-0.9324332356952423,0.46362680872533973,1.0,0.0,0.0,0.0,0.0,1.0,0.0,1.0,0.0,4.6
1.0,1.0,1.0,1.0,0.0,1.0,0.0,0.0,0.0,0.0,0.0,0.068917793932485,0.16177943652538965,1.0,0.0,0.0,0.0,0.0,1.0,0.0,1.0,0.0,4.5
1.0,0.0,0.0,0.0,0.0,0.0,0.0,0.0,0.0,0.0,0.0,0.068917793932485,1.1124769961195458,1.0,0.0,0.0,0.0,0.0,1.0,0.0,1.0,0.0,4.3
1.0,0.0,1.0,1.0,0.0,0.0,0.0,0.0,0.0,0.0,1.0,0.5695933087463486,1.1333817478643098,1.0,0.0,0.0,0.0,0.0,1.0,0.0,1.0,0.0,4.3
1.0,0.0,0.0,0.0,0.0,0.0,0.0,0.0,0.0,1.0,0.0,0.5695933087463486,-0.6677979035207937,1.0,0.0,0.0,0.0,0.0,1.0,0.0,1.0,0.0,4.4
1.0,1.0,0.0,0.0,0.0,0.0,0.0,0.0,0.0,0.0,0.0,-1.433108750509106,-1.2539862962349573,1.0,0.0,1.0,0.0,0.0,0.0,0.0,1.0,0.0,5.0
1.0,1.0,0.0,0.0,0.0,0.0,0.0,0.0,1.0,0.0,0.0,-0.43175772088137865,-0.8470252903015044,1.0,0.0,0.0,0.0,0.0,1.0,0.0,1.0,0.0,4.7
1.0,1.0,0.0,0.0,0.0,0.0,0.0,1.0,0.0,0.0,0.0,-0.43175772088137865,0.7639383355221068,1.0,0.0,0.0,1.0,0.0,0.0,0.0,1.0,0.0,4.6
1.0,0.0,1.0,0.0,0.0,0.0,0.0,0.0,1.0,1.0,0.0,1.0702688235602122,1.0443416798627745,1.0,0.0,0.0,0.0,0.0,1.0,0.0,1.0,0.0,4.6
1.0,0.0,0.0,0.0,0.0,0.0,0.0,0.0,0.0,0.0,1.0,0.5695933087463486,-0.4235533094499012,1.0,0.0,0.0,0.0,0.0,1.0,0.0,1.0,0.0,4.2
1.0,0.0,1.0,0.0,0.0,0.0,0.0,0.0,0.0,0.0,0.0,-0.43175772088137865,-0.905717131967824,1.0,0.0,0.0,0.0,0.0,1.0,0.0,1.0,0.0,4.5
1.0,1.0,1.0,1.0,0.0,1.0,0.0,1.0,0.0,0.0,0.0,1.0702688235602122,-0.7850868599874862,1.0,0.0,0.0,0.0,0.0,1.0,0.0,1.0,0.0,4.4
1.0,1.0,0.0,0.0,0.0,0.0,0.0,1.0,0.0,0.0,0.0,-0.43175772088137865,-1.333748551378034,1.0,0.0,0.0,1.0,0.0,0.0,0.0,1.0,0.0,4.7
1.0,1.0,0.0,0.0,0.0,1.0,0.0,1.0,0.0,0.0,0.0,0.068917793932485,-2.244522439208461,1.0,0.0,0.0,0.0,0.0,1.0,0.0,1.0,0.0,4.9
1.0,0.0,0.0,0.0,0.0,0.0,0.0,0.0,0.0,0.0,0.0,-1.433108750509106,-0.6091773470647933,1.0,0.0,1.0,0.0,0.0,0.0,0.0,1.0,0.0,4.3
1.0,0.0,0.0,0.0,0.0,0.0,0.0,0.0,1.0,0.0,0.0,-1.433108750509106,0.531179904718934,0.0,1.0,0.0,0.0,0.0,1.0,0.0,1.0,0.0,4.2
1.0,1.0,1.0,0.0,0.0,0.0,1.0,0.0,0.0,0.0,0.0,0.068917793932485,-0.05427966107813933,0.0,1.0,0.0,0.0,0.0,1.0,0.0,1.0,0.0,4.5
1.0,1.0,0.0,0.0,0.0,0.0,0.0,0.0,1.0,0.0,0.0,0.068917793932485,-0.4630253536373353,0.0,1.0,0.0,0.0,0.0,1.0,0.0,1.0,0.0,4.2
1.0,0.0,0.0,0.0,0.0,0.0,1.0,0.0,0.0,0.0,0.0,-0.9324332356952423,1.4015398005905115,0.0,1.0,0.0,0.0,0.0,1.0,0.0,0.0,1.0,4.3
1.0,0.0,0.0,0.0,1.0,0.0,1.0,0.0,0.0,0.0,0.0,-0.43175772088137865,0.4848065418757128,0.0,1.0,0.0,0.0,0.0,1.0,0.0,1.0,0.0,4.2
1.0,1.0,0.0,0.0,0.0,0.0,0.0,0.0,0.0,0.0,0.0,-1.433108750509106,-0.09376633249647051,0.0,1.0,0.0,0.0,0.0,1.0,1.0,0.0,0.0,4.7
1.0,1.0,1.0,0.0,0.0,0.0,0.0,0.0,1.0,0.0,0.0,0.5695933087463486,-0.07365743127361937,0.0,1.0,0.0,0.0,0.0,1.0,0.0,1.0,0.0,4.3
1.0,0.0,0.0,0.0,0.0,0.0,0.0,0.0,0.0,0.0,0.0,0.068917793932485,0.3337903190893976,0.0,1.0,0.0,0.0,0.0,1.0,0.0,1.0,0.0,4.5
1.0,1.0,1.0,0.0,0.0,0.0,0.0,1.0,0.0,0.0,0.0,0.068917793932485,-0.3201306859621681,0.0,1.0,0.0,1.0,0.0,0.0,0.0,1.0,0.0,4.4
1.0,1.0,1.0,1.0,1.0,0.0,0.0,0.0,0.0,0.0,0.0,1.570944338374076,1.0195465601826168,0.0,1.0,0.0,1.0,0.0,0.0,0.0,1.0,0.0,4.3
1.0,1.0,1.0,0.0,0.0,0.0,0.0,0.0,1.0,0.0,0.0,0.5695933087463486,-0.7644985557075278,0.0,1.0,0.0,0.0,0.0,1.0,1.0,0.0,0.0,4.3
1.0,1.0,0.0,0.0,0.0,0.0,0.0,0.0,0.0,0.0,0.0,-0.43175772088137865,0.22171937539869147,0.0,1.0,0.0,0.0,0.0,1.0,0.0,1.0,0.0,4.7
1.0,1.0,1.0,1.0,0.0,0.0,0.0,0.0,0.0,0.0,1.0,1.570944338374076,0.7212770875639902,0.0,1.0,0.0,0.0,0.0,1.0,0.0,1.0,0.0,4.5
1.0,0.0,0.0,0.0,0.0,0.0,0.0,0.0,0.0,0.0,1.0,-0.43175772088137865,0.6241042498897668,0.0,1.0,0.0,0.0,0.0,1.0,1.0,0.0,0.0,4.7
1.0,1.0,0.0,0.0,0.0,0.0,0.0,0.0,0.0,1.0,0.0,0.068917793932485,0.14893796375712332,0.0,1.0,0.0,0.0,0.0,1.0,0.0,1.0,0.0,4.2
1.0,0.0,0.0,1.0,1.0,0.0,1.0,0.0,0.0,0.0,0.0,0.068917793932485,-0.05427966107813933,0.0,1.0,0.0,1.0,0.0,0.0,0.0,1.0,0.0,4.2
1.0,1.0,1.0,1.0,0.0,1.0,0.0,1.0,0.0,0.0,0.0,1.0702688235602122,-0.18277286902510956,0.0,1.0,0.0,0.0,0.0,1.0,1.0,0.0,0.0,4.5
1.0,0.0,0.0,1.0,1.0,0.0,0.0,0.0,0.0,0.0,0.0,-0.43175772088137865,0.210258522052833,0.0,1.0,0.0,0.0,0.0,1.0,0.0,1.0,0.0,4.3
1.0,1.0,1.0,0.0,0.0,0.0,1.0,0.0,0.0,0.0,0.0,0.068917793932485,-2.2000780610192754,0.0,1.0,0.0,0.0,0.0,1.0,0.0,1.0,0.0,4.5
1.0,0.0,0.0,1.0,1.0,0.0,0.0,0.0,1.0,1.0,0.0,0.5695933087463486,0.8402090178443264,0.0,1.0,0.0,0.0,0.0,1.0,1.0,0.0,0.0,4.7
1.0,0.0,0.0,0.0,1.0,0.0,1.0,0.0,0.0,0.0,0.0,-0.43175772088137865,-0.5519946626504124,0.0,1.0,0.0,0.0,0.0,1.0,1.0,0.0,0.0,4.3
1.0,0.0,1.0,0.0,0.0,0.0,0.0,0.0,0.0,1.0,0.0,0.5695933087463486,-1.099742252757982,0.0,1.0,0.0,0.0,0.0,1.0,0.0,1.0,0.0,4.3
1.0,1.0,1.0,0.0,0.0,0.0,1.0,0.0,0.0,0.0,0.0,0.068917793932485,0.8746073618527217,0.0,1.0,0.0,0.0,0.0,1.0,1.0,0.0,0.0,4.5
1.0,1.0,0.0,0.0,0.0,0.0,0.0,0.0,1.0,0.0,0.0,0.068917793932485,0.49847281421793177,0.0,1.0,0.0,0.0,0.0,1.0,1.0,0.0,0.0,4.5
1.0,0.0,0.0,0.0,0.0,0.0,0.0,0.0,0.0,1.0,1.0,0.5695933087463486,1.2604561379837174,0.0,1.0,0.0,0.0,0.0,1.0,0.0,1.0,0.0,4.3
1.0,1.0,1.0,0.0,0.0,0.0,0.0,0.0,1.0,0.0,0.0,0.5695933087463486,0.07963460880487269,0.0,1.0,0.0,0.0,0.0,1.0,1.0,0.0,0.0,4.4
1.0,1.0,1.0,0.0,0.0,0.0,0.0,1.0,0.0,0.0,0.0,0.068917793932485,0.37785967537725096,0.0,1.0,0.0,1.0,0.0,0.0,1.0,0.0,0.0,4.5
1.0,1.0,1.0,0.0,0.0,0.0,0.0,0.0,1.0,0.0,1.0,3.0729708828156665,0.03326893431222004,0.0,1.0,1.0,0.0,0.0,0.0,0.0,1.0,0.0,4.6
1.0,0.0,1.0,0.0,0.0,0.0,1.0,0.0,1.0,0.0,0.0,3.0729708828156665,0.3337903190893976,0.0,1.0,0.0,1.0,0.0,0.0,0.0,1.0,0.0,4.6
1.0,0.0,0.0,0.0,0.0,0.0,0.0,0.0,0.0,1.0,0.0,0.5695933087463486,-0.3201306859621681,0.0,1.0,1.0,0.0,0.0,0.0,1.0,0.0,0.0,4.5
1.0,0.0,0.0,0.0,0.0,0.0,0.0,1.0,0.0,0.0,1.0,1.0702688235602122,0.7212770875639902,0.0,1.0,0.0,0.0,0.0,1.0,0.0,1.0,0.0,4.8
1.0,1.0,1.0,0.0,0.0,1.0,0.0,0.0,1.0,0.0,0.0,3.0729708828156665,0.41066644419266846,0.0,1.0,0.0,0.0,0.0,1.0,1.0,0.0,0.0,4.3
1.0,0.0,0.0,1.0,0.0,1.0,0.0,0.0,0.0,0.0,0.0,0.068917793932485,-0.8936341231989764,0.0,1.0,0.0,0.0,0.0,1.0,1.0,0.0,0.0,4.7
1.0,0.0,0.0,0.0,1.0,0.0,0.0,0.0,0.0,1.0,0.0,0.5695933087463486,0.7639383355221068,0.0,1.0,0.0,0.0,0.0,1.0,1.0,0.0,0.0,4.4
1.0,1.0,1.0,0.0,0.0,0.0,0.0,0.0,0.0,0.0,1.0,1.0702688235602122,-2.1209666727617145,0.0,1.0,1.0,0.0,0.0,0.0,0.0,1.0,0.0,4.1
1.0,0.0,0.0,1.0,1.0,0.0,0.0,0.0,0.0,0.0,1.0,0.068917793932485,0.210258522052833,0.0,1.0,0.0,0.0,0.0,1.0,1.0,0.0,0.0,4.5
1.0,0.0,0.0,1.0,0.0,0.0,0.0,0.0,0.0,0.0,0.0,-1.433108750509106,-1.2362171923678265,0.0,1.0,0.0,1.0,0.0,0.0,1.0,0.0,0.0,4.8
1.0,0.0,0.0,1.0,1.0,0.0,0.0,0.0,0.0,0.0,0.0,-0.9324332356952423,-4.285279248071617,0.0,1.0,0.0,0.0,0.0,1.0,1.0,0.0,0.0,4.4
1.0,0.0,0.0,1.0,0.0,0.0,0.0,0.0,0.0,0.0,0.0,-0.9324332356952423,-1.4884907811889119,0.0,1.0,0.0,1.0,0.0,0.0,1.0,0.0,0.0,4.7
1.0,0.0,0.0,0.0,0.0,0.0,0.0,0.0,1.0,0.0,0.0,-1.433108750509106,0.3606666430496909,0.0,1.0,0.0,0.0,0.0,1.0,0.0,1.0,0.0,4.4
1.0,1.0,1.0,0.0,0.0,0.0,1.0,0.0,0.0,0.0,0.0,0.068917793932485,0.8034367165364773,0.0,1.0,0.0,0.0,0.0,1.0,0.0,1.0,0.0,4.4
1.0,0.0,0.0,0.0,0.0,0.0,1.0,0.0,0.0,0.0,0.0,-0.9324332356952423,0.9662023710801044,0.0,1.0,0.0,0.0,0.0,1.0,0.0,1.0,0.0,4.3
1.0,0.0,0.0,0.0,1.0,0.0,1.0,0.0,0.0,0.0,0.0,-0.43175772088137865,0.8034367165364773,0.0,1.0,0.0,0.0,0.0,1.0,0.0,1.0,0.0,4.2
1.0,1.0,0.0,0.0,0.0,1.0,0.0,0.0,0.0,0.0,0.0,-0.9324332356952423,-0.2896813027803648,0.0,1.0,0.0,0.0,0.0,1.0,0.0,1.0,0.0,4.7
1.0,0.0,1.0,0.0,0.0,0.0,0.0,0.0,0.0,1.0,0.0,0.5695933087463486,-0.2896813027803648,0.0,1.0,0.0,0.0,0.0,1.0,0.0,1.0,0.0,4.2
1.0,0.0,0.0,0.0,0.0,0.0,0.0,0.0,0.0,0.0,0.0,0.068917793932485,-0.05427966107813933,0.0,1.0,0.0,0.0,0.0,1.0,0.0,1.0,0.0,4.6
1.0,1.0,1.0,0.0,0.0,0.0,0.0,1.0,0.0,0.0,0.0,0.068917793932485,0.09423491229154198,0.0,1.0,0.0,0.0,0.0,1.0,0.0,1.0,0.0,4.5
1.0,1.0,1.0,0.0,0.0,0.0,0.0,0.0,1.0,0.0,0.0,0.5695933087463486,-0.3201306859621681,0.0,1.0,0.0,0.0,0.0,1.0,0.0,1.0,0.0,4.4
1.0,0.0,0.0,0.0,0.0,0.0,0.0,0.0,0.0,0.0,0.0,-0.9324332356952423,0.4707806371349857,0.0,1.0,0.0,1.0,0.0,0.0,0.0,1.0,0.0,4.3
1.0,1.0,1.0,1.0,0.0,0.0,0.0,0.0,0.0,0.0,1.0,1.570944338374076,0.3150890936701433,0.0,1.0,0.0,0.0,0.0,1.0,0.0,1.0,0.0,4.5
1.0,1.0,0.0,0.0,0.0,0.0,0.0,1.0,0.0,0.0,0.0,-0.43175772088137865,-1.3295679514865457,0.0,1.0,0.0,1.0,0.0,0.0,0.0,1.0,0.0,4.4
1.0,1.0,1.0,1.0,1.0,0.0,0.0,0.0,0.0,0.0,1.0,0.5695933087463486,-1.5701893954474224,0.0,1.0,0.0,0.0,0.0,1.0,0.0,1.0,0.0,4.4
1.0,1.0,1.0,0.0,0.0,0.0,0.0,0.0,0.0,0.0,1.0,1.0702688235602122,-1.8097085771970023,0.0,1.0,0.0,0.0,0.0,1.0,0.0,1.0,0.0,3.9
1.0,1.0,1.0,0.0,0.0,0.0,0.0,0.0,0.0,0.0,1.0,0.068917793932485,-1.3233578957626209,0.0,1.0,0.0,1.0,0.0,0.0,0.0,1.0,0.0,4.0
1.0,1.0,1.0,0.0,0.0,0.0,0.0,0.0,0.0,0.0,1.0,1.0702688235602122,-2.1118549337245613,0.0,1.0,1.0,0.0,0.0,0.0,0.0,1.0,0.0,4.3
1.0,0.0,0.0,0.0,0.0,0.0,0.0,0.0,0.0,0.0,1.0,-0.43175772088137865,0.4563756595758918,0.0,1.0,0.0,0.0,0.0,1.0,0.0,1.0,0.0,4.5
1.0,0.0,0.0,0.0,1.0,0.0,0.0,0.0,0.0,1.0,0.0,0.5695933087463486,-0.13641391974693565,0.0,1.0,0.0,0.0,0.0,1.0,0.0,1.0,0.0,4.4
1.0,1.0,1.0,1.0,1.0,0.0,0.0,0.0,0.0,0.0,0.0,1.570944338374076,0.4778397226108121,0.0,1.0,0.0,1.0,0.0,0.0,0.0,1.0,0.0,4.3
1.0,1.0,0.0,0.0,0.0,0.0,0.0,0.0,0.0,1.0,0.0,0.068917793932485,-0.03558171609757622,0.0,1.0,0.0,0.0,0.0,1.0,0.0,1.0,0.0,4.4
1.0,0.0,0.0,0.0,0.0,0.0,1.0,0.0,0.0,0.0,0.0,-0.43175772088137865,0.37785967537725096,0.0,1.0,0.0,0.0,0.0,1.0,0.0,1.0,0.0,4.6
1.0,0.0,0.0,0.0,1.0,0.0,1.0,0.0,0.0,0.0,0.0,-0.43175772088137865,-0.602748841964004,0.0,1.0,0.0,0.0,0.0,1.0,0.0,1.0,0.0,4.3
1.0,1.0,0.0,0.0,0.0,0.0,0.0,0.0,1.0,0.0,0.0,0.068917793932485,-1.4719187597630081,0.0,1.0,0.0,0.0,0.0,1.0,0.0,1.0,0.0,3.9
1.0,0.0,0.0,0.0,0.0,0.0,0.0,0.0,1.0,0.0,0.0,-1.433108750509106,-0.03558171609757622,0.0,1.0,0.0,0.0,0.0,1.0,0.0,0.0,1.0,4.2
1.0,1.0,1.0,0.0,0.0,0.0,1.0,0.0,0.0,0.0,0.0,0.068917793932485,0.9373848163092673,0.0,1.0,0.0,0.0,0.0,1.0,0.0,1.0,0.0,4.5
1.0,0.0,0.0,0.0,1.0,0.0,1.0,0.0,0.0,0.0,0.0,-0.43175772088137865,0.4707806371349857,0.0,1.0,0.0,0.0,0.0,1.0,0.0,0.0,1.0,4.5
1.0,0.0,1.0,0.0,0.0,0.0,0.0,0.0,0.0,1.0,0.0,0.5695933087463486,-0.7405225462060215,0.0,1.0,0.0,0.0,0.0,1.0,0.0,1.0,0.0,4.2
1.0,0.0,0.0,0.0,0.0,0.0,0.0,0.0,0.0,0.0,0.0,0.068917793932485,0.16177943652538965,0.0,1.0,0.0,0.0,0.0,1.0,0.0,1.0,0.0,4.3
1.0,1.0,1.0,0.0,0.0,0.0,0.0,1.0,0.0,0.0,0.0,0.068917793932485,0.2652468130577722,0.0,1.0,0.0,1.0,0.0,0.0,0.0,1.0,0.0,4.6
1.0,1.0,1.0,0.0,0.0,0.0,0.0,0.0,1.0,0.0,0.0,0.5695933087463486,-0.15908955306369255,0.0,1.0,0.0,0.0,0.0,1.0,0.0,1.0,0.0,4.5
1.0,0.0,1.0,0.0,0.0,0.0,0.0,0.0,0.0,1.0,1.0,3.0729708828156665,1.6299119741229142,0.0,1.0,0.0,0.0,0.0,1.0,0.0,0.0,1.0,4.3
1.0,1.0,0.0,0.0,0.0,0.0,0.0,0.0,0.0,0.0,0.0,-0.43175772088137865,0.4778397226108121,0.0,1.0,0.0,0.0,0.0,1.0,0.0,0.0,1.0,4.6
1.0,1.0,1.0,1.0,0.0,0.0,0.0,0.0,0.0,0.0,0.0,1.570944338374076,0.6749019944902666,0.0,1.0,0.0,0.0,0.0,1.0,0.0,0.0,1.0,4.7
1.0,1.0,1.0,1.0,0.0,0.0,0.0,0.0,0.0,0.0,0.0,1.0702688235602122,0.8402090178443264,0.0,1.0,0.0,0.0,0.0,1.0,0.0,0.0,1.0,4.6
1.0,0.0,0.0,1.0,1.0,0.0,0.0,0.0,1.0,1.0,0.0,0.5695933087463486,0.28574631127348243,0.0,1.0,0.0,0.0,0.0,1.0,0.0,1.0,0.0,4.6
1.0,1.0,0.0,0.0,0.0,1.0,0.0,0.0,0.0,0.0,0.0,-0.9324332356952423,-1.4773857179823107,0.0,1.0,0.0,1.0,0.0,0.0,0.0,0.0,1.0,4.0
1.0,1.0,1.0,0.0,0.0,0.0,1.0,0.0,0.0,1.0,0.0,1.0702688235602122,0.2957078001079926,0.0,1.0,0.0,0.0,0.0,1.0,1.0,0.0,0.0,4.4
1.0,0.0,0.0,0.0,0.0,0.0,1.0,0.0,0.0,0.0,0.0,-0.9324332356952423,-0.7103623096294052,0.0,1.0,0.0,0.0,0.0,1.0,0.0,0.0,1.0,4.3
1.0,0.0,0.0,1.0,0.0,0.0,0.0,0.0,0.0,0.0,0.0,-0.9324332356952423,0.5051767606413141,0.0,1.0,0.0,1.0,0.0,0.0,0.0,0.0,1.0,4.5
1.0,0.0,0.0,0.0,0.0,0.0,0.0,0.0,1.0,0.0,0.0,-1.433108750509106,-0.602748841964004,0.0,1.0,0.0,0.0,0.0,1.0,0.0,1.0,0.0,4.5
1.0,1.0,0.0,0.0,0.0,0.0,0.0,0.0,1.0,0.0,0.0,0.068917793932485,-0.5056558773077074,0.0,1.0,0.0,0.0,0.0,1.0,0.0,1.0,0.0,4.5
1.0,0.0,0.0,0.0,1.0,0.0,1.0,0.0,0.0,0.0,0.0,-0.43175772088137865,-0.3201306859621681,0.0,1.0,0.0,0.0,0.0,1.0,0.0,1.0,0.0,4.1
1.0,0.0,0.0,0.0,0.0,0.0,1.0,0.0,0.0,0.0,0.0,-0.9324332356952423,0.2546936321978934,0.0,1.0,0.0,0.0,0.0,1.0,0.0,1.0,0.0,4.3
1.0,1.0,1.0,0.0,0.0,0.0,1.0,0.0,0.0,0.0,0.0,0.068917793932485,0.9935415127738976,0.0,1.0,0.0,0.0,0.0,1.0,0.0,1.0,0.0,4.5
1.0,0.0,0.0,0.0,0.0,0.0,0.0,0.0,0.0,0.0,0.0,0.068917793932485,-0.3201306859621681,0.0,1.0,0.0,0.0,0.0,1.0,0.0,1.0,0.0,4.5
1.0,1.0,1.0,0.0,0.0,0.0,0.0,1.0,0.0,0.0,0.0,0.068917793932485,-0.6454135064672933,0.0,1.0,0.0,1.0,0.0,0.0,0.0,1.0,0.0,4.6
1.0,1.0,1.0,0.0,0.0,0.0,0.0,0.0,1.0,0.0,0.0,0.5695933087463486,0.5738396886109954,0.0,1.0,0.0,0.0,0.0,1.0,0.0,1.0,0.0,4.4
1.0,1.0,1.0,1.0,1.0,0.0,0.0,0.0,0.0,0.0,0.0,1.570944338374076,0.3150890936701433,0.0,1.0,0.0,1.0,0.0,0.0,0.0,1.0,0.0,4.4
1.0,1.0,1.0,1.0,0.0,0.0,0.0,0.0,0.0,0.0,1.0,1.570944338374076,0.5559732940843298,0.0,1.0,0.0,0.0,0.0,1.0,0.0,1.0,0.0,4.3
1.0,1.0,1.0,1.0,0.0,0.0,0.0,0.0,0.0,0.0,0.0,1.570944338374076,0.07963460880487269,0.0,1.0,0.0,0.0,0.0,1.0,0.0,1.0,0.0,4.7
1.0,0.0,0.0,0.0,0.0,0.0,0.0,0.0,0.0,0.0,1.0,-0.43175772088137865,0.016871955321440563,0.0,1.0,0.0,1.0,0.0,0.0,0.0,1.0,0.0,4.3
1.0,0.0,0.0,1.0,0.0,1.0,0.0,0.0,0.0,0.0,0.0,0.068917793932485,-0.6038148898268237,0.0,1.0,0.0,0.0,0.0,1.0,0.0,1.0,0.0,4.7
1.0,1.0,1.0,0.0,0.0,1.0,0.0,1.0,0.0,0.0,0.0,0.5695933087463486,-0.602748841964004,0.0,1.0,0.0,0.0,0.0,1.0,0.0,1.0,0.0,4.8
1.0,1.0,1.0,0.0,0.0,0.0,0.0,0.0,0.0,0.0,1.0,0.068917793932485,-1.3706733059931415,0.0,1.0,0.0,1.0,0.0,0.0,0.0,1.0,0.0,4.3
1.0,1.0,1.0,0.0,0.0,0.0,0.0,0.0,0.0,0.0,1.0,1.0702688235602122,-2.0940858298574305,0.0,1.0,1.0,0.0,0.0,0.0,0.0,1.0,0.0,4.4
1.0,1.0,1.0,0.0,0.0,0.0,0.0,0.0,0.0,0.0,1.0,1.0702688235602122,-1.8579546932620459,0.0,1.0,0.0,0.0,0.0,1.0,0.0,1.0,0.0,3.7
1.0,1.0,1.0,1.0,1.0,0.0,0.0,0.0,0.0,0.0,1.0,0.5695933087463486,-1.61094991591186,0.0,1.0,0.0,0.0,0.0,1.0,0.0,1.0,0.0,4.3
1.0,1.0,1.0,0.0,1.0,0.0,0.0,0.0,1.0,0.0,0.0,2.0716198531879395,-0.26087776660853007,0.0,1.0,0.0,0.0,0.0,1.0,0.0,1.0,0.0,4.4
1.0,1.0,1.0,0.0,1.0,1.0,0.0,0.0,0.0,0.0,0.0,0.5695933087463486,-0.3868038346788303,0.0,1.0,0.0,0.0,0.0,1.0,0.0,1.0,0.0,4.5
1.0,1.0,1.0,1.0,0.0,1.0,0.0,1.0,0.0,0.0,0.0,1.0702688235602122,-0.9467391950055833,0.0,1.0,0.0,0.0,0.0,1.0,0.0,1.0,0.0,4.4
1.0,0.0,0.0,1.0,0.0,0.0,0.0,0.0,0.0,0.0,0.0,-1.433108750509106,0.12228788695294104,0.0,1.0,0.0,1.0,0.0,0.0,0.0,1.0,0.0,4.5
1.0,0.0,0.0,1.0,1.0,0.0,0.0,0.0,0.0,0.0,0.0,-0.43175772088137865,-0.23355124203917046,0.0,1.0,0.0,1.0,0.0,0.0,0.0,1.0,0.0,4.4
1.0,0.0,0.0,0.0,1.0,0.0,0.0,0.0,0.0,0.0,0.0,0.5695933087463486,0.7212770875639902,0.0,1.0,0.0,1.0,0.0,0.0,0.0,1.0,0.0,4.5
1.0,0.0,0.0,0.0,0.0,0.0,0.0,0.0,1.0,0.0,0.0,-1.433108750509106,0.6749019944902666,0.0,1.0,0.0,0.0,0.0,1.0,1.0,0.0,0.0,4.2
1.0,0.0,1.0,1.0,1.0,0.0,0.0,0.0,0.0,0.0,0.0,2.0716198531879395,1.6217741730637756,0.0,1.0,0.0,1.0,0.0,0.0,0.0,0.0,1.0,4.5
1.0,0.0,0.0,1.0,0.0,0.0,0.0,0.0,0.0,0.0,1.0,1.0702688235602122,1.846031816050266,0.0,1.0,0.0,0.0,0.0,1.0,0.0,1.0,0.0,4.6
1.0,0.0,1.0,0.0,1.0,0.0,0.0,0.0,0.0,0.0,0.0,-0.43175772088137865,1.1124769961195458,0.0,1.0,0.0,0.0,0.0,1.0,0.0,1.0,0.0,4.3
1.0,0.0,0.0,0.0,0.0,0.0,1.0,0.0,0.0,0.0,0.0,-0.9324332356952423,0.44902450522090864,0.0,1.0,0.0,0.0,0.0,1.0,0.0,1.0,0.0,4.3
1.0,1.0,0.0,0.0,0.0,0.0,0.0,0.0,1.0,0.0,0.0,0.068917793932485,-0.13641391974693565,0.0,1.0,0.0,0.0,0.0,1.0,0.0,1.0,0.0,4.3
1.0,1.0,0.0,1.0,0.0,0.0,0.0,0.0,0.0,0.0,0.0,1.0702688235602122,2.108531386972283,0.0,1.0,0.0,0.0,0.0,1.0,0.0,1.0,0.0,4.5
1.0,1.0,1.0,1.0,1.0,0.0,0.0,0.0,1.0,0.0,0.0,1.570944338374076,-1.1598245483347178,0.0,1.0,0.0,0.0,0.0,1.0,0.0,1.0,0.0,4.6
1.0,1.0,1.0,0.0,0.0,0.0,0.0,0.0,1.0,0.0,0.0,0.5695933087463486,0.4707806371349857,0.0,1.0,0.0,0.0,0.0,1.0,1.0,0.0,0.0,4.1
1.0,0.0,0.0,0.0,0.0,0.0,0.0,0.0,0.0,0.0,0.0,0.068917793932485,0.30548653251522023,0.0,1.0,0.0,1.0,0.0,0.0,0.0,0.0,1.0,4.2
1.0,0.0,0.0,1.0,0.0,0.0,0.0,0.0,0.0,0.0,0.0,0.5695933087463486,1.1333817478643098,0.0,1.0,0.0,1.0,0.0,0.0,0.0,0.0,1.0,4.0
1.0,1.0,1.0,1.0,0.0,1.0,0.0,0.0,0.0,0.0,0.0,0.068917793932485,0.6749019944902666,0.0,1.0,0.0,0.0,0.0,1.0,0.0,1.0,0.0,4.8
1.0,1.0,1.0,0.0,0.0,0.0,0.0,1.0,0.0,0.0,0.0,0.068917793932485,-0.5519946626504124,0.0,1.0,0.0,1.0,0.0,0.0,0.0,1.0,0.0,4.5
1.0,0.0,0.0,0.0,0.0,0.0,0.0,0.0,0.0,0.0,0.0,-1.433108750509106,-0.5519946626504124,0.0,1.0,0.0,0.0,0.0,1.0,0.0,1.0,0.0,4.7
1.0,1.0,1.0,0.0,0.0,0.0,0.0,0.0,0.0,0.0,1.0,1.0702688235602122,-2.2000780610192754,0.0,1.0,0.0,0.0,0.0,1.0,0.0,1.0,0.0,3.4
1.0,1.0,1.0,0.0,0.0,0.0,0.0,0.0,0.0,0.0,1.0,1.0702688235602122,-1.603936344278388,0.0,1.0,1.0,0.0,0.0,0.0,0.0,1.0,0.0,4.1
1.0,0.0,1.0,1.0,1.0,0.0,1.0,0.0,0.0,0.0,0.0,0.5695933087463486,-2.2562377185707017,0.0,1.0,0.0,0.0,0.0,1.0,0.0,1.0,0.0,3.9
1.0,1.0,1.0,1.0,1.0,0.0,0.0,0.0,0.0,0.0,0.0,1.570944338374076,0.8746073618527217,0.0,1.0,0.0,1.0,0.0,0.0,0.0,1.0,0.0,4.3
1.0,1.0,1.0,1.0,0.0,0.0,0.0,0.0,0.0,0.0,0.0,1.0702688235602122,-4.548351275721192e-05,0.0,1.0,0.0,1.0,0.0,0.0,0.0,1.0,0.0,4.5
1.0,1.0,1.0,0.0,0.0,0.0,0.0,0.0,0.0,0.0,1.0,0.068917793932485,-1.0171898896457232,0.0,1.0,0.0,1.0,0.0,0.0,0.0,1.0,0.0,4.4
1.0,0.0,0.0,0.0,0.0,0.0,0.0,0.0,0.0,0.0,0.0,-0.9324332356952423,0.2546936321978934,0.0,1.0,0.0,0.0,0.0,1.0,0.0,1.0,0.0,4.5
1.0,0.0,1.0,0.0,0.0,0.0,0.0,0.0,1.0,0.0,0.0,-0.9324332356952423,-0.8296290317286816,0.0,1.0,0.0,1.0,0.0,0.0,0.0,1.0,0.0,4.3
1.0,0.0,1.0,0.0,1.0,0.0,0.0,0.0,0.0,0.0,0.0,-0.43175772088137865,-1.430091524738706,0.0,1.0,0.0,0.0,0.0,1.0,0.0,1.0,0.0,4.5
1.0,1.0,0.0,1.0,0.0,0.0,0.0,0.0,0.0,0.0,0.0,0.068917793932485,-4.548351275721192e-05,0.0,1.0,0.0,1.0,0.0,0.0,0.0,1.0,0.0,4.6
1.0,0.0,0.0,0.0,0.0,0.0,0.0,0.0,1.0,0.0,0.0,-1.433108750509106,0.5619955449465179,0.0,1.0,0.0,0.0,0.0,1.0,0.0,1.0,0.0,4.2
1.0,0.0,1.0,1.0,1.0,0.0,0.0,0.0,0.0,0.0,0.0,2.0716198531879395,0.37785967537725096,0.0,1.0,0.0,1.0,0.0,0.0,0.0,1.0,0.0,4.6
1.0,0.0,0.0,1.0,0.0,0.0,0.0,0.0,0.0,1.0,0.0,1.0702688235602122,2.030735001632567,0.0,1.0,0.0,0.0,0.0,1.0,0.0,1.0,0.0,4.6
1.0,1.0,0.0,0.0,0.0,0.0,0.0,0.0,1.0,0.0,0.0,0.068917793932485,-0.23355124203917046,0.0,1.0,0.0,0.0,0.0,1.0,0.0,1.0,0.0,4.5
1.0,0.0,0.0,1.0,0.0,0.0,0.0,0.0,0.0,0.0,0.0,-0.9324332356952423,1.276368001410333,0.0,1.0,0.0,1.0,0.0,0.0,0.0,1.0,0.0,4.5
1.0,1.0,1.0,1.0,0.0,1.0,0.0,0.0,0.0,0.0,0.0,0.068917793932485,0.3945154205457697,0.0,1.0,0.0,0.0,0.0,1.0,0.0,1.0,0.0,4.8
1.0,1.0,0.0,0.0,0.0,1.0,0.0,0.0,0.0,0.0,0.0,-0.9324332356952423,-0.017517508399021615,0.0,1.0,0.0,0.0,0.0,1.0,0.0,1.0,0.0,4.6
1.0,0.0,0.0,0.0,0.0,0.0,0.0,0.0,0.0,1.0,0.0,-0.43175772088137865,-0.23355124203917046,0.0,1.0,0.0,0.0,0.0,1.0,0.0,1.0,0.0,4.5
1.0,1.0,0.0,0.0,0.0,0.0,0.0,1.0,0.0,0.0,0.0,-0.9324332356952423,-0.6500485248365218,0.0,1.0,0.0,1.0,0.0,0.0,0.0,1.0,0.0,4.6
1.0,1.0,0.0,0.0,0.0,1.0,0.0,0.0,0.0,0.0,0.0,-0.9324332356952423,-0.9406820417132499,0.0,1.0,0.0,0.0,0.0,1.0,0.0,1.0,0.0,4.8
1.0,1.0,1.0,0.0,0.0,1.0,0.0,1.0,0.0,0.0,0.0,0.5695933087463486,-0.9518399397073986,0.0,1.0,0.0,0.0,0.0,1.0,0.0,1.0,0.0,4.7
1.0,1.0,1.0,1.0,0.0,1.0,0.0,1.0,0.0,0.0,0.0,1.0702688235602122,-0.352425464870366,0.0,1.0,0.0,0.0,0.0,1.0,0.0,1.0,0.0,4.5
1.0,1.0,0.0,0.0,0.0,1.0,0.0,1.0,0.0,0.0,0.0,-0.43175772088137865,-3.007144108700387,0.0,1.0,0.0,0.0,0.0,1.0,0.0,1.0,0.0,4.7
1.0,0.0,0.0,0.0,0.0,0.0,1.0,0.0,0.0,0.0,0.0,-0.9324332356952423,1.1534974798884952,0.0,1.0,0.0,0.0,0.0,1.0,0.0,1.0,0.0,4.3
1.0,1.0,0.0,0.0,0.0,0.0,0.0,1.0,0.0,0.0,0.0,-0.9324332356952423,0.8402090178443264,0.0,1.0,0.0,1.0,0.0,0.0,0.0,1.0,0.0,4.8
1.0,1.0,1.0,0.0,0.0,1.0,0.0,0.0,1.0,1.0,0.0,2.572295368001803,1.7189545269446618,0.0,1.0,0.0,1.0,0.0,0.0,0.0,1.0,0.0,4.6
1.0,1.0,1.0,1.0,0.0,0.0,0.0,0.0,0.0,0.0,0.0,-0.43175772088137865,-0.4630253536373353,0.0,1.0,0.0,1.0,0.0,0.0,0.0,1.0,0.0,4.2
1.0,1.0,0.0,0.0,0.0,0.0,0.0,1.0,0.0,0.0,0.0,-0.9324332356952423,-1.2362171923678265,0.0,1.0,0.0,0.0,0.0,1.0,0.0,1.0,0.0,4.4
1.0,1.0,1.0,0.0,0.0,0.0,0.0,1.0,0.0,0.0,0.0,0.068917793932485,-0.4630253536373353,0.0,1.0,0.0,1.0,0.0,0.0,0.0,1.0,0.0,4.5
1.0,0.0,0.0,1.0,0.0,0.0,0.0,0.0,0.0,0.0,0.0,-0.9324332356952423,0.8746073618527217,0.0,1.0,0.0,1.0,0.0,0.0,0.0,1.0,0.0,4.8
1.0,0.0,0.0,1.0,0.0,0.0,0.0,0.0,0.0,0.0,0.0,-0.43175772088137865,-0.6334349404838755,0.0,1.0,0.0,1.0,0.0,0.0,0.0,1.0,0.0,4.7
1.0,0.0,0.0,0.0,0.0,0.0,0.0,0.0,0.0,0.0,0.0,-1.433108750509106,-2.807423599779081,0.0,1.0,0.0,0.0,0.0,1.0,0.0,1.0,0.0,4.4
1.0,0.0,0.0,0.0,0.0,0.0,0.0,0.0,1.0,0.0,0.0,-1.433108750509106,-0.23355124203917046,0.0,1.0,0.0,0.0,0.0,1.0,0.0,1.0,0.0,4.2
1.0,0.0,1.0,1.0,1.0,0.0,0.0,0.0,0.0,0.0,0.0,2.0716198531879395,0.5738396886109954,0.0,1.0,0.0,1.0,0.0,0.0,0.0,0.0,1.0,4.3
1.0,1.0,0.0,0.0,0.0,0.0,0.0,0.0,1.0,0.0,0.0,0.068917793932485,-0.23355124203917046,0.0,1.0,0.0,0.0,0.0,1.0,0.0,1.0,0.0,4.4
1.0,0.0,1.0,1.0,0.0,0.0,0.0,0.0,0.0,0.0,1.0,3.0729708828156665,1.1124769961195458,0.0,1.0,0.0,1.0,0.0,0.0,0.0,0.0,1.0,4.6
1.0,1.0,1.0,1.0,0.0,1.0,0.0,0.0,0.0,0.0,0.0,0.068917793932485,0.44902450522090864,0.0,1.0,0.0,0.0,0.0,1.0,0.0,1.0,0.0,4.8
1.0,0.0,0.0,0.0,0.0,0.0,0.0,0.0,0.0,0.0,0.0,0.068917793932485,-0.09376633249647051,0.0,1.0,0.0,0.0,0.0,1.0,0.0,0.0,1.0,4.2
1.0,1.0,1.0,0.0,0.0,0.0,0.0,1.0,0.0,0.0,0.0,0.068917793932485,0.30548653251522023,0.0,1.0,0.0,1.0,0.0,0.0,0.0,1.0,0.0,4.6
1.0,1.0,1.0,1.0,0.0,0.0,0.0,0.0,0.0,0.0,1.0,1.570944338374076,1.3494974483779831,0.0,1.0,0.0,0.0,0.0,1.0,0.0,1.0,0.0,4.5
1.0,1.0,1.0,0.0,0.0,1.0,0.0,1.0,0.0,0.0,0.0,0.5695933087463486,-1.0930205526648236,0.0,1.0,0.0,1.0,0.0,0.0,0.0,0.0,1.0,4.8
1.0,0.0,0.0,1.0,0.0,0.0,0.0,0.0,0.0,0.0,0.0,-1.433108750509106,-2.421557662694732,0.0,1.0,0.0,0.0,0.0,1.0,0.0,0.0,1.0,4.3
1.0,1.0,1.0,1.0,0.0,0.0,0.0,0.0,0.0,0.0,0.0,1.0702688235602122,-0.5519946626504124,0.0,1.0,0.0,0.0,0.0,1.0,0.0,0.0,1.0,4.3
1.0,1.0,0.0,0.0,0.0,0.0,0.0,0.0,0.0,1.0,0.0,0.068917793932485,0.12228788695294104,0.0,1.0,0.0,0.0,0.0,1.0,0.0,1.0,0.0,4.2
1.0,0.0,0.0,1.0,0.0,0.0,0.0,0.0,0.0,0.0,0.0,-0.9324332356952423,1.3356522567660236,0.0,1.0,0.0,1.0,0.0,0.0,0.0,0.0,1.0,4.4
1.0,0.0,0.0,0.0,1.0,0.0,1.0,0.0,0.0,0.0,0.0,-0.43175772088137865,0.3606666430496909,0.0,1.0,0.0,0.0,0.0,1.0,0.0,1.0,0.0,4.1
1.0,1.0,0.0,0.0,0.0,0.0,0.0,0.0,0.0,0.0,0.0,-1.433108750509106,-0.6924223168885353,0.0,1.0,0.0,0.0,0.0,1.0,0.0,1.0,0.0,4.7
1.0,1.0,0.0,0.0,0.0,0.0,0.0,1.0,0.0,0.0,0.0,-0.9324332356952423,-0.5056558773077074,0.0,1.0,0.0,1.0,0.0,0.0,0.0,1.0,0.0,4.8
1.0,1.0,0.0,0.0,0.0,0.0,0.0,1.0,0.0,0.0,0.0,-0.43175772088137865,-1.0206775166166584,0.0,1.0,0.0,1.0,0.0,0.0,0.0,1.0,0.0,4.8
1.0,1.0,0.0,0.0,0.0,1.0,0.0,0.0,0.0,0.0,0.0,-0.9324332356952423,-1.257612322148644,0.0,1.0,0.0,0.0,0.0,1.0,0.0,1.0,0.0,4.8
1.0,1.0,1.0,0.0,0.0,0.0,0.0,0.0,1.0,0.0,0.0,0.5695933087463486,0.5679505141994073,0.0,1.0,0.0,0.0,0.0,1.0,0.0,1.0,0.0,4.0
1.0,0.0,0.0,0.0,0.0,0.0,0.0,0.0,1.0,0.0,0.0,-1.433108750509106,-2.3605742278437916,0.0,1.0,0.0,0.0,0.0,1.0,0.0,1.0,0.0,4.4
1.0,0.0,0.0,0.0,1.0,0.0,1.0,0.0,0.0,0.0,0.0,-0.43175772088137865,-0.7350344796677007,0.0,1.0,0.0,0.0,0.0,1.0,0.0,1.0,0.0,4.4
1.0,0.0,0.0,0.0,0.0,0.0,1.0,0.0,0.0,0.0,0.0,-0.9324332356952423,-1.4275831730332746,0.0,1.0,0.0,0.0,0.0,1.0,0.0,1.0,0.0,4.5
1.0,0.0,1.0,1.0,1.0,0.0,0.0,0.0,0.0,0.0,0.0,0.5695933087463486,-0.13641391974693565,0.0,1.0,0.0,0.0,0.0,1.0,0.0,1.0,0.0,4.5
1.0,0.0,1.0,0.0,0.0,0.0,0.0,0.0,0.0,1.0,0.0,0.5695933087463486,-1.3379621998328672,0.0,1.0,0.0,0.0,0.0,1.0,0.0,0.0,1.0,4.2
1.0,0.0,0.0,0.0,0.0,0.0,0.0,0.0,1.0,0.0,0.0,-1.433108750509106,0.6241042498897668,0.0,1.0,0.0,0.0,0.0,1.0,0.0,0.0,1.0,4.3
1.0,1.0,1.0,1.0,0.0,0.0,0.0,0.0,0.0,0.0,0.0,2.572295368001803,1.5791101919133224,0.0,1.0,0.0,1.0,0.0,0.0,1.0,0.0,0.0,4.5
1.0,0.0,0.0,0.0,0.0,0.0,0.0,0.0,0.0,1.0,0.0,3.0729708828156665,1.0443416798627745,0.0,1.0,0.0,1.0,0.0,0.0,0.0,0.0,1.0,4.4
1.0,0.0,0.0,0.0,0.0,0.0,0.0,0.0,0.0,0.0,0.0,0.068917793932485,0.7639383355221068,0.0,1.0,0.0,1.0,0.0,0.0,0.0,0.0,1.0,4.2
1.0,1.0,1.0,1.0,0.0,0.0,0.0,0.0,0.0,0.0,0.0,1.0702688235602122,0.32452171911680294,0.0,1.0,0.0,1.0,0.0,0.0,0.0,0.0,1.0,4.3
1.0,0.0,1.0,0.0,1.0,0.0,0.0,0.0,0.0,0.0,0.0,-0.43175772088137865,1.0195465601826168,0.0,1.0,0.0,0.0,0.0,1.0,1.0,0.0,0.0,4.3
1.0,0.0,0.0,0.0,0.0,0.0,1.0,0.0,0.0,0.0,0.0,-0.9324332356952423,1.532731868730305,0.0,1.0,0.0,0.0,0.0,1.0,1.0,0.0,0.0,4.3
1.0,0.0,0.0,0.0,1.0,0.0,1.0,0.0,0.0,0.0,0.0,-0.43175772088137865,0.8034367165364773,0.0,1.0,0.0,0.0,0.0,1.0,1.0,0.0,0.0,4.2
1.0,1.0,0.0,0.0,0.0,0.0,0.0,1.0,0.0,0.0,0.0,-0.9324332356952423,-0.18277286902510956,0.0,1.0,0.0,1.0,0.0,0.0,0.0,0.0,1.0,4.6
1.0,0.0,1.0,0.0,0.0,0.0,0.0,0.0,0.0,0.0,1.0,3.0729708828156665,1.4489498685255167,0.0,1.0,0.0,1.0,0.0,0.0,0.0,0.0,1.0,4.4
1.0,1.0,1.0,0.0,0.0,0.0,0.0,1.0,0.0,0.0,0.0,0.068917793932485,0.5911265918642906,0.0,1.0,0.0,1.0,0.0,0.0,1.0,0.0,0.0,4.5
1.0,1.0,1.0,0.0,0.0,0.0,0.0,0.0,1.0,0.0,0.0,0.5695933087463486,0.23293898040166228,0.0,1.0,0.0,0.0,0.0,1.0,0.0,0.0,1.0,4.3
1.0,1.0,0.0,1.0,0.0,0.0,0.0,0.0,0.0,1.0,1.0,3.0729708828156665,0.8746073618527217,0.0,1.0,1.0,0.0,0.0,0.0,0.0,0.0,1.0,4.4
1.0,1.0,1.0,0.0,0.0,1.0,0.0,1.0,0.0,0.0,0.0,0.5695933087463486,-2.0602316759268002,0.0,1.0,0.0,1.0,0.0,0.0,0.0,1.0,0.0,4.2
1.0,0.0,0.0,1.0,1.0,0.0,1.0,0.0,0.0,0.0,0.0,0.068917793932485,-0.20755761043855708,0.0,1.0,0.0,1.0,0.0,0.0,0.0,1.0,0.0,3.9
1.0,0.0,1.0,1.0,0.0,0.0,0.0,0.0,0.0,0.0,0.0,0.068917793932485,0.418562067065081,0.0,1.0,0.0,1.0,0.0,0.0,0.0,0.0,1.0,4.5
1.0,0.0,0.0,0.0,1.0,0.0,1.0,0.0,0.0,0.0,0.0,-0.43175772088137865,-0.5056558773077074,0.0,1.0,0.0,0.0,0.0,1.0,0.0,0.0,1.0,4.1
1.0,1.0,0.0,1.0,0.0,0.0,0.0,0.0,0.0,0.0,0.0,0.068917793932485,0.8746073618527217,0.0,1.0,0.0,1.0,0.0,0.0,1.0,0.0,0.0,4.5
1.0,0.0,0.0,0.0,0.0,0.0,0.0,0.0,0.0,0.0,0.0,-1.433108750509106,-0.09376633249647051,0.0,1.0,0.0,0.0,0.0,1.0,1.0,0.0,0.0,4.6
1.0,1.0,0.0,0.0,0.0,0.0,0.0,0.0,0.0,0.0,0.0,-0.9324332356952423,0.5679505141994073,0.0,1.0,0.0,1.0,0.0,0.0,0.0,1.0,0.0,4.8
1.0,0.0,0.0,0.0,0.0,0.0,0.0,0.0,0.0,0.0,0.0,-1.433108750509106,-0.23355124203917046,0.0,1.0,0.0,0.0,0.0,1.0,0.0,1.0,0.0,4.6
1.0,0.0,0.0,1.0,1.0,0.0,0.0,0.0,0.0,0.0,0.0,-0.43175772088137865,-0.03558171609757622,0.0,1.0,0.0,0.0,0.0,1.0,1.0,0.0,0.0,4.4
1.0,0.0,0.0,0.0,0.0,0.0,0.0,0.0,1.0,0.0,0.0,-1.433108750509106,0.17431879987155185,0.0,1.0,0.0,0.0,0.0,1.0,0.0,1.0,0.0,4.4
1.0,1.0,0.0,0.0,0.0,0.0,0.0,0.0,0.0,1.0,0.0,0.5695933087463486,1.8069449152578525,0.0,1.0,0.0,0.0,0.0,1.0,0.0,1.0,0.0,4.5
1.0,0.0,0.0,1.0,1.0,0.0,0.0,0.0,0.0,1.0,0.0,2.572295368001803,1.3214378266971476,0.0,1.0,0.0,0.0,0.0,1.0,0.0,1.0,0.0,4.4
1.0,0.0,0.0,0.0,0.0,0.0,0.0,0.0,0.0,0.0,0.0,0.068917793932485,0.36933247778155087,0.0,1.0,0.0,0.0,0.0,1.0,0.0,1.0,0.0,4.6
1.0,0.0,0.0,0.0,1.0,0.0,0.0,0.0,0.0,1.0,0.0,0.068917793932485,1.276368001410333,0.0,1.0,0.0,0.0,0.0,1.0,0.0,1.0,0.0,4.6
1.0,0.0,1.0,0.0,0.0,0.0,0.0,0.0,0.0,1.0,0.0,0.5695933087463486,1.5791101919133224,0.0,1.0,0.0,1.0,0.0,0.0,0.0,1.0,0.0,4.5
1.0,0.0,1.0,0.0,0.0,0.0,0.0,0.0,0.0,1.0,0.0,0.5695933087463486,0.9662023710801044,0.0,1.0,0.0,0.0,0.0,1.0,0.0,1.0,0.0,4.7
1.0,0.0,0.0,0.0,1.0,0.0,1.0,0.0,0.0,0.0,0.0,-0.43175772088137865,1.0907187917020442,0.0,1.0,0.0,0.0,0.0,1.0,0.0,1.0,0.0,4.6
1.0,0.0,0.0,0.0,0.0,0.0,0.0,0.0,0.0,0.0,0.0,-0.43175772088137865,0.4263424380716461,0.0,1.0,0.0,0.0,0.0,1.0,0.0,1.0,0.0,4.5
1.0,0.0,0.0,0.0,0.0,0.0,0.0,0.0,0.0,0.0,0.0,-0.9324332356952423,0.24392728447557765,0.0,1.0,0.0,1.0,0.0,0.0,0.0,1.0,0.0,4.6
1.0,0.0,0.0,0.0,0.0,0.0,0.0,0.0,0.0,0.0,0.0,-0.43175772088137865,0.8746073618527217,0.0,1.0,0.0,1.0,0.0,0.0,0.0,1.0,0.0,4.8
1.0,0.0,1.0,1.0,0.0,0.0,1.0,0.0,0.0,0.0,0.0,0.068917793932485,0.6241042498897668,0.0,1.0,0.0,0.0,0.0,1.0,0.0,1.0,0.0,4.7
1.0,0.0,0.0,0.0,0.0,0.0,0.0,0.0,0.0,1.0,0.0,-0.9324332356952423,0.04917652355104378,0.0,1.0,0.0,0.0,0.0,1.0,0.0,1.0,0.0,4.5
1.0,1.0,0.0,0.0,0.0,0.0,1.0,1.0,0.0,0.0,0.0,-0.43175772088137865,0.524797074840798,0.0,1.0,0.0,1.0,0.0,0.0,0.0,1.0,0.0,4.5
1.0,1.0,1.0,1.0,0.0,1.0,0.0,1.0,0.0,0.0,0.0,1.0702688235602122,-0.3868038346788303,0.0,1.0,0.0,0.0,0.0,1.0,0.0,1.0,0.0,4.6
1.0,1.0,0.0,0.0,0.0,0.0,0.0,1.0,0.0,1.0,0.0,0.068917793932485,0.2957078001079926,0.0,1.0,0.0,1.0,0.0,0.0,0.0,1.0,0.0,4.7
1.0,1.0,0.0,0.0,0.0,0.0,1.0,1.0,1.0,0.0,0.0,1.0702688235602122,0.5117974364164499,0.0,1.0,0.0,1.0,0.0,0.0,0.0,1.0,0.0,4.4
1.0,0.0,1.0,0.0,0.0,0.0,0.0,0.0,0.0,1.0,0.0,0.068917793932485,0.4340108735098001,0.0,1.0,1.0,0.0,0.0,0.0,0.0,1.0,0.0,4.6
1.0,0.0,0.0,0.0,0.0,0.0,1.0,0.0,0.0,0.0,0.0,-0.9324332356952423,0.7212770875639902,0.0,1.0,0.0,0.0,0.0,1.0,0.0,1.0,0.0,4.5
1.0,1.0,1.0,0.0,0.0,0.0,1.0,0.0,0.0,0.0,0.0,0.068917793932485,0.6241042498897668,0.0,1.0,0.0,0.0,0.0,1.0,0.0,1.0,0.0,4.5
1.0,0.0,1.0,0.0,0.0,0.0,0.0,0.0,0.0,0.0,0.0,-0.43175772088137865,-0.8461838950932704,0.0,1.0,0.0,0.0,0.0,1.0,0.0,1.0,0.0,3.8
1.0,0.0,0.0,1.0,0.0,0.0,0.0,0.0,0.0,1.0,0.0,0.5695933087463486,0.198545817118695,0.0,1.0,0.0,1.0,0.0,0.0,0.0,1.0,0.0,4.7
1.0,1.0,0.0,0.0,0.0,0.0,0.0,0.0,0.0,1.0,1.0,0.5695933087463486,0.3150890936701433,0.0,1.0,0.0,1.0,0.0,0.0,0.0,1.0,0.0,4.6
1.0,0.0,1.0,0.0,0.0,1.0,0.0,0.0,0.0,0.0,0.0,-0.43175772088137865,0.4563756595758918,0.0,1.0,0.0,1.0,0.0,0.0,0.0,1.0,0.0,4.7
1.0,0.0,1.0,0.0,0.0,0.0,0.0,0.0,0.0,0.0,0.0,-0.9324332356952423,1.362992099752878,0.0,1.0,0.0,0.0,0.0,1.0,0.0,1.0,0.0,4.5
1.0,1.0,1.0,0.0,0.0,0.0,1.0,0.0,0.0,0.0,0.0,0.068917793932485,0.8402090178443264,0.0,1.0,0.0,0.0,0.0,1.0,0.0,1.0,0.0,4.6
1.0,0.0,0.0,0.0,0.0,0.0,0.0,0.0,1.0,0.0,0.0,-1.433108750509106,0.7639383355221068,0.0,1.0,0.0,0.0,0.0,1.0,0.0,1.0,0.0,4.5
1.0,0.0,0.0,0.0,1.0,0.0,1.0,0.0,0.0,0.0,0.0,-0.43175772088137865,1.1915854436659128,0.0,1.0,0.0,0.0,0.0,1.0,0.0,1.0,0.0,4.4
1.0,0.0,0.0,0.0,0.0,0.0,0.0,0.0,0.0,1.0,1.0,1.570944338374076,0.06462309137377105,0.0,1.0,0.0,0.0,0.0,1.0,0.0,1.0,0.0,4.6
1.0,1.0,0.0,0.0,0.0,0.0,0.0,0.0,1.0,0.0,0.0,0.068917793932485,0.6749019944902666,0.0,1.0,0.0,0.0,0.0,1.0,0.0,1.0,0.0,4.4
1.0,0.0,0.0,0.0,0.0,0.0,0.0,0.0,0.0,0.0,0.0,0.5695933087463486,0.198545817118695,0.0,1.0,0.0,0.0,0.0,1.0,0.0,1.0,0.0,4.5
1.0,0.0,0.0,1.0,0.0,0.0,0.0,0.0,0.0,1.0,0.0,0.068917793932485,-0.03558171609757622,0.0,1.0,0.0,0.0,0.0,1.0,0.0,1.0,0.0,4.5
1.0,1.0,0.0,0.0,0.0,0.0,1.0,1.0,0.0,0.0,0.0,0.068917793932485,0.07963460880487269,0.0,1.0,0.0,1.0,0.0,0.0,0.0,1.0,0.0,4.5
1.0,1.0,0.0,0.0,0.0,0.0,1.0,1.0,1.0,1.0,0.0,1.570944338374076,0.7212770875639902,0.0,1.0,0.0,0.0,0.0,1.0,0.0,1.0,0.0,4.5
1.0,0.0,0.0,0.0,0.0,0.0,0.0,1.0,0.0,1.0,1.0,1.0702688235602122,0.6749019944902666,0.0,1.0,0.0,1.0,0.0,0.0,0.0,1.0,0.0,4.5
1.0,1.0,1.0,0.0,0.0,1.0,0.0,1.0,0.0,0.0,0.0,0.068917793932485,-0.09376633249647051,0.0,1.0,0.0,0.0,0.0,1.0,0.0,1.0,0.0,4.4
1.0,0.0,0.0,0.0,0.0,0.0,0.0,0.0,0.0,1.0,0.0,0.068917793932485,1.6051160853364337,0.0,1.0,0.0,1.0,0.0,0.0,0.0,1.0,0.0,4.6
1.0,0.0,1.0,0.0,0.0,0.0,0.0,0.0,0.0,1.0,0.0,1.570944338374076,1.6836424988320136,0.0,1.0,0.0,0.0,0.0,1.0,0.0,1.0,0.0,4.7
1.0,1.0,0.0,0.0,0.0,0.0,0.0,1.0,0.0,0.0,0.0,-0.9324332356952423,-0.602748841964004,0.0,1.0,0.0,0.0,0.0,1.0,0.0,1.0,0.0,4.7
1.0,1.0,1.0,1.0,1.0,1.0,1.0,1.0,0.0,0.0,0.0,2.572295368001803,0.16177943652538965,0.0,1.0,0.0,0.0,0.0,1.0,0.0,1.0,0.0,4.3
1.0,0.0,0.0,0.0,0.0,0.0,0.0,0.0,0.0,0.0,0.0,0.068917793932485,0.3606666430496909,0.0,1.0,0.0,0.0,0.0,1.0,0.0,1.0,0.0,4.4
1.0,0.0,1.0,0.0,0.0,0.0,0.0,0.0,0.0,1.0,0.0,0.5695933087463486,-0.11466370709597222,0.0,1.0,0.0,0.0,0.0,1.0,0.0,1.0,0.0,4.4
1.0,1.0,1.0,0.0,0.0,0.0,0.0,1.0,0.0,0.0,0.0,0.068917793932485,-0.07365743127361937,0.0,1.0,0.0,1.0,0.0,0.0,0.0,1.0,0.0,4.6
1.0,0.0,0.0,0.0,0.0,0.0,0.0,0.0,0.0,0.0,0.0,0.5695933087463486,-0.602748841964004,0.0,1.0,0.0,0.0,0.0,1.0,0.0,1.0,0.0,4.6
1.0,0.0,0.0,0.0,1.0,0.0,1.0,0.0,0.0,0.0,0.0,0.068917793932485,-1.703212463451168,0.0,1.0,0.0,0.0,0.0,1.0,0.0,1.0,0.0,4.4
1.0,0.0,0.0,0.0,0.0,0.0,0.0,0.0,1.0,0.0,0.0,-1.433108750509106,0.4563756595758918,0.0,1.0,0.0,0.0,0.0,1.0,0.0,1.0,0.0,4.5
1.0,1.0,0.0,0.0,0.0,0.0,0.0,0.0,0.0,1.0,0.0,0.5695933087463486,1.4819302480374092,0.0,1.0,0.0,0.0,0.0,1.0,0.0,1.0,0.0,4.5
1.0,0.0,0.0,0.0,1.0,0.0,1.0,0.0,0.0,0.0,0.0,-0.43175772088137865,0.8402090178443264,0.0,1.0,0.0,0.0,0.0,1.0,0.0,1.0,0.0,4.5
1.0,1.0,0.0,0.0,0.0,0.0,0.0,0.0,1.0,0.0,0.0,0.068917793932485,0.418562067065081,0.0,1.0,0.0,0.0,0.0,1.0,0.0,1.0,0.0,4.3
1.0,1.0,1.0,0.0,0.0,0.0,1.0,0.0,0.0,0.0,0.0,0.068917793932485,0.198545817118695,0.0,1.0,0.0,0.0,0.0,1.0,0.0,1.0,0.0,4.5
1.0,1.0,1.0,0.0,0.0,0.0,1.0,0.0,0.0,0.0,0.0,0.068917793932485,-1.6550874295250775,0.0,1.0,0.0,0.0,0.0,1.0,0.0,1.0,0.0,4.6
1.0,1.0,1.0,0.0,0.0,0.0,0.0,0.0,0.0,0.0,0.0,-0.9324332356952423,-2.7446424439871717,0.0,1.0,0.0,0.0,0.0,1.0,0.0,1.0,0.0,3.7
1.0,1.0,1.0,0.0,0.0,0.0,0.0,1.0,0.0,0.0,0.0,-0.43175772088137865,-0.7129751763994276,0.0,1.0,0.0,0.0,0.0,1.0,0.0,1.0,0.0,4.4
1.0,0.0,0.0,0.0,0.0,0.0,0.0,0.0,1.0,0.0,0.0,-1.433108750509106,0.579664506206143,0.0,1.0,0.0,0.0,0.0,1.0,1.0,0.0,0.0,4.2
1.0,1.0,0.0,0.0,0.0,0.0,0.0,0.0,1.0,0.0,0.0,0.068917793932485,0.09423491229154198,0.0,1.0,0.0,0.0,0.0,1.0,0.0,1.0,0.0,4.5
1.0,0.0,0.0,0.0,0.0,0.0,1.0,0.0,0.0,0.0,0.0,-0.9324332356952423,0.7639383355221068,0.0,1.0,0.0,0.0,0.0,1.0,1.0,0.0,0.0,4.4
1.0,1.0,1.0,0.0,0.0,0.0,1.0,0.0,0.0,0.0,0.0,0.068917793932485,0.7212770875639902,0.0,1.0,0.0,0.0,0.0,1.0,1.0,0.0,0.0,4.4
1.0,0.0,0.0,0.0,1.0,0.0,1.0,0.0,0.0,0.0,0.0,-0.43175772088137865,0.4778397226108121,0.0,1.0,0.0,0.0,0.0,1.0,1.0,0.0,0.0,4.4
1.0,1.0,0.0,0.0,0.0,1.0,0.0,0.0,0.0,0.0,0.0,-0.9324332356952423,-0.07365743127361937,0.0,1.0,0.0,0.0,0.0,1.0,1.0,0.0,0.0,4.6
1.0,0.0,1.0,0.0,0.0,0.0,1.0,0.0,0.0,1.0,1.0,1.0702688235602122,1.4489498685255167,0.0,1.0,0.0,0.0,0.0,1.0,1.0,0.0,0.0,4.4
1.0,0.0,0.0,0.0,0.0,0.0,0.0,0.0,0.0,0.0,0.0,0.068917793932485,-0.26087776660853007,0.0,1.0,0.0,0.0,0.0,1.0,1.0,0.0,0.0,4.4
1.0,1.0,1.0,1.0,0.0,1.0,0.0,1.0,0.0,0.0,0.0,1.0702688235602122,-1.5701893954474224,0.0,1.0,0.0,0.0,0.0,1.0,1.0,0.0,0.0,4.2
1.0,1.0,0.0,0.0,0.0,0.0,0.0,0.0,0.0,1.0,0.0,0.068917793932485,-0.05427966107813933,0.0,1.0,0.0,0.0,0.0,1.0,1.0,0.0,0.0,4.4
1.0,0.0,0.0,0.0,0.0,0.0,0.0,0.0,0.0,0.0,0.0,-0.9324332356952423,0.27559510456842035,0.0,1.0,0.0,1.0,0.0,0.0,1.0,0.0,0.0,4.5
1.0,1.0,1.0,0.0,0.0,0.0,0.0,0.0,0.0,0.0,0.0,-0.43175772088137865,0.7639383355221068,0.0,1.0,0.0,1.0,0.0,0.0,1.0,0.0,0.0,4.4
1.0,1.0,0.0,0.0,0.0,0.0,1.0,0.0,0.0,0.0,0.0,0.068917793932485,1.2096551633473296,0.0,1.0,0.0,1.0,0.0,0.0,1.0,0.0,0.0,4.5
1.0,0.0,0.0,1.0,1.0,0.0,0.0,0.0,0.0,0.0,0.0,-0.43175772088137865,-4.548351275721192e-05,0.0,1.0,0.0,0.0,0.0,1.0,1.0,0.0,0.0,4.4
1.0,1.0,0.0,0.0,0.0,0.0,0.0,0.0,0.0,0.0,0.0,0.068917793932485,-0.11466370709597222,0.0,1.0,0.0,1.0,0.0,0.0,1.0,0.0,0.0,4.7
1.0,1.0,0.0,0.0,0.0,0.0,0.0,1.0,0.0,0.0,0.0,-0.9324332356952423,-0.352425464870366,0.0,1.0,0.0,1.0,0.0,0.0,1.0,0.0,0.0,4.7
1.0,1.0,0.0,0.0,0.0,0.0,0.0,1.0,0.0,0.0,0.0,-0.9324332356952423,0.2652468130577722,0.0,1.0,0.0,0.0,0.0,1.0,1.0,0.0,0.0,4.8
1.0,1.0,0.0,0.0,0.0,0.0,0.0,1.0,0.0,0.0,0.0,-0.43175772088137865,-1.82005887821091,0.0,1.0,0.0,0.0,0.0,1.0,1.0,0.0,0.0,4.5
1.0,1.0,0.0,0.0,0.0,0.0,0.0,0.0,0.0,0.0,0.0,-1.433108750509106,-2.4056453242165654,0.0,1.0,0.0,0.0,0.0,1.0,1.0,0.0,0.0,4.2
1.0,0.0,0.0,0.0,0.0,0.0,0.0,0.0,0.0,0.0,0.0,-1.433108750509106,0.6241042498897668,0.0,1.0,0.0,0.0,0.0,1.0,1.0,0.0,0.0,4.7
1.0,0.0,0.0,0.0,1.0,0.0,1.0,0.0,0.0,0.0,0.0,-0.43175772088137865,-0.961146119420275,0.0,1.0,0.0,0.0,0.0,1.0,1.0,0.0,0.0,4.3
1.0,1.0,1.0,1.0,0.0,1.0,0.0,0.0,0.0,0.0,0.0,0.068917793932485,-0.6924223168885353,0.0,1.0,0.0,0.0,0.0,1.0,1.0,0.0,0.0,4.8
1.0,1.0,0.0,1.0,0.0,0.0,0.0,0.0,0.0,0.0,1.0,3.0729708828156665,-0.017517508399021615,0.0,1.0,0.0,0.0,0.0,1.0,1.0,0.0,0.0,4.1
1.0,1.0,0.0,0.0,0.0,0.0,0.0,0.0,0.0,1.0,0.0,-0.43175772088137865,-0.26087776660853007,0.0,1.0,0.0,0.0,0.0,1.0,1.0,0.0,0.0,4.5
1.0,0.0,0.0,0.0,1.0,0.0,1.0,0.0,0.0,0.0,0.0,-0.43175772088137865,0.7639383355221068,0.0,1.0,0.0,0.0,0.0,1.0,1.0,0.0,0.0,4.5
1.0,1.0,1.0,0.0,0.0,0.0,1.0,0.0,0.0,0.0,0.0,0.068917793932485,1.2918185992199207,0.0,1.0,0.0,0.0,0.0,1.0,1.0,0.0,0.0,4.5
1.0,1.0,0.0,0.0,0.0,0.0,0.0,0.0,1.0,0.0,0.0,0.068917793932485,0.6241042498897668,0.0,1.0,1.0,0.0,0.0,0.0,0.0,1.0,0.0,4.6
1.0,0.0,0.0,0.0,0.0,0.0,1.0,0.0,0.0,0.0,0.0,-0.9324332356952423,0.5374872053138338,0.0,1.0,0.0,0.0,0.0,1.0,1.0,0.0,0.0,4.5
1.0,1.0,1.0,0.0,0.0,0.0,0.0,0.0,0.0,0.0,0.0,-0.43175772088137865,1.0907187917020442,0.0,1.0,0.0,0.0,0.0,1.0,1.0,0.0,0.0,4.6
1.0,0.0,0.0,1.0,1.0,0.0,1.0,0.0,0.0,0.0,0.0,0.068917793932485,0.13577946404708138,0.0,1.0,0.0,0.0,0.0,1.0,1.0,0.0,0.0,4.3
1.0,0.0,0.0,0.0,0.0,0.0,0.0,0.0,0.0,1.0,0.0,0.5695933087463486,0.41066644419266846,0.0,1.0,0.0,0.0,0.0,1.0,0.0,1.0,0.0,4.3
1.0,1.0,0.0,0.0,0.0,0.0,0.0,0.0,0.0,1.0,0.0,0.068917793932485,0.23293898040166228,0.0,1.0,0.0,0.0,0.0,1.0,1.0,0.0,0.0,4.5
1.0,1.0,1.0,1.0,0.0,1.0,0.0,1.0,0.0,0.0,0.0,1.0702688235602122,-0.602748841964004,0.0,1.0,0.0,0.0,0.0,1.0,1.0,0.0,0.0,4.5
1.0,0.0,0.0,0.0,0.0,0.0,0.0,0.0,0.0,0.0,0.0,0.068917793932485,0.4415705485682876,0.0,1.0,0.0,1.0,0.0,0.0,1.0,0.0,0.0,4.4
1.0,0.0,0.0,0.0,0.0,0.0,0.0,0.0,0.0,0.0,1.0,-1.433108750509106,0.37785967537725096,0.0,1.0,0.0,0.0,0.0,1.0,1.0,0.0,0.0,4.5
1.0,0.0,0.0,0.0,0.0,0.0,0.0,0.0,0.0,1.0,0.0,-0.9324332356952423,-0.017517508399021615,0.0,1.0,0.0,0.0,0.0,1.0,1.0,0.0,0.0,4.5
1.0,1.0,1.0,0.0,0.0,0.0,0.0,1.0,0.0,0.0,0.0,0.068917793932485,0.23293898040166228,0.0,1.0,0.0,1.0,0.0,0.0,1.0,0.0,0.0,4.5
1.0,0.0,0.0,1.0,0.0,0.0,0.0,0.0,0.0,1.0,0.0,-0.43175772088137865,-0.3201306859621681,0.0,1.0,0.0,0.0,0.0,1.0,1.0,0.0,0.0,4.6
1.0,1.0,0.0,0.0,0.0,0.0,0.0,0.0,1.0,0.0,0.0,0.068917793932485,0.7212770875639902,0.0,1.0,1.0,0.0,0.0,0.0,0.0,1.0,0.0,4.6
1.0,0.0,0.0,0.0,0.0,0.0,0.0,0.0,0.0,1.0,0.0,-1.433108750509106,0.8034367165364773,0.0,1.0,0.0,0.0,0.0,1.0,1.0,0.0,0.0,4.5
1.0,0.0,0.0,0.0,0.0,0.0,0.0,0.0,0.0,1.0,1.0,-0.43175772088137865,0.32452171911680294,0.0,1.0,0.0,0.0,0.0,1.0,1.0,0.0,0.0,4.4
1.0,1.0,1.0,1.0,0.0,1.0,0.0,0.0,0.0,0.0,0.0,0.068917793932485,-0.7235566405916896,0.0,1.0,0.0,0.0,0.0,1.0,1.0,0.0,0.0,4.8
1.0,0.0,0.0,0.0,0.0,0.0,0.0,0.0,1.0,0.0,0.0,-1.433108750509106,0.22171937539869147,0.0,1.0,0.0,0.0,0.0,1.0,1.0,0.0,0.0,4.5
1.0,1.0,1.0,0.0,0.0,1.0,0.0,0.0,0.0,0.0,0.0,-0.43175772088137865,-4.548351275721192e-05,0.0,1.0,0.0,0.0,0.0,1.0,1.0,0.0,0.0,4.7
1.0,1.0,0.0,0.0,0.0,0.0,0.0,0.0,0.0,1.0,0.0,0.068917793932485,-0.09376633249647051,0.0,1.0,0.0,0.0,0.0,1.0,1.0,0.0,0.0,4.4
1.0,1.0,1.0,0.0,0.0,0.0,1.0,0.0,0.0,0.0,0.0,0.068917793932485,-1.0983911145091936,0.0,1.0,0.0,0.0,0.0,1.0,1.0,0.0,0.0,4.6
1.0,0.0,0.0,0.0,0.0,0.0,0.0,0.0,0.0,1.0,1.0,0.068917793932485,1.276368001410333,0.0,1.0,0.0,0.0,0.0,1.0,1.0,0.0,0.0,4.6
1.0,0.0,0.0,0.0,1.0,0.0,1.0,0.0,0.0,0.0,0.0,-0.43175772088137865,0.27559510456842035,0.0,1.0,0.0,0.0,0.0,1.0,1.0,0.0,0.0,4.5
1.0,1.0,0.0,0.0,0.0,0.0,0.0,1.0,0.0,0.0,0.0,-0.43175772088137865,-0.03558171609757622,0.0,1.0,0.0,0.0,0.0,1.0,1.0,0.0,0.0,4.7
1.0,0.0,0.0,0.0,0.0,0.0,0.0,0.0,0.0,0.0,1.0,-1.433108750509106,0.3862526019482236,0.0,1.0,0.0,0.0,0.0,1.0,1.0,0.0,0.0,4.6
1.0,1.0,0.0,0.0,0.0,0.0,0.0,0.0,0.0,1.0,0.0,-0.43175772088137865,-0.13641391974693565,0.0,1.0,0.0,0.0,0.0,1.0,1.0,0.0,0.0,4.4
1.0,1.0,0.0,0.0,0.0,0.0,0.0,0.0,0.0,0.0,0.0,-1.433108750509106,-0.7446759990693484,0.0,1.0,0.0,1.0,0.0,0.0,1.0,0.0,0.0,4.5
1.0,0.0,1.0,0.0,0.0,0.0,0.0,0.0,0.0,0.0,0.0,-0.43175772088137865,0.6749019944902666,0.0,1.0,0.0,0.0,0.0,1.0,1.0,0.0,0.0,4.7
1.0,0.0,0.0,0.0,0.0,0.0,0.0,0.0,1.0,0.0,0.0,-1.433108750509106,0.32452171911680294,0.0,1.0,0.0,0.0,0.0,1.0,0.0,1.0,0.0,4.3
1.0,1.0,0.0,0.0,0.0,0.0,0.0,1.0,0.0,1.0,1.0,1.570944338374076,1.1728815930667376,0.0,1.0,0.0,0.0,0.0,1.0,0.0,1.0,0.0,4.5
1.0,0.0,0.0,0.0,1.0,0.0,1.0,0.0,0.0,0.0,0.0,-0.43175772088137865,0.210258522052833,0.0,1.0,0.0,0.0,0.0,1.0,0.0,1.0,0.0,4.5
1.0,0.0,1.0,1.0,0.0,0.0,0.0,0.0,0.0,0.0,0.0,0.5695933087463486,1.846031816050266,0.0,1.0,0.0,1.0,0.0,0.0,0.0,1.0,0.0,4.6
1.0,0.0,0.0,0.0,0.0,0.0,0.0,0.0,0.0,1.0,0.0,0.5695933087463486,1.0680344718486439,0.0,1.0,0.0,1.0,0.0,0.0,0.0,1.0,0.0,4.6
1.0,1.0,0.0,0.0,0.0,0.0,0.0,1.0,0.0,1.0,1.0,1.570944338374076,0.7212770875639902,0.0,1.0,0.0,0.0,0.0,1.0,0.0,1.0,0.0,4.5
1.0,0.0,0.0,0.0,0.0,0.0,0.0,0.0,0.0,1.0,0.0,-0.43175772088137865,1.902190935199026,0.0,1.0,0.0,1.0,0.0,0.0,0.0,1.0,0.0,4.6
1.0,1.0,1.0,0.0,0.0,1.0,0.0,0.0,0.0,0.0,0.0,0.068917793932485,-0.352425464870366,0.0,1.0,0.0,0.0,0.0,1.0,0.0,1.0,0.0,4.7
1.0,0.0,0.0,1.0,1.0,0.0,0.0,0.0,0.0,1.0,0.0,1.0702688235602122,0.7212770875639902,0.0,1.0,0.0,1.0,0.0,0.0,0.0,1.0,0.0,4.5
1.0,0.0,0.0,0.0,0.0,0.0,0.0,0.0,0.0,1.0,0.0,-0.43175772088137865,0.6241042498897668,0.0,1.0,0.0,0.0,0.0,1.0,0.0,1.0,0.0,4.6
1.0,0.0,0.0,0.0,0.0,0.0,0.0,0.0,0.0,0.0,0.0,0.068917793932485,-0.5056558773077074,0.0,1.0,0.0,0.0,0.0,1.0,0.0,1.0,0.0,4.2
1.0,1.0,1.0,0.0,0.0,0.0,0.0,0.0,0.0,0.0,1.0,2.0716198531879395,-1.5084993838517744,0.0,1.0,1.0,0.0,0.0,0.0,0.0,1.0,0.0,4.3
1.0,1.0,1.0,0.0,0.0,0.0,0.0,0.0,0.0,0.0,0.0,0.068917793932485,-1.7515027606885802,0.0,1.0,0.0,0.0,0.0,1.0,0.0,1.0,0.0,4.3
1.0,1.0,0.0,0.0,0.0,0.0,0.0,1.0,0.0,0.0,0.0,-0.9324332356952423,-0.8018404142297608,0.0,1.0,0.0,1.0,0.0,0.0,0.0,1.0,0.0,4.8
1.0,1.0,0.0,0.0,0.0,0.0,0.0,1.0,0.0,0.0,0.0,-0.43175772088137865,-1.0581192609601406,0.0,1.0,0.0,0.0,0.0,1.0,0.0,1.0,0.0,4.3
1.0,1.0,1.0,0.0,0.0,1.0,0.0,1.0,0.0,1.0,1.0,1.570944338374076,-0.7208915162706613,0.0,1.0,0.0,0.0,0.0,1.0,0.0,1.0,0.0,4.4
1.0,1.0,0.0,0.0,0.0,0.0,0.0,0.0,0.0,1.0,0.0,0.068917793932485,0.2652468130577722,0.0,1.0,0.0,0.0,0.0,1.0,0.0,1.0,0.0,4.4
1.0,1.0,0.0,0.0,0.0,0.0,0.0,0.0,0.0,1.0,0.0,0.068917793932485,-0.8263788768186762,0.0,1.0,0.0,0.0,0.0,1.0,0.0,1.0,0.0,4.4
1.0,0.0,0.0,0.0,0.0,0.0,0.0,1.0,0.0,0.0,0.0,-1.433108750509106,-1.682629838548464,0.0,1.0,0.0,0.0,0.0,1.0,0.0,1.0,0.0,4.9
1.0,1.0,1.0,0.0,0.0,1.0,0.0,0.0,0.0,0.0,0.0,0.068917793932485,0.13577946404708138,0.0,1.0,0.0,0.0,0.0,1.0,0.0,1.0,0.0,4.6
1.0,0.0,0.0,0.0,0.0,0.0,0.0,0.0,0.0,0.0,0.0,-1.433108750509106,-0.7644985557075278,0.0,1.0,0.0,1.0,0.0,0.0,0.0,1.0,0.0,4.6
1.0,0.0,0.0,0.0,1.0,0.0,1.0,0.0,0.0,0.0,0.0,-0.9324332356952423,-1.143422523323502,0.0,1.0,0.0,0.0,0.0,1.0,0.0,1.0,0.0,4.3
1.0,0.0,0.0,0.0,0.0,0.0,0.0,0.0,0.0,1.0,0.0,0.5695933087463486,0.6241042498897668,0.0,1.0,0.0,0.0,0.0,1.0,0.0,1.0,0.0,4.4
1.0,0.0,0.0,0.0,0.0,0.0,0.0,0.0,0.0,1.0,1.0,0.5695933087463486,1.362992099752878,0.0,1.0,0.0,0.0,0.0,1.0,0.0,1.0,0.0,4.4
1.0,0.0,0.0,0.0,0.0,0.0,0.0,0.0,1.0,0.0,0.0,-1.433108750509106,0.8746073618527217,0.0,1.0,0.0,0.0,0.0,1.0,0.0,1.0,0.0,4.4
1.0,0.0,0.0,0.0,0.0,0.0,0.0,0.0,0.0,1.0,0.0,-0.43175772088137865,0.36933247778155087,0.0,1.0,0.0,0.0,0.0,1.0,0.0,1.0,0.0,4.4
1.0,1.0,0.0,0.0,0.0,1.0,0.0,0.0,0.0,0.0,0.0,-0.9324332356952423,-1.2894720811296718,0.0,1.0,0.0,1.0,0.0,0.0,0.0,1.0,0.0,4.5
1.0,0.0,0.0,0.0,0.0,0.0,1.0,0.0,0.0,0.0,0.0,-0.9324332356952423,1.2918185992199207,0.0,1.0,0.0,0.0,0.0,1.0,0.0,1.0,0.0,4.4
1.0,1.0,1.0,0.0,0.0,0.0,1.0,0.0,0.0,0.0,0.0,0.068917793932485,0.8034367165364773,0.0,1.0,0.0,0.0,0.0,1.0,0.0,1.0,0.0,4.4
1.0,0.0,0.0,0.0,0.0,0.0,0.0,0.0,0.0,1.0,0.0,0.068917793932485,0.8034367165364773,0.0,1.0,0.0,0.0,0.0,1.0,0.0,1.0,0.0,4.4
1.0,1.0,0.0,0.0,0.0,0.0,0.0,0.0,1.0,0.0,0.0,0.068917793932485,-1.3111507113953702,0.0,1.0,0.0,0.0,0.0,1.0,0.0,1.0,0.0,4.5
1.0,1.0,0.0,0.0,0.0,1.0,0.0,0.0,0.0,0.0,0.0,-0.9324332356952423,0.40265210356103304,0.0,1.0,0.0,0.0,0.0,1.0,0.0,1.0,0.0,4.7
1.0,0.0,0.0,0.0,0.0,0.0,0.0,0.0,0.0,1.0,0.0,-0.43175772088137865,1.5028354097763192,0.0,1.0,0.0,1.0,0.0,0.0,0.0,1.0,0.0,4.5
1.0,0.0,0.0,0.0,1.0,0.0,1.0,0.0,0.0,0.0,0.0,-0.43175772088137865,0.03326893431222004,0.0,1.0,0.0,0.0,0.0,1.0,0.0,1.0,0.0,4.4
1.0,0.0,0.0,0.0,0.0,0.0,0.0,0.0,0.0,0.0,1.0,0.5695933087463486,-0.6547242017807791,0.0,1.0,0.0,0.0,0.0,1.0,0.0,1.0,0.0,4.1
1.0,1.0,0.0,0.0,0.0,1.0,0.0,1.0,0.0,0.0,0.0,-0.43175772088137865,-0.8151569096191212,0.0,1.0,0.0,1.0,0.0,0.0,0.0,1.0,0.0,4.5
1.0,1.0,0.0,0.0,0.0,0.0,0.0,1.0,0.0,0.0,0.0,-0.9324332356952423,-2.5695419730924094,0.0,1.0,0.0,0.0,0.0,1.0,0.0,1.0,0.0,4.4
1.0,1.0,1.0,0.0,0.0,1.0,0.0,1.0,0.0,1.0,1.0,1.570944338374076,-1.3111507113953702,0.0,1.0,0.0,0.0,0.0,1.0,0.0,1.0,0.0,4.1
1.0,1.0,1.0,0.0,0.0,1.0,0.0,0.0,0.0,0.0,0.0,0.068917793932485,0.17431879987155185,0.0,1.0,0.0,0.0,0.0,1.0,0.0,1.0,0.0,4.4
1.0,0.0,0.0,0.0,0.0,0.0,0.0,0.0,0.0,1.0,1.0,0.068917793932485,1.1333817478643098,0.0,1.0,0.0,0.0,0.0,1.0,0.0,1.0,0.0,4.6
1.0,1.0,0.0,0.0,0.0,0.0,1.0,0.0,0.0,1.0,0.0,-0.43175772088137865,-3.427410610582013,0.0,1.0,0.0,0.0,0.0,1.0,0.0,1.0,0.0,3.2
1.0,1.0,0.0,0.0,0.0,0.0,0.0,0.0,0.0,0.0,0.0,-0.9324332356952423,-1.4719187597630081,0.0,1.0,0.0,0.0,0.0,1.0,0.0,1.0,0.0,4.7
1.0,1.0,1.0,1.0,0.0,1.0,0.0,0.0,0.0,0.0,0.0,0.068917793932485,-0.7182396513294493,0.0,1.0,0.0,0.0,0.0,1.0,0.0,1.0,0.0,4.7
1.0,0.0,0.0,0.0,0.0,0.0,0.0,0.0,1.0,0.0,0.0,-1.433108750509106,0.8746073618527217,0.0,1.0,0.0,0.0,0.0,1.0,0.0,1.0,0.0,4.4
1.0,0.0,0.0,0.0,1.0,0.0,1.0,0.0,0.0,0.0,0.0,-0.43175772088137865,0.34290050075469924,0.0,1.0,0.0,0.0,0.0,1.0,0.0,1.0,0.0,4.2
1.0,1.0,1.0,0.0,0.0,0.0,1.0,0.0,0.0,0.0,0.0,0.068917793932485,1.2096551633473296,0.0,1.0,0.0,0.0,0.0,1.0,0.0,1.0,0.0,4.4
1.0,1.0,0.0,0.0,0.0,0.0,0.0,1.0,0.0,1.0,1.0,1.570944338374076,1.1534974798884952,0.0,1.0,0.0,0.0,0.0,1.0,0.0,1.0,0.0,4.5
1.0,0.0,0.0,0.0,0.0,0.0,0.0,0.0,0.0,0.0,0.0,0.5695933087463486,1.712076794410458,0.0,1.0,0.0,0.0,0.0,1.0,0.0,1.0,0.0,4.2
1.0,0.0,0.0,0.0,0.0,0.0,0.0,0.0,0.0,0.0,0.0,0.068917793932485,0.07963460880487269,0.0,1.0,0.0,0.0,0.0,1.0,0.0,1.0,0.0,4.3
1.0,0.0,0.0,1.0,1.0,0.0,0.0,0.0,0.0,0.0,0.0,-0.43175772088137865,0.30548653251522023,0.0,1.0,0.0,0.0,0.0,1.0,0.0,1.0,0.0,4.4
1.0,1.0,0.0,0.0,0.0,0.0,0.0,0.0,0.0,1.0,0.0,0.068917793932485,0.22171937539869147,0.0,1.0,0.0,0.0,0.0,1.0,0.0,1.0,0.0,4.3
1.0,1.0,1.0,1.0,0.0,1.0,0.0,1.0,0.0,0.0,0.0,1.0702688235602122,-0.7202273121302156,0.0,1.0,0.0,0.0,0.0,1.0,0.0,1.0,0.0,4.4
1.0,0.0,0.0,0.0,0.0,0.0,0.0,0.0,0.0,1.0,1.0,0.5695933087463486,1.7709975148211223,0.0,1.0,0.0,0.0,0.0,1.0,0.0,1.0,0.0,4.4
1.0,0.0,0.0,0.0,0.0,0.0,0.0,0.0,0.0,1.0,0.0,-0.43175772088137865,1.5423359871135018,0.0,1.0,0.0,1.0,0.0,0.0,0.0,1.0,0.0,4.7
1.0,1.0,1.0,1.0,1.0,0.0,0.0,0.0,0.0,0.0,0.0,1.570944338374076,0.7212770875639902,0.0,1.0,0.0,1.0,0.0,0.0,0.0,1.0,0.0,4.5
1.0,0.0,1.0,0.0,0.0,0.0,0.0,0.0,0.0,1.0,1.0,1.0702688235602122,1.1915854436659128,0.0,1.0,0.0,1.0,0.0,0.0,0.0,1.0,0.0,4.6
1.0,0.0,0.0,0.0,0.0,0.0,0.0,0.0,0.0,1.0,1.0,0.5695933087463486,1.3068339227839185,0.0,1.0,0.0,0.0,0.0,1.0,0.0,1.0,0.0,4.4
1.0,1.0,1.0,0.0,0.0,1.0,0.0,0.0,0.0,0.0,0.0,0.068917793932485,-0.4630253536373353,0.0,1.0,0.0,0.0,0.0,1.0,0.0,1.0,0.0,4.7
1.0,1.0,1.0,1.0,0.0,1.0,0.0,0.0,0.0,0.0,0.0,0.068917793932485,-0.6708144579994184,0.0,1.0,0.0,0.0,0.0,1.0,0.0,1.0,0.0,4.8
1.0,0.0,0.0,0.0,0.0,0.0,0.0,0.0,0.0,0.0,0.0,-0.43175772088137865,0.37785967537725096,0.0,1.0,0.0,0.0,0.0,1.0,0.0,1.0,0.0,4.2
1.0,1.0,0.0,0.0,0.0,1.0,0.0,0.0,0.0,0.0,0.0,-0.9324332356952423,0.30548653251522023,0.0,1.0,0.0,1.0,0.0,0.0,0.0,1.0,0.0,4.7
1.0,0.0,1.0,0.0,0.0,0.0,0.0,0.0,0.0,0.0,0.0,-0.9324332356952423,-1.0720636026560915,0.0,1.0,0.0,1.0,0.0,0.0,0.0,1.0,0.0,4.6
1.0,0.0,0.0,0.0,0.0,0.0,0.0,0.0,0.0,1.0,1.0,-0.43175772088137865,-1.6474726749673247,0.0,1.0,0.0,0.0,0.0,1.0,0.0,1.0,0.0,4.3
1.0,0.0,0.0,0.0,0.0,0.0,0.0,0.0,0.0,1.0,0.0,-0.43175772088137865,0.37785967537725096,0.0,1.0,0.0,0.0,0.0,1.0,0.0,1.0,0.0,4.4
